--------------------
Found BWA MEM index
running: /home/genetics/miniconda3/envs/bwameth_env/bin/python /home/genetics/miniconda3/envs/bwameth_env/bin/bwameth.py c2t reads_trimmed/SRR11647659_1_val_1.fq.gz reads_trimmed/SRR11647659_2_val_2.fq.gz |bwa mem -T 40 -B 2 -L 10 -CM -U 100 -p -R '@RG\tID:SRR11647659__val_\tSM:SRR11647659__val_' -t 8  references/GRCh38.primary_assembly.genome.fa.bwameth.c2t /dev/stdin
--------------------
converting reads in reads_trimmed/SRR11647659_1_val_1.fq.gz,reads_trimmed/SRR11647659_2_val_2.fq.gz
[M::bwa_idx_load_from_disk] read 0 ALT contigs
[M::process] read 648550 sequences (80000204 bp)...
[M::process] 0 single-end sequences; 648550 paired-end sequences
[M::process] read 647418 sequences (80000033 bp)...
[M::mem_pestat] # candidate unique pairs for (FF, FR, RF, RR): (0, 245695, 6, 0)
[M::mem_pestat] skip orientation FF as there are not enough pairs
[M::mem_pestat] analyzing insert size distribution for orientation FR...
[M::mem_pestat] (25, 50, 75) percentile: (174, 198, 226)
[M::mem_pestat] low and high boundaries for computing mean and std.dev: (70, 330)
[M::mem_pestat] mean and std.dev: (200.90, 36.46)
[M::mem_pestat] low and high boundaries for proper pairs: (18, 382)
[M::mem_pestat] skip orientation RF as there are not enough pairs
[M::mem_pestat] skip orientation RR as there are not enough pairs
[M::mem_process_seqs] Processed 648550 reads in 800.410 CPU sec, 100.787 real sec
[M::process] 0 single-end sequences; 647418 paired-end sequences
[M::process] read 646584 sequences (80000138 bp)...
[M::mem_pestat] # candidate unique pairs for (FF, FR, RF, RR): (0, 245560, 6, 0)
[M::mem_pestat] skip orientation FF as there are not enough pairs
[M::mem_pestat] analyzing insert size distribution for orientation FR...
[M::mem_pestat] (25, 50, 75) percentile: (174, 198, 226)
[M::mem_pestat] low and high boundaries for computing mean and std.dev: (70, 330)
[M::mem_pestat] mean and std.dev: (200.89, 36.43)
[M::mem_pestat] low and high boundaries for proper pairs: (18, 382)
[M::mem_pestat] skip orientation RF as there are not enough pairs
[M::mem_pestat] skip orientation RR as there are not enough pairs
[M::mem_process_seqs] Processed 647418 reads in 790.304 CPU sec, 101.447 real sec
[M::process] 0 single-end sequences; 646584 paired-end sequences
[M::process] read 646138 sequences (80000060 bp)...
[M::mem_pestat] # candidate unique pairs for (FF, FR, RF, RR): (0, 246191, 6, 0)
[M::mem_pestat] skip orientation FF as there are not enough pairs
[M::mem_pestat] analyzing insert size distribution for orientation FR...
[M::mem_pestat] (25, 50, 75) percentile: (174, 198, 226)
[M::mem_pestat] low and high boundaries for computing mean and std.dev: (70, 330)
[M::mem_pestat] mean and std.dev: (200.93, 36.43)
[M::mem_pestat] low and high boundaries for proper pairs: (18, 382)
[M::mem_pestat] skip orientation RF as there are not enough pairs
[M::mem_pestat] skip orientation RR as there are not enough pairs
[M::mem_process_seqs] Processed 646584 reads in 780.842 CPU sec, 100.280 real sec
[M::process] 0 single-end sequences; 646138 paired-end sequences
[M::process] read 645842 sequences (80000169 bp)...
[M::mem_pestat] # candidate unique pairs for (FF, FR, RF, RR): (0, 245953, 6, 0)
[M::mem_pestat] skip orientation FF as there are not enough pairs
[M::mem_pestat] analyzing insert size distribution for orientation FR...
[M::mem_pestat] (25, 50, 75) percentile: (174, 198, 226)
[M::mem_pestat] low and high boundaries for computing mean and std.dev: (70, 330)
[M::mem_pestat] mean and std.dev: (200.72, 36.52)
[M::mem_pestat] low and high boundaries for proper pairs: (18, 382)
[M::mem_pestat] skip orientation RF as there are not enough pairs
[M::mem_pestat] skip orientation RR as there are not enough pairs
[M::mem_process_seqs] Processed 646138 reads in 783.212 CPU sec, 100.569 real sec
[M::process] 0 single-end sequences; 645842 paired-end sequences
[M::process] read 647854 sequences (80000189 bp)...
[M::mem_pestat] # candidate unique pairs for (FF, FR, RF, RR): (0, 245993, 5, 0)
[M::mem_pestat] skip orientation FF as there are not enough pairs
[M::mem_pestat] analyzing insert size distribution for orientation FR...
[M::mem_pestat] (25, 50, 75) percentile: (174, 198, 226)
[M::mem_pestat] low and high boundaries for computing mean and std.dev: (70, 330)
[M::mem_pestat] mean and std.dev: (200.57, 36.43)
[M::mem_pestat] low and high boundaries for proper pairs: (18, 382)
[M::mem_pestat] skip orientation RF as there are not enough pairs
[M::mem_pestat] skip orientation RR as there are not enough pairs
[M::mem_process_seqs] Processed 645842 reads in 776.922 CPU sec, 99.751 real sec
[M::process] 0 single-end sequences; 647854 paired-end sequences
[M::process] read 648646 sequences (80000064 bp)...
[M::mem_pestat] # candidate unique pairs for (FF, FR, RF, RR): (0, 246565, 2, 0)
[M::mem_pestat] skip orientation FF as there are not enough pairs
[M::mem_pestat] analyzing insert size distribution for orientation FR...
[M::mem_pestat] (25, 50, 75) percentile: (174, 198, 226)
[M::mem_pestat] low and high boundaries for computing mean and std.dev: (70, 330)
[M::mem_pestat] mean and std.dev: (200.59, 36.44)
[M::mem_pestat] low and high boundaries for proper pairs: (18, 382)
[M::mem_pestat] skip orientation RF as there are not enough pairs
[M::mem_pestat] skip orientation RR as there are not enough pairs
[M::mem_process_seqs] Processed 647854 reads in 781.128 CPU sec, 100.289 real sec
[M::process] 0 single-end sequences; 648646 paired-end sequences
[M::process] read 647890 sequences (80000154 bp)...
[M::mem_pestat] # candidate unique pairs for (FF, FR, RF, RR): (0, 246395, 6, 0)
[M::mem_pestat] skip orientation FF as there are not enough pairs
[M::mem_pestat] analyzing insert size distribution for orientation FR...
[M::mem_pestat] (25, 50, 75) percentile: (174, 198, 226)
[M::mem_pestat] low and high boundaries for computing mean and std.dev: (70, 330)
[M::mem_pestat] mean and std.dev: (200.75, 36.39)
[M::mem_pestat] low and high boundaries for proper pairs: (18, 382)
[M::mem_pestat] skip orientation RF as there are not enough pairs
[M::mem_pestat] skip orientation RR as there are not enough pairs
[M::mem_process_seqs] Processed 648646 reads in 793.854 CPU sec, 101.888 real sec
[M::process] 0 single-end sequences; 647890 paired-end sequences
[M::process] read 647378 sequences (80000188 bp)...
[M::mem_pestat] # candidate unique pairs for (FF, FR, RF, RR): (0, 245824, 2, 0)
[M::mem_pestat] skip orientation FF as there are not enough pairs
[M::mem_pestat] analyzing insert size distribution for orientation FR...
[M::mem_pestat] (25, 50, 75) percentile: (174, 198, 226)
[M::mem_pestat] low and high boundaries for computing mean and std.dev: (70, 330)
[M::mem_pestat] mean and std.dev: (200.79, 36.41)
[M::mem_pestat] low and high boundaries for proper pairs: (18, 382)
[M::mem_pestat] skip orientation RF as there are not enough pairs
[M::mem_pestat] skip orientation RR as there are not enough pairs
[M::mem_process_seqs] Processed 647890 reads in 792.811 CPU sec, 101.747 real sec
[M::process] 0 single-end sequences; 647378 paired-end sequences
[M::process] read 646464 sequences (80000004 bp)...
[M::mem_pestat] # candidate unique pairs for (FF, FR, RF, RR): (0, 246433, 5, 0)
[M::mem_pestat] skip orientation FF as there are not enough pairs
[M::mem_pestat] analyzing insert size distribution for orientation FR...
[M::mem_pestat] (25, 50, 75) percentile: (174, 197, 226)
[M::mem_pestat] low and high boundaries for computing mean and std.dev: (70, 330)
[M::mem_pestat] mean and std.dev: (200.58, 36.40)
[M::mem_pestat] low and high boundaries for proper pairs: (18, 382)
[M::mem_pestat] skip orientation RF as there are not enough pairs
[M::mem_pestat] skip orientation RR as there are not enough pairs
[M::mem_process_seqs] Processed 647378 reads in 787.812 CPU sec, 101.133 real sec
[M::process] 0 single-end sequences; 646464 paired-end sequences
[M::process] read 646436 sequences (80000237 bp)...
[M::mem_pestat] # candidate unique pairs for (FF, FR, RF, RR): (0, 245917, 4, 0)
[M::mem_pestat] skip orientation FF as there are not enough pairs
[M::mem_pestat] analyzing insert size distribution for orientation FR...
[M::mem_pestat] (25, 50, 75) percentile: (174, 198, 226)
[M::mem_pestat] low and high boundaries for computing mean and std.dev: (70, 330)
[M::mem_pestat] mean and std.dev: (200.55, 36.36)
[M::mem_pestat] low and high boundaries for proper pairs: (18, 382)
[M::mem_pestat] skip orientation RF as there are not enough pairs
[M::mem_pestat] skip orientation RR as there are not enough pairs
[M::mem_process_seqs] Processed 646464 reads in 793.956 CPU sec, 101.904 real sec
[M::process] 0 single-end sequences; 646436 paired-end sequences
[M::process] read 649484 sequences (80000039 bp)...
[M::mem_pestat] # candidate unique pairs for (FF, FR, RF, RR): (0, 246284, 1, 0)
[M::mem_pestat] skip orientation FF as there are not enough pairs
[M::mem_pestat] analyzing insert size distribution for orientation FR...
[M::mem_pestat] (25, 50, 75) percentile: (174, 197, 226)
[M::mem_pestat] low and high boundaries for computing mean and std.dev: (70, 330)
[M::mem_pestat] mean and std.dev: (200.38, 36.39)
[M::mem_pestat] low and high boundaries for proper pairs: (18, 382)
[M::mem_pestat] skip orientation RF as there are not enough pairs
[M::mem_pestat] skip orientation RR as there are not enough pairs
[M::mem_process_seqs] Processed 646436 reads in 773.650 CPU sec, 99.379 real sec
[M::process] 0 single-end sequences; 649484 paired-end sequences
[M::process] read 648542 sequences (80000072 bp)...
[M::mem_pestat] # candidate unique pairs for (FF, FR, RF, RR): (0, 246203, 6, 0)
[M::mem_pestat] skip orientation FF as there are not enough pairs
[M::mem_pestat] analyzing insert size distribution for orientation FR...
[M::mem_pestat] (25, 50, 75) percentile: (174, 198, 226)
[M::mem_pestat] low and high boundaries for computing mean and std.dev: (70, 330)
[M::mem_pestat] mean and std.dev: (200.92, 36.47)
[M::mem_pestat] low and high boundaries for proper pairs: (18, 382)
[M::mem_pestat] skip orientation RF as there are not enough pairs
[M::mem_pestat] skip orientation RR as there are not enough pairs
[M::mem_process_seqs] Processed 649484 reads in 802.885 CPU sec, 102.999 real sec
[M::process] 0 single-end sequences; 648542 paired-end sequences
[M::process] read 647992 sequences (80000207 bp)...
[M::mem_pestat] # candidate unique pairs for (FF, FR, RF, RR): (0, 246612, 5, 0)
[M::mem_pestat] skip orientation FF as there are not enough pairs
[M::mem_pestat] analyzing insert size distribution for orientation FR...
[M::mem_pestat] (25, 50, 75) percentile: (174, 198, 226)
[M::mem_pestat] low and high boundaries for computing mean and std.dev: (70, 330)
[M::mem_pestat] mean and std.dev: (200.92, 36.45)
[M::mem_pestat] low and high boundaries for proper pairs: (18, 382)
[M::mem_pestat] skip orientation RF as there are not enough pairs
[M::mem_pestat] skip orientation RR as there are not enough pairs
[M::mem_process_seqs] Processed 648542 reads in 786.507 CPU sec, 100.968 real sec
[M::process] 0 single-end sequences; 647992 paired-end sequences
[M::process] read 647646 sequences (80000044 bp)...
[M::mem_pestat] # candidate unique pairs for (FF, FR, RF, RR): (0, 246353, 4, 0)
[M::mem_pestat] skip orientation FF as there are not enough pairs
[M::mem_pestat] analyzing insert size distribution for orientation FR...
[M::mem_pestat] (25, 50, 75) percentile: (174, 198, 226)
[M::mem_pestat] low and high boundaries for computing mean and std.dev: (70, 330)
[M::mem_pestat] mean and std.dev: (200.67, 36.42)
[M::mem_pestat] low and high boundaries for proper pairs: (18, 382)
[M::mem_pestat] skip orientation RF as there are not enough pairs
[M::mem_pestat] skip orientation RR as there are not enough pairs
[M::mem_process_seqs] Processed 647992 reads in 790.762 CPU sec, 101.492 real sec
[M::process] 0 single-end sequences; 647646 paired-end sequences
[M::process] read 646522 sequences (80000039 bp)...
[M::mem_pestat] # candidate unique pairs for (FF, FR, RF, RR): (0, 246552, 6, 0)
[M::mem_pestat] skip orientation FF as there are not enough pairs
[M::mem_pestat] analyzing insert size distribution for orientation FR...
[M::mem_pestat] (25, 50, 75) percentile: (174, 198, 226)
[M::mem_pestat] low and high boundaries for computing mean and std.dev: (70, 330)
[M::mem_pestat] mean and std.dev: (200.57, 36.49)
[M::mem_pestat] low and high boundaries for proper pairs: (18, 382)
[M::mem_pestat] skip orientation RF as there are not enough pairs
[M::mem_pestat] skip orientation RR as there are not enough pairs
[M::mem_process_seqs] Processed 647646 reads in 785.617 CPU sec, 100.853 real sec
[M::process] 0 single-end sequences; 646522 paired-end sequences
[M::process] read 648172 sequences (80000028 bp)...
[M::mem_pestat] # candidate unique pairs for (FF, FR, RF, RR): (0, 246022, 5, 0)
[M::mem_pestat] skip orientation FF as there are not enough pairs
[M::mem_pestat] analyzing insert size distribution for orientation FR...
[M::mem_pestat] (25, 50, 75) percentile: (174, 197, 226)
[M::mem_pestat] low and high boundaries for computing mean and std.dev: (70, 330)
[M::mem_pestat] mean and std.dev: (200.49, 36.39)
[M::mem_pestat] low and high boundaries for proper pairs: (18, 382)
[M::mem_pestat] skip orientation RF as there are not enough pairs
[M::mem_pestat] skip orientation RR as there are not enough pairs
[M::mem_process_seqs] Processed 646522 reads in 782.426 CPU sec, 100.465 real sec
[M::process] 0 single-end sequences; 648172 paired-end sequences
[M::process] read 648242 sequences (80000150 bp)...
[M::mem_pestat] # candidate unique pairs for (FF, FR, RF, RR): (0, 245906, 4, 0)
[M::mem_pestat] skip orientation FF as there are not enough pairs
[M::mem_pestat] analyzing insert size distribution for orientation FR...
[M::mem_pestat] (25, 50, 75) percentile: (174, 198, 226)
[M::mem_pestat] low and high boundaries for computing mean and std.dev: (70, 330)
[M::mem_pestat] mean and std.dev: (200.79, 36.47)
[M::mem_pestat] low and high boundaries for proper pairs: (18, 382)
[M::mem_pestat] skip orientation RF as there are not enough pairs
[M::mem_pestat] skip orientation RR as there are not enough pairs
[M::mem_process_seqs] Processed 648172 reads in 825.017 CPU sec, 105.760 real sec
[M::process] 0 single-end sequences; 648242 paired-end sequences
[M::process] read 647022 sequences (80000145 bp)...
[M::mem_pestat] # candidate unique pairs for (FF, FR, RF, RR): (0, 246108, 5, 0)
[M::mem_pestat] skip orientation FF as there are not enough pairs
[M::mem_pestat] analyzing insert size distribution for orientation FR...
[M::mem_pestat] (25, 50, 75) percentile: (174, 198, 226)
[M::mem_pestat] low and high boundaries for computing mean and std.dev: (70, 330)
[M::mem_pestat] mean and std.dev: (200.94, 36.43)
[M::mem_pestat] low and high boundaries for proper pairs: (18, 382)
[M::mem_pestat] skip orientation RF as there are not enough pairs
[M::mem_pestat] skip orientation RR as there are not enough pairs
[M::mem_process_seqs] Processed 648242 reads in 793.731 CPU sec, 101.854 real sec
[M::process] 0 single-end sequences; 647022 paired-end sequences
[M::process] read 646498 sequences (80000171 bp)...
[M::mem_pestat] # candidate unique pairs for (FF, FR, RF, RR): (0, 245713, 6, 0)
[M::mem_pestat] skip orientation FF as there are not enough pairs
[M::mem_pestat] analyzing insert size distribution for orientation FR...
[M::mem_pestat] (25, 50, 75) percentile: (174, 198, 226)
[M::mem_pestat] low and high boundaries for computing mean and std.dev: (70, 330)
[M::mem_pestat] mean and std.dev: (200.82, 36.43)
[M::mem_pestat] low and high boundaries for proper pairs: (18, 382)
[M::mem_pestat] skip orientation RF as there are not enough pairs
[M::mem_pestat] skip orientation RR as there are not enough pairs
[M::mem_process_seqs] Processed 647022 reads in 783.217 CPU sec, 100.556 real sec
[M::process] 0 single-end sequences; 646498 paired-end sequences
[M::process] read 646530 sequences (80000126 bp)...
[M::mem_pestat] # candidate unique pairs for (FF, FR, RF, RR): (0, 246177, 2, 0)
[M::mem_pestat] skip orientation FF as there are not enough pairs
[M::mem_pestat] analyzing insert size distribution for orientation FR...
[M::mem_pestat] (25, 50, 75) percentile: (174, 198, 226)
[M::mem_pestat] low and high boundaries for computing mean and std.dev: (70, 330)
[M::mem_pestat] mean and std.dev: (200.76, 36.44)
[M::mem_pestat] low and high boundaries for proper pairs: (18, 382)
[M::mem_pestat] skip orientation RF as there are not enough pairs
[M::mem_pestat] skip orientation RR as there are not enough pairs
[M::mem_process_seqs] Processed 646498 reads in 803.481 CPU sec, 103.075 real sec
[M::process] 0 single-end sequences; 646530 paired-end sequences
[M::process] read 647828 sequences (80000217 bp)...
[M::mem_pestat] # candidate unique pairs for (FF, FR, RF, RR): (0, 246074, 2, 0)
[M::mem_pestat] skip orientation FF as there are not enough pairs
[M::mem_pestat] analyzing insert size distribution for orientation FR...
[M::mem_pestat] (25, 50, 75) percentile: (174, 198, 226)
[M::mem_pestat] low and high boundaries for computing mean and std.dev: (70, 330)
[M::mem_pestat] mean and std.dev: (200.52, 36.36)
[M::mem_pestat] low and high boundaries for proper pairs: (18, 382)
[M::mem_pestat] skip orientation RF as there are not enough pairs
[M::mem_pestat] skip orientation RR as there are not enough pairs
[M::mem_process_seqs] Processed 646530 reads in 940.601 CPU sec, 120.238 real sec
[M::process] 0 single-end sequences; 647828 paired-end sequences
[M::process] read 648706 sequences (80000148 bp)...
[M::mem_pestat] # candidate unique pairs for (FF, FR, RF, RR): (0, 246035, 2, 0)
[M::mem_pestat] skip orientation FF as there are not enough pairs
[M::mem_pestat] analyzing insert size distribution for orientation FR...
[M::mem_pestat] (25, 50, 75) percentile: (174, 198, 226)
[M::mem_pestat] low and high boundaries for computing mean and std.dev: (70, 330)
[M::mem_pestat] mean and std.dev: (200.63, 36.42)
[M::mem_pestat] low and high boundaries for proper pairs: (18, 382)
[M::mem_pestat] skip orientation RF as there are not enough pairs
[M::mem_pestat] skip orientation RR as there are not enough pairs
[M::mem_process_seqs] Processed 647828 reads in 828.689 CPU sec, 106.258 real sec
[M::process] 0 single-end sequences; 648706 paired-end sequences
[M::process] read 648090 sequences (80000008 bp)...
[M::mem_pestat] # candidate unique pairs for (FF, FR, RF, RR): (0, 245982, 2, 0)
[M::mem_pestat] skip orientation FF as there are not enough pairs
[M::mem_pestat] analyzing insert size distribution for orientation FR...
[M::mem_pestat] (25, 50, 75) percentile: (174, 198, 226)
[M::mem_pestat] low and high boundaries for computing mean and std.dev: (70, 330)
[M::mem_pestat] mean and std.dev: (200.84, 36.44)
[M::mem_pestat] low and high boundaries for proper pairs: (18, 382)
[M::mem_pestat] skip orientation RF as there are not enough pairs
[M::mem_pestat] skip orientation RR as there are not enough pairs
[M::mem_process_seqs] Processed 648706 reads in 803.413 CPU sec, 103.088 real sec
[M::process] 0 single-end sequences; 648090 paired-end sequences
[M::process] read 647742 sequences (80000102 bp)...
[M::mem_pestat] # candidate unique pairs for (FF, FR, RF, RR): (0, 246865, 4, 0)
[M::mem_pestat] skip orientation FF as there are not enough pairs
[M::mem_pestat] analyzing insert size distribution for orientation FR...
[M::mem_pestat] (25, 50, 75) percentile: (174, 198, 226)
[M::mem_pestat] low and high boundaries for computing mean and std.dev: (70, 330)
[M::mem_pestat] mean and std.dev: (200.70, 36.41)
[M::mem_pestat] low and high boundaries for proper pairs: (18, 382)
[M::mem_pestat] skip orientation RF as there are not enough pairs
[M::mem_pestat] skip orientation RR as there are not enough pairs
[M::mem_process_seqs] Processed 648090 reads in 778.577 CPU sec, 99.999 real sec
[M::process] 0 single-end sequences; 647742 paired-end sequences
[M::process] read 647102 sequences (80000025 bp)...
[M::mem_pestat] # candidate unique pairs for (FF, FR, RF, RR): (0, 246577, 4, 0)
[M::mem_pestat] skip orientation FF as there are not enough pairs
[M::mem_pestat] analyzing insert size distribution for orientation FR...
[M::mem_pestat] (25, 50, 75) percentile: (174, 198, 226)
[M::mem_pestat] low and high boundaries for computing mean and std.dev: (70, 330)
[M::mem_pestat] mean and std.dev: (200.60, 36.40)
[M::mem_pestat] low and high boundaries for proper pairs: (18, 382)
[M::mem_pestat] skip orientation RF as there are not enough pairs
[M::mem_pestat] skip orientation RR as there are not enough pairs
[M::mem_process_seqs] Processed 647742 reads in 779.375 CPU sec, 100.109 real sec
[M::process] 0 single-end sequences; 647102 paired-end sequences
[M::process] read 647222 sequences (80000137 bp)...
[M::mem_pestat] # candidate unique pairs for (FF, FR, RF, RR): (0, 246559, 6, 0)
[M::mem_pestat] skip orientation FF as there are not enough pairs
[M::mem_pestat] analyzing insert size distribution for orientation FR...
[M::mem_pestat] (25, 50, 75) percentile: (174, 197, 226)
[M::mem_pestat] low and high boundaries for computing mean and std.dev: (70, 330)
[M::mem_pestat] mean and std.dev: (200.37, 36.43)
[M::mem_pestat] low and high boundaries for proper pairs: (18, 382)
[M::mem_pestat] skip orientation RF as there are not enough pairs
[M::mem_pestat] skip orientation RR as there are not enough pairs
[M::mem_process_seqs] Processed 647102 reads in 822.333 CPU sec, 105.464 real sec
[M::process] 0 single-end sequences; 647222 paired-end sequences
[M::process] read 649650 sequences (80000222 bp)...
[M::mem_pestat] # candidate unique pairs for (FF, FR, RF, RR): (0, 246671, 6, 0)
[M::mem_pestat] skip orientation FF as there are not enough pairs
[M::mem_pestat] analyzing insert size distribution for orientation FR...
[M::mem_pestat] (25, 50, 75) percentile: (174, 197, 226)
[M::mem_pestat] low and high boundaries for computing mean and std.dev: (70, 330)
[M::mem_pestat] mean and std.dev: (200.38, 36.46)
[M::mem_pestat] low and high boundaries for proper pairs: (18, 382)
[M::mem_pestat] skip orientation RF as there are not enough pairs
[M::mem_pestat] skip orientation RR as there are not enough pairs
[M::mem_process_seqs] Processed 647222 reads in 792.314 CPU sec, 101.705 real sec
[M::process] 0 single-end sequences; 649650 paired-end sequences
[M::process] read 648698 sequences (80000035 bp)...
[M::mem_pestat] # candidate unique pairs for (FF, FR, RF, RR): (0, 246126, 5, 0)
[M::mem_pestat] skip orientation FF as there are not enough pairs
[M::mem_pestat] analyzing insert size distribution for orientation FR...
[M::mem_pestat] (25, 50, 75) percentile: (174, 198, 226)
[M::mem_pestat] low and high boundaries for computing mean and std.dev: (70, 330)
[M::mem_pestat] mean and std.dev: (200.83, 36.52)
[M::mem_pestat] low and high boundaries for proper pairs: (18, 382)
[M::mem_pestat] skip orientation RF as there are not enough pairs
[M::mem_pestat] skip orientation RR as there are not enough pairs
[M::mem_process_seqs] Processed 649650 reads in 812.435 CPU sec, 104.204 real sec
[M::process] 0 single-end sequences; 648698 paired-end sequences
[M::process] read 648326 sequences (80000148 bp)...
[M::mem_pestat] # candidate unique pairs for (FF, FR, RF, RR): (0, 246164, 3, 0)
[M::mem_pestat] skip orientation FF as there are not enough pairs
[M::mem_pestat] analyzing insert size distribution for orientation FR...
[M::mem_pestat] (25, 50, 75) percentile: (174, 198, 226)
[M::mem_pestat] low and high boundaries for computing mean and std.dev: (70, 330)
[M::mem_pestat] mean and std.dev: (200.76, 36.49)
[M::mem_pestat] low and high boundaries for proper pairs: (18, 382)
[M::mem_pestat] skip orientation RF as there are not enough pairs
[M::mem_pestat] skip orientation RR as there are not enough pairs
[M::mem_process_seqs] Processed 648698 reads in 795.197 CPU sec, 102.062 real sec
[M::process] 0 single-end sequences; 648326 paired-end sequences
[M::process] read 648098 sequences (80000047 bp)...
[M::mem_pestat] # candidate unique pairs for (FF, FR, RF, RR): (0, 246589, 4, 0)
[M::mem_pestat] skip orientation FF as there are not enough pairs
[M::mem_pestat] analyzing insert size distribution for orientation FR...
[M::mem_pestat] (25, 50, 75) percentile: (174, 198, 226)
[M::mem_pestat] low and high boundaries for computing mean and std.dev: (70, 330)
[M::mem_pestat] mean and std.dev: (200.66, 36.36)
[M::mem_pestat] low and high boundaries for proper pairs: (18, 382)
[M::mem_pestat] skip orientation RF as there are not enough pairs
[M::mem_pestat] skip orientation RR as there are not enough pairs
[M::mem_process_seqs] Processed 648326 reads in 788.064 CPU sec, 101.170 real sec
[M::process] 0 single-end sequences; 648098 paired-end sequences
[M::process] read 647848 sequences (80000205 bp)...
[M::mem_pestat] # candidate unique pairs for (FF, FR, RF, RR): (0, 246227, 2, 0)
[M::mem_pestat] skip orientation FF as there are not enough pairs
[M::mem_pestat] analyzing insert size distribution for orientation FR...
[M::mem_pestat] (25, 50, 75) percentile: (174, 198, 226)
[M::mem_pestat] low and high boundaries for computing mean and std.dev: (70, 330)
[M::mem_pestat] mean and std.dev: (200.72, 36.44)
[M::mem_pestat] low and high boundaries for proper pairs: (18, 382)
[M::mem_pestat] skip orientation RF as there are not enough pairs
[M::mem_pestat] skip orientation RR as there are not enough pairs
[M::mem_process_seqs] Processed 648098 reads in 793.922 CPU sec, 101.901 real sec
[M::process] 0 single-end sequences; 647848 paired-end sequences
[M::process] read 648296 sequences (80000148 bp)...
[M::mem_pestat] # candidate unique pairs for (FF, FR, RF, RR): (0, 246585, 4, 0)
[M::mem_pestat] skip orientation FF as there are not enough pairs
[M::mem_pestat] analyzing insert size distribution for orientation FR...
[M::mem_pestat] (25, 50, 75) percentile: (174, 197, 226)
[M::mem_pestat] low and high boundaries for computing mean and std.dev: (70, 330)
[M::mem_pestat] mean and std.dev: (200.44, 36.47)
[M::mem_pestat] low and high boundaries for proper pairs: (18, 382)
[M::mem_pestat] skip orientation RF as there are not enough pairs
[M::mem_pestat] skip orientation RR as there are not enough pairs
[M::mem_process_seqs] Processed 647848 reads in 770.911 CPU sec, 99.016 real sec
[M::process] 0 single-end sequences; 648296 paired-end sequences
[M::process] read 647338 sequences (80000105 bp)...
[M::mem_pestat] # candidate unique pairs for (FF, FR, RF, RR): (0, 245980, 0, 0)
[M::mem_pestat] skip orientation FF as there are not enough pairs
[M::mem_pestat] analyzing insert size distribution for orientation FR...
[M::mem_pestat] (25, 50, 75) percentile: (174, 198, 227)
[M::mem_pestat] low and high boundaries for computing mean and std.dev: (68, 333)
[M::mem_pestat] mean and std.dev: (201.08, 36.42)
[M::mem_pestat] low and high boundaries for proper pairs: (15, 386)
[M::mem_pestat] skip orientation RF as there are not enough pairs
[M::mem_pestat] skip orientation RR as there are not enough pairs
[M::mem_process_seqs] Processed 648296 reads in 802.998 CPU sec, 103.048 real sec
[M::process] 0 single-end sequences; 647338 paired-end sequences
[M::process] read 646728 sequences (80000123 bp)...
[M::mem_pestat] # candidate unique pairs for (FF, FR, RF, RR): (0, 245859, 2, 0)
[M::mem_pestat] skip orientation FF as there are not enough pairs
[M::mem_pestat] analyzing insert size distribution for orientation FR...
[M::mem_pestat] (25, 50, 75) percentile: (174, 198, 226)
[M::mem_pestat] low and high boundaries for computing mean and std.dev: (70, 330)
[M::mem_pestat] mean and std.dev: (200.89, 36.39)
[M::mem_pestat] low and high boundaries for proper pairs: (18, 382)
[M::mem_pestat] skip orientation RF as there are not enough pairs
[M::mem_pestat] skip orientation RR as there are not enough pairs
[M::mem_process_seqs] Processed 647338 reads in 793.690 CPU sec, 101.870 real sec
[M::process] 0 single-end sequences; 646728 paired-end sequences
[M::process] read 647034 sequences (80000149 bp)...
[M::mem_pestat] # candidate unique pairs for (FF, FR, RF, RR): (0, 245978, 5, 0)
[M::mem_pestat] skip orientation FF as there are not enough pairs
[M::mem_pestat] analyzing insert size distribution for orientation FR...
[M::mem_pestat] (25, 50, 75) percentile: (174, 198, 226)
[M::mem_pestat] low and high boundaries for computing mean and std.dev: (70, 330)
[M::mem_pestat] mean and std.dev: (200.91, 36.43)
[M::mem_pestat] low and high boundaries for proper pairs: (18, 382)
[M::mem_pestat] skip orientation RF as there are not enough pairs
[M::mem_pestat] skip orientation RR as there are not enough pairs
[M::mem_process_seqs] Processed 646728 reads in 791.242 CPU sec, 101.555 real sec
[M::process] 0 single-end sequences; 647034 paired-end sequences
[M::process] read 646244 sequences (80000061 bp)...
[M::mem_pestat] # candidate unique pairs for (FF, FR, RF, RR): (0, 246493, 4, 0)
[M::mem_pestat] skip orientation FF as there are not enough pairs
[M::mem_pestat] analyzing insert size distribution for orientation FR...
[M::mem_pestat] (25, 50, 75) percentile: (174, 198, 226)
[M::mem_pestat] low and high boundaries for computing mean and std.dev: (70, 330)
[M::mem_pestat] mean and std.dev: (200.83, 36.45)
[M::mem_pestat] low and high boundaries for proper pairs: (18, 382)
[M::mem_pestat] skip orientation RF as there are not enough pairs
[M::mem_pestat] skip orientation RR as there are not enough pairs
[M::mem_process_seqs] Processed 647034 reads in 791.612 CPU sec, 101.596 real sec
[M::process] 0 single-end sequences; 646244 paired-end sequences
[M::process] read 648016 sequences (80000172 bp)...
[M::mem_pestat] # candidate unique pairs for (FF, FR, RF, RR): (0, 245728, 4, 0)
[M::mem_pestat] skip orientation FF as there are not enough pairs
[M::mem_pestat] analyzing insert size distribution for orientation FR...
[M::mem_pestat] (25, 50, 75) percentile: (174, 198, 226)
[M::mem_pestat] low and high boundaries for computing mean and std.dev: (70, 330)
[M::mem_pestat] mean and std.dev: (200.59, 36.40)
[M::mem_pestat] low and high boundaries for proper pairs: (18, 382)
[M::mem_pestat] skip orientation RF as there are not enough pairs
[M::mem_pestat] skip orientation RR as there are not enough pairs
[M::mem_process_seqs] Processed 646244 reads in 788.675 CPU sec, 101.232 real sec
[M::process] 0 single-end sequences; 648016 paired-end sequences
[M::process] read 648422 sequences (80000204 bp)...
[M::mem_pestat] # candidate unique pairs for (FF, FR, RF, RR): (0, 246311, 2, 0)
[M::mem_pestat] skip orientation FF as there are not enough pairs
[M::mem_pestat] analyzing insert size distribution for orientation FR...
[M::mem_pestat] (25, 50, 75) percentile: (174, 198, 226)
[M::mem_pestat] low and high boundaries for computing mean and std.dev: (70, 330)
[M::mem_pestat] mean and std.dev: (200.71, 36.45)
[M::mem_pestat] low and high boundaries for proper pairs: (18, 382)
[M::mem_pestat] skip orientation RF as there are not enough pairs
[M::mem_pestat] skip orientation RR as there are not enough pairs
[M::mem_process_seqs] Processed 648016 reads in 787.985 CPU sec, 101.143 real sec
[M::process] 0 single-end sequences; 648422 paired-end sequences
[M::process] read 647864 sequences (80000119 bp)...
[M::mem_pestat] # candidate unique pairs for (FF, FR, RF, RR): (0, 246089, 6, 0)
[M::mem_pestat] skip orientation FF as there are not enough pairs
[M::mem_pestat] analyzing insert size distribution for orientation FR...
[M::mem_pestat] (25, 50, 75) percentile: (174, 198, 226)
[M::mem_pestat] low and high boundaries for computing mean and std.dev: (70, 330)
[M::mem_pestat] mean and std.dev: (200.77, 36.32)
[M::mem_pestat] low and high boundaries for proper pairs: (18, 382)
[M::mem_pestat] skip orientation RF as there are not enough pairs
[M::mem_pestat] skip orientation RR as there are not enough pairs
[M::mem_process_seqs] Processed 648422 reads in 791.270 CPU sec, 101.584 real sec
[M::process] 0 single-end sequences; 647864 paired-end sequences
[M::process] read 647484 sequences (80000030 bp)...
[M::mem_pestat] # candidate unique pairs for (FF, FR, RF, RR): (0, 246343, 2, 0)
[M::mem_pestat] skip orientation FF as there are not enough pairs
[M::mem_pestat] analyzing insert size distribution for orientation FR...
[M::mem_pestat] (25, 50, 75) percentile: (174, 198, 226)
[M::mem_pestat] low and high boundaries for computing mean and std.dev: (70, 330)
[M::mem_pestat] mean and std.dev: (200.84, 36.41)
[M::mem_pestat] low and high boundaries for proper pairs: (18, 382)
[M::mem_pestat] skip orientation RF as there are not enough pairs
[M::mem_pestat] skip orientation RR as there are not enough pairs
[M::mem_process_seqs] Processed 647864 reads in 791.449 CPU sec, 101.586 real sec
[M::process] 0 single-end sequences; 647484 paired-end sequences
[M::process] read 646742 sequences (80000210 bp)...
[M::mem_pestat] # candidate unique pairs for (FF, FR, RF, RR): (0, 246121, 4, 0)
[M::mem_pestat] skip orientation FF as there are not enough pairs
[M::mem_pestat] analyzing insert size distribution for orientation FR...
[M::mem_pestat] (25, 50, 75) percentile: (174, 198, 226)
[M::mem_pestat] low and high boundaries for computing mean and std.dev: (70, 330)
[M::mem_pestat] mean and std.dev: (200.59, 36.43)
[M::mem_pestat] low and high boundaries for proper pairs: (18, 382)
[M::mem_pestat] skip orientation RF as there are not enough pairs
[M::mem_pestat] skip orientation RR as there are not enough pairs
[M::mem_process_seqs] Processed 647484 reads in 790.268 CPU sec, 101.430 real sec
[M::process] 0 single-end sequences; 646742 paired-end sequences
[M::process] read 646880 sequences (80000071 bp)...
[M::mem_pestat] # candidate unique pairs for (FF, FR, RF, RR): (0, 246326, 5, 0)
[M::mem_pestat] skip orientation FF as there are not enough pairs
[M::mem_pestat] analyzing insert size distribution for orientation FR...
[M::mem_pestat] (25, 50, 75) percentile: (174, 197, 226)
[M::mem_pestat] low and high boundaries for computing mean and std.dev: (70, 330)
[M::mem_pestat] mean and std.dev: (200.54, 36.35)
[M::mem_pestat] low and high boundaries for proper pairs: (18, 382)
[M::mem_pestat] skip orientation RF as there are not enough pairs
[M::mem_pestat] skip orientation RR as there are not enough pairs
[M::mem_process_seqs] Processed 646742 reads in 793.994 CPU sec, 101.909 real sec
[M::process] 0 single-end sequences; 646880 paired-end sequences
[M::process] read 648484 sequences (80000083 bp)...
[M::mem_pestat] # candidate unique pairs for (FF, FR, RF, RR): (0, 245981, 2, 0)
[M::mem_pestat] skip orientation FF as there are not enough pairs
[M::mem_pestat] analyzing insert size distribution for orientation FR...
[M::mem_pestat] (25, 50, 75) percentile: (174, 197, 226)
[M::mem_pestat] low and high boundaries for computing mean and std.dev: (70, 330)
[M::mem_pestat] mean and std.dev: (200.37, 36.34)
[M::mem_pestat] low and high boundaries for proper pairs: (18, 382)
[M::mem_pestat] skip orientation RF as there are not enough pairs
[M::mem_pestat] skip orientation RR as there are not enough pairs
[M::mem_process_seqs] Processed 646880 reads in 786.927 CPU sec, 101.050 real sec
[M::process] 0 single-end sequences; 648484 paired-end sequences
[M::process] read 647550 sequences (80000141 bp)...
[M::mem_pestat] # candidate unique pairs for (FF, FR, RF, RR): (0, 246676, 2, 0)
[M::mem_pestat] skip orientation FF as there are not enough pairs
[M::mem_pestat] analyzing insert size distribution for orientation FR...
[M::mem_pestat] (25, 50, 75) percentile: (174, 198, 227)
[M::mem_pestat] low and high boundaries for computing mean and std.dev: (68, 333)
[M::mem_pestat] mean and std.dev: (201.02, 36.52)
[M::mem_pestat] low and high boundaries for proper pairs: (15, 386)
[M::mem_pestat] skip orientation RF as there are not enough pairs
[M::mem_pestat] skip orientation RR as there are not enough pairs
[M::mem_process_seqs] Processed 648484 reads in 792.276 CPU sec, 101.689 real sec
[M::process] 0 single-end sequences; 647550 paired-end sequences
[M::process] read 647046 sequences (80000201 bp)...
[M::mem_pestat] # candidate unique pairs for (FF, FR, RF, RR): (0, 246120, 2, 0)
[M::mem_pestat] skip orientation FF as there are not enough pairs
[M::mem_pestat] analyzing insert size distribution for orientation FR...
[M::mem_pestat] (25, 50, 75) percentile: (174, 198, 226)
[M::mem_pestat] low and high boundaries for computing mean and std.dev: (70, 330)
[M::mem_pestat] mean and std.dev: (200.87, 36.36)
[M::mem_pestat] low and high boundaries for proper pairs: (18, 382)
[M::mem_pestat] skip orientation RF as there are not enough pairs
[M::mem_pestat] skip orientation RR as there are not enough pairs
[M::mem_process_seqs] Processed 647550 reads in 791.407 CPU sec, 101.632 real sec
[M::process] 0 single-end sequences; 647046 paired-end sequences
[M::process] read 647198 sequences (80000148 bp)...
[M::mem_pestat] # candidate unique pairs for (FF, FR, RF, RR): (0, 245871, 1, 0)
[M::mem_pestat] skip orientation FF as there are not enough pairs
[M::mem_pestat] analyzing insert size distribution for orientation FR...
[M::mem_pestat] (25, 50, 75) percentile: (174, 198, 226)
[M::mem_pestat] low and high boundaries for computing mean and std.dev: (70, 330)
[M::mem_pestat] mean and std.dev: (200.75, 36.37)
[M::mem_pestat] low and high boundaries for proper pairs: (18, 382)
[M::mem_pestat] skip orientation RF as there are not enough pairs
[M::mem_pestat] skip orientation RR as there are not enough pairs
[M::mem_process_seqs] Processed 647046 reads in 794.831 CPU sec, 102.027 real sec
[M::process] 0 single-end sequences; 647198 paired-end sequences
[M::process] read 646150 sequences (80000153 bp)...
[M::mem_pestat] # candidate unique pairs for (FF, FR, RF, RR): (0, 245237, 2, 0)
[M::mem_pestat] skip orientation FF as there are not enough pairs
[M::mem_pestat] analyzing insert size distribution for orientation FR...
[M::mem_pestat] (25, 50, 75) percentile: (174, 198, 226)
[M::mem_pestat] low and high boundaries for computing mean and std.dev: (70, 330)
[M::mem_pestat] mean and std.dev: (200.74, 36.45)
[M::mem_pestat] low and high boundaries for proper pairs: (18, 382)
[M::mem_pestat] skip orientation RF as there are not enough pairs
[M::mem_pestat] skip orientation RR as there are not enough pairs
[M::mem_process_seqs] Processed 647198 reads in 806.795 CPU sec, 103.491 real sec
[M::process] 0 single-end sequences; 646150 paired-end sequences
[M::process] read 648626 sequences (80000109 bp)...
[M::mem_pestat] # candidate unique pairs for (FF, FR, RF, RR): (0, 245683, 7, 0)
[M::mem_pestat] skip orientation FF as there are not enough pairs
[M::mem_pestat] analyzing insert size distribution for orientation FR...
[M::mem_pestat] (25, 50, 75) percentile: (174, 197, 226)
[M::mem_pestat] low and high boundaries for computing mean and std.dev: (70, 330)
[M::mem_pestat] mean and std.dev: (200.38, 36.32)
[M::mem_pestat] low and high boundaries for proper pairs: (18, 382)
[M::mem_pestat] skip orientation RF as there are not enough pairs
[M::mem_pestat] skip orientation RR as there are not enough pairs
[M::mem_process_seqs] Processed 646150 reads in 786.847 CPU sec, 101.047 real sec
[M::process] 0 single-end sequences; 648626 paired-end sequences
[M::process] read 647868 sequences (80000047 bp)...
[M::mem_pestat] # candidate unique pairs for (FF, FR, RF, RR): (0, 246239, 6, 0)
[M::mem_pestat] skip orientation FF as there are not enough pairs
[M::mem_pestat] analyzing insert size distribution for orientation FR...
[M::mem_pestat] (25, 50, 75) percentile: (174, 198, 226)
[M::mem_pestat] low and high boundaries for computing mean and std.dev: (70, 330)
[M::mem_pestat] mean and std.dev: (200.80, 36.48)
[M::mem_pestat] low and high boundaries for proper pairs: (18, 382)
[M::mem_pestat] skip orientation RF as there are not enough pairs
[M::mem_pestat] skip orientation RR as there are not enough pairs
[M::mem_process_seqs] Processed 648626 reads in 796.100 CPU sec, 102.190 real sec
[M::process] 0 single-end sequences; 647868 paired-end sequences
[M::process] read 647412 sequences (80000009 bp)...
[M::mem_pestat] # candidate unique pairs for (FF, FR, RF, RR): (0, 246213, 2, 0)
[M::mem_pestat] skip orientation FF as there are not enough pairs
[M::mem_pestat] analyzing insert size distribution for orientation FR...
[M::mem_pestat] (25, 50, 75) percentile: (174, 198, 226)
[M::mem_pestat] low and high boundaries for computing mean and std.dev: (70, 330)
[M::mem_pestat] mean and std.dev: (200.95, 36.40)
[M::mem_pestat] low and high boundaries for proper pairs: (18, 382)
[M::mem_pestat] skip orientation RF as there are not enough pairs
[M::mem_pestat] skip orientation RR as there are not enough pairs
[M::mem_process_seqs] Processed 647868 reads in 786.231 CPU sec, 100.930 real sec
[M::process] 0 single-end sequences; 647412 paired-end sequences
[M::process] read 647178 sequences (80000183 bp)...
[M::mem_pestat] # candidate unique pairs for (FF, FR, RF, RR): (0, 246579, 3, 0)
[M::mem_pestat] skip orientation FF as there are not enough pairs
[M::mem_pestat] analyzing insert size distribution for orientation FR...
[M::mem_pestat] (25, 50, 75) percentile: (174, 198, 226)
[M::mem_pestat] low and high boundaries for computing mean and std.dev: (70, 330)
[M::mem_pestat] mean and std.dev: (200.86, 36.46)
[M::mem_pestat] low and high boundaries for proper pairs: (18, 382)
[M::mem_pestat] skip orientation RF as there are not enough pairs
[M::mem_pestat] skip orientation RR as there are not enough pairs
[M::mem_process_seqs] Processed 647412 reads in 775.580 CPU sec, 99.617 real sec
[M::process] 0 single-end sequences; 647178 paired-end sequences
[M::process] read 646870 sequences (80000191 bp)...
[M::mem_pestat] # candidate unique pairs for (FF, FR, RF, RR): (0, 246004, 4, 0)
[M::mem_pestat] skip orientation FF as there are not enough pairs
[M::mem_pestat] analyzing insert size distribution for orientation FR...
[M::mem_pestat] (25, 50, 75) percentile: (174, 198, 226)
[M::mem_pestat] low and high boundaries for computing mean and std.dev: (70, 330)
[M::mem_pestat] mean and std.dev: (200.79, 36.34)
[M::mem_pestat] low and high boundaries for proper pairs: (18, 382)
[M::mem_pestat] skip orientation RF as there are not enough pairs
[M::mem_pestat] skip orientation RR as there are not enough pairs
[M::mem_process_seqs] Processed 647178 reads in 781.596 CPU sec, 100.353 real sec
[M::process] 0 single-end sequences; 646870 paired-end sequences
[M::process] read 648570 sequences (80000187 bp)...
[M::mem_pestat] # candidate unique pairs for (FF, FR, RF, RR): (0, 246180, 2, 0)
[M::mem_pestat] skip orientation FF as there are not enough pairs
[M::mem_pestat] analyzing insert size distribution for orientation FR...
[M::mem_pestat] (25, 50, 75) percentile: (174, 198, 226)
[M::mem_pestat] low and high boundaries for computing mean and std.dev: (70, 330)
[M::mem_pestat] mean and std.dev: (200.55, 36.30)
[M::mem_pestat] low and high boundaries for proper pairs: (18, 382)
[M::mem_pestat] skip orientation RF as there are not enough pairs
[M::mem_pestat] skip orientation RR as there are not enough pairs
[M::mem_process_seqs] Processed 646870 reads in 781.992 CPU sec, 100.400 real sec
[M::process] 0 single-end sequences; 648570 paired-end sequences
[M::process] read 648390 sequences (80000002 bp)...
[M::mem_pestat] # candidate unique pairs for (FF, FR, RF, RR): (0, 246046, 2, 0)
[M::mem_pestat] skip orientation FF as there are not enough pairs
[M::mem_pestat] analyzing insert size distribution for orientation FR...
[M::mem_pestat] (25, 50, 75) percentile: (174, 198, 226)
[M::mem_pestat] low and high boundaries for computing mean and std.dev: (70, 330)
[M::mem_pestat] mean and std.dev: (200.74, 36.41)
[M::mem_pestat] low and high boundaries for proper pairs: (18, 382)
[M::mem_pestat] skip orientation RF as there are not enough pairs
[M::mem_pestat] skip orientation RR as there are not enough pairs
[M::mem_process_seqs] Processed 648570 reads in 797.146 CPU sec, 102.898 real sec
[M::process] 0 single-end sequences; 648390 paired-end sequences
[M::process] read 648096 sequences (80000035 bp)...
[M::mem_pestat] # candidate unique pairs for (FF, FR, RF, RR): (0, 246243, 2, 0)
[M::mem_pestat] skip orientation FF as there are not enough pairs
[M::mem_pestat] analyzing insert size distribution for orientation FR...
[M::mem_pestat] (25, 50, 75) percentile: (174, 198, 226)
[M::mem_pestat] low and high boundaries for computing mean and std.dev: (70, 330)
[M::mem_pestat] mean and std.dev: (200.95, 36.41)
[M::mem_pestat] low and high boundaries for proper pairs: (18, 382)
[M::mem_pestat] skip orientation RF as there are not enough pairs
[M::mem_pestat] skip orientation RR as there are not enough pairs
[M::mem_process_seqs] Processed 648390 reads in 796.646 CPU sec, 102.246 real sec
[M::process] 0 single-end sequences; 648096 paired-end sequences
[M::process] read 647964 sequences (80000014 bp)...
[M::mem_pestat] # candidate unique pairs for (FF, FR, RF, RR): (0, 246616, 7, 0)
[M::mem_pestat] skip orientation FF as there are not enough pairs
[M::mem_pestat] analyzing insert size distribution for orientation FR...
[M::mem_pestat] (25, 50, 75) percentile: (174, 198, 226)
[M::mem_pestat] low and high boundaries for computing mean and std.dev: (70, 330)
[M::mem_pestat] mean and std.dev: (200.85, 36.40)
[M::mem_pestat] low and high boundaries for proper pairs: (18, 382)
[M::mem_pestat] skip orientation RF as there are not enough pairs
[M::mem_pestat] skip orientation RR as there are not enough pairs
[M::mem_process_seqs] Processed 648096 reads in 782.155 CPU sec, 100.448 real sec
[M::process] 0 single-end sequences; 647964 paired-end sequences
[M::process] read 647782 sequences (80000203 bp)...
[M::mem_pestat] # candidate unique pairs for (FF, FR, RF, RR): (0, 245850, 3, 0)
[M::mem_pestat] skip orientation FF as there are not enough pairs
[M::mem_pestat] analyzing insert size distribution for orientation FR...
[M::mem_pestat] (25, 50, 75) percentile: (174, 198, 226)
[M::mem_pestat] low and high boundaries for computing mean and std.dev: (70, 330)
[M::mem_pestat] mean and std.dev: (200.48, 36.29)
[M::mem_pestat] low and high boundaries for proper pairs: (18, 382)
[M::mem_pestat] skip orientation RF as there are not enough pairs
[M::mem_pestat] skip orientation RR as there are not enough pairs
[M::mem_process_seqs] Processed 647964 reads in 794.005 CPU sec, 101.932 real sec
[M::process] 0 single-end sequences; 647782 paired-end sequences
[M::process] read 648244 sequences (80000160 bp)...
[M::mem_pestat] # candidate unique pairs for (FF, FR, RF, RR): (0, 245576, 1, 0)
[M::mem_pestat] skip orientation FF as there are not enough pairs
[M::mem_pestat] analyzing insert size distribution for orientation FR...
[M::mem_pestat] (25, 50, 75) percentile: (174, 197, 226)
[M::mem_pestat] low and high boundaries for computing mean and std.dev: (70, 330)
[M::mem_pestat] mean and std.dev: (200.41, 36.39)
[M::mem_pestat] low and high boundaries for proper pairs: (18, 382)
[M::mem_pestat] skip orientation RF as there are not enough pairs
[M::mem_pestat] skip orientation RR as there are not enough pairs
[M::mem_process_seqs] Processed 647782 reads in 788.302 CPU sec, 101.190 real sec
[M::process] 0 single-end sequences; 648244 paired-end sequences
[M::process] read 648562 sequences (80000052 bp)...
[M::mem_pestat] # candidate unique pairs for (FF, FR, RF, RR): (0, 246352, 3, 0)
[M::mem_pestat] skip orientation FF as there are not enough pairs
[M::mem_pestat] analyzing insert size distribution for orientation FR...
[M::mem_pestat] (25, 50, 75) percentile: (174, 198, 226)
[M::mem_pestat] low and high boundaries for computing mean and std.dev: (70, 330)
[M::mem_pestat] mean and std.dev: (200.69, 36.43)
[M::mem_pestat] low and high boundaries for proper pairs: (18, 382)
[M::mem_pestat] skip orientation RF as there are not enough pairs
[M::mem_pestat] skip orientation RR as there are not enough pairs
[M::mem_process_seqs] Processed 648244 reads in 789.336 CPU sec, 101.312 real sec
[M::process] 0 single-end sequences; 648562 paired-end sequences
[M::process] read 647984 sequences (80000041 bp)...
[M::mem_pestat] # candidate unique pairs for (FF, FR, RF, RR): (0, 246344, 1, 0)
[M::mem_pestat] skip orientation FF as there are not enough pairs
[M::mem_pestat] analyzing insert size distribution for orientation FR...
[M::mem_pestat] (25, 50, 75) percentile: (174, 198, 226)
[M::mem_pestat] low and high boundaries for computing mean and std.dev: (70, 330)
[M::mem_pestat] mean and std.dev: (201.01, 36.39)
[M::mem_pestat] low and high boundaries for proper pairs: (18, 382)
[M::mem_pestat] skip orientation RF as there are not enough pairs
[M::mem_pestat] skip orientation RR as there are not enough pairs
[M::mem_process_seqs] Processed 648562 reads in 798.099 CPU sec, 102.418 real sec
[M::process] 0 single-end sequences; 647984 paired-end sequences
[M::process] read 647924 sequences (80000199 bp)...
[M::mem_pestat] # candidate unique pairs for (FF, FR, RF, RR): (0, 246353, 5, 0)
[M::mem_pestat] skip orientation FF as there are not enough pairs
[M::mem_pestat] analyzing insert size distribution for orientation FR...
[M::mem_pestat] (25, 50, 75) percentile: (174, 198, 226)
[M::mem_pestat] low and high boundaries for computing mean and std.dev: (70, 330)
[M::mem_pestat] mean and std.dev: (200.61, 36.45)
[M::mem_pestat] low and high boundaries for proper pairs: (18, 382)
[M::mem_pestat] skip orientation RF as there are not enough pairs
[M::mem_pestat] skip orientation RR as there are not enough pairs
[M::mem_process_seqs] Processed 647984 reads in 784.408 CPU sec, 100.704 real sec
[M::process] 0 single-end sequences; 647924 paired-end sequences
[M::process] read 647846 sequences (80000107 bp)...
[M::mem_pestat] # candidate unique pairs for (FF, FR, RF, RR): (0, 246282, 4, 0)
[M::mem_pestat] skip orientation FF as there are not enough pairs
[M::mem_pestat] analyzing insert size distribution for orientation FR...
[M::mem_pestat] (25, 50, 75) percentile: (174, 198, 226)
[M::mem_pestat] low and high boundaries for computing mean and std.dev: (70, 330)
[M::mem_pestat] mean and std.dev: (200.67, 36.41)
[M::mem_pestat] low and high boundaries for proper pairs: (18, 382)
[M::mem_pestat] skip orientation RF as there are not enough pairs
[M::mem_pestat] skip orientation RR as there are not enough pairs
[M::mem_process_seqs] Processed 647924 reads in 792.274 CPU sec, 101.690 real sec
[M::process] 0 single-end sequences; 647846 paired-end sequences
[M::process] read 648122 sequences (80000061 bp)...
[M::mem_pestat] # candidate unique pairs for (FF, FR, RF, RR): (0, 246125, 6, 0)
[M::mem_pestat] skip orientation FF as there are not enough pairs
[M::mem_pestat] analyzing insert size distribution for orientation FR...
[M::mem_pestat] (25, 50, 75) percentile: (174, 197, 226)
[M::mem_pestat] low and high boundaries for computing mean and std.dev: (70, 330)
[M::mem_pestat] mean and std.dev: (200.32, 36.36)
[M::mem_pestat] low and high boundaries for proper pairs: (18, 382)
[M::mem_pestat] skip orientation RF as there are not enough pairs
[M::mem_pestat] skip orientation RR as there are not enough pairs
[M::mem_process_seqs] Processed 647846 reads in 792.483 CPU sec, 101.750 real sec
[M::process] 0 single-end sequences; 648122 paired-end sequences
[M::process] read 648172 sequences (80000212 bp)...
[M::mem_pestat] # candidate unique pairs for (FF, FR, RF, RR): (0, 245783, 4, 0)
[M::mem_pestat] skip orientation FF as there are not enough pairs
[M::mem_pestat] analyzing insert size distribution for orientation FR...
[M::mem_pestat] (25, 50, 75) percentile: (174, 198, 226)
[M::mem_pestat] low and high boundaries for computing mean and std.dev: (70, 330)
[M::mem_pestat] mean and std.dev: (200.65, 36.44)
[M::mem_pestat] low and high boundaries for proper pairs: (18, 382)
[M::mem_pestat] skip orientation RF as there are not enough pairs
[M::mem_pestat] skip orientation RR as there are not enough pairs
[M::mem_process_seqs] Processed 648122 reads in 794.539 CPU sec, 101.969 real sec
[M::process] 0 single-end sequences; 648172 paired-end sequences
[M::process] read 646834 sequences (80000004 bp)...
[M::mem_pestat] # candidate unique pairs for (FF, FR, RF, RR): (0, 245748, 4, 0)
[M::mem_pestat] skip orientation FF as there are not enough pairs
[M::mem_pestat] analyzing insert size distribution for orientation FR...
[M::mem_pestat] (25, 50, 75) percentile: (174, 198, 226)
[M::mem_pestat] low and high boundaries for computing mean and std.dev: (70, 330)
[M::mem_pestat] mean and std.dev: (200.96, 36.44)
[M::mem_pestat] low and high boundaries for proper pairs: (18, 382)
[M::mem_pestat] skip orientation RF as there are not enough pairs
[M::mem_pestat] skip orientation RR as there are not enough pairs
[M::mem_process_seqs] Processed 648172 reads in 801.605 CPU sec, 102.859 real sec
[M::process] 0 single-end sequences; 646834 paired-end sequences
[M::process] read 646814 sequences (80000245 bp)...
[M::mem_pestat] # candidate unique pairs for (FF, FR, RF, RR): (0, 245533, 2, 0)
[M::mem_pestat] skip orientation FF as there are not enough pairs
[M::mem_pestat] analyzing insert size distribution for orientation FR...
[M::mem_pestat] (25, 50, 75) percentile: (174, 198, 226)
[M::mem_pestat] low and high boundaries for computing mean and std.dev: (70, 330)
[M::mem_pestat] mean and std.dev: (200.92, 36.43)
[M::mem_pestat] low and high boundaries for proper pairs: (18, 382)
[M::mem_pestat] skip orientation RF as there are not enough pairs
[M::mem_pestat] skip orientation RR as there are not enough pairs
[M::mem_process_seqs] Processed 646834 reads in 800.716 CPU sec, 102.739 real sec
[M::process] 0 single-end sequences; 646814 paired-end sequences
[M::process] read 646316 sequences (80000135 bp)...
[M::mem_pestat] # candidate unique pairs for (FF, FR, RF, RR): (0, 246331, 3, 0)
[M::mem_pestat] skip orientation FF as there are not enough pairs
[M::mem_pestat] analyzing insert size distribution for orientation FR...
[M::mem_pestat] (25, 50, 75) percentile: (174, 198, 226)
[M::mem_pestat] low and high boundaries for computing mean and std.dev: (70, 330)
[M::mem_pestat] mean and std.dev: (200.75, 36.45)
[M::mem_pestat] low and high boundaries for proper pairs: (18, 382)
[M::mem_pestat] skip orientation RF as there are not enough pairs
[M::mem_pestat] skip orientation RR as there are not enough pairs
[M::mem_process_seqs] Processed 646814 reads in 790.043 CPU sec, 101.412 real sec
[M::process] 0 single-end sequences; 646316 paired-end sequences
[M::process] read 646378 sequences (80000061 bp)...
[M::mem_pestat] # candidate unique pairs for (FF, FR, RF, RR): (0, 245808, 7, 0)
[M::mem_pestat] skip orientation FF as there are not enough pairs
[M::mem_pestat] analyzing insert size distribution for orientation FR...
[M::mem_pestat] (25, 50, 75) percentile: (174, 198, 226)
[M::mem_pestat] low and high boundaries for computing mean and std.dev: (70, 330)
[M::mem_pestat] mean and std.dev: (200.76, 36.36)
[M::mem_pestat] low and high boundaries for proper pairs: (18, 382)
[M::mem_pestat] skip orientation RF as there are not enough pairs
[M::mem_pestat] skip orientation RR as there are not enough pairs
[M::mem_process_seqs] Processed 646316 reads in 799.524 CPU sec, 102.579 real sec
[M::process] 0 single-end sequences; 646378 paired-end sequences
[M::process] read 648504 sequences (80000225 bp)...
[M::mem_pestat] # candidate unique pairs for (FF, FR, RF, RR): (0, 246055, 5, 0)
[M::mem_pestat] skip orientation FF as there are not enough pairs
[M::mem_pestat] analyzing insert size distribution for orientation FR...
[M::mem_pestat] (25, 50, 75) percentile: (174, 198, 226)
[M::mem_pestat] low and high boundaries for computing mean and std.dev: (70, 330)
[M::mem_pestat] mean and std.dev: (200.59, 36.42)
[M::mem_pestat] low and high boundaries for proper pairs: (18, 382)
[M::mem_pestat] skip orientation RF as there are not enough pairs
[M::mem_pestat] skip orientation RR as there are not enough pairs
[M::mem_process_seqs] Processed 646378 reads in 783.012 CPU sec, 100.532 real sec
[M::process] 0 single-end sequences; 648504 paired-end sequences
[M::process] read 647672 sequences (80000146 bp)...
[M::mem_pestat] # candidate unique pairs for (FF, FR, RF, RR): (0, 246350, 4, 0)
[M::mem_pestat] skip orientation FF as there are not enough pairs
[M::mem_pestat] analyzing insert size distribution for orientation FR...
[M::mem_pestat] (25, 50, 75) percentile: (174, 198, 227)
[M::mem_pestat] low and high boundaries for computing mean and std.dev: (68, 333)
[M::mem_pestat] mean and std.dev: (201.02, 36.43)
[M::mem_pestat] low and high boundaries for proper pairs: (15, 386)
[M::mem_pestat] skip orientation RF as there are not enough pairs
[M::mem_pestat] skip orientation RR as there are not enough pairs
[M::mem_process_seqs] Processed 648504 reads in 801.655 CPU sec, 102.841 real sec
[M::process] 0 single-end sequences; 647672 paired-end sequences
[M::process] read 647194 sequences (80000055 bp)...
[M::mem_pestat] # candidate unique pairs for (FF, FR, RF, RR): (0, 246149, 5, 0)
[M::mem_pestat] skip orientation FF as there are not enough pairs
[M::mem_pestat] analyzing insert size distribution for orientation FR...
[M::mem_pestat] (25, 50, 75) percentile: (174, 198, 226)
[M::mem_pestat] low and high boundaries for computing mean and std.dev: (70, 330)
[M::mem_pestat] mean and std.dev: (200.76, 36.38)
[M::mem_pestat] low and high boundaries for proper pairs: (18, 382)
[M::mem_pestat] skip orientation RF as there are not enough pairs
[M::mem_pestat] skip orientation RR as there are not enough pairs
[M::mem_process_seqs] Processed 647672 reads in 791.699 CPU sec, 101.689 real sec
[M::process] 0 single-end sequences; 647194 paired-end sequences
[M::process] read 647052 sequences (80000206 bp)...
[M::mem_pestat] # candidate unique pairs for (FF, FR, RF, RR): (0, 246203, 5, 0)
[M::mem_pestat] skip orientation FF as there are not enough pairs
[M::mem_pestat] analyzing insert size distribution for orientation FR...
[M::mem_pestat] (25, 50, 75) percentile: (174, 198, 226)
[M::mem_pestat] low and high boundaries for computing mean and std.dev: (70, 330)
[M::mem_pestat] mean and std.dev: (200.66, 36.44)
[M::mem_pestat] low and high boundaries for proper pairs: (18, 382)
[M::mem_pestat] skip orientation RF as there are not enough pairs
[M::mem_pestat] skip orientation RR as there are not enough pairs
[M::mem_process_seqs] Processed 647194 reads in 791.917 CPU sec, 101.648 real sec
[M::process] 0 single-end sequences; 647052 paired-end sequences
[M::process] read 646086 sequences (80000201 bp)...
[M::mem_pestat] # candidate unique pairs for (FF, FR, RF, RR): (0, 245708, 3, 0)
[M::mem_pestat] skip orientation FF as there are not enough pairs
[M::mem_pestat] analyzing insert size distribution for orientation FR...
[M::mem_pestat] (25, 50, 75) percentile: (174, 198, 226)
[M::mem_pestat] low and high boundaries for computing mean and std.dev: (70, 330)
[M::mem_pestat] mean and std.dev: (200.48, 36.39)
[M::mem_pestat] low and high boundaries for proper pairs: (18, 382)
[M::mem_pestat] skip orientation RF as there are not enough pairs
[M::mem_pestat] skip orientation RR as there are not enough pairs
[M::mem_process_seqs] Processed 647052 reads in 802.476 CPU sec, 102.963 real sec
[M::process] 0 single-end sequences; 646086 paired-end sequences
[M::process] read 647504 sequences (80000020 bp)...
[M::mem_pestat] # candidate unique pairs for (FF, FR, RF, RR): (0, 245711, 5, 0)
[M::mem_pestat] skip orientation FF as there are not enough pairs
[M::mem_pestat] analyzing insert size distribution for orientation FR...
[M::mem_pestat] (25, 50, 75) percentile: (174, 197, 226)
[M::mem_pestat] low and high boundaries for computing mean and std.dev: (70, 330)
[M::mem_pestat] mean and std.dev: (200.39, 36.38)
[M::mem_pestat] low and high boundaries for proper pairs: (18, 382)
[M::mem_pestat] skip orientation RF as there are not enough pairs
[M::mem_pestat] skip orientation RR as there are not enough pairs
[M::mem_process_seqs] Processed 646086 reads in 792.419 CPU sec, 101.702 real sec
[M::process] 0 single-end sequences; 647504 paired-end sequences
[M::process] read 646916 sequences (80000077 bp)...
[M::mem_pestat] # candidate unique pairs for (FF, FR, RF, RR): (0, 245782, 2, 0)
[M::mem_pestat] skip orientation FF as there are not enough pairs
[M::mem_pestat] analyzing insert size distribution for orientation FR...
[M::mem_pestat] (25, 50, 75) percentile: (174, 198, 227)
[M::mem_pestat] low and high boundaries for computing mean and std.dev: (68, 333)
[M::mem_pestat] mean and std.dev: (201.02, 36.37)
[M::mem_pestat] low and high boundaries for proper pairs: (15, 386)
[M::mem_pestat] skip orientation RF as there are not enough pairs
[M::mem_pestat] skip orientation RR as there are not enough pairs
[M::mem_process_seqs] Processed 647504 reads in 805.173 CPU sec, 103.300 real sec
[M::process] 0 single-end sequences; 646916 paired-end sequences
[M::process] read 646456 sequences (80000162 bp)...
[M::mem_pestat] # candidate unique pairs for (FF, FR, RF, RR): (0, 245541, 5, 0)
[M::mem_pestat] skip orientation FF as there are not enough pairs
[M::mem_pestat] analyzing insert size distribution for orientation FR...
[M::mem_pestat] (25, 50, 75) percentile: (174, 198, 226)
[M::mem_pestat] low and high boundaries for computing mean and std.dev: (70, 330)
[M::mem_pestat] mean and std.dev: (200.99, 36.47)
[M::mem_pestat] low and high boundaries for proper pairs: (18, 382)
[M::mem_pestat] skip orientation RF as there are not enough pairs
[M::mem_pestat] skip orientation RR as there are not enough pairs
[M::mem_process_seqs] Processed 646916 reads in 800.927 CPU sec, 102.753 real sec
[M::process] 0 single-end sequences; 646456 paired-end sequences
[M::process] read 646402 sequences (80000086 bp)...
[M::mem_pestat] # candidate unique pairs for (FF, FR, RF, RR): (0, 245786, 1, 0)
[M::mem_pestat] skip orientation FF as there are not enough pairs
[M::mem_pestat] analyzing insert size distribution for orientation FR...
[M::mem_pestat] (25, 50, 75) percentile: (174, 198, 226)
[M::mem_pestat] low and high boundaries for computing mean and std.dev: (70, 330)
[M::mem_pestat] mean and std.dev: (200.94, 36.41)
[M::mem_pestat] low and high boundaries for proper pairs: (18, 382)
[M::mem_pestat] skip orientation RF as there are not enough pairs
[M::mem_pestat] skip orientation RR as there are not enough pairs
[M::mem_process_seqs] Processed 646456 reads in 790.730 CPU sec, 101.483 real sec
[M::process] 0 single-end sequences; 646402 paired-end sequences
[M::process] read 646246 sequences (80000043 bp)...
[M::mem_pestat] # candidate unique pairs for (FF, FR, RF, RR): (0, 245131, 4, 0)
[M::mem_pestat] skip orientation FF as there are not enough pairs
[M::mem_pestat] analyzing insert size distribution for orientation FR...
[M::mem_pestat] (25, 50, 75) percentile: (174, 198, 226)
[M::mem_pestat] low and high boundaries for computing mean and std.dev: (70, 330)
[M::mem_pestat] mean and std.dev: (200.82, 36.37)
[M::mem_pestat] low and high boundaries for proper pairs: (18, 382)
[M::mem_pestat] skip orientation RF as there are not enough pairs
[M::mem_pestat] skip orientation RR as there are not enough pairs
[M::mem_process_seqs] Processed 646402 reads in 800.942 CPU sec, 102.775 real sec
[M::process] 0 single-end sequences; 646246 paired-end sequences
[M::process] read 647404 sequences (80000085 bp)...
[M::mem_pestat] # candidate unique pairs for (FF, FR, RF, RR): (0, 245195, 4, 0)
[M::mem_pestat] skip orientation FF as there are not enough pairs
[M::mem_pestat] analyzing insert size distribution for orientation FR...
[M::mem_pestat] (25, 50, 75) percentile: (174, 197, 226)
[M::mem_pestat] low and high boundaries for computing mean and std.dev: (70, 330)
[M::mem_pestat] mean and std.dev: (200.51, 36.33)
[M::mem_pestat] low and high boundaries for proper pairs: (18, 382)
[M::mem_pestat] skip orientation RF as there are not enough pairs
[M::mem_pestat] skip orientation RR as there are not enough pairs
[M::mem_process_seqs] Processed 646246 reads in 799.646 CPU sec, 102.604 real sec
[M::process] 0 single-end sequences; 647404 paired-end sequences
[M::process] read 648644 sequences (80000085 bp)...
[M::mem_pestat] # candidate unique pairs for (FF, FR, RF, RR): (0, 245542, 4, 0)
[M::mem_pestat] skip orientation FF as there are not enough pairs
[M::mem_pestat] analyzing insert size distribution for orientation FR...
[M::mem_pestat] (25, 50, 75) percentile: (174, 198, 226)
[M::mem_pestat] low and high boundaries for computing mean and std.dev: (70, 330)
[M::mem_pestat] mean and std.dev: (200.66, 36.47)
[M::mem_pestat] low and high boundaries for proper pairs: (18, 382)
[M::mem_pestat] skip orientation RF as there are not enough pairs
[M::mem_pestat] skip orientation RR as there are not enough pairs
[M::mem_process_seqs] Processed 647404 reads in 809.847 CPU sec, 103.909 real sec
[M::process] 0 single-end sequences; 648644 paired-end sequences
[M::process] read 647686 sequences (80000204 bp)...
[M::mem_pestat] # candidate unique pairs for (FF, FR, RF, RR): (0, 245566, 3, 0)
[M::mem_pestat] skip orientation FF as there are not enough pairs
[M::mem_pestat] analyzing insert size distribution for orientation FR...
[M::mem_pestat] (25, 50, 75) percentile: (174, 198, 226)
[M::mem_pestat] low and high boundaries for computing mean and std.dev: (70, 330)
[M::mem_pestat] mean and std.dev: (200.94, 36.45)
[M::mem_pestat] low and high boundaries for proper pairs: (18, 382)
[M::mem_pestat] skip orientation RF as there are not enough pairs
[M::mem_pestat] skip orientation RR as there are not enough pairs
[M::mem_process_seqs] Processed 648644 reads in 813.979 CPU sec, 104.392 real sec
[M::process] 0 single-end sequences; 647686 paired-end sequences
[M::process] read 647284 sequences (80000152 bp)...
[M::mem_pestat] # candidate unique pairs for (FF, FR, RF, RR): (0, 246145, 6, 0)
[M::mem_pestat] skip orientation FF as there are not enough pairs
[M::mem_pestat] analyzing insert size distribution for orientation FR...
[M::mem_pestat] (25, 50, 75) percentile: (174, 198, 226)
[M::mem_pestat] low and high boundaries for computing mean and std.dev: (70, 330)
[M::mem_pestat] mean and std.dev: (200.94, 36.37)
[M::mem_pestat] low and high boundaries for proper pairs: (18, 382)
[M::mem_pestat] skip orientation RF as there are not enough pairs
[M::mem_pestat] skip orientation RR as there are not enough pairs
[M::mem_process_seqs] Processed 647686 reads in 792.904 CPU sec, 101.767 real sec
[M::process] 0 single-end sequences; 647284 paired-end sequences
[M::process] read 647084 sequences (80000224 bp)...
[M::mem_pestat] # candidate unique pairs for (FF, FR, RF, RR): (0, 245654, 6, 0)
[M::mem_pestat] skip orientation FF as there are not enough pairs
[M::mem_pestat] analyzing insert size distribution for orientation FR...
[M::mem_pestat] (25, 50, 75) percentile: (174, 198, 226)
[M::mem_pestat] low and high boundaries for computing mean and std.dev: (70, 330)
[M::mem_pestat] mean and std.dev: (200.60, 36.38)
[M::mem_pestat] low and high boundaries for proper pairs: (18, 382)
[M::mem_pestat] skip orientation RF as there are not enough pairs
[M::mem_pestat] skip orientation RR as there are not enough pairs
[M::mem_process_seqs] Processed 647284 reads in 786.100 CPU sec, 100.916 real sec
[M::process] 0 single-end sequences; 647084 paired-end sequences
[M::process] read 647496 sequences (80000198 bp)...
[M::mem_pestat] # candidate unique pairs for (FF, FR, RF, RR): (0, 245701, 5, 0)
[M::mem_pestat] skip orientation FF as there are not enough pairs
[M::mem_pestat] analyzing insert size distribution for orientation FR...
[M::mem_pestat] (25, 50, 75) percentile: (174, 198, 226)
[M::mem_pestat] low and high boundaries for computing mean and std.dev: (70, 330)
[M::mem_pestat] mean and std.dev: (200.69, 36.37)
[M::mem_pestat] low and high boundaries for proper pairs: (18, 382)
[M::mem_pestat] skip orientation RF as there are not enough pairs
[M::mem_pestat] skip orientation RR as there are not enough pairs
[M::mem_process_seqs] Processed 647084 reads in 787.712 CPU sec, 101.130 real sec
[M::process] 0 single-end sequences; 647496 paired-end sequences
[M::process] read 648638 sequences (80000060 bp)...
[M::mem_pestat] # candidate unique pairs for (FF, FR, RF, RR): (0, 245981, 5, 0)
[M::mem_pestat] skip orientation FF as there are not enough pairs
[M::mem_pestat] analyzing insert size distribution for orientation FR...
[M::mem_pestat] (25, 50, 75) percentile: (174, 197, 226)
[M::mem_pestat] low and high boundaries for computing mean and std.dev: (70, 330)
[M::mem_pestat] mean and std.dev: (200.36, 36.43)
[M::mem_pestat] low and high boundaries for proper pairs: (18, 382)
[M::mem_pestat] skip orientation RF as there are not enough pairs
[M::mem_pestat] skip orientation RR as there are not enough pairs
[M::mem_process_seqs] Processed 647496 reads in 787.233 CPU sec, 101.061 real sec
[M::process] 0 single-end sequences; 648638 paired-end sequences
[M::process] read 648144 sequences (80000195 bp)...
[M::mem_pestat] # candidate unique pairs for (FF, FR, RF, RR): (0, 245990, 6, 0)
[M::mem_pestat] skip orientation FF as there are not enough pairs
[M::mem_pestat] analyzing insert size distribution for orientation FR...
[M::mem_pestat] (25, 50, 75) percentile: (174, 198, 226)
[M::mem_pestat] low and high boundaries for computing mean and std.dev: (70, 330)
[M::mem_pestat] mean and std.dev: (200.78, 36.43)
[M::mem_pestat] low and high boundaries for proper pairs: (18, 382)
[M::mem_pestat] skip orientation RF as there are not enough pairs
[M::mem_pestat] skip orientation RR as there are not enough pairs
[M::mem_process_seqs] Processed 648638 reads in 810.103 CPU sec, 103.934 real sec
[M::process] 0 single-end sequences; 648144 paired-end sequences
[M::process] read 648030 sequences (80000187 bp)...
[M::mem_pestat] # candidate unique pairs for (FF, FR, RF, RR): (0, 246068, 2, 0)
[M::mem_pestat] skip orientation FF as there are not enough pairs
[M::mem_pestat] analyzing insert size distribution for orientation FR...
[M::mem_pestat] (25, 50, 75) percentile: (174, 198, 226)
[M::mem_pestat] low and high boundaries for computing mean and std.dev: (70, 330)
[M::mem_pestat] mean and std.dev: (200.66, 36.38)
[M::mem_pestat] low and high boundaries for proper pairs: (18, 382)
[M::mem_pestat] skip orientation RF as there are not enough pairs
[M::mem_pestat] skip orientation RR as there are not enough pairs
[M::mem_process_seqs] Processed 648144 reads in 793.695 CPU sec, 101.877 real sec
[M::process] 0 single-end sequences; 648030 paired-end sequences
[M::process] read 647834 sequences (80000066 bp)...
[M::mem_pestat] # candidate unique pairs for (FF, FR, RF, RR): (0, 246470, 7, 0)
[M::mem_pestat] skip orientation FF as there are not enough pairs
[M::mem_pestat] analyzing insert size distribution for orientation FR...
[M::mem_pestat] (25, 50, 75) percentile: (174, 198, 226)
[M::mem_pestat] low and high boundaries for computing mean and std.dev: (70, 330)
[M::mem_pestat] mean and std.dev: (200.60, 36.39)
[M::mem_pestat] low and high boundaries for proper pairs: (18, 382)
[M::mem_pestat] skip orientation RF as there are not enough pairs
[M::mem_pestat] skip orientation RR as there are not enough pairs
[M::mem_process_seqs] Processed 648030 reads in 789.400 CPU sec, 101.326 real sec
[M::process] 0 single-end sequences; 647834 paired-end sequences
[M::process] read 647270 sequences (80000056 bp)...
[M::mem_pestat] # candidate unique pairs for (FF, FR, RF, RR): (0, 245873, 6, 0)
[M::mem_pestat] skip orientation FF as there are not enough pairs
[M::mem_pestat] analyzing insert size distribution for orientation FR...
[M::mem_pestat] (25, 50, 75) percentile: (174, 198, 226)
[M::mem_pestat] low and high boundaries for computing mean and std.dev: (70, 330)
[M::mem_pestat] mean and std.dev: (200.58, 36.46)
[M::mem_pestat] low and high boundaries for proper pairs: (18, 382)
[M::mem_pestat] skip orientation RF as there are not enough pairs
[M::mem_pestat] skip orientation RR as there are not enough pairs
[M::mem_process_seqs] Processed 647834 reads in 797.947 CPU sec, 102.385 real sec
[M::process] 0 single-end sequences; 647270 paired-end sequences
[M::process] read 648224 sequences (80000159 bp)...
[M::mem_pestat] # candidate unique pairs for (FF, FR, RF, RR): (0, 246006, 5, 0)
[M::mem_pestat] skip orientation FF as there are not enough pairs
[M::mem_pestat] analyzing insert size distribution for orientation FR...
[M::mem_pestat] (25, 50, 75) percentile: (174, 197, 226)
[M::mem_pestat] low and high boundaries for computing mean and std.dev: (70, 330)
[M::mem_pestat] mean and std.dev: (200.27, 36.36)
[M::mem_pestat] low and high boundaries for proper pairs: (18, 382)
[M::mem_pestat] skip orientation RF as there are not enough pairs
[M::mem_pestat] skip orientation RR as there are not enough pairs
[M::mem_process_seqs] Processed 647270 reads in 782.622 CPU sec, 100.482 real sec
[M::process] 0 single-end sequences; 648224 paired-end sequences
[M::process] read 647070 sequences (80000180 bp)...
[M::mem_pestat] # candidate unique pairs for (FF, FR, RF, RR): (0, 245239, 3, 0)
[M::mem_pestat] skip orientation FF as there are not enough pairs
[M::mem_pestat] analyzing insert size distribution for orientation FR...
[M::mem_pestat] (25, 50, 75) percentile: (174, 198, 226)
[M::mem_pestat] low and high boundaries for computing mean and std.dev: (70, 330)
[M::mem_pestat] mean and std.dev: (200.94, 36.38)
[M::mem_pestat] low and high boundaries for proper pairs: (18, 382)
[M::mem_pestat] skip orientation RF as there are not enough pairs
[M::mem_pestat] skip orientation RR as there are not enough pairs
[M::mem_process_seqs] Processed 648224 reads in 820.590 CPU sec, 105.224 real sec
[M::process] 0 single-end sequences; 647070 paired-end sequences
[M::process] read 647020 sequences (80000139 bp)...
[M::mem_pestat] # candidate unique pairs for (FF, FR, RF, RR): (0, 245289, 5, 0)
[M::mem_pestat] skip orientation FF as there are not enough pairs
[M::mem_pestat] analyzing insert size distribution for orientation FR...
[M::mem_pestat] (25, 50, 75) percentile: (174, 198, 226)
[M::mem_pestat] low and high boundaries for computing mean and std.dev: (70, 330)
[M::mem_pestat] mean and std.dev: (200.98, 36.43)
[M::mem_pestat] low and high boundaries for proper pairs: (18, 382)
[M::mem_pestat] skip orientation RF as there are not enough pairs
[M::mem_pestat] skip orientation RR as there are not enough pairs
[M::mem_process_seqs] Processed 647070 reads in 807.940 CPU sec, 103.677 real sec
[M::process] 0 single-end sequences; 647020 paired-end sequences
[M::process] read 646830 sequences (80000207 bp)...
[M::mem_pestat] # candidate unique pairs for (FF, FR, RF, RR): (0, 245191, 4, 0)
[M::mem_pestat] skip orientation FF as there are not enough pairs
[M::mem_pestat] analyzing insert size distribution for orientation FR...
[M::mem_pestat] (25, 50, 75) percentile: (174, 198, 226)
[M::mem_pestat] low and high boundaries for computing mean and std.dev: (70, 330)
[M::mem_pestat] mean and std.dev: (200.61, 36.41)
[M::mem_pestat] low and high boundaries for proper pairs: (18, 382)
[M::mem_pestat] skip orientation RF as there are not enough pairs
[M::mem_pestat] skip orientation RR as there are not enough pairs
[M::mem_process_seqs] Processed 647020 reads in 798.344 CPU sec, 102.436 real sec
[M::process] 0 single-end sequences; 646830 paired-end sequences
[M::process] read 646264 sequences (80000246 bp)...
[M::mem_pestat] # candidate unique pairs for (FF, FR, RF, RR): (0, 245234, 4, 0)
[M::mem_pestat] skip orientation FF as there are not enough pairs
[M::mem_pestat] analyzing insert size distribution for orientation FR...
[M::mem_pestat] (25, 50, 75) percentile: (174, 198, 226)
[M::mem_pestat] low and high boundaries for computing mean and std.dev: (70, 330)
[M::mem_pestat] mean and std.dev: (200.57, 36.38)
[M::mem_pestat] low and high boundaries for proper pairs: (18, 382)
[M::mem_pestat] skip orientation RF as there are not enough pairs
[M::mem_pestat] skip orientation RR as there are not enough pairs
[M::mem_process_seqs] Processed 646830 reads in 812.062 CPU sec, 104.152 real sec
[M::process] 0 single-end sequences; 646264 paired-end sequences
[M::process] read 648468 sequences (80000035 bp)...
[M::mem_pestat] # candidate unique pairs for (FF, FR, RF, RR): (0, 244660, 3, 0)
[M::mem_pestat] skip orientation FF as there are not enough pairs
[M::mem_pestat] analyzing insert size distribution for orientation FR...
[M::mem_pestat] (25, 50, 75) percentile: (174, 197, 225)
[M::mem_pestat] low and high boundaries for computing mean and std.dev: (72, 327)
[M::mem_pestat] mean and std.dev: (200.26, 36.39)
[M::mem_pestat] low and high boundaries for proper pairs: (21, 378)
[M::mem_pestat] skip orientation RF as there are not enough pairs
[M::mem_pestat] skip orientation RR as there are not enough pairs
[M::mem_process_seqs] Processed 646264 reads in 804.646 CPU sec, 103.236 real sec
[M::process] 0 single-end sequences; 648468 paired-end sequences
[M::process] read 646960 sequences (80000245 bp)...
[M::mem_pestat] # candidate unique pairs for (FF, FR, RF, RR): (0, 245107, 3, 0)
[M::mem_pestat] skip orientation FF as there are not enough pairs
[M::mem_pestat] analyzing insert size distribution for orientation FR...
[M::mem_pestat] (25, 50, 75) percentile: (174, 198, 226)
[M::mem_pestat] low and high boundaries for computing mean and std.dev: (70, 330)
[M::mem_pestat] mean and std.dev: (200.95, 36.38)
[M::mem_pestat] low and high boundaries for proper pairs: (18, 382)
[M::mem_pestat] skip orientation RF as there are not enough pairs
[M::mem_pestat] skip orientation RR as there are not enough pairs
[M::mem_process_seqs] Processed 648468 reads in 816.013 CPU sec, 104.642 real sec
[M::process] 0 single-end sequences; 646960 paired-end sequences
[M::process] read 646642 sequences (80000032 bp)...
[M::mem_pestat] # candidate unique pairs for (FF, FR, RF, RR): (0, 245349, 2, 0)
[M::mem_pestat] skip orientation FF as there are not enough pairs
[M::mem_pestat] analyzing insert size distribution for orientation FR...
[M::mem_pestat] (25, 50, 75) percentile: (174, 198, 227)
[M::mem_pestat] low and high boundaries for computing mean and std.dev: (68, 333)
[M::mem_pestat] mean and std.dev: (200.98, 36.46)
[M::mem_pestat] low and high boundaries for proper pairs: (15, 386)
[M::mem_pestat] skip orientation RF as there are not enough pairs
[M::mem_pestat] skip orientation RR as there are not enough pairs
[M::mem_process_seqs] Processed 646960 reads in 806.019 CPU sec, 103.395 real sec
[M::process] 0 single-end sequences; 646642 paired-end sequences
[M::process] read 646636 sequences (80000229 bp)...
[M::mem_pestat] # candidate unique pairs for (FF, FR, RF, RR): (0, 245454, 4, 0)
[M::mem_pestat] skip orientation FF as there are not enough pairs
[M::mem_pestat] analyzing insert size distribution for orientation FR...
[M::mem_pestat] (25, 50, 75) percentile: (174, 198, 226)
[M::mem_pestat] low and high boundaries for computing mean and std.dev: (70, 330)
[M::mem_pestat] mean and std.dev: (200.90, 36.39)
[M::mem_pestat] low and high boundaries for proper pairs: (18, 382)
[M::mem_pestat] skip orientation RF as there are not enough pairs
[M::mem_pestat] skip orientation RR as there are not enough pairs
[M::mem_process_seqs] Processed 646642 reads in 796.568 CPU sec, 102.252 real sec
[M::process] 0 single-end sequences; 646636 paired-end sequences
[M::process] read 652180 sequences (80000049 bp)...
[M::mem_pestat] # candidate unique pairs for (FF, FR, RF, RR): (0, 245618, 4, 0)
[M::mem_pestat] skip orientation FF as there are not enough pairs
[M::mem_pestat] analyzing insert size distribution for orientation FR...
[M::mem_pestat] (25, 50, 75) percentile: (174, 198, 226)
[M::mem_pestat] low and high boundaries for computing mean and std.dev: (70, 330)
[M::mem_pestat] mean and std.dev: (200.65, 36.42)
[M::mem_pestat] low and high boundaries for proper pairs: (18, 382)
[M::mem_pestat] skip orientation RF as there are not enough pairs
[M::mem_pestat] skip orientation RR as there are not enough pairs
[M::mem_process_seqs] Processed 646636 reads in 803.113 CPU sec, 103.073 real sec
[M::process] 0 single-end sequences; 652180 paired-end sequences
[M::process] read 647050 sequences (80000167 bp)...
[M::mem_pestat] # candidate unique pairs for (FF, FR, RF, RR): (0, 247167, 5, 0)
[M::mem_pestat] skip orientation FF as there are not enough pairs
[M::mem_pestat] analyzing insert size distribution for orientation FR...
[M::mem_pestat] (25, 50, 75) percentile: (174, 197, 226)
[M::mem_pestat] low and high boundaries for computing mean and std.dev: (70, 330)
[M::mem_pestat] mean and std.dev: (200.39, 36.42)
[M::mem_pestat] low and high boundaries for proper pairs: (18, 382)
[M::mem_pestat] skip orientation RF as there are not enough pairs
[M::mem_pestat] skip orientation RR as there are not enough pairs
[M::mem_process_seqs] Processed 652180 reads in 877.254 CPU sec, 112.321 real sec
[M::process] 0 single-end sequences; 647050 paired-end sequences
[M::process] read 646714 sequences (80000070 bp)...
[M::mem_pestat] # candidate unique pairs for (FF, FR, RF, RR): (0, 245310, 7, 0)
[M::mem_pestat] skip orientation FF as there are not enough pairs
[M::mem_pestat] analyzing insert size distribution for orientation FR...
[M::mem_pestat] (25, 50, 75) percentile: (174, 198, 226)
[M::mem_pestat] low and high boundaries for computing mean and std.dev: (70, 330)
[M::mem_pestat] mean and std.dev: (200.89, 36.36)
[M::mem_pestat] low and high boundaries for proper pairs: (18, 382)
[M::mem_pestat] skip orientation RF as there are not enough pairs
[M::mem_pestat] skip orientation RR as there are not enough pairs
[M::mem_process_seqs] Processed 647050 reads in 803.762 CPU sec, 103.131 real sec
[M::process] 0 single-end sequences; 646714 paired-end sequences
[M::process] read 646186 sequences (80000107 bp)...
[M::mem_pestat] # candidate unique pairs for (FF, FR, RF, RR): (0, 245436, 6, 0)
[M::mem_pestat] skip orientation FF as there are not enough pairs
[M::mem_pestat] analyzing insert size distribution for orientation FR...
[M::mem_pestat] (25, 50, 75) percentile: (174, 198, 226)
[M::mem_pestat] low and high boundaries for computing mean and std.dev: (70, 330)
[M::mem_pestat] mean and std.dev: (200.81, 36.44)
[M::mem_pestat] low and high boundaries for proper pairs: (18, 382)
[M::mem_pestat] skip orientation RF as there are not enough pairs
[M::mem_pestat] skip orientation RR as there are not enough pairs
[M::mem_process_seqs] Processed 646714 reads in 793.518 CPU sec, 101.841 real sec
[M::process] 0 single-end sequences; 646186 paired-end sequences
[M::process] read 646312 sequences (80000073 bp)...
[M::mem_pestat] # candidate unique pairs for (FF, FR, RF, RR): (0, 245467, 4, 0)
[M::mem_pestat] skip orientation FF as there are not enough pairs
[M::mem_pestat] analyzing insert size distribution for orientation FR...
[M::mem_pestat] (25, 50, 75) percentile: (174, 198, 226)
[M::mem_pestat] low and high boundaries for computing mean and std.dev: (70, 330)
[M::mem_pestat] mean and std.dev: (200.82, 36.39)
[M::mem_pestat] low and high boundaries for proper pairs: (18, 382)
[M::mem_pestat] skip orientation RF as there are not enough pairs
[M::mem_pestat] skip orientation RR as there are not enough pairs
[M::mem_process_seqs] Processed 646186 reads in 791.776 CPU sec, 101.621 real sec
[M::process] 0 single-end sequences; 646312 paired-end sequences
[M::process] read 652940 sequences (80000022 bp)...
[M::mem_pestat] # candidate unique pairs for (FF, FR, RF, RR): (0, 245730, 3, 0)
[M::mem_pestat] skip orientation FF as there are not enough pairs
[M::mem_pestat] analyzing insert size distribution for orientation FR...
[M::mem_pestat] (25, 50, 75) percentile: (174, 198, 226)
[M::mem_pestat] low and high boundaries for computing mean and std.dev: (70, 330)
[M::mem_pestat] mean and std.dev: (200.58, 36.39)
[M::mem_pestat] low and high boundaries for proper pairs: (18, 382)
[M::mem_pestat] skip orientation RF as there are not enough pairs
[M::mem_pestat] skip orientation RR as there are not enough pairs
[M::mem_process_seqs] Processed 646312 reads in 803.132 CPU sec, 103.118 real sec
[M::process] 0 single-end sequences; 652940 paired-end sequences
[M::process] read 647148 sequences (80000094 bp)...
[M::mem_pestat] # candidate unique pairs for (FF, FR, RF, RR): (0, 246951, 5, 0)
[M::mem_pestat] skip orientation FF as there are not enough pairs
[M::mem_pestat] analyzing insert size distribution for orientation FR...
[M::mem_pestat] (25, 50, 75) percentile: (174, 197, 226)
[M::mem_pestat] low and high boundaries for computing mean and std.dev: (70, 330)
[M::mem_pestat] mean and std.dev: (200.28, 36.33)
[M::mem_pestat] low and high boundaries for proper pairs: (18, 382)
[M::mem_pestat] skip orientation RF as there are not enough pairs
[M::mem_pestat] skip orientation RR as there are not enough pairs
[M::mem_process_seqs] Processed 652940 reads in 891.971 CPU sec, 114.152 real sec
[M::process] 0 single-end sequences; 647148 paired-end sequences
[M::process] read 647036 sequences (80000056 bp)...
[M::mem_pestat] # candidate unique pairs for (FF, FR, RF, RR): (0, 245560, 4, 0)
[M::mem_pestat] skip orientation FF as there are not enough pairs
[M::mem_pestat] analyzing insert size distribution for orientation FR...
[M::mem_pestat] (25, 50, 75) percentile: (174, 197, 226)
[M::mem_pestat] low and high boundaries for computing mean and std.dev: (70, 330)
[M::mem_pestat] mean and std.dev: (200.62, 36.45)
[M::mem_pestat] low and high boundaries for proper pairs: (18, 382)
[M::mem_pestat] skip orientation RF as there are not enough pairs
[M::mem_pestat] skip orientation RR as there are not enough pairs
[M::mem_process_seqs] Processed 647148 reads in 796.594 CPU sec, 102.247 real sec
[M::process] 0 single-end sequences; 647036 paired-end sequences
[M::process] read 646734 sequences (80000230 bp)...
[M::mem_pestat] # candidate unique pairs for (FF, FR, RF, RR): (0, 245591, 1, 0)
[M::mem_pestat] skip orientation FF as there are not enough pairs
[M::mem_pestat] analyzing insert size distribution for orientation FR...
[M::mem_pestat] (25, 50, 75) percentile: (174, 198, 227)
[M::mem_pestat] low and high boundaries for computing mean and std.dev: (68, 333)
[M::mem_pestat] mean and std.dev: (201.06, 36.48)
[M::mem_pestat] low and high boundaries for proper pairs: (15, 386)
[M::mem_pestat] skip orientation RF as there are not enough pairs
[M::mem_pestat] skip orientation RR as there are not enough pairs
[M::mem_process_seqs] Processed 647036 reads in 800.341 CPU sec, 102.690 real sec
[M::process] 0 single-end sequences; 646734 paired-end sequences
[M::process] read 646592 sequences (80000179 bp)...
[M::mem_pestat] # candidate unique pairs for (FF, FR, RF, RR): (0, 246067, 5, 0)
[M::mem_pestat] skip orientation FF as there are not enough pairs
[M::mem_pestat] analyzing insert size distribution for orientation FR...
[M::mem_pestat] (25, 50, 75) percentile: (174, 198, 226)
[M::mem_pestat] low and high boundaries for computing mean and std.dev: (70, 330)
[M::mem_pestat] mean and std.dev: (200.88, 36.43)
[M::mem_pestat] low and high boundaries for proper pairs: (18, 382)
[M::mem_pestat] skip orientation RF as there are not enough pairs
[M::mem_pestat] skip orientation RR as there are not enough pairs
[M::mem_process_seqs] Processed 646734 reads in 792.889 CPU sec, 101.765 real sec
[M::process] 0 single-end sequences; 646592 paired-end sequences
[M::process] read 652012 sequences (80000131 bp)...
[M::mem_pestat] # candidate unique pairs for (FF, FR, RF, RR): (0, 245560, 6, 0)
[M::mem_pestat] skip orientation FF as there are not enough pairs
[M::mem_pestat] analyzing insert size distribution for orientation FR...
[M::mem_pestat] (25, 50, 75) percentile: (174, 198, 226)
[M::mem_pestat] low and high boundaries for computing mean and std.dev: (70, 330)
[M::mem_pestat] mean and std.dev: (200.73, 36.36)
[M::mem_pestat] low and high boundaries for proper pairs: (18, 382)
[M::mem_pestat] skip orientation RF as there are not enough pairs
[M::mem_pestat] skip orientation RR as there are not enough pairs
[M::mem_process_seqs] Processed 646592 reads in 795.134 CPU sec, 102.049 real sec
[M::process] 0 single-end sequences; 652012 paired-end sequences
[M::process] read 647128 sequences (80000160 bp)...
[M::mem_pestat] # candidate unique pairs for (FF, FR, RF, RR): (0, 246382, 3, 0)
[M::mem_pestat] skip orientation FF as there are not enough pairs
[M::mem_pestat] analyzing insert size distribution for orientation FR...
[M::mem_pestat] (25, 50, 75) percentile: (174, 198, 226)
[M::mem_pestat] low and high boundaries for computing mean and std.dev: (70, 330)
[M::mem_pestat] mean and std.dev: (200.53, 36.36)
[M::mem_pestat] low and high boundaries for proper pairs: (18, 382)
[M::mem_pestat] skip orientation RF as there are not enough pairs
[M::mem_pestat] skip orientation RR as there are not enough pairs
[M::mem_process_seqs] Processed 652012 reads in 893.943 CPU sec, 114.449 real sec
[M::process] 0 single-end sequences; 647128 paired-end sequences
[M::process] read 648558 sequences (80000195 bp)...
[M::mem_pestat] # candidate unique pairs for (FF, FR, RF, RR): (0, 245370, 8, 0)
[M::mem_pestat] skip orientation FF as there are not enough pairs
[M::mem_pestat] analyzing insert size distribution for orientation FR...
[M::mem_pestat] (25, 50, 75) percentile: (174, 198, 226)
[M::mem_pestat] low and high boundaries for computing mean and std.dev: (70, 330)
[M::mem_pestat] mean and std.dev: (200.51, 36.42)
[M::mem_pestat] low and high boundaries for proper pairs: (18, 382)
[M::mem_pestat] skip orientation RF as there are not enough pairs
[M::mem_pestat] skip orientation RR as there are not enough pairs
[M::mem_process_seqs] Processed 647128 reads in 806.602 CPU sec, 103.493 real sec
[M::process] 0 single-end sequences; 648558 paired-end sequences
[M::process] read 647786 sequences (80000068 bp)...
[M::mem_pestat] # candidate unique pairs for (FF, FR, RF, RR): (0, 246148, 6, 0)
[M::mem_pestat] skip orientation FF as there are not enough pairs
[M::mem_pestat] analyzing insert size distribution for orientation FR...
[M::mem_pestat] (25, 50, 75) percentile: (174, 198, 226)
[M::mem_pestat] low and high boundaries for computing mean and std.dev: (70, 330)
[M::mem_pestat] mean and std.dev: (200.92, 36.44)
[M::mem_pestat] low and high boundaries for proper pairs: (18, 382)
[M::mem_pestat] skip orientation RF as there are not enough pairs
[M::mem_pestat] skip orientation RR as there are not enough pairs
[M::mem_process_seqs] Processed 648558 reads in 809.748 CPU sec, 103.864 real sec
[M::process] 0 single-end sequences; 647786 paired-end sequences
[M::process] read 647002 sequences (80000166 bp)...
[M::mem_pestat] # candidate unique pairs for (FF, FR, RF, RR): (0, 246107, 8, 0)
[M::mem_pestat] skip orientation FF as there are not enough pairs
[M::mem_pestat] analyzing insert size distribution for orientation FR...
[M::mem_pestat] (25, 50, 75) percentile: (174, 198, 226)
[M::mem_pestat] low and high boundaries for computing mean and std.dev: (70, 330)
[M::mem_pestat] mean and std.dev: (201.00, 36.43)
[M::mem_pestat] low and high boundaries for proper pairs: (18, 382)
[M::mem_pestat] skip orientation RF as there are not enough pairs
[M::mem_pestat] skip orientation RR as there are not enough pairs
[M::mem_process_seqs] Processed 647786 reads in 787.869 CPU sec, 101.125 real sec
[M::process] 0 single-end sequences; 647002 paired-end sequences
[M::process] read 646726 sequences (80000014 bp)...
[M::mem_pestat] # candidate unique pairs for (FF, FR, RF, RR): (0, 246221, 5, 0)
[M::mem_pestat] skip orientation FF as there are not enough pairs
[M::mem_pestat] analyzing insert size distribution for orientation FR...
[M::mem_pestat] (25, 50, 75) percentile: (174, 198, 226)
[M::mem_pestat] low and high boundaries for computing mean and std.dev: (70, 330)
[M::mem_pestat] mean and std.dev: (200.69, 36.37)
[M::mem_pestat] low and high boundaries for proper pairs: (18, 382)
[M::mem_pestat] skip orientation RF as there are not enough pairs
[M::mem_pestat] skip orientation RR as there are not enough pairs
[M::mem_process_seqs] Processed 647002 reads in 787.868 CPU sec, 101.138 real sec
[M::process] 0 single-end sequences; 646726 paired-end sequences
[M::process] read 647188 sequences (80000091 bp)...
[M::mem_pestat] # candidate unique pairs for (FF, FR, RF, RR): (0, 245578, 4, 0)
[M::mem_pestat] skip orientation FF as there are not enough pairs
[M::mem_pestat] analyzing insert size distribution for orientation FR...
[M::mem_pestat] (25, 50, 75) percentile: (174, 198, 226)
[M::mem_pestat] low and high boundaries for computing mean and std.dev: (70, 330)
[M::mem_pestat] mean and std.dev: (200.54, 36.29)
[M::mem_pestat] low and high boundaries for proper pairs: (18, 382)
[M::mem_pestat] skip orientation RF as there are not enough pairs
[M::mem_pestat] skip orientation RR as there are not enough pairs
[M::mem_process_seqs] Processed 646726 reads in 802.433 CPU sec, 102.975 real sec
[M::process] 0 single-end sequences; 647188 paired-end sequences
[M::process] read 647524 sequences (80000032 bp)...
[M::mem_pestat] # candidate unique pairs for (FF, FR, RF, RR): (0, 245676, 3, 0)
[M::mem_pestat] skip orientation FF as there are not enough pairs
[M::mem_pestat] analyzing insert size distribution for orientation FR...
[M::mem_pestat] (25, 50, 75) percentile: (174, 197, 226)
[M::mem_pestat] low and high boundaries for computing mean and std.dev: (70, 330)
[M::mem_pestat] mean and std.dev: (200.44, 36.40)
[M::mem_pestat] low and high boundaries for proper pairs: (18, 382)
[M::mem_pestat] skip orientation RF as there are not enough pairs
[M::mem_pestat] skip orientation RR as there are not enough pairs
[M::mem_process_seqs] Processed 647188 reads in 790.337 CPU sec, 101.436 real sec
[M::process] 0 single-end sequences; 647524 paired-end sequences
[M::process] read 646854 sequences (80000068 bp)...
[M::mem_pestat] # candidate unique pairs for (FF, FR, RF, RR): (0, 245681, 3, 0)
[M::mem_pestat] skip orientation FF as there are not enough pairs
[M::mem_pestat] analyzing insert size distribution for orientation FR...
[M::mem_pestat] (25, 50, 75) percentile: (174, 198, 226)
[M::mem_pestat] low and high boundaries for computing mean and std.dev: (70, 330)
[M::mem_pestat] mean and std.dev: (200.83, 36.42)
[M::mem_pestat] low and high boundaries for proper pairs: (18, 382)
[M::mem_pestat] skip orientation RF as there are not enough pairs
[M::mem_pestat] skip orientation RR as there are not enough pairs
[M::mem_process_seqs] Processed 647524 reads in 812.379 CPU sec, 104.195 real sec
[M::process] 0 single-end sequences; 646854 paired-end sequences
[M::process] read 646684 sequences (80000029 bp)...
[M::mem_pestat] # candidate unique pairs for (FF, FR, RF, RR): (0, 246100, 3, 0)
[M::mem_pestat] skip orientation FF as there are not enough pairs
[M::mem_pestat] analyzing insert size distribution for orientation FR...
[M::mem_pestat] (25, 50, 75) percentile: (174, 198, 226)
[M::mem_pestat] low and high boundaries for computing mean and std.dev: (70, 330)
[M::mem_pestat] mean and std.dev: (200.89, 36.47)
[M::mem_pestat] low and high boundaries for proper pairs: (18, 382)
[M::mem_pestat] skip orientation RF as there are not enough pairs
[M::mem_pestat] skip orientation RR as there are not enough pairs
[M::mem_process_seqs] Processed 646854 reads in 794.351 CPU sec, 101.949 real sec
[M::process] 0 single-end sequences; 646684 paired-end sequences
[M::process] read 646554 sequences (80000058 bp)...
[M::mem_pestat] # candidate unique pairs for (FF, FR, RF, RR): (0, 245914, 4, 0)
[M::mem_pestat] skip orientation FF as there are not enough pairs
[M::mem_pestat] analyzing insert size distribution for orientation FR...
[M::mem_pestat] (25, 50, 75) percentile: (174, 198, 226)
[M::mem_pestat] low and high boundaries for computing mean and std.dev: (70, 330)
[M::mem_pestat] mean and std.dev: (200.58, 36.38)
[M::mem_pestat] low and high boundaries for proper pairs: (18, 382)
[M::mem_pestat] skip orientation RF as there are not enough pairs
[M::mem_pestat] skip orientation RR as there are not enough pairs
[M::mem_process_seqs] Processed 646684 reads in 787.750 CPU sec, 101.115 real sec
[M::process] 0 single-end sequences; 646554 paired-end sequences
[M::process] read 646684 sequences (80000206 bp)...
[M::mem_pestat] # candidate unique pairs for (FF, FR, RF, RR): (0, 244947, 5, 0)
[M::mem_pestat] skip orientation FF as there are not enough pairs
[M::mem_pestat] analyzing insert size distribution for orientation FR...
[M::mem_pestat] (25, 50, 75) percentile: (174, 197, 226)
[M::mem_pestat] low and high boundaries for computing mean and std.dev: (70, 330)
[M::mem_pestat] mean and std.dev: (200.37, 36.39)
[M::mem_pestat] low and high boundaries for proper pairs: (18, 382)
[M::mem_pestat] skip orientation RF as there are not enough pairs
[M::mem_pestat] skip orientation RR as there are not enough pairs
[M::mem_process_seqs] Processed 646554 reads in 801.896 CPU sec, 102.884 real sec
[M::process] 0 single-end sequences; 646684 paired-end sequences
[M::process] read 648614 sequences (80000052 bp)...
[M::mem_pestat] # candidate unique pairs for (FF, FR, RF, RR): (0, 245370, 4, 0)
[M::mem_pestat] skip orientation FF as there are not enough pairs
[M::mem_pestat] analyzing insert size distribution for orientation FR...
[M::mem_pestat] (25, 50, 75) percentile: (174, 198, 226)
[M::mem_pestat] low and high boundaries for computing mean and std.dev: (70, 330)
[M::mem_pestat] mean and std.dev: (200.42, 36.32)
[M::mem_pestat] low and high boundaries for proper pairs: (18, 382)
[M::mem_pestat] skip orientation RF as there are not enough pairs
[M::mem_pestat] skip orientation RR as there are not enough pairs
[M::mem_process_seqs] Processed 646684 reads in 791.610 CPU sec, 101.620 real sec
[M::process] 0 single-end sequences; 648614 paired-end sequences
[M::process] read 647358 sequences (80000179 bp)...
[M::mem_pestat] # candidate unique pairs for (FF, FR, RF, RR): (0, 245603, 1, 0)
[M::mem_pestat] skip orientation FF as there are not enough pairs
[M::mem_pestat] analyzing insert size distribution for orientation FR...
[M::mem_pestat] (25, 50, 75) percentile: (174, 198, 227)
[M::mem_pestat] low and high boundaries for computing mean and std.dev: (68, 333)
[M::mem_pestat] mean and std.dev: (200.98, 36.48)
[M::mem_pestat] low and high boundaries for proper pairs: (15, 386)
[M::mem_pestat] skip orientation RF as there are not enough pairs
[M::mem_pestat] skip orientation RR as there are not enough pairs
[M::mem_process_seqs] Processed 648614 reads in 799.522 CPU sec, 102.574 real sec
[M::process] 0 single-end sequences; 647358 paired-end sequences
[M::process] read 646892 sequences (80000074 bp)...
[M::mem_pestat] # candidate unique pairs for (FF, FR, RF, RR): (0, 245738, 3, 0)
[M::mem_pestat] skip orientation FF as there are not enough pairs
[M::mem_pestat] analyzing insert size distribution for orientation FR...
[M::mem_pestat] (25, 50, 75) percentile: (174, 198, 226)
[M::mem_pestat] low and high boundaries for computing mean and std.dev: (70, 330)
[M::mem_pestat] mean and std.dev: (200.90, 36.33)
[M::mem_pestat] low and high boundaries for proper pairs: (18, 382)
[M::mem_pestat] skip orientation RF as there are not enough pairs
[M::mem_pestat] skip orientation RR as there are not enough pairs
[M::mem_process_seqs] Processed 647358 reads in 795.035 CPU sec, 102.038 real sec
[M::process] 0 single-end sequences; 646892 paired-end sequences
[M::process] read 647018 sequences (80000187 bp)...
[M::mem_pestat] # candidate unique pairs for (FF, FR, RF, RR): (0, 245832, 6, 0)
[M::mem_pestat] skip orientation FF as there are not enough pairs
[M::mem_pestat] analyzing insert size distribution for orientation FR...
[M::mem_pestat] (25, 50, 75) percentile: (174, 198, 226)
[M::mem_pestat] low and high boundaries for computing mean and std.dev: (70, 330)
[M::mem_pestat] mean and std.dev: (200.73, 36.46)
[M::mem_pestat] low and high boundaries for proper pairs: (18, 382)
[M::mem_pestat] skip orientation RF as there are not enough pairs
[M::mem_pestat] skip orientation RR as there are not enough pairs
[M::mem_process_seqs] Processed 646892 reads in 794.059 CPU sec, 101.922 real sec
[M::process] 0 single-end sequences; 647018 paired-end sequences
[M::process] read 646974 sequences (80000149 bp)...
[M::mem_pestat] # candidate unique pairs for (FF, FR, RF, RR): (0, 245161, 6, 0)
[M::mem_pestat] skip orientation FF as there are not enough pairs
[M::mem_pestat] analyzing insert size distribution for orientation FR...
[M::mem_pestat] (25, 50, 75) percentile: (174, 198, 226)
[M::mem_pestat] low and high boundaries for computing mean and std.dev: (70, 330)
[M::mem_pestat] mean and std.dev: (200.65, 36.46)
[M::mem_pestat] low and high boundaries for proper pairs: (18, 382)
[M::mem_pestat] skip orientation RF as there are not enough pairs
[M::mem_pestat] skip orientation RR as there are not enough pairs
[M::mem_process_seqs] Processed 647018 reads in 796.303 CPU sec, 102.189 real sec
[M::process] 0 single-end sequences; 646974 paired-end sequences
[M::process] read 648624 sequences (80000149 bp)...
[M::mem_pestat] # candidate unique pairs for (FF, FR, RF, RR): (0, 245054, 8, 0)
[M::mem_pestat] skip orientation FF as there are not enough pairs
[M::mem_pestat] analyzing insert size distribution for orientation FR...
[M::mem_pestat] (25, 50, 75) percentile: (174, 197, 226)
[M::mem_pestat] low and high boundaries for computing mean and std.dev: (70, 330)
[M::mem_pestat] mean and std.dev: (200.45, 36.31)
[M::mem_pestat] low and high boundaries for proper pairs: (18, 382)
[M::mem_pestat] skip orientation RF as there are not enough pairs
[M::mem_pestat] skip orientation RR as there are not enough pairs
[M::mem_process_seqs] Processed 646974 reads in 797.656 CPU sec, 102.371 real sec
[M::process] 0 single-end sequences; 648624 paired-end sequences
[M::process] read 647804 sequences (80000159 bp)...
[M::mem_pestat] # candidate unique pairs for (FF, FR, RF, RR): (0, 245547, 4, 0)
[M::mem_pestat] skip orientation FF as there are not enough pairs
[M::mem_pestat] analyzing insert size distribution for orientation FR...
[M::mem_pestat] (25, 50, 75) percentile: (174, 198, 227)
[M::mem_pestat] low and high boundaries for computing mean and std.dev: (68, 333)
[M::mem_pestat] mean and std.dev: (200.98, 36.47)
[M::mem_pestat] low and high boundaries for proper pairs: (15, 386)
[M::mem_pestat] skip orientation RF as there are not enough pairs
[M::mem_pestat] skip orientation RR as there are not enough pairs
[M::mem_process_seqs] Processed 648624 reads in 803.429 CPU sec, 103.094 real sec
[M::process] 0 single-end sequences; 647804 paired-end sequences
[M::process] read 647670 sequences (80000061 bp)...
[M::mem_pestat] # candidate unique pairs for (FF, FR, RF, RR): (0, 246120, 5, 0)
[M::mem_pestat] skip orientation FF as there are not enough pairs
[M::mem_pestat] analyzing insert size distribution for orientation FR...
[M::mem_pestat] (25, 50, 75) percentile: (174, 198, 226)
[M::mem_pestat] low and high boundaries for computing mean and std.dev: (70, 330)
[M::mem_pestat] mean and std.dev: (200.91, 36.51)
[M::mem_pestat] low and high boundaries for proper pairs: (18, 382)
[M::mem_pestat] skip orientation RF as there are not enough pairs
[M::mem_pestat] skip orientation RR as there are not enough pairs
[M::mem_process_seqs] Processed 647804 reads in 790.630 CPU sec, 101.485 real sec
[M::process] 0 single-end sequences; 647670 paired-end sequences
[M::process] read 647320 sequences (80000121 bp)...
[M::mem_pestat] # candidate unique pairs for (FF, FR, RF, RR): (0, 246177, 3, 0)
[M::mem_pestat] skip orientation FF as there are not enough pairs
[M::mem_pestat] analyzing insert size distribution for orientation FR...
[M::mem_pestat] (25, 50, 75) percentile: (174, 198, 226)
[M::mem_pestat] low and high boundaries for computing mean and std.dev: (70, 330)
[M::mem_pestat] mean and std.dev: (200.81, 36.33)
[M::mem_pestat] low and high boundaries for proper pairs: (18, 382)
[M::mem_pestat] skip orientation RF as there are not enough pairs
[M::mem_pestat] skip orientation RR as there are not enough pairs
[M::mem_process_seqs] Processed 647670 reads in 785.942 CPU sec, 100.881 real sec
[M::process] 0 single-end sequences; 647320 paired-end sequences
[M::process] read 646416 sequences (80000155 bp)...
[M::mem_pestat] # candidate unique pairs for (FF, FR, RF, RR): (0, 245876, 8, 0)
[M::mem_pestat] skip orientation FF as there are not enough pairs
[M::mem_pestat] analyzing insert size distribution for orientation FR...
[M::mem_pestat] (25, 50, 75) percentile: (174, 198, 226)
[M::mem_pestat] low and high boundaries for computing mean and std.dev: (70, 330)
[M::mem_pestat] mean and std.dev: (200.75, 36.41)
[M::mem_pestat] low and high boundaries for proper pairs: (18, 382)
[M::mem_pestat] skip orientation RF as there are not enough pairs
[M::mem_pestat] skip orientation RR as there are not enough pairs
[M::mem_process_seqs] Processed 647320 reads in 796.881 CPU sec, 102.257 real sec
[M::process] 0 single-end sequences; 646416 paired-end sequences
[M::process] read 647674 sequences (80000075 bp)...
[M::mem_pestat] # candidate unique pairs for (FF, FR, RF, RR): (0, 245506, 4, 0)
[M::mem_pestat] skip orientation FF as there are not enough pairs
[M::mem_pestat] analyzing insert size distribution for orientation FR...
[M::mem_pestat] (25, 50, 75) percentile: (174, 197, 226)
[M::mem_pestat] low and high boundaries for computing mean and std.dev: (70, 330)
[M::mem_pestat] mean and std.dev: (200.38, 36.37)
[M::mem_pestat] low and high boundaries for proper pairs: (18, 382)
[M::mem_pestat] skip orientation RF as there are not enough pairs
[M::mem_pestat] skip orientation RR as there are not enough pairs
[M::mem_process_seqs] Processed 646416 reads in 800.324 CPU sec, 102.697 real sec
[M::process] 0 single-end sequences; 647674 paired-end sequences
[M::process] read 647770 sequences (80000133 bp)...
[M::mem_pestat] # candidate unique pairs for (FF, FR, RF, RR): (0, 245919, 4, 0)
[M::mem_pestat] skip orientation FF as there are not enough pairs
[M::mem_pestat] analyzing insert size distribution for orientation FR...
[M::mem_pestat] (25, 50, 75) percentile: (174, 198, 226)
[M::mem_pestat] low and high boundaries for computing mean and std.dev: (70, 330)
[M::mem_pestat] mean and std.dev: (200.57, 36.32)
[M::mem_pestat] low and high boundaries for proper pairs: (18, 382)
[M::mem_pestat] skip orientation RF as there are not enough pairs
[M::mem_pestat] skip orientation RR as there are not enough pairs
[M::mem_process_seqs] Processed 647674 reads in 794.571 CPU sec, 101.953 real sec
[M::process] 0 single-end sequences; 647770 paired-end sequences
[M::process] read 647342 sequences (80000117 bp)...
[M::mem_pestat] # candidate unique pairs for (FF, FR, RF, RR): (0, 246591, 2, 0)
[M::mem_pestat] skip orientation FF as there are not enough pairs
[M::mem_pestat] analyzing insert size distribution for orientation FR...
[M::mem_pestat] (25, 50, 75) percentile: (174, 198, 227)
[M::mem_pestat] low and high boundaries for computing mean and std.dev: (68, 333)
[M::mem_pestat] mean and std.dev: (201.06, 36.46)
[M::mem_pestat] low and high boundaries for proper pairs: (15, 386)
[M::mem_pestat] skip orientation RF as there are not enough pairs
[M::mem_pestat] skip orientation RR as there are not enough pairs
[M::mem_process_seqs] Processed 647770 reads in 785.405 CPU sec, 100.844 real sec
[M::process] 0 single-end sequences; 647342 paired-end sequences
[M::process] read 646742 sequences (80000229 bp)...
[M::mem_pestat] # candidate unique pairs for (FF, FR, RF, RR): (0, 246768, 7, 0)
[M::mem_pestat] skip orientation FF as there are not enough pairs
[M::mem_pestat] analyzing insert size distribution for orientation FR...
[M::mem_pestat] (25, 50, 75) percentile: (174, 198, 226)
[M::mem_pestat] low and high boundaries for computing mean and std.dev: (70, 330)
[M::mem_pestat] mean and std.dev: (200.87, 36.47)
[M::mem_pestat] low and high boundaries for proper pairs: (18, 382)
[M::mem_pestat] skip orientation RF as there are not enough pairs
[M::mem_pestat] skip orientation RR as there are not enough pairs
[M::mem_process_seqs] Processed 647342 reads in 779.638 CPU sec, 100.100 real sec
[M::process] 0 single-end sequences; 646742 paired-end sequences
[M::process] read 646742 sequences (80000173 bp)...
[M::mem_pestat] # candidate unique pairs for (FF, FR, RF, RR): (0, 246113, 1, 0)
[M::mem_pestat] skip orientation FF as there are not enough pairs
[M::mem_pestat] analyzing insert size distribution for orientation FR...
[M::mem_pestat] (25, 50, 75) percentile: (174, 198, 226)
[M::mem_pestat] low and high boundaries for computing mean and std.dev: (70, 330)
[M::mem_pestat] mean and std.dev: (200.66, 36.40)
[M::mem_pestat] low and high boundaries for proper pairs: (18, 382)
[M::mem_pestat] skip orientation RF as there are not enough pairs
[M::mem_pestat] skip orientation RR as there are not enough pairs
[M::mem_process_seqs] Processed 646742 reads in 787.843 CPU sec, 101.127 real sec
[M::process] 0 single-end sequences; 646742 paired-end sequences
[M::process] read 647024 sequences (80000196 bp)...
[M::mem_pestat] # candidate unique pairs for (FF, FR, RF, RR): (0, 245445, 6, 0)
[M::mem_pestat] skip orientation FF as there are not enough pairs
[M::mem_pestat] analyzing insert size distribution for orientation FR...
[M::mem_pestat] (25, 50, 75) percentile: (174, 198, 226)
[M::mem_pestat] low and high boundaries for computing mean and std.dev: (70, 330)
[M::mem_pestat] mean and std.dev: (200.56, 36.37)
[M::mem_pestat] low and high boundaries for proper pairs: (18, 382)
[M::mem_pestat] skip orientation RF as there are not enough pairs
[M::mem_pestat] skip orientation RR as there are not enough pairs
[M::mem_process_seqs] Processed 646742 reads in 793.711 CPU sec, 101.853 real sec
[M::process] 0 single-end sequences; 647024 paired-end sequences
[M::process] read 649844 sequences (80000139 bp)...
[M::mem_pestat] # candidate unique pairs for (FF, FR, RF, RR): (0, 245643, 5, 0)
[M::mem_pestat] skip orientation FF as there are not enough pairs
[M::mem_pestat] analyzing insert size distribution for orientation FR...
[M::mem_pestat] (25, 50, 75) percentile: (174, 198, 226)
[M::mem_pestat] low and high boundaries for computing mean and std.dev: (70, 330)
[M::mem_pestat] mean and std.dev: (200.53, 36.32)
[M::mem_pestat] low and high boundaries for proper pairs: (18, 382)
[M::mem_pestat] skip orientation RF as there are not enough pairs
[M::mem_pestat] skip orientation RR as there are not enough pairs
[M::mem_process_seqs] Processed 647024 reads in 789.773 CPU sec, 101.369 real sec
[M::process] 0 single-end sequences; 649844 paired-end sequences
[M::process] read 648658 sequences (80000151 bp)...
[M::mem_pestat] # candidate unique pairs for (FF, FR, RF, RR): (0, 247179, 4, 0)
[M::mem_pestat] skip orientation FF as there are not enough pairs
[M::mem_pestat] analyzing insert size distribution for orientation FR...
[M::mem_pestat] (25, 50, 75) percentile: (174, 198, 226)
[M::mem_pestat] low and high boundaries for computing mean and std.dev: (70, 330)
[M::mem_pestat] mean and std.dev: (200.93, 36.38)
[M::mem_pestat] low and high boundaries for proper pairs: (18, 382)
[M::mem_pestat] skip orientation RF as there are not enough pairs
[M::mem_pestat] skip orientation RR as there are not enough pairs
[M::mem_process_seqs] Processed 649844 reads in 794.872 CPU sec, 101.988 real sec
[M::process] 0 single-end sequences; 648658 paired-end sequences
[M::process] read 648308 sequences (80000069 bp)...
[M::mem_pestat] # candidate unique pairs for (FF, FR, RF, RR): (0, 246664, 2, 0)
[M::mem_pestat] skip orientation FF as there are not enough pairs
[M::mem_pestat] analyzing insert size distribution for orientation FR...
[M::mem_pestat] (25, 50, 75) percentile: (174, 198, 227)
[M::mem_pestat] low and high boundaries for computing mean and std.dev: (68, 333)
[M::mem_pestat] mean and std.dev: (201.12, 36.44)
[M::mem_pestat] low and high boundaries for proper pairs: (15, 386)
[M::mem_pestat] skip orientation RF as there are not enough pairs
[M::mem_pestat] skip orientation RR as there are not enough pairs
[M::mem_process_seqs] Processed 648658 reads in 782.853 CPU sec, 100.525 real sec
[M::process] 0 single-end sequences; 648308 paired-end sequences
[M::process] read 647756 sequences (80000124 bp)...
[M::mem_pestat] # candidate unique pairs for (FF, FR, RF, RR): (0, 246496, 3, 0)
[M::mem_pestat] skip orientation FF as there are not enough pairs
[M::mem_pestat] analyzing insert size distribution for orientation FR...
[M::mem_pestat] (25, 50, 75) percentile: (174, 198, 226)
[M::mem_pestat] low and high boundaries for computing mean and std.dev: (70, 330)
[M::mem_pestat] mean and std.dev: (200.90, 36.44)
[M::mem_pestat] low and high boundaries for proper pairs: (18, 382)
[M::mem_pestat] skip orientation RF as there are not enough pairs
[M::mem_pestat] skip orientation RR as there are not enough pairs
[M::mem_process_seqs] Processed 648308 reads in 780.644 CPU sec, 100.229 real sec
[M::process] 0 single-end sequences; 647756 paired-end sequences
[M::process] read 646384 sequences (80000151 bp)...
[M::mem_pestat] # candidate unique pairs for (FF, FR, RF, RR): (0, 245915, 2, 0)
[M::mem_pestat] skip orientation FF as there are not enough pairs
[M::mem_pestat] analyzing insert size distribution for orientation FR...
[M::mem_pestat] (25, 50, 75) percentile: (174, 198, 226)
[M::mem_pestat] low and high boundaries for computing mean and std.dev: (70, 330)
[M::mem_pestat] mean and std.dev: (200.55, 36.42)
[M::mem_pestat] low and high boundaries for proper pairs: (18, 382)
[M::mem_pestat] skip orientation RF as there are not enough pairs
[M::mem_pestat] skip orientation RR as there are not enough pairs
[M::mem_process_seqs] Processed 647756 reads in 800.812 CPU sec, 102.759 real sec
[M::process] 0 single-end sequences; 646384 paired-end sequences
[M::process] read 649058 sequences (80000219 bp)...
[M::mem_pestat] # candidate unique pairs for (FF, FR, RF, RR): (0, 245245, 5, 0)
[M::mem_pestat] skip orientation FF as there are not enough pairs
[M::mem_pestat] analyzing insert size distribution for orientation FR...
[M::mem_pestat] (25, 50, 75) percentile: (174, 197, 226)
[M::mem_pestat] low and high boundaries for computing mean and std.dev: (70, 330)
[M::mem_pestat] mean and std.dev: (200.45, 36.42)
[M::mem_pestat] low and high boundaries for proper pairs: (18, 382)
[M::mem_pestat] skip orientation RF as there are not enough pairs
[M::mem_pestat] skip orientation RR as there are not enough pairs
[M::mem_process_seqs] Processed 646384 reads in 793.620 CPU sec, 101.872 real sec
[M::process] 0 single-end sequences; 649058 paired-end sequences
[M::process] read 648108 sequences (80000032 bp)...
[M::mem_pestat] # candidate unique pairs for (FF, FR, RF, RR): (0, 246888, 5, 0)
[M::mem_pestat] skip orientation FF as there are not enough pairs
[M::mem_pestat] analyzing insert size distribution for orientation FR...
[M::mem_pestat] (25, 50, 75) percentile: (174, 198, 226)
[M::mem_pestat] low and high boundaries for computing mean and std.dev: (70, 330)
[M::mem_pestat] mean and std.dev: (200.92, 36.48)
[M::mem_pestat] low and high boundaries for proper pairs: (18, 382)
[M::mem_pestat] skip orientation RF as there are not enough pairs
[M::mem_pestat] skip orientation RR as there are not enough pairs
[M::mem_process_seqs] Processed 649058 reads in 797.971 CPU sec, 102.388 real sec
[M::process] 0 single-end sequences; 648108 paired-end sequences
[M::process] read 647798 sequences (80000156 bp)...
[M::mem_pestat] # candidate unique pairs for (FF, FR, RF, RR): (0, 246797, 6, 0)
[M::mem_pestat] skip orientation FF as there are not enough pairs
[M::mem_pestat] analyzing insert size distribution for orientation FR...
[M::mem_pestat] (25, 50, 75) percentile: (174, 198, 226)
[M::mem_pestat] low and high boundaries for computing mean and std.dev: (70, 330)
[M::mem_pestat] mean and std.dev: (200.83, 36.40)
[M::mem_pestat] low and high boundaries for proper pairs: (18, 382)
[M::mem_pestat] skip orientation RF as there are not enough pairs
[M::mem_pestat] skip orientation RR as there are not enough pairs
[M::mem_process_seqs] Processed 648108 reads in 781.106 CPU sec, 100.320 real sec
[M::process] 0 single-end sequences; 647798 paired-end sequences
[M::process] read 647536 sequences (80000152 bp)...
[M::mem_pestat] # candidate unique pairs for (FF, FR, RF, RR): (0, 246820, 4, 0)
[M::mem_pestat] skip orientation FF as there are not enough pairs
[M::mem_pestat] analyzing insert size distribution for orientation FR...
[M::mem_pestat] (25, 50, 75) percentile: (174, 198, 226)
[M::mem_pestat] low and high boundaries for computing mean and std.dev: (70, 330)
[M::mem_pestat] mean and std.dev: (200.70, 36.39)
[M::mem_pestat] low and high boundaries for proper pairs: (18, 382)
[M::mem_pestat] skip orientation RF as there are not enough pairs
[M::mem_pestat] skip orientation RR as there are not enough pairs
[M::mem_process_seqs] Processed 647798 reads in 774.082 CPU sec, 99.421 real sec
[M::process] 0 single-end sequences; 647536 paired-end sequences
[M::process] read 647086 sequences (80000149 bp)...
[M::mem_pestat] # candidate unique pairs for (FF, FR, RF, RR): (0, 246161, 6, 0)
[M::mem_pestat] skip orientation FF as there are not enough pairs
[M::mem_pestat] analyzing insert size distribution for orientation FR...
[M::mem_pestat] (25, 50, 75) percentile: (174, 198, 226)
[M::mem_pestat] low and high boundaries for computing mean and std.dev: (70, 330)
[M::mem_pestat] mean and std.dev: (200.60, 36.38)
[M::mem_pestat] low and high boundaries for proper pairs: (18, 382)
[M::mem_pestat] skip orientation RF as there are not enough pairs
[M::mem_pestat] skip orientation RR as there are not enough pairs
[M::mem_process_seqs] Processed 647536 reads in 785.039 CPU sec, 100.773 real sec
[M::process] 0 single-end sequences; 647086 paired-end sequences
[M::process] read 648738 sequences (80000057 bp)...
[M::mem_pestat] # candidate unique pairs for (FF, FR, RF, RR): (0, 246261, 9, 0)
[M::mem_pestat] skip orientation FF as there are not enough pairs
[M::mem_pestat] analyzing insert size distribution for orientation FR...
[M::mem_pestat] (25, 50, 75) percentile: (174, 197, 226)
[M::mem_pestat] low and high boundaries for computing mean and std.dev: (70, 330)
[M::mem_pestat] mean and std.dev: (200.41, 36.34)
[M::mem_pestat] low and high boundaries for proper pairs: (18, 382)
[M::mem_pestat] skip orientation RF as there are not enough pairs
[M::mem_pestat] skip orientation RR as there are not enough pairs
[M::mem_process_seqs] Processed 647086 reads in 777.726 CPU sec, 99.852 real sec
[M::process] 0 single-end sequences; 648738 paired-end sequences
[M::process] read 648118 sequences (80000197 bp)...
[M::mem_pestat] # candidate unique pairs for (FF, FR, RF, RR): (0, 246601, 5, 0)
[M::mem_pestat] skip orientation FF as there are not enough pairs
[M::mem_pestat] analyzing insert size distribution for orientation FR...
[M::mem_pestat] (25, 50, 75) percentile: (174, 198, 226)
[M::mem_pestat] low and high boundaries for computing mean and std.dev: (70, 330)
[M::mem_pestat] mean and std.dev: (200.69, 36.36)
[M::mem_pestat] low and high boundaries for proper pairs: (18, 382)
[M::mem_pestat] skip orientation RF as there are not enough pairs
[M::mem_pestat] skip orientation RR as there are not enough pairs
[M::mem_process_seqs] Processed 648738 reads in 806.267 CPU sec, 103.439 real sec
[M::process] 0 single-end sequences; 648118 paired-end sequences
[M::process] read 647596 sequences (80000145 bp)...
[M::mem_pestat] # candidate unique pairs for (FF, FR, RF, RR): (0, 246777, 8, 0)
[M::mem_pestat] skip orientation FF as there are not enough pairs
[M::mem_pestat] analyzing insert size distribution for orientation FR...
[M::mem_pestat] (25, 50, 75) percentile: (174, 198, 226)
[M::mem_pestat] low and high boundaries for computing mean and std.dev: (70, 330)
[M::mem_pestat] mean and std.dev: (200.87, 36.39)
[M::mem_pestat] low and high boundaries for proper pairs: (18, 382)
[M::mem_pestat] skip orientation RF as there are not enough pairs
[M::mem_pestat] skip orientation RR as there are not enough pairs
[M::mem_process_seqs] Processed 648118 reads in 781.315 CPU sec, 100.317 real sec
[M::process] 0 single-end sequences; 647596 paired-end sequences
[M::process] read 647422 sequences (80000160 bp)...
[M::mem_pestat] # candidate unique pairs for (FF, FR, RF, RR): (0, 246778, 3, 0)
[M::mem_pestat] skip orientation FF as there are not enough pairs
[M::mem_pestat] analyzing insert size distribution for orientation FR...
[M::mem_pestat] (25, 50, 75) percentile: (174, 198, 226)
[M::mem_pestat] low and high boundaries for computing mean and std.dev: (70, 330)
[M::mem_pestat] mean and std.dev: (200.59, 36.34)
[M::mem_pestat] low and high boundaries for proper pairs: (18, 382)
[M::mem_pestat] skip orientation RF as there are not enough pairs
[M::mem_pestat] skip orientation RR as there are not enough pairs
[M::mem_process_seqs] Processed 647596 reads in 775.120 CPU sec, 99.601 real sec
[M::process] 0 single-end sequences; 647422 paired-end sequences
[M::process] read 646974 sequences (80000130 bp)...
[M::mem_pestat] # candidate unique pairs for (FF, FR, RF, RR): (0, 245987, 3, 0)
[M::mem_pestat] skip orientation FF as there are not enough pairs
[M::mem_pestat] analyzing insert size distribution for orientation FR...
[M::mem_pestat] (25, 50, 75) percentile: (174, 198, 226)
[M::mem_pestat] low and high boundaries for computing mean and std.dev: (70, 330)
[M::mem_pestat] mean and std.dev: (200.61, 36.39)
[M::mem_pestat] low and high boundaries for proper pairs: (18, 382)
[M::mem_pestat] skip orientation RF as there are not enough pairs
[M::mem_pestat] skip orientation RR as there are not enough pairs
[M::mem_process_seqs] Processed 647422 reads in 794.561 CPU sec, 101.984 real sec
[M::process] 0 single-end sequences; 646974 paired-end sequences
[M::process] read 649466 sequences (80000069 bp)...
[M::mem_pestat] # candidate unique pairs for (FF, FR, RF, RR): (0, 245458, 8, 0)
[M::mem_pestat] skip orientation FF as there are not enough pairs
[M::mem_pestat] analyzing insert size distribution for orientation FR...
[M::mem_pestat] (25, 50, 75) percentile: (174, 197, 226)
[M::mem_pestat] low and high boundaries for computing mean and std.dev: (70, 330)
[M::mem_pestat] mean and std.dev: (200.36, 36.37)
[M::mem_pestat] low and high boundaries for proper pairs: (18, 382)
[M::mem_pestat] skip orientation RF as there are not enough pairs
[M::mem_pestat] skip orientation RR as there are not enough pairs
[M::mem_process_seqs] Processed 646974 reads in 794.301 CPU sec, 101.934 real sec
[M::process] 0 single-end sequences; 649466 paired-end sequences
[M::process] read 649348 sequences (80000188 bp)...
[M::mem_pestat] # candidate unique pairs for (FF, FR, RF, RR): (0, 246461, 3, 0)
[M::mem_pestat] skip orientation FF as there are not enough pairs
[M::mem_pestat] analyzing insert size distribution for orientation FR...
[M::mem_pestat] (25, 50, 75) percentile: (174, 198, 226)
[M::mem_pestat] low and high boundaries for computing mean and std.dev: (70, 330)
[M::mem_pestat] mean and std.dev: (200.76, 36.43)
[M::mem_pestat] low and high boundaries for proper pairs: (18, 382)
[M::mem_pestat] skip orientation RF as there are not enough pairs
[M::mem_pestat] skip orientation RR as there are not enough pairs
[M::mem_process_seqs] Processed 649466 reads in 797.391 CPU sec, 102.319 real sec
[M::process] 0 single-end sequences; 649348 paired-end sequences
[M::process] read 648536 sequences (80000071 bp)...
[M::mem_pestat] # candidate unique pairs for (FF, FR, RF, RR): (0, 247159, 2, 0)
[M::mem_pestat] skip orientation FF as there are not enough pairs
[M::mem_pestat] analyzing insert size distribution for orientation FR...
[M::mem_pestat] (25, 50, 75) percentile: (174, 198, 226)
[M::mem_pestat] low and high boundaries for computing mean and std.dev: (70, 330)
[M::mem_pestat] mean and std.dev: (201.10, 36.42)
[M::mem_pestat] low and high boundaries for proper pairs: (18, 382)
[M::mem_pestat] skip orientation RF as there are not enough pairs
[M::mem_pestat] skip orientation RR as there are not enough pairs
[M::mem_process_seqs] Processed 649348 reads in 789.591 CPU sec, 101.361 real sec
[M::process] 0 single-end sequences; 648536 paired-end sequences
[M::process] read 648380 sequences (80000065 bp)...
[M::mem_pestat] # candidate unique pairs for (FF, FR, RF, RR): (0, 246993, 5, 0)
[M::mem_pestat] skip orientation FF as there are not enough pairs
[M::mem_pestat] analyzing insert size distribution for orientation FR...
[M::mem_pestat] (25, 50, 75) percentile: (174, 198, 226)
[M::mem_pestat] low and high boundaries for computing mean and std.dev: (70, 330)
[M::mem_pestat] mean and std.dev: (200.85, 36.41)
[M::mem_pestat] low and high boundaries for proper pairs: (18, 382)
[M::mem_pestat] skip orientation RF as there are not enough pairs
[M::mem_pestat] skip orientation RR as there are not enough pairs
[M::mem_process_seqs] Processed 648536 reads in 785.865 CPU sec, 100.891 real sec
[M::process] 0 single-end sequences; 648380 paired-end sequences
[M::process] read 647942 sequences (80000045 bp)...
[M::mem_pestat] # candidate unique pairs for (FF, FR, RF, RR): (0, 245855, 3, 0)
[M::mem_pestat] skip orientation FF as there are not enough pairs
[M::mem_pestat] analyzing insert size distribution for orientation FR...
[M::mem_pestat] (25, 50, 75) percentile: (174, 198, 226)
[M::mem_pestat] low and high boundaries for computing mean and std.dev: (70, 330)
[M::mem_pestat] mean and std.dev: (200.69, 36.43)
[M::mem_pestat] low and high boundaries for proper pairs: (18, 382)
[M::mem_pestat] skip orientation RF as there are not enough pairs
[M::mem_pestat] skip orientation RR as there are not enough pairs
[M::mem_process_seqs] Processed 648380 reads in 794.148 CPU sec, 101.932 real sec
[M::process] 0 single-end sequences; 647942 paired-end sequences
[M::process] read 648400 sequences (80000072 bp)...
[M::mem_pestat] # candidate unique pairs for (FF, FR, RF, RR): (0, 245428, 7, 0)
[M::mem_pestat] skip orientation FF as there are not enough pairs
[M::mem_pestat] analyzing insert size distribution for orientation FR...
[M::mem_pestat] (25, 50, 75) percentile: (174, 198, 226)
[M::mem_pestat] low and high boundaries for computing mean and std.dev: (70, 330)
[M::mem_pestat] mean and std.dev: (200.54, 36.42)
[M::mem_pestat] low and high boundaries for proper pairs: (18, 382)
[M::mem_pestat] skip orientation RF as there are not enough pairs
[M::mem_pestat] skip orientation RR as there are not enough pairs
[M::mem_process_seqs] Processed 647942 reads in 797.961 CPU sec, 102.422 real sec
[M::process] 0 single-end sequences; 648400 paired-end sequences
[M::process] read 647760 sequences (80000137 bp)...
[M::mem_pestat] # candidate unique pairs for (FF, FR, RF, RR): (0, 245175, 4, 0)
[M::mem_pestat] skip orientation FF as there are not enough pairs
[M::mem_pestat] analyzing insert size distribution for orientation FR...
[M::mem_pestat] (25, 50, 75) percentile: (174, 198, 226)
[M::mem_pestat] low and high boundaries for computing mean and std.dev: (70, 330)
[M::mem_pestat] mean and std.dev: (200.74, 36.37)
[M::mem_pestat] low and high boundaries for proper pairs: (18, 382)
[M::mem_pestat] skip orientation RF as there are not enough pairs
[M::mem_pestat] skip orientation RR as there are not enough pairs
[M::mem_process_seqs] Processed 648400 reads in 806.105 CPU sec, 103.413 real sec
[M::process] 0 single-end sequences; 647760 paired-end sequences
[M::process] read 646574 sequences (80000015 bp)...
[M::mem_pestat] # candidate unique pairs for (FF, FR, RF, RR): (0, 245854, 5, 0)
[M::mem_pestat] skip orientation FF as there are not enough pairs
[M::mem_pestat] analyzing insert size distribution for orientation FR...
[M::mem_pestat] (25, 50, 75) percentile: (174, 198, 226)
[M::mem_pestat] low and high boundaries for computing mean and std.dev: (70, 330)
[M::mem_pestat] mean and std.dev: (200.89, 36.41)
[M::mem_pestat] low and high boundaries for proper pairs: (18, 382)
[M::mem_pestat] skip orientation RF as there are not enough pairs
[M::mem_pestat] skip orientation RR as there are not enough pairs
[M::mem_process_seqs] Processed 647760 reads in 800.275 CPU sec, 102.686 real sec
[M::process] 0 single-end sequences; 646574 paired-end sequences
[M::process] read 646380 sequences (80000134 bp)...
[M::mem_pestat] # candidate unique pairs for (FF, FR, RF, RR): (0, 245757, 6, 0)
[M::mem_pestat] skip orientation FF as there are not enough pairs
[M::mem_pestat] analyzing insert size distribution for orientation FR...
[M::mem_pestat] (25, 50, 75) percentile: (174, 198, 226)
[M::mem_pestat] low and high boundaries for computing mean and std.dev: (70, 330)
[M::mem_pestat] mean and std.dev: (200.64, 36.35)
[M::mem_pestat] low and high boundaries for proper pairs: (18, 382)
[M::mem_pestat] skip orientation RF as there are not enough pairs
[M::mem_pestat] skip orientation RR as there are not enough pairs
[M::mem_process_seqs] Processed 646574 reads in 797.937 CPU sec, 102.969 real sec
[M::process] 0 single-end sequences; 646380 paired-end sequences
[M::process] read 646228 sequences (80000234 bp)...
[M::mem_pestat] # candidate unique pairs for (FF, FR, RF, RR): (0, 245567, 4, 0)
[M::mem_pestat] skip orientation FF as there are not enough pairs
[M::mem_pestat] analyzing insert size distribution for orientation FR...
[M::mem_pestat] (25, 50, 75) percentile: (174, 198, 226)
[M::mem_pestat] low and high boundaries for computing mean and std.dev: (70, 330)
[M::mem_pestat] mean and std.dev: (200.58, 36.36)
[M::mem_pestat] low and high boundaries for proper pairs: (18, 382)
[M::mem_pestat] skip orientation RF as there are not enough pairs
[M::mem_pestat] skip orientation RR as there are not enough pairs
[M::mem_process_seqs] Processed 646380 reads in 798.586 CPU sec, 102.476 real sec
[M::process] 0 single-end sequences; 646228 paired-end sequences
[M::process] read 646998 sequences (80000006 bp)...
[M::mem_pestat] # candidate unique pairs for (FF, FR, RF, RR): (0, 244993, 5, 0)
[M::mem_pestat] skip orientation FF as there are not enough pairs
[M::mem_pestat] analyzing insert size distribution for orientation FR...
[M::mem_pestat] (25, 50, 75) percentile: (174, 197, 225)
[M::mem_pestat] low and high boundaries for computing mean and std.dev: (72, 327)
[M::mem_pestat] mean and std.dev: (200.27, 36.37)
[M::mem_pestat] low and high boundaries for proper pairs: (21, 378)
[M::mem_pestat] skip orientation RF as there are not enough pairs
[M::mem_pestat] skip orientation RR as there are not enough pairs
[M::mem_process_seqs] Processed 646228 reads in 804.163 CPU sec, 103.209 real sec
[M::process] 0 single-end sequences; 646998 paired-end sequences
[M::process] read 648996 sequences (80000148 bp)...
[M::mem_pestat] # candidate unique pairs for (FF, FR, RF, RR): (0, 245675, 1, 0)
[M::mem_pestat] skip orientation FF as there are not enough pairs
[M::mem_pestat] analyzing insert size distribution for orientation FR...
[M::mem_pestat] (25, 50, 75) percentile: (174, 198, 226)
[M::mem_pestat] low and high boundaries for computing mean and std.dev: (70, 330)
[M::mem_pestat] mean and std.dev: (200.53, 36.38)
[M::mem_pestat] low and high boundaries for proper pairs: (18, 382)
[M::mem_pestat] skip orientation RF as there are not enough pairs
[M::mem_pestat] skip orientation RR as there are not enough pairs
[M::mem_process_seqs] Processed 646998 reads in 795.232 CPU sec, 102.049 real sec
[M::process] 0 single-end sequences; 648996 paired-end sequences
[M::process] read 648316 sequences (80000058 bp)...
[M::mem_pestat] # candidate unique pairs for (FF, FR, RF, RR): (0, 246425, 2, 0)
[M::mem_pestat] skip orientation FF as there are not enough pairs
[M::mem_pestat] analyzing insert size distribution for orientation FR...
[M::mem_pestat] (25, 50, 75) percentile: (174, 198, 226)
[M::mem_pestat] low and high boundaries for computing mean and std.dev: (70, 330)
[M::mem_pestat] mean and std.dev: (200.92, 36.36)
[M::mem_pestat] low and high boundaries for proper pairs: (18, 382)
[M::mem_pestat] skip orientation RF as there are not enough pairs
[M::mem_pestat] skip orientation RR as there are not enough pairs
[M::mem_process_seqs] Processed 648996 reads in 794.334 CPU sec, 101.953 real sec
[M::process] 0 single-end sequences; 648316 paired-end sequences
[M::process] read 647936 sequences (80000068 bp)...
[M::mem_pestat] # candidate unique pairs for (FF, FR, RF, RR): (0, 246716, 3, 0)
[M::mem_pestat] skip orientation FF as there are not enough pairs
[M::mem_pestat] analyzing insert size distribution for orientation FR...
[M::mem_pestat] (25, 50, 75) percentile: (174, 198, 226)
[M::mem_pestat] low and high boundaries for computing mean and std.dev: (70, 330)
[M::mem_pestat] mean and std.dev: (200.89, 36.34)
[M::mem_pestat] low and high boundaries for proper pairs: (18, 382)
[M::mem_pestat] skip orientation RF as there are not enough pairs
[M::mem_pestat] skip orientation RR as there are not enough pairs
[M::mem_process_seqs] Processed 648316 reads in 775.047 CPU sec, 99.540 real sec
[M::process] 0 single-end sequences; 647936 paired-end sequences
[M::process] read 647578 sequences (80000164 bp)...
[M::mem_pestat] # candidate unique pairs for (FF, FR, RF, RR): (0, 246675, 3, 0)
[M::mem_pestat] skip orientation FF as there are not enough pairs
[M::mem_pestat] analyzing insert size distribution for orientation FR...
[M::mem_pestat] (25, 50, 75) percentile: (174, 198, 226)
[M::mem_pestat] low and high boundaries for computing mean and std.dev: (70, 330)
[M::mem_pestat] mean and std.dev: (200.63, 36.35)
[M::mem_pestat] low and high boundaries for proper pairs: (18, 382)
[M::mem_pestat] skip orientation RF as there are not enough pairs
[M::mem_pestat] skip orientation RR as there are not enough pairs
[M::mem_process_seqs] Processed 647936 reads in 778.476 CPU sec, 99.966 real sec
[M::process] 0 single-end sequences; 647578 paired-end sequences
[M::process] read 646638 sequences (80000019 bp)...
[M::mem_pestat] # candidate unique pairs for (FF, FR, RF, RR): (0, 245992, 5, 0)
[M::mem_pestat] skip orientation FF as there are not enough pairs
[M::mem_pestat] analyzing insert size distribution for orientation FR...
[M::mem_pestat] (25, 50, 75) percentile: (174, 198, 226)
[M::mem_pestat] low and high boundaries for computing mean and std.dev: (70, 330)
[M::mem_pestat] mean and std.dev: (200.69, 36.39)
[M::mem_pestat] low and high boundaries for proper pairs: (18, 382)
[M::mem_pestat] skip orientation RF as there are not enough pairs
[M::mem_pestat] skip orientation RR as there are not enough pairs
[M::mem_process_seqs] Processed 647578 reads in 794.594 CPU sec, 101.987 real sec
[M::process] 0 single-end sequences; 646638 paired-end sequences
[M::process] read 648124 sequences (80000127 bp)...
[M::mem_pestat] # candidate unique pairs for (FF, FR, RF, RR): (0, 246030, 5, 0)
[M::mem_pestat] skip orientation FF as there are not enough pairs
[M::mem_pestat] analyzing insert size distribution for orientation FR...
[M::mem_pestat] (25, 50, 75) percentile: (174, 197, 225)
[M::mem_pestat] low and high boundaries for computing mean and std.dev: (72, 327)
[M::mem_pestat] mean and std.dev: (200.24, 36.31)
[M::mem_pestat] low and high boundaries for proper pairs: (21, 378)
[M::mem_pestat] skip orientation RF as there are not enough pairs
[M::mem_pestat] skip orientation RR as there are not enough pairs
[M::mem_process_seqs] Processed 646638 reads in 785.660 CPU sec, 100.869 real sec
[M::process] 0 single-end sequences; 648124 paired-end sequences
[M::process] read 646900 sequences (80000099 bp)...
[M::mem_pestat] # candidate unique pairs for (FF, FR, RF, RR): (0, 245646, 3, 0)
[M::mem_pestat] skip orientation FF as there are not enough pairs
[M::mem_pestat] analyzing insert size distribution for orientation FR...
[M::mem_pestat] (25, 50, 75) percentile: (174, 198, 227)
[M::mem_pestat] low and high boundaries for computing mean and std.dev: (68, 333)
[M::mem_pestat] mean and std.dev: (201.11, 36.48)
[M::mem_pestat] low and high boundaries for proper pairs: (15, 386)
[M::mem_pestat] skip orientation RF as there are not enough pairs
[M::mem_pestat] skip orientation RR as there are not enough pairs
[M::mem_process_seqs] Processed 648124 reads in 812.047 CPU sec, 104.150 real sec
[M::process] 0 single-end sequences; 646900 paired-end sequences
[M::process] read 646532 sequences (80000227 bp)...
[M::mem_pestat] # candidate unique pairs for (FF, FR, RF, RR): (0, 245524, 2, 0)
[M::mem_pestat] skip orientation FF as there are not enough pairs
[M::mem_pestat] analyzing insert size distribution for orientation FR...
[M::mem_pestat] (25, 50, 75) percentile: (174, 198, 227)
[M::mem_pestat] low and high boundaries for computing mean and std.dev: (68, 333)
[M::mem_pestat] mean and std.dev: (201.11, 36.48)
[M::mem_pestat] low and high boundaries for proper pairs: (15, 386)
[M::mem_pestat] skip orientation RF as there are not enough pairs
[M::mem_pestat] skip orientation RR as there are not enough pairs
[M::mem_process_seqs] Processed 646900 reads in 803.686 CPU sec, 103.112 real sec
[M::process] 0 single-end sequences; 646532 paired-end sequences
[M::process] read 646524 sequences (80000216 bp)...
[M::mem_pestat] # candidate unique pairs for (FF, FR, RF, RR): (0, 245839, 8, 0)
[M::mem_pestat] skip orientation FF as there are not enough pairs
[M::mem_pestat] analyzing insert size distribution for orientation FR...
[M::mem_pestat] (25, 50, 75) percentile: (174, 198, 226)
[M::mem_pestat] low and high boundaries for computing mean and std.dev: (70, 330)
[M::mem_pestat] mean and std.dev: (200.96, 36.44)
[M::mem_pestat] low and high boundaries for proper pairs: (18, 382)
[M::mem_pestat] skip orientation RF as there are not enough pairs
[M::mem_pestat] skip orientation RR as there are not enough pairs
[M::mem_process_seqs] Processed 646532 reads in 800.423 CPU sec, 102.703 real sec
[M::process] 0 single-end sequences; 646524 paired-end sequences
[M::process] read 646280 sequences (80000065 bp)...
[M::mem_pestat] # candidate unique pairs for (FF, FR, RF, RR): (0, 244887, 4, 0)
[M::mem_pestat] skip orientation FF as there are not enough pairs
[M::mem_pestat] analyzing insert size distribution for orientation FR...
[M::mem_pestat] (25, 50, 75) percentile: (174, 198, 226)
[M::mem_pestat] low and high boundaries for computing mean and std.dev: (70, 330)
[M::mem_pestat] mean and std.dev: (200.77, 36.39)
[M::mem_pestat] low and high boundaries for proper pairs: (18, 382)
[M::mem_pestat] skip orientation RF as there are not enough pairs
[M::mem_pestat] skip orientation RR as there are not enough pairs
[M::mem_process_seqs] Processed 646524 reads in 812.575 CPU sec, 104.475 real sec
[M::process] 0 single-end sequences; 646280 paired-end sequences
[M::process] read 648008 sequences (80000209 bp)...
[M::mem_pestat] # candidate unique pairs for (FF, FR, RF, RR): (0, 245115, 6, 0)
[M::mem_pestat] skip orientation FF as there are not enough pairs
[M::mem_pestat] analyzing insert size distribution for orientation FR...
[M::mem_pestat] (25, 50, 75) percentile: (174, 198, 226)
[M::mem_pestat] low and high boundaries for computing mean and std.dev: (70, 330)
[M::mem_pestat] mean and std.dev: (200.40, 36.38)
[M::mem_pestat] low and high boundaries for proper pairs: (18, 382)
[M::mem_pestat] skip orientation RF as there are not enough pairs
[M::mem_pestat] skip orientation RR as there are not enough pairs
[M::mem_process_seqs] Processed 646280 reads in 807.867 CPU sec, 103.615 real sec
[M::process] 0 single-end sequences; 648008 paired-end sequences
[M::process] read 648150 sequences (80000185 bp)...
[M::mem_pestat] # candidate unique pairs for (FF, FR, RF, RR): (0, 245523, 5, 0)
[M::mem_pestat] skip orientation FF as there are not enough pairs
[M::mem_pestat] analyzing insert size distribution for orientation FR...
[M::mem_pestat] (25, 50, 75) percentile: (174, 198, 226)
[M::mem_pestat] low and high boundaries for computing mean and std.dev: (70, 330)
[M::mem_pestat] mean and std.dev: (200.86, 36.44)
[M::mem_pestat] low and high boundaries for proper pairs: (18, 382)
[M::mem_pestat] skip orientation RF as there are not enough pairs
[M::mem_pestat] skip orientation RR as there are not enough pairs
[M::mem_process_seqs] Processed 648008 reads in 805.881 CPU sec, 103.398 real sec
[M::process] 0 single-end sequences; 648150 paired-end sequences
[M::process] read 647492 sequences (80000051 bp)...
[M::mem_pestat] # candidate unique pairs for (FF, FR, RF, RR): (0, 245983, 2, 0)
[M::mem_pestat] skip orientation FF as there are not enough pairs
[M::mem_pestat] analyzing insert size distribution for orientation FR...
[M::mem_pestat] (25, 50, 75) percentile: (174, 198, 226)
[M::mem_pestat] low and high boundaries for computing mean and std.dev: (70, 330)
[M::mem_pestat] mean and std.dev: (200.81, 36.44)
[M::mem_pestat] low and high boundaries for proper pairs: (18, 382)
[M::mem_pestat] skip orientation RF as there are not enough pairs
[M::mem_pestat] skip orientation RR as there are not enough pairs
[M::mem_process_seqs] Processed 648150 reads in 800.172 CPU sec, 102.672 real sec
[M::process] 0 single-end sequences; 647492 paired-end sequences
[M::process] read 647016 sequences (80000244 bp)...
[M::mem_pestat] # candidate unique pairs for (FF, FR, RF, RR): (0, 246391, 5, 0)
[M::mem_pestat] skip orientation FF as there are not enough pairs
[M::mem_pestat] analyzing insert size distribution for orientation FR...
[M::mem_pestat] (25, 50, 75) percentile: (174, 198, 226)
[M::mem_pestat] low and high boundaries for computing mean and std.dev: (70, 330)
[M::mem_pestat] mean and std.dev: (200.78, 36.41)
[M::mem_pestat] low and high boundaries for proper pairs: (18, 382)
[M::mem_pestat] skip orientation RF as there are not enough pairs
[M::mem_pestat] skip orientation RR as there are not enough pairs
[M::mem_process_seqs] Processed 647492 reads in 779.230 CPU sec, 100.057 real sec
[M::process] 0 single-end sequences; 647016 paired-end sequences
[M::process] read 646820 sequences (80000140 bp)...
[M::mem_pestat] # candidate unique pairs for (FF, FR, RF, RR): (0, 245951, 4, 0)
[M::mem_pestat] skip orientation FF as there are not enough pairs
[M::mem_pestat] analyzing insert size distribution for orientation FR...
[M::mem_pestat] (25, 50, 75) percentile: (174, 198, 226)
[M::mem_pestat] low and high boundaries for computing mean and std.dev: (70, 330)
[M::mem_pestat] mean and std.dev: (200.46, 36.36)
[M::mem_pestat] low and high boundaries for proper pairs: (18, 382)
[M::mem_pestat] skip orientation RF as there are not enough pairs
[M::mem_pestat] skip orientation RR as there are not enough pairs
[M::mem_process_seqs] Processed 647016 reads in 793.151 CPU sec, 101.801 real sec
[M::process] 0 single-end sequences; 646820 paired-end sequences
[M::process] read 648106 sequences (80000113 bp)...
[M::mem_pestat] # candidate unique pairs for (FF, FR, RF, RR): (0, 245385, 6, 0)
[M::mem_pestat] skip orientation FF as there are not enough pairs
[M::mem_pestat] analyzing insert size distribution for orientation FR...
[M::mem_pestat] (25, 50, 75) percentile: (174, 197, 226)
[M::mem_pestat] low and high boundaries for computing mean and std.dev: (70, 330)
[M::mem_pestat] mean and std.dev: (200.41, 36.32)
[M::mem_pestat] low and high boundaries for proper pairs: (18, 382)
[M::mem_pestat] skip orientation RF as there are not enough pairs
[M::mem_pestat] skip orientation RR as there are not enough pairs
[M::mem_process_seqs] Processed 646820 reads in 799.727 CPU sec, 102.606 real sec
[M::process] 0 single-end sequences; 648106 paired-end sequences
[M::process] read 648760 sequences (80000030 bp)...
[M::mem_pestat] # candidate unique pairs for (FF, FR, RF, RR): (0, 245763, 4, 0)
[M::mem_pestat] skip orientation FF as there are not enough pairs
[M::mem_pestat] analyzing insert size distribution for orientation FR...
[M::mem_pestat] (25, 50, 75) percentile: (174, 198, 226)
[M::mem_pestat] low and high boundaries for computing mean and std.dev: (70, 330)
[M::mem_pestat] mean and std.dev: (200.63, 36.35)
[M::mem_pestat] low and high boundaries for proper pairs: (18, 382)
[M::mem_pestat] skip orientation RF as there are not enough pairs
[M::mem_pestat] skip orientation RR as there are not enough pairs
[M::mem_process_seqs] Processed 648106 reads in 820.928 CPU sec, 105.273 real sec
[M::process] 0 single-end sequences; 648760 paired-end sequences
[M::process] read 648118 sequences (80000144 bp)...
[M::mem_pestat] # candidate unique pairs for (FF, FR, RF, RR): (0, 246404, 2, 0)
[M::mem_pestat] skip orientation FF as there are not enough pairs
[M::mem_pestat] analyzing insert size distribution for orientation FR...
[M::mem_pestat] (25, 50, 75) percentile: (174, 198, 226)
[M::mem_pestat] low and high boundaries for computing mean and std.dev: (70, 330)
[M::mem_pestat] mean and std.dev: (200.99, 36.39)
[M::mem_pestat] low and high boundaries for proper pairs: (18, 382)
[M::mem_pestat] skip orientation RF as there are not enough pairs
[M::mem_pestat] skip orientation RR as there are not enough pairs
[M::mem_process_seqs] Processed 648760 reads in 822.241 CPU sec, 105.447 real sec
[M::process] 0 single-end sequences; 648118 paired-end sequences
[M::process] read 647694 sequences (80000074 bp)...
[M::mem_pestat] # candidate unique pairs for (FF, FR, RF, RR): (0, 246927, 2, 0)
[M::mem_pestat] skip orientation FF as there are not enough pairs
[M::mem_pestat] analyzing insert size distribution for orientation FR...
[M::mem_pestat] (25, 50, 75) percentile: (174, 198, 226)
[M::mem_pestat] low and high boundaries for computing mean and std.dev: (70, 330)
[M::mem_pestat] mean and std.dev: (200.69, 36.43)
[M::mem_pestat] low and high boundaries for proper pairs: (18, 382)
[M::mem_pestat] skip orientation RF as there are not enough pairs
[M::mem_pestat] skip orientation RR as there are not enough pairs
[M::mem_process_seqs] Processed 648118 reads in 774.651 CPU sec, 99.488 real sec
[M::process] 0 single-end sequences; 647694 paired-end sequences
[M::process] read 647656 sequences (80000172 bp)...
[M::mem_pestat] # candidate unique pairs for (FF, FR, RF, RR): (0, 246559, 0, 0)
[M::mem_pestat] skip orientation FF as there are not enough pairs
[M::mem_pestat] analyzing insert size distribution for orientation FR...
[M::mem_pestat] (25, 50, 75) percentile: (174, 198, 226)
[M::mem_pestat] low and high boundaries for computing mean and std.dev: (70, 330)
[M::mem_pestat] mean and std.dev: (200.69, 36.42)
[M::mem_pestat] low and high boundaries for proper pairs: (18, 382)
[M::mem_pestat] skip orientation RF as there are not enough pairs
[M::mem_pestat] skip orientation RR as there are not enough pairs
[M::mem_process_seqs] Processed 647694 reads in 779.750 CPU sec, 100.128 real sec
[M::process] 0 single-end sequences; 647656 paired-end sequences
[M::process] read 647782 sequences (80000066 bp)...
[M::mem_pestat] # candidate unique pairs for (FF, FR, RF, RR): (0, 245774, 4, 0)
[M::mem_pestat] skip orientation FF as there are not enough pairs
[M::mem_pestat] analyzing insert size distribution for orientation FR...
[M::mem_pestat] (25, 50, 75) percentile: (174, 197, 226)
[M::mem_pestat] low and high boundaries for computing mean and std.dev: (70, 330)
[M::mem_pestat] mean and std.dev: (200.42, 36.32)
[M::mem_pestat] low and high boundaries for proper pairs: (18, 382)
[M::mem_pestat] skip orientation RF as there are not enough pairs
[M::mem_pestat] skip orientation RR as there are not enough pairs
[M::mem_process_seqs] Processed 647656 reads in 790.417 CPU sec, 101.448 real sec
[M::process] 0 single-end sequences; 647782 paired-end sequences
[M::process] read 648460 sequences (80000149 bp)...
[M::mem_pestat] # candidate unique pairs for (FF, FR, RF, RR): (0, 246063, 4, 0)
[M::mem_pestat] skip orientation FF as there are not enough pairs
[M::mem_pestat] analyzing insert size distribution for orientation FR...
[M::mem_pestat] (25, 50, 75) percentile: (174, 198, 226)
[M::mem_pestat] low and high boundaries for computing mean and std.dev: (70, 330)
[M::mem_pestat] mean and std.dev: (200.51, 36.45)
[M::mem_pestat] low and high boundaries for proper pairs: (18, 382)
[M::mem_pestat] skip orientation RF as there are not enough pairs
[M::mem_pestat] skip orientation RR as there are not enough pairs
[M::mem_process_seqs] Processed 647782 reads in 797.361 CPU sec, 102.331 real sec
[M::process] 0 single-end sequences; 648460 paired-end sequences
[M::process] read 647658 sequences (80000211 bp)...
[M::mem_pestat] # candidate unique pairs for (FF, FR, RF, RR): (0, 245750, 8, 0)
[M::mem_pestat] skip orientation FF as there are not enough pairs
[M::mem_pestat] analyzing insert size distribution for orientation FR...
[M::mem_pestat] (25, 50, 75) percentile: (174, 198, 226)
[M::mem_pestat] low and high boundaries for computing mean and std.dev: (70, 330)
[M::mem_pestat] mean and std.dev: (201.03, 36.41)
[M::mem_pestat] low and high boundaries for proper pairs: (18, 382)
[M::mem_pestat] skip orientation RF as there are not enough pairs
[M::mem_pestat] skip orientation RR as there are not enough pairs
[M::mem_process_seqs] Processed 648460 reads in 806.723 CPU sec, 103.501 real sec
[M::process] 0 single-end sequences; 647658 paired-end sequences
[M::process] read 647206 sequences (80000065 bp)...
[M::mem_pestat] # candidate unique pairs for (FF, FR, RF, RR): (0, 246383, 6, 0)
[M::mem_pestat] skip orientation FF as there are not enough pairs
[M::mem_pestat] analyzing insert size distribution for orientation FR...
[M::mem_pestat] (25, 50, 75) percentile: (174, 198, 227)
[M::mem_pestat] low and high boundaries for computing mean and std.dev: (68, 333)
[M::mem_pestat] mean and std.dev: (200.96, 36.45)
[M::mem_pestat] low and high boundaries for proper pairs: (15, 386)
[M::mem_pestat] skip orientation RF as there are not enough pairs
[M::mem_pestat] skip orientation RR as there are not enough pairs
[M::mem_process_seqs] Processed 647658 reads in 794.558 CPU sec, 101.999 real sec
[M::process] 0 single-end sequences; 647206 paired-end sequences
[M::process] read 647164 sequences (80000081 bp)...
[M::mem_pestat] # candidate unique pairs for (FF, FR, RF, RR): (0, 246356, 3, 0)
[M::mem_pestat] skip orientation FF as there are not enough pairs
[M::mem_pestat] analyzing insert size distribution for orientation FR...
[M::mem_pestat] (25, 50, 75) percentile: (174, 198, 226)
[M::mem_pestat] low and high boundaries for computing mean and std.dev: (70, 330)
[M::mem_pestat] mean and std.dev: (200.75, 36.35)
[M::mem_pestat] low and high boundaries for proper pairs: (18, 382)
[M::mem_pestat] skip orientation RF as there are not enough pairs
[M::mem_pestat] skip orientation RR as there are not enough pairs
[M::mem_process_seqs] Processed 647206 reads in 795.224 CPU sec, 102.059 real sec
[M::process] 0 single-end sequences; 647164 paired-end sequences
[M::process] read 646602 sequences (80000021 bp)...
[M::mem_pestat] # candidate unique pairs for (FF, FR, RF, RR): (0, 245362, 6, 0)
[M::mem_pestat] skip orientation FF as there are not enough pairs
[M::mem_pestat] analyzing insert size distribution for orientation FR...
[M::mem_pestat] (25, 50, 75) percentile: (174, 198, 226)
[M::mem_pestat] low and high boundaries for computing mean and std.dev: (70, 330)
[M::mem_pestat] mean and std.dev: (200.66, 36.42)
[M::mem_pestat] low and high boundaries for proper pairs: (18, 382)
[M::mem_pestat] skip orientation RF as there are not enough pairs
[M::mem_pestat] skip orientation RR as there are not enough pairs
[M::mem_process_seqs] Processed 647164 reads in 799.277 CPU sec, 102.564 real sec
[M::process] 0 single-end sequences; 646602 paired-end sequences
[M::process] read 647038 sequences (80000178 bp)...
[M::mem_pestat] # candidate unique pairs for (FF, FR, RF, RR): (0, 245432, 2, 0)
[M::mem_pestat] skip orientation FF as there are not enough pairs
[M::mem_pestat] analyzing insert size distribution for orientation FR...
[M::mem_pestat] (25, 50, 75) percentile: (174, 197, 226)
[M::mem_pestat] low and high boundaries for computing mean and std.dev: (70, 330)
[M::mem_pestat] mean and std.dev: (200.50, 36.33)
[M::mem_pestat] low and high boundaries for proper pairs: (18, 382)
[M::mem_pestat] skip orientation RF as there are not enough pairs
[M::mem_pestat] skip orientation RR as there are not enough pairs
[M::mem_process_seqs] Processed 646602 reads in 789.191 CPU sec, 101.317 real sec
[M::process] 0 single-end sequences; 647038 paired-end sequences
[M::process] read 646446 sequences (80000236 bp)...
[M::mem_pestat] # candidate unique pairs for (FF, FR, RF, RR): (0, 245527, 3, 0)
[M::mem_pestat] skip orientation FF as there are not enough pairs
[M::mem_pestat] analyzing insert size distribution for orientation FR...
[M::mem_pestat] (25, 50, 75) percentile: (174, 198, 226)
[M::mem_pestat] low and high boundaries for computing mean and std.dev: (70, 330)
[M::mem_pestat] mean and std.dev: (200.95, 36.40)
[M::mem_pestat] low and high boundaries for proper pairs: (18, 382)
[M::mem_pestat] skip orientation RF as there are not enough pairs
[M::mem_pestat] skip orientation RR as there are not enough pairs
[M::mem_process_seqs] Processed 647038 reads in 802.337 CPU sec, 102.940 real sec
[M::process] 0 single-end sequences; 646446 paired-end sequences
[M::process] read 646206 sequences (80000006 bp)...
[M::mem_pestat] # candidate unique pairs for (FF, FR, RF, RR): (0, 245546, 2, 0)
[M::mem_pestat] skip orientation FF as there are not enough pairs
[M::mem_pestat] analyzing insert size distribution for orientation FR...
[M::mem_pestat] (25, 50, 75) percentile: (174, 198, 226)
[M::mem_pestat] low and high boundaries for computing mean and std.dev: (70, 330)
[M::mem_pestat] mean and std.dev: (200.91, 36.37)
[M::mem_pestat] low and high boundaries for proper pairs: (18, 382)
[M::mem_pestat] skip orientation RF as there are not enough pairs
[M::mem_pestat] skip orientation RR as there are not enough pairs
[M::mem_process_seqs] Processed 646446 reads in 790.602 CPU sec, 101.484 real sec
[M::process] 0 single-end sequences; 646206 paired-end sequences
[M::process] read 646536 sequences (80000142 bp)...
[M::mem_pestat] # candidate unique pairs for (FF, FR, RF, RR): (0, 246152, 3, 0)
[M::mem_pestat] skip orientation FF as there are not enough pairs
[M::mem_pestat] analyzing insert size distribution for orientation FR...
[M::mem_pestat] (25, 50, 75) percentile: (174, 197, 226)
[M::mem_pestat] low and high boundaries for computing mean and std.dev: (70, 330)
[M::mem_pestat] mean and std.dev: (200.56, 36.39)
[M::mem_pestat] low and high boundaries for proper pairs: (18, 382)
[M::mem_pestat] skip orientation RF as there are not enough pairs
[M::mem_pestat] skip orientation RR as there are not enough pairs
[M::mem_process_seqs] Processed 646206 reads in 791.270 CPU sec, 101.583 real sec
[M::process] 0 single-end sequences; 646536 paired-end sequences
[M::process] read 646084 sequences (80000132 bp)...
[M::mem_pestat] # candidate unique pairs for (FF, FR, RF, RR): (0, 245125, 9, 0)
[M::mem_pestat] skip orientation FF as there are not enough pairs
[M::mem_pestat] analyzing insert size distribution for orientation FR...
[M::mem_pestat] (25, 50, 75) percentile: (174, 198, 226)
[M::mem_pestat] low and high boundaries for computing mean and std.dev: (70, 330)
[M::mem_pestat] mean and std.dev: (200.54, 36.30)
[M::mem_pestat] low and high boundaries for proper pairs: (18, 382)
[M::mem_pestat] skip orientation RF as there are not enough pairs
[M::mem_pestat] skip orientation RR as there are not enough pairs
[M::mem_process_seqs] Processed 646536 reads in 806.905 CPU sec, 103.514 real sec
[M::process] 0 single-end sequences; 646084 paired-end sequences
[M::process] read 648124 sequences (80000193 bp)...
[M::mem_pestat] # candidate unique pairs for (FF, FR, RF, RR): (0, 245114, 2, 0)
[M::mem_pestat] skip orientation FF as there are not enough pairs
[M::mem_pestat] analyzing insert size distribution for orientation FR...
[M::mem_pestat] (25, 50, 75) percentile: (174, 197, 226)
[M::mem_pestat] low and high boundaries for computing mean and std.dev: (70, 330)
[M::mem_pestat] mean and std.dev: (200.38, 36.38)
[M::mem_pestat] low and high boundaries for proper pairs: (18, 382)
[M::mem_pestat] skip orientation RF as there are not enough pairs
[M::mem_pestat] skip orientation RR as there are not enough pairs
[M::mem_process_seqs] Processed 646084 reads in 796.177 CPU sec, 102.178 real sec
[M::process] 0 single-end sequences; 648124 paired-end sequences
[M::process] read 647558 sequences (80000134 bp)...
[M::mem_pestat] # candidate unique pairs for (FF, FR, RF, RR): (0, 246445, 5, 0)
[M::mem_pestat] skip orientation FF as there are not enough pairs
[M::mem_pestat] analyzing insert size distribution for orientation FR...
[M::mem_pestat] (25, 50, 75) percentile: (174, 198, 226)
[M::mem_pestat] low and high boundaries for computing mean and std.dev: (70, 330)
[M::mem_pestat] mean and std.dev: (200.85, 36.47)
[M::mem_pestat] low and high boundaries for proper pairs: (18, 382)
[M::mem_pestat] skip orientation RF as there are not enough pairs
[M::mem_pestat] skip orientation RR as there are not enough pairs
[M::mem_process_seqs] Processed 648124 reads in 791.428 CPU sec, 101.575 real sec
[M::process] 0 single-end sequences; 647558 paired-end sequences
[M::process] read 647540 sequences (80000105 bp)...
[M::mem_pestat] # candidate unique pairs for (FF, FR, RF, RR): (0, 245912, 1, 0)
[M::mem_pestat] skip orientation FF as there are not enough pairs
[M::mem_pestat] analyzing insert size distribution for orientation FR...
[M::mem_pestat] (25, 50, 75) percentile: (174, 198, 226)
[M::mem_pestat] low and high boundaries for computing mean and std.dev: (70, 330)
[M::mem_pestat] mean and std.dev: (201.03, 36.45)
[M::mem_pestat] low and high boundaries for proper pairs: (18, 382)
[M::mem_pestat] skip orientation RF as there are not enough pairs
[M::mem_pestat] skip orientation RR as there are not enough pairs
[M::mem_process_seqs] Processed 647558 reads in 785.380 CPU sec, 100.832 real sec
[M::process] 0 single-end sequences; 647540 paired-end sequences
[M::process] read 647532 sequences (80000032 bp)...
[M::mem_pestat] # candidate unique pairs for (FF, FR, RF, RR): (0, 246555, 3, 0)
[M::mem_pestat] skip orientation FF as there are not enough pairs
[M::mem_pestat] analyzing insert size distribution for orientation FR...
[M::mem_pestat] (25, 50, 75) percentile: (174, 198, 226)
[M::mem_pestat] low and high boundaries for computing mean and std.dev: (70, 330)
[M::mem_pestat] mean and std.dev: (200.84, 36.41)
[M::mem_pestat] low and high boundaries for proper pairs: (18, 382)
[M::mem_pestat] skip orientation RF as there are not enough pairs
[M::mem_pestat] skip orientation RR as there are not enough pairs
[M::mem_process_seqs] Processed 647540 reads in 771.771 CPU sec, 99.118 real sec
[M::process] 0 single-end sequences; 647532 paired-end sequences
[M::process] read 646828 sequences (80000138 bp)...
[M::mem_pestat] # candidate unique pairs for (FF, FR, RF, RR): (0, 246424, 5, 0)
[M::mem_pestat] skip orientation FF as there are not enough pairs
[M::mem_pestat] analyzing insert size distribution for orientation FR...
[M::mem_pestat] (25, 50, 75) percentile: (174, 198, 226)
[M::mem_pestat] low and high boundaries for computing mean and std.dev: (70, 330)
[M::mem_pestat] mean and std.dev: (200.56, 36.36)
[M::mem_pestat] low and high boundaries for proper pairs: (18, 382)
[M::mem_pestat] skip orientation RF as there are not enough pairs
[M::mem_pestat] skip orientation RR as there are not enough pairs
[M::mem_process_seqs] Processed 647532 reads in 786.488 CPU sec, 100.972 real sec
[M::process] 0 single-end sequences; 646828 paired-end sequences
[M::process] read 646594 sequences (80000163 bp)...
[M::mem_pestat] # candidate unique pairs for (FF, FR, RF, RR): (0, 245183, 3, 0)
[M::mem_pestat] skip orientation FF as there are not enough pairs
[M::mem_pestat] analyzing insert size distribution for orientation FR...
[M::mem_pestat] (25, 50, 75) percentile: (174, 197, 226)
[M::mem_pestat] low and high boundaries for computing mean and std.dev: (70, 330)
[M::mem_pestat] mean and std.dev: (200.48, 36.40)
[M::mem_pestat] low and high boundaries for proper pairs: (18, 382)
[M::mem_pestat] skip orientation RF as there are not enough pairs
[M::mem_pestat] skip orientation RR as there are not enough pairs
[M::mem_process_seqs] Processed 646828 reads in 796.086 CPU sec, 102.155 real sec
[M::process] 0 single-end sequences; 646594 paired-end sequences
[M::process] read 646990 sequences (80000180 bp)...
[M::mem_pestat] # candidate unique pairs for (FF, FR, RF, RR): (0, 245372, 2, 0)
[M::mem_pestat] skip orientation FF as there are not enough pairs
[M::mem_pestat] analyzing insert size distribution for orientation FR...
[M::mem_pestat] (25, 50, 75) percentile: (174, 198, 226)
[M::mem_pestat] low and high boundaries for computing mean and std.dev: (70, 330)
[M::mem_pestat] mean and std.dev: (200.82, 36.41)
[M::mem_pestat] low and high boundaries for proper pairs: (18, 382)
[M::mem_pestat] skip orientation RF as there are not enough pairs
[M::mem_pestat] skip orientation RR as there are not enough pairs
[M::mem_process_seqs] Processed 646594 reads in 792.260 CPU sec, 101.672 real sec
[M::process] 0 single-end sequences; 646990 paired-end sequences
[M::process] read 646366 sequences (80000057 bp)...
[M::mem_pestat] # candidate unique pairs for (FF, FR, RF, RR): (0, 245590, 4, 0)
[M::mem_pestat] skip orientation FF as there are not enough pairs
[M::mem_pestat] analyzing insert size distribution for orientation FR...
[M::mem_pestat] (25, 50, 75) percentile: (174, 198, 227)
[M::mem_pestat] low and high boundaries for computing mean and std.dev: (68, 333)
[M::mem_pestat] mean and std.dev: (201.09, 36.54)
[M::mem_pestat] low and high boundaries for proper pairs: (15, 386)
[M::mem_pestat] skip orientation RF as there are not enough pairs
[M::mem_pestat] skip orientation RR as there are not enough pairs
[M::mem_process_seqs] Processed 646990 reads in 798.482 CPU sec, 102.464 real sec
[M::process] 0 single-end sequences; 646366 paired-end sequences
[M::process] read 646388 sequences (80000043 bp)...
[M::mem_pestat] # candidate unique pairs for (FF, FR, RF, RR): (0, 245594, 1, 0)
[M::mem_pestat] skip orientation FF as there are not enough pairs
[M::mem_pestat] analyzing insert size distribution for orientation FR...
[M::mem_pestat] (25, 50, 75) percentile: (174, 198, 226)
[M::mem_pestat] low and high boundaries for computing mean and std.dev: (70, 330)
[M::mem_pestat] mean and std.dev: (200.96, 36.46)
[M::mem_pestat] low and high boundaries for proper pairs: (18, 382)
[M::mem_pestat] skip orientation RF as there are not enough pairs
[M::mem_pestat] skip orientation RR as there are not enough pairs
[M::mem_process_seqs] Processed 646366 reads in 795.462 CPU sec, 102.081 real sec
[M::process] 0 single-end sequences; 646388 paired-end sequences
[M::process] read 646448 sequences (80000072 bp)...
[M::mem_pestat] # candidate unique pairs for (FF, FR, RF, RR): (0, 245069, 5, 0)
[M::mem_pestat] skip orientation FF as there are not enough pairs
[M::mem_pestat] analyzing insert size distribution for orientation FR...
[M::mem_pestat] (25, 50, 75) percentile: (174, 198, 226)
[M::mem_pestat] low and high boundaries for computing mean and std.dev: (70, 330)
[M::mem_pestat] mean and std.dev: (200.84, 36.41)
[M::mem_pestat] low and high boundaries for proper pairs: (18, 382)
[M::mem_pestat] skip orientation RF as there are not enough pairs
[M::mem_pestat] skip orientation RR as there are not enough pairs
[M::mem_process_seqs] Processed 646388 reads in 802.568 CPU sec, 102.979 real sec
[M::process] 0 single-end sequences; 646448 paired-end sequences
[M::process] read 646328 sequences (80000091 bp)...
[M::mem_pestat] # candidate unique pairs for (FF, FR, RF, RR): (0, 244920, 3, 0)
[M::mem_pestat] skip orientation FF as there are not enough pairs
[M::mem_pestat] analyzing insert size distribution for orientation FR...
[M::mem_pestat] (25, 50, 75) percentile: (174, 198, 226)
[M::mem_pestat] low and high boundaries for computing mean and std.dev: (70, 330)
[M::mem_pestat] mean and std.dev: (200.59, 36.45)
[M::mem_pestat] low and high boundaries for proper pairs: (18, 382)
[M::mem_pestat] skip orientation RF as there are not enough pairs
[M::mem_pestat] skip orientation RR as there are not enough pairs
[M::mem_process_seqs] Processed 646448 reads in 814.365 CPU sec, 104.477 real sec
[M::process] 0 single-end sequences; 646328 paired-end sequences
[M::process] read 647854 sequences (80000042 bp)...
[M::mem_pestat] # candidate unique pairs for (FF, FR, RF, RR): (0, 244710, 5, 0)
[M::mem_pestat] skip orientation FF as there are not enough pairs
[M::mem_pestat] analyzing insert size distribution for orientation FR...
[M::mem_pestat] (25, 50, 75) percentile: (174, 198, 226)
[M::mem_pestat] low and high boundaries for computing mean and std.dev: (70, 330)
[M::mem_pestat] mean and std.dev: (200.51, 36.37)
[M::mem_pestat] low and high boundaries for proper pairs: (18, 382)
[M::mem_pestat] skip orientation RF as there are not enough pairs
[M::mem_pestat] skip orientation RR as there are not enough pairs
[M::mem_process_seqs] Processed 646328 reads in 798.810 CPU sec, 102.504 real sec
[M::process] 0 single-end sequences; 647854 paired-end sequences
[M::process] read 647174 sequences (80000052 bp)...
[M::mem_pestat] # candidate unique pairs for (FF, FR, RF, RR): (0, 245560, 3, 0)
[M::mem_pestat] skip orientation FF as there are not enough pairs
[M::mem_pestat] analyzing insert size distribution for orientation FR...
[M::mem_pestat] (25, 50, 75) percentile: (174, 198, 226)
[M::mem_pestat] low and high boundaries for computing mean and std.dev: (70, 330)
[M::mem_pestat] mean and std.dev: (200.87, 36.44)
[M::mem_pestat] low and high boundaries for proper pairs: (18, 382)
[M::mem_pestat] skip orientation RF as there are not enough pairs
[M::mem_pestat] skip orientation RR as there are not enough pairs
[M::mem_process_seqs] Processed 647854 reads in 804.708 CPU sec, 103.232 real sec
[M::process] 0 single-end sequences; 647174 paired-end sequences
[M::process] read 646724 sequences (80000173 bp)...
[M::mem_pestat] # candidate unique pairs for (FF, FR, RF, RR): (0, 245826, 6, 0)
[M::mem_pestat] skip orientation FF as there are not enough pairs
[M::mem_pestat] analyzing insert size distribution for orientation FR...
[M::mem_pestat] (25, 50, 75) percentile: (174, 198, 226)
[M::mem_pestat] low and high boundaries for computing mean and std.dev: (70, 330)
[M::mem_pestat] mean and std.dev: (200.77, 36.50)
[M::mem_pestat] low and high boundaries for proper pairs: (18, 382)
[M::mem_pestat] skip orientation RF as there are not enough pairs
[M::mem_pestat] skip orientation RR as there are not enough pairs
[M::mem_process_seqs] Processed 647174 reads in 792.856 CPU sec, 101.763 real sec
[M::process] 0 single-end sequences; 646724 paired-end sequences
[M::process] read 646818 sequences (80000113 bp)...
[M::mem_pestat] # candidate unique pairs for (FF, FR, RF, RR): (0, 245931, 4, 0)
[M::mem_pestat] skip orientation FF as there are not enough pairs
[M::mem_pestat] analyzing insert size distribution for orientation FR...
[M::mem_pestat] (25, 50, 75) percentile: (174, 198, 226)
[M::mem_pestat] low and high boundaries for computing mean and std.dev: (70, 330)
[M::mem_pestat] mean and std.dev: (200.70, 36.30)
[M::mem_pestat] low and high boundaries for proper pairs: (18, 382)
[M::mem_pestat] skip orientation RF as there are not enough pairs
[M::mem_pestat] skip orientation RR as there are not enough pairs
[M::mem_process_seqs] Processed 646724 reads in 795.023 CPU sec, 102.037 real sec
[M::process] 0 single-end sequences; 646818 paired-end sequences
[M::process] read 646384 sequences (80000024 bp)...
[M::mem_pestat] # candidate unique pairs for (FF, FR, RF, RR): (0, 245251, 2, 0)
[M::mem_pestat] skip orientation FF as there are not enough pairs
[M::mem_pestat] analyzing insert size distribution for orientation FR...
[M::mem_pestat] (25, 50, 75) percentile: (174, 197, 226)
[M::mem_pestat] low and high boundaries for computing mean and std.dev: (70, 330)
[M::mem_pestat] mean and std.dev: (200.46, 36.44)
[M::mem_pestat] low and high boundaries for proper pairs: (18, 382)
[M::mem_pestat] skip orientation RF as there are not enough pairs
[M::mem_pestat] skip orientation RR as there are not enough pairs
[M::mem_process_seqs] Processed 646818 reads in 806.227 CPU sec, 103.456 real sec
[M::process] 0 single-end sequences; 646384 paired-end sequences
[M::process] read 648766 sequences (80000018 bp)...
[M::mem_pestat] # candidate unique pairs for (FF, FR, RF, RR): (0, 245237, 3, 0)
[M::mem_pestat] skip orientation FF as there are not enough pairs
[M::mem_pestat] analyzing insert size distribution for orientation FR...
[M::mem_pestat] (25, 50, 75) percentile: (174, 197, 226)
[M::mem_pestat] low and high boundaries for computing mean and std.dev: (70, 330)
[M::mem_pestat] mean and std.dev: (200.33, 36.32)
[M::mem_pestat] low and high boundaries for proper pairs: (18, 382)
[M::mem_pestat] skip orientation RF as there are not enough pairs
[M::mem_pestat] skip orientation RR as there are not enough pairs
[M::mem_process_seqs] Processed 646384 reads in 791.223 CPU sec, 101.546 real sec
[M::process] 0 single-end sequences; 648766 paired-end sequences
[M::process] read 647916 sequences (80000120 bp)...
[M::mem_pestat] # candidate unique pairs for (FF, FR, RF, RR): (0, 246225, 2, 0)
[M::mem_pestat] skip orientation FF as there are not enough pairs
[M::mem_pestat] analyzing insert size distribution for orientation FR...
[M::mem_pestat] (25, 50, 75) percentile: (174, 198, 226)
[M::mem_pestat] low and high boundaries for computing mean and std.dev: (70, 330)
[M::mem_pestat] mean and std.dev: (200.91, 36.38)
[M::mem_pestat] low and high boundaries for proper pairs: (18, 382)
[M::mem_pestat] skip orientation RF as there are not enough pairs
[M::mem_pestat] skip orientation RR as there are not enough pairs
[M::mem_process_seqs] Processed 648766 reads in 799.361 CPU sec, 102.580 real sec
[M::process] 0 single-end sequences; 647916 paired-end sequences
[M::process] read 647712 sequences (80000098 bp)...
[M::mem_pestat] # candidate unique pairs for (FF, FR, RF, RR): (0, 246858, 5, 0)
[M::mem_pestat] skip orientation FF as there are not enough pairs
[M::mem_pestat] analyzing insert size distribution for orientation FR...
[M::mem_pestat] (25, 50, 75) percentile: (174, 198, 226)
[M::mem_pestat] low and high boundaries for computing mean and std.dev: (70, 330)
[M::mem_pestat] mean and std.dev: (200.92, 36.52)
[M::mem_pestat] low and high boundaries for proper pairs: (18, 382)
[M::mem_pestat] skip orientation RF as there are not enough pairs
[M::mem_pestat] skip orientation RR as there are not enough pairs
[M::mem_process_seqs] Processed 647916 reads in 776.788 CPU sec, 99.751 real sec
[M::process] 0 single-end sequences; 647712 paired-end sequences
[M::process] read 647770 sequences (80000197 bp)...
[M::mem_pestat] # candidate unique pairs for (FF, FR, RF, RR): (0, 246672, 6, 0)
[M::mem_pestat] skip orientation FF as there are not enough pairs
[M::mem_pestat] analyzing insert size distribution for orientation FR...
[M::mem_pestat] (25, 50, 75) percentile: (174, 198, 226)
[M::mem_pestat] low and high boundaries for computing mean and std.dev: (70, 330)
[M::mem_pestat] mean and std.dev: (200.84, 36.45)
[M::mem_pestat] low and high boundaries for proper pairs: (18, 382)
[M::mem_pestat] skip orientation RF as there are not enough pairs
[M::mem_pestat] skip orientation RR as there are not enough pairs
[M::mem_process_seqs] Processed 647712 reads in 775.161 CPU sec, 99.554 real sec
[M::process] 0 single-end sequences; 647770 paired-end sequences
[M::process] read 647652 sequences (80000195 bp)...
[M::mem_pestat] # candidate unique pairs for (FF, FR, RF, RR): (0, 246155, 6, 0)
[M::mem_pestat] skip orientation FF as there are not enough pairs
[M::mem_pestat] analyzing insert size distribution for orientation FR...
[M::mem_pestat] (25, 50, 75) percentile: (174, 198, 226)
[M::mem_pestat] low and high boundaries for computing mean and std.dev: (70, 330)
[M::mem_pestat] mean and std.dev: (200.59, 36.40)
[M::mem_pestat] low and high boundaries for proper pairs: (18, 382)
[M::mem_pestat] skip orientation RF as there are not enough pairs
[M::mem_pestat] skip orientation RR as there are not enough pairs
[M::mem_process_seqs] Processed 647770 reads in 789.112 CPU sec, 101.299 real sec
[M::process] 0 single-end sequences; 647652 paired-end sequences
[M::process] read 647892 sequences (80000232 bp)...
[M::mem_pestat] # candidate unique pairs for (FF, FR, RF, RR): (0, 246265, 7, 0)
[M::mem_pestat] skip orientation FF as there are not enough pairs
[M::mem_pestat] analyzing insert size distribution for orientation FR...
[M::mem_pestat] (25, 50, 75) percentile: (174, 197, 226)
[M::mem_pestat] low and high boundaries for computing mean and std.dev: (70, 330)
[M::mem_pestat] mean and std.dev: (200.40, 36.34)
[M::mem_pestat] low and high boundaries for proper pairs: (18, 382)
[M::mem_pestat] skip orientation RF as there are not enough pairs
[M::mem_pestat] skip orientation RR as there are not enough pairs
[M::mem_process_seqs] Processed 647652 reads in 781.647 CPU sec, 100.376 real sec
[M::process] 0 single-end sequences; 647892 paired-end sequences
[M::process] read 647482 sequences (80000047 bp)...
[M::mem_pestat] # candidate unique pairs for (FF, FR, RF, RR): (0, 245685, 7, 0)
[M::mem_pestat] skip orientation FF as there are not enough pairs
[M::mem_pestat] analyzing insert size distribution for orientation FR...
[M::mem_pestat] (25, 50, 75) percentile: (174, 198, 226)
[M::mem_pestat] low and high boundaries for computing mean and std.dev: (70, 330)
[M::mem_pestat] mean and std.dev: (200.91, 36.28)
[M::mem_pestat] low and high boundaries for proper pairs: (18, 382)
[M::mem_pestat] skip orientation RF as there are not enough pairs
[M::mem_pestat] skip orientation RR as there are not enough pairs
[M::mem_process_seqs] Processed 647892 reads in 797.745 CPU sec, 102.372 real sec
[M::process] 0 single-end sequences; 647482 paired-end sequences
[M::process] read 647254 sequences (80000157 bp)...
[M::mem_pestat] # candidate unique pairs for (FF, FR, RF, RR): (0, 245802, 5, 0)
[M::mem_pestat] skip orientation FF as there are not enough pairs
[M::mem_pestat] analyzing insert size distribution for orientation FR...
[M::mem_pestat] (25, 50, 75) percentile: (174, 198, 226)
[M::mem_pestat] low and high boundaries for computing mean and std.dev: (70, 330)
[M::mem_pestat] mean and std.dev: (200.80, 36.44)
[M::mem_pestat] low and high boundaries for proper pairs: (18, 382)
[M::mem_pestat] skip orientation RF as there are not enough pairs
[M::mem_pestat] skip orientation RR as there are not enough pairs
[M::mem_process_seqs] Processed 647482 reads in 790.619 CPU sec, 101.498 real sec
[M::process] 0 single-end sequences; 647254 paired-end sequences
[M::process] read 647110 sequences (80000158 bp)...
[M::mem_pestat] # candidate unique pairs for (FF, FR, RF, RR): (0, 246416, 6, 0)
[M::mem_pestat] skip orientation FF as there are not enough pairs
[M::mem_pestat] analyzing insert size distribution for orientation FR...
[M::mem_pestat] (25, 50, 75) percentile: (174, 198, 226)
[M::mem_pestat] low and high boundaries for computing mean and std.dev: (70, 330)
[M::mem_pestat] mean and std.dev: (200.75, 36.36)
[M::mem_pestat] low and high boundaries for proper pairs: (18, 382)
[M::mem_pestat] skip orientation RF as there are not enough pairs
[M::mem_pestat] skip orientation RR as there are not enough pairs
[M::mem_process_seqs] Processed 647254 reads in 786.047 CPU sec, 100.913 real sec
[M::process] 0 single-end sequences; 647110 paired-end sequences
[M::process] read 646720 sequences (80000196 bp)...
[M::mem_pestat] # candidate unique pairs for (FF, FR, RF, RR): (0, 245633, 4, 0)
[M::mem_pestat] skip orientation FF as there are not enough pairs
[M::mem_pestat] analyzing insert size distribution for orientation FR...
[M::mem_pestat] (25, 50, 75) percentile: (174, 198, 226)
[M::mem_pestat] low and high boundaries for computing mean and std.dev: (70, 330)
[M::mem_pestat] mean and std.dev: (200.69, 36.42)
[M::mem_pestat] low and high boundaries for proper pairs: (18, 382)
[M::mem_pestat] skip orientation RF as there are not enough pairs
[M::mem_pestat] skip orientation RR as there are not enough pairs
[M::mem_process_seqs] Processed 647110 reads in 799.011 CPU sec, 102.523 real sec
[M::process] 0 single-end sequences; 646720 paired-end sequences
[M::process] read 648528 sequences (80000206 bp)...
[M::mem_pestat] # candidate unique pairs for (FF, FR, RF, RR): (0, 245127, 4, 0)
[M::mem_pestat] skip orientation FF as there are not enough pairs
[M::mem_pestat] analyzing insert size distribution for orientation FR...
[M::mem_pestat] (25, 50, 75) percentile: (174, 197, 226)
[M::mem_pestat] low and high boundaries for computing mean and std.dev: (70, 330)
[M::mem_pestat] mean and std.dev: (200.35, 36.35)
[M::mem_pestat] low and high boundaries for proper pairs: (18, 382)
[M::mem_pestat] skip orientation RF as there are not enough pairs
[M::mem_pestat] skip orientation RR as there are not enough pairs
[M::mem_process_seqs] Processed 646720 reads in 799.062 CPU sec, 102.552 real sec
[M::process] 0 single-end sequences; 648528 paired-end sequences
[M::process] read 647886 sequences (80000073 bp)...
[M::mem_pestat] # candidate unique pairs for (FF, FR, RF, RR): (0, 245881, 5, 0)
[M::mem_pestat] skip orientation FF as there are not enough pairs
[M::mem_pestat] analyzing insert size distribution for orientation FR...
[M::mem_pestat] (25, 50, 75) percentile: (174, 198, 226)
[M::mem_pestat] low and high boundaries for computing mean and std.dev: (70, 330)
[M::mem_pestat] mean and std.dev: (200.81, 36.38)
[M::mem_pestat] low and high boundaries for proper pairs: (18, 382)
[M::mem_pestat] skip orientation RF as there are not enough pairs
[M::mem_pestat] skip orientation RR as there are not enough pairs
[M::mem_process_seqs] Processed 648528 reads in 800.692 CPU sec, 102.752 real sec
[M::process] 0 single-end sequences; 647886 paired-end sequences
[M::process] read 647414 sequences (80000109 bp)...
[M::mem_pestat] # candidate unique pairs for (FF, FR, RF, RR): (0, 246170, 4, 0)
[M::mem_pestat] skip orientation FF as there are not enough pairs
[M::mem_pestat] analyzing insert size distribution for orientation FR...
[M::mem_pestat] (25, 50, 75) percentile: (174, 198, 226)
[M::mem_pestat] low and high boundaries for computing mean and std.dev: (70, 330)
[M::mem_pestat] mean and std.dev: (200.93, 36.37)
[M::mem_pestat] low and high boundaries for proper pairs: (18, 382)
[M::mem_pestat] skip orientation RF as there are not enough pairs
[M::mem_pestat] skip orientation RR as there are not enough pairs
[M::mem_process_seqs] Processed 647886 reads in 810.859 CPU sec, 104.030 real sec
[M::process] 0 single-end sequences; 647414 paired-end sequences
[M::process] read 646874 sequences (80000163 bp)...
[M::mem_pestat] # candidate unique pairs for (FF, FR, RF, RR): (0, 245547, 2, 0)
[M::mem_pestat] skip orientation FF as there are not enough pairs
[M::mem_pestat] analyzing insert size distribution for orientation FR...
[M::mem_pestat] (25, 50, 75) percentile: (174, 198, 227)
[M::mem_pestat] low and high boundaries for computing mean and std.dev: (68, 333)
[M::mem_pestat] mean and std.dev: (201.08, 36.48)
[M::mem_pestat] low and high boundaries for proper pairs: (15, 386)
[M::mem_pestat] skip orientation RF as there are not enough pairs
[M::mem_pestat] skip orientation RR as there are not enough pairs
[M::mem_process_seqs] Processed 647414 reads in 805.097 CPU sec, 103.308 real sec
[M::process] 0 single-end sequences; 646874 paired-end sequences
[M::process] read 645942 sequences (80000230 bp)...
[M::mem_pestat] # candidate unique pairs for (FF, FR, RF, RR): (0, 246223, 8, 0)
[M::mem_pestat] skip orientation FF as there are not enough pairs
[M::mem_pestat] analyzing insert size distribution for orientation FR...
[M::mem_pestat] (25, 50, 75) percentile: (174, 198, 226)
[M::mem_pestat] low and high boundaries for computing mean and std.dev: (70, 330)
[M::mem_pestat] mean and std.dev: (200.89, 36.45)
[M::mem_pestat] low and high boundaries for proper pairs: (18, 382)
[M::mem_pestat] skip orientation RF as there are not enough pairs
[M::mem_pestat] skip orientation RR as there are not enough pairs
[M::mem_process_seqs] Processed 646874 reads in 789.960 CPU sec, 101.395 real sec
[M::process] 0 single-end sequences; 645942 paired-end sequences
[M::process] read 645628 sequences (80000035 bp)...
[M::mem_pestat] # candidate unique pairs for (FF, FR, RF, RR): (0, 245797, 2, 0)
[M::mem_pestat] skip orientation FF as there are not enough pairs
[M::mem_pestat] analyzing insert size distribution for orientation FR...
[M::mem_pestat] (25, 50, 75) percentile: (174, 198, 226)
[M::mem_pestat] low and high boundaries for computing mean and std.dev: (70, 330)
[M::mem_pestat] mean and std.dev: (200.71, 36.41)
[M::mem_pestat] low and high boundaries for proper pairs: (18, 382)
[M::mem_pestat] skip orientation RF as there are not enough pairs
[M::mem_pestat] skip orientation RR as there are not enough pairs
[M::mem_process_seqs] Processed 645942 reads in 796.126 CPU sec, 102.164 real sec
[M::process] 0 single-end sequences; 645628 paired-end sequences
[M::process] read 645612 sequences (80000155 bp)...
[M::mem_pestat] # candidate unique pairs for (FF, FR, RF, RR): (0, 245443, 3, 0)
[M::mem_pestat] skip orientation FF as there are not enough pairs
[M::mem_pestat] analyzing insert size distribution for orientation FR...
[M::mem_pestat] (25, 50, 75) percentile: (174, 198, 226)
[M::mem_pestat] low and high boundaries for computing mean and std.dev: (70, 330)
[M::mem_pestat] mean and std.dev: (200.57, 36.37)
[M::mem_pestat] low and high boundaries for proper pairs: (18, 382)
[M::mem_pestat] skip orientation RF as there are not enough pairs
[M::mem_pestat] skip orientation RR as there are not enough pairs
[M::mem_process_seqs] Processed 645628 reads in 805.878 CPU sec, 103.383 real sec
[M::process] 0 single-end sequences; 645612 paired-end sequences
[M::process] read 647678 sequences (80000013 bp)...
[M::mem_pestat] # candidate unique pairs for (FF, FR, RF, RR): (0, 244994, 4, 0)
[M::mem_pestat] skip orientation FF as there are not enough pairs
[M::mem_pestat] analyzing insert size distribution for orientation FR...
[M::mem_pestat] (25, 50, 75) percentile: (174, 197, 226)
[M::mem_pestat] low and high boundaries for computing mean and std.dev: (70, 330)
[M::mem_pestat] mean and std.dev: (200.49, 36.39)
[M::mem_pestat] low and high boundaries for proper pairs: (18, 382)
[M::mem_pestat] skip orientation RF as there are not enough pairs
[M::mem_pestat] skip orientation RR as there are not enough pairs
[M::mem_process_seqs] Processed 645612 reads in 810.078 CPU sec, 103.931 real sec
[M::process] 0 single-end sequences; 647678 paired-end sequences
[M::process] read 648524 sequences (80000181 bp)...
[M::mem_pestat] # candidate unique pairs for (FF, FR, RF, RR): (0, 246002, 1, 0)
[M::mem_pestat] skip orientation FF as there are not enough pairs
[M::mem_pestat] analyzing insert size distribution for orientation FR...
[M::mem_pestat] (25, 50, 75) percentile: (174, 198, 226)
[M::mem_pestat] low and high boundaries for computing mean and std.dev: (70, 330)
[M::mem_pestat] mean and std.dev: (200.55, 36.35)
[M::mem_pestat] low and high boundaries for proper pairs: (18, 382)
[M::mem_pestat] skip orientation RF as there are not enough pairs
[M::mem_pestat] skip orientation RR as there are not enough pairs
[M::mem_process_seqs] Processed 647678 reads in 817.364 CPU sec, 104.827 real sec
[M::process] 0 single-end sequences; 648524 paired-end sequences
[M::process] read 647778 sequences (80000138 bp)...
[M::mem_pestat] # candidate unique pairs for (FF, FR, RF, RR): (0, 246604, 0, 0)
[M::mem_pestat] skip orientation FF as there are not enough pairs
[M::mem_pestat] analyzing insert size distribution for orientation FR...
[M::mem_pestat] (25, 50, 75) percentile: (174, 198, 226)
[M::mem_pestat] low and high boundaries for computing mean and std.dev: (70, 330)
[M::mem_pestat] mean and std.dev: (200.91, 36.49)
[M::mem_pestat] low and high boundaries for proper pairs: (18, 382)
[M::mem_pestat] skip orientation RF as there are not enough pairs
[M::mem_pestat] skip orientation RR as there are not enough pairs
[M::mem_process_seqs] Processed 648524 reads in 803.159 CPU sec, 103.073 real sec
[M::process] 0 single-end sequences; 647778 paired-end sequences
[M::process] read 647366 sequences (80000013 bp)...
[M::mem_pestat] # candidate unique pairs for (FF, FR, RF, RR): (0, 246074, 4, 0)
[M::mem_pestat] skip orientation FF as there are not enough pairs
[M::mem_pestat] analyzing insert size distribution for orientation FR...
[M::mem_pestat] (25, 50, 75) percentile: (174, 198, 226)
[M::mem_pestat] low and high boundaries for computing mean and std.dev: (70, 330)
[M::mem_pestat] mean and std.dev: (200.88, 36.47)
[M::mem_pestat] low and high boundaries for proper pairs: (18, 382)
[M::mem_pestat] skip orientation RF as there are not enough pairs
[M::mem_pestat] skip orientation RR as there are not enough pairs
[M::mem_process_seqs] Processed 647778 reads in 799.039 CPU sec, 102.547 real sec
[M::process] 0 single-end sequences; 647366 paired-end sequences
[M::process] read 646536 sequences (80000042 bp)...
[M::mem_pestat] # candidate unique pairs for (FF, FR, RF, RR): (0, 246422, 4, 0)
[M::mem_pestat] skip orientation FF as there are not enough pairs
[M::mem_pestat] analyzing insert size distribution for orientation FR...
[M::mem_pestat] (25, 50, 75) percentile: (174, 198, 226)
[M::mem_pestat] low and high boundaries for computing mean and std.dev: (70, 330)
[M::mem_pestat] mean and std.dev: (200.93, 36.38)
[M::mem_pestat] low and high boundaries for proper pairs: (18, 382)
[M::mem_pestat] skip orientation RF as there are not enough pairs
[M::mem_pestat] skip orientation RR as there are not enough pairs
[M::mem_process_seqs] Processed 647366 reads in 789.786 CPU sec, 101.377 real sec
[M::process] 0 single-end sequences; 646536 paired-end sequences
[M::process] read 645964 sequences (80000201 bp)...
[M::mem_pestat] # candidate unique pairs for (FF, FR, RF, RR): (0, 246321, 3, 0)
[M::mem_pestat] skip orientation FF as there are not enough pairs
[M::mem_pestat] analyzing insert size distribution for orientation FR...
[M::mem_pestat] (25, 50, 75) percentile: (174, 198, 226)
[M::mem_pestat] low and high boundaries for computing mean and std.dev: (70, 330)
[M::mem_pestat] mean and std.dev: (200.86, 36.49)
[M::mem_pestat] low and high boundaries for proper pairs: (18, 382)
[M::mem_pestat] skip orientation RF as there are not enough pairs
[M::mem_pestat] skip orientation RR as there are not enough pairs
[M::mem_process_seqs] Processed 646536 reads in 785.935 CPU sec, 100.881 real sec
[M::process] 0 single-end sequences; 645964 paired-end sequences
[M::process] read 645906 sequences (80000047 bp)...
[M::mem_pestat] # candidate unique pairs for (FF, FR, RF, RR): (0, 245499, 3, 0)
[M::mem_pestat] skip orientation FF as there are not enough pairs
[M::mem_pestat] analyzing insert size distribution for orientation FR...
[M::mem_pestat] (25, 50, 75) percentile: (174, 198, 226)
[M::mem_pestat] low and high boundaries for computing mean and std.dev: (70, 330)
[M::mem_pestat] mean and std.dev: (200.65, 36.39)
[M::mem_pestat] low and high boundaries for proper pairs: (18, 382)
[M::mem_pestat] skip orientation RF as there are not enough pairs
[M::mem_pestat] skip orientation RR as there are not enough pairs
[M::mem_process_seqs] Processed 645964 reads in 802.807 CPU sec, 103.023 real sec
[M::process] 0 single-end sequences; 645906 paired-end sequences
[M::process] read 647646 sequences (80000176 bp)...
[M::mem_pestat] # candidate unique pairs for (FF, FR, RF, RR): (0, 245419, 4, 0)
[M::mem_pestat] skip orientation FF as there are not enough pairs
[M::mem_pestat] analyzing insert size distribution for orientation FR...
[M::mem_pestat] (25, 50, 75) percentile: (174, 198, 226)
[M::mem_pestat] low and high boundaries for computing mean and std.dev: (70, 330)
[M::mem_pestat] mean and std.dev: (200.60, 36.38)
[M::mem_pestat] low and high boundaries for proper pairs: (18, 382)
[M::mem_pestat] skip orientation RF as there are not enough pairs
[M::mem_pestat] skip orientation RR as there are not enough pairs
[M::mem_process_seqs] Processed 645906 reads in 809.970 CPU sec, 103.898 real sec
[M::process] 0 single-end sequences; 647646 paired-end sequences
[M::process] read 649310 sequences (80000088 bp)...
[M::mem_pestat] # candidate unique pairs for (FF, FR, RF, RR): (0, 246095, 5, 0)
[M::mem_pestat] skip orientation FF as there are not enough pairs
[M::mem_pestat] analyzing insert size distribution for orientation FR...
[M::mem_pestat] (25, 50, 75) percentile: (174, 198, 226)
[M::mem_pestat] low and high boundaries for computing mean and std.dev: (70, 330)
[M::mem_pestat] mean and std.dev: (200.79, 36.41)
[M::mem_pestat] low and high boundaries for proper pairs: (18, 382)
[M::mem_pestat] skip orientation RF as there are not enough pairs
[M::mem_pestat] skip orientation RR as there are not enough pairs
[M::mem_process_seqs] Processed 647646 reads in 816.076 CPU sec, 104.672 real sec
[M::process] 0 single-end sequences; 649310 paired-end sequences
[M::process] read 648152 sequences (80000136 bp)...
[M::mem_pestat] # candidate unique pairs for (FF, FR, RF, RR): (0, 246367, 4, 0)
[M::mem_pestat] skip orientation FF as there are not enough pairs
[M::mem_pestat] analyzing insert size distribution for orientation FR...
[M::mem_pestat] (25, 50, 75) percentile: (174, 198, 226)
[M::mem_pestat] low and high boundaries for computing mean and std.dev: (70, 330)
[M::mem_pestat] mean and std.dev: (200.96, 36.46)
[M::mem_pestat] low and high boundaries for proper pairs: (18, 382)
[M::mem_pestat] skip orientation RF as there are not enough pairs
[M::mem_pestat] skip orientation RR as there are not enough pairs
[M::mem_process_seqs] Processed 649310 reads in 816.033 CPU sec, 104.683 real sec
[M::process] 0 single-end sequences; 648152 paired-end sequences
[M::process] read 647872 sequences (80000092 bp)...
[M::mem_pestat] # candidate unique pairs for (FF, FR, RF, RR): (0, 246237, 4, 0)
[M::mem_pestat] skip orientation FF as there are not enough pairs
[M::mem_pestat] analyzing insert size distribution for orientation FR...
[M::mem_pestat] (25, 50, 75) percentile: (174, 198, 227)
[M::mem_pestat] low and high boundaries for computing mean and std.dev: (68, 333)
[M::mem_pestat] mean and std.dev: (201.11, 36.45)
[M::mem_pestat] low and high boundaries for proper pairs: (15, 386)
[M::mem_pestat] skip orientation RF as there are not enough pairs
[M::mem_pestat] skip orientation RR as there are not enough pairs
[M::mem_process_seqs] Processed 648152 reads in 807.218 CPU sec, 103.576 real sec
[M::process] 0 single-end sequences; 647872 paired-end sequences
[M::process] read 646982 sequences (80000200 bp)...
[M::mem_pestat] # candidate unique pairs for (FF, FR, RF, RR): (0, 246486, 7, 0)
[M::mem_pestat] skip orientation FF as there are not enough pairs
[M::mem_pestat] analyzing insert size distribution for orientation FR...
[M::mem_pestat] (25, 50, 75) percentile: (174, 198, 226)
[M::mem_pestat] low and high boundaries for computing mean and std.dev: (70, 330)
[M::mem_pestat] mean and std.dev: (200.89, 36.52)
[M::mem_pestat] low and high boundaries for proper pairs: (18, 382)
[M::mem_pestat] skip orientation RF as there are not enough pairs
[M::mem_pestat] skip orientation RR as there are not enough pairs
[M::mem_process_seqs] Processed 647872 reads in 791.798 CPU sec, 101.634 real sec
[M::process] 0 single-end sequences; 646982 paired-end sequences
[M::process] read 646652 sequences (80000024 bp)...
[M::mem_pestat] # candidate unique pairs for (FF, FR, RF, RR): (0, 246031, 6, 0)
[M::mem_pestat] skip orientation FF as there are not enough pairs
[M::mem_pestat] analyzing insert size distribution for orientation FR...
[M::mem_pestat] (25, 50, 75) percentile: (174, 198, 226)
[M::mem_pestat] low and high boundaries for computing mean and std.dev: (70, 330)
[M::mem_pestat] mean and std.dev: (200.78, 36.47)
[M::mem_pestat] low and high boundaries for proper pairs: (18, 382)
[M::mem_pestat] skip orientation RF as there are not enough pairs
[M::mem_pestat] skip orientation RR as there are not enough pairs
[M::mem_process_seqs] Processed 646982 reads in 797.469 CPU sec, 102.379 real sec
[M::process] 0 single-end sequences; 646652 paired-end sequences
[M::process] read 646302 sequences (80000163 bp)...
[M::mem_pestat] # candidate unique pairs for (FF, FR, RF, RR): (0, 245651, 2, 0)
[M::mem_pestat] skip orientation FF as there are not enough pairs
[M::mem_pestat] analyzing insert size distribution for orientation FR...
[M::mem_pestat] (25, 50, 75) percentile: (174, 198, 226)
[M::mem_pestat] low and high boundaries for computing mean and std.dev: (70, 330)
[M::mem_pestat] mean and std.dev: (200.60, 36.36)
[M::mem_pestat] low and high boundaries for proper pairs: (18, 382)
[M::mem_pestat] skip orientation RF as there are not enough pairs
[M::mem_pestat] skip orientation RR as there are not enough pairs
[M::mem_process_seqs] Processed 646652 reads in 804.460 CPU sec, 103.218 real sec
[M::process] 0 single-end sequences; 646302 paired-end sequences
[M::process] read 646742 sequences (80000049 bp)...
[M::mem_pestat] # candidate unique pairs for (FF, FR, RF, RR): (0, 245150, 5, 0)
[M::mem_pestat] skip orientation FF as there are not enough pairs
[M::mem_pestat] analyzing insert size distribution for orientation FR...
[M::mem_pestat] (25, 50, 75) percentile: (174, 198, 226)
[M::mem_pestat] low and high boundaries for computing mean and std.dev: (70, 330)
[M::mem_pestat] mean and std.dev: (200.63, 36.42)
[M::mem_pestat] low and high boundaries for proper pairs: (18, 382)
[M::mem_pestat] skip orientation RF as there are not enough pairs
[M::mem_pestat] skip orientation RR as there are not enough pairs
[M::mem_process_seqs] Processed 646302 reads in 814.061 CPU sec, 104.420 real sec
[M::process] 0 single-end sequences; 646742 paired-end sequences
[M::process] read 648914 sequences (80000248 bp)...
[M::mem_pestat] # candidate unique pairs for (FF, FR, RF, RR): (0, 245159, 10, 0)
[M::mem_pestat] skip orientation FF as there are not enough pairs
[M::mem_pestat] analyzing insert size distribution for orientation FR...
[M::mem_pestat] (25, 50, 75) percentile: (174, 198, 226)
[M::mem_pestat] low and high boundaries for computing mean and std.dev: (70, 330)
[M::mem_pestat] mean and std.dev: (200.53, 36.40)
[M::mem_pestat] low and high boundaries for proper pairs: (18, 382)
[M::mem_pestat] analyzing insert size distribution for orientation RF...
[M::mem_pestat] (25, 50, 75) percentile: (110, 197, 201)
[M::mem_pestat] low and high boundaries for computing mean and std.dev: (1, 383)
[M::mem_pestat] mean and std.dev: (149.33, 58.88)
[M::mem_pestat] low and high boundaries for proper pairs: (1, 474)
[M::mem_pestat] skip orientation RR as there are not enough pairs
[M::mem_pestat] skip orientation RF
[M::mem_process_seqs] Processed 646742 reads in 835.488 CPU sec, 107.095 real sec
[M::process] 0 single-end sequences; 648914 paired-end sequences
[M::process] read 647890 sequences (80000102 bp)...
[M::mem_pestat] # candidate unique pairs for (FF, FR, RF, RR): (0, 245784, 8, 0)
[M::mem_pestat] skip orientation FF as there are not enough pairs
[M::mem_pestat] analyzing insert size distribution for orientation FR...
[M::mem_pestat] (25, 50, 75) percentile: (174, 198, 226)
[M::mem_pestat] low and high boundaries for computing mean and std.dev: (70, 330)
[M::mem_pestat] mean and std.dev: (200.97, 36.37)
[M::mem_pestat] low and high boundaries for proper pairs: (18, 382)
[M::mem_pestat] skip orientation RF as there are not enough pairs
[M::mem_pestat] skip orientation RR as there are not enough pairs
[M::mem_process_seqs] Processed 648914 reads in 846.218 CPU sec, 108.442 real sec
[M::process] 0 single-end sequences; 647890 paired-end sequences
[M::process] read 647444 sequences (80000011 bp)...
[M::mem_pestat] # candidate unique pairs for (FF, FR, RF, RR): (0, 245493, 3, 0)
[M::mem_pestat] skip orientation FF as there are not enough pairs
[M::mem_pestat] analyzing insert size distribution for orientation FR...
[M::mem_pestat] (25, 50, 75) percentile: (174, 198, 226)
[M::mem_pestat] low and high boundaries for computing mean and std.dev: (70, 330)
[M::mem_pestat] mean and std.dev: (200.98, 36.44)
[M::mem_pestat] low and high boundaries for proper pairs: (18, 382)
[M::mem_pestat] skip orientation RF as there are not enough pairs
[M::mem_pestat] skip orientation RR as there are not enough pairs
[M::mem_process_seqs] Processed 647890 reads in 828.553 CPU sec, 106.262 real sec
[M::process] 0 single-end sequences; 647444 paired-end sequences
[M::process] read 646570 sequences (80000109 bp)...
[M::mem_pestat] # candidate unique pairs for (FF, FR, RF, RR): (0, 246177, 8, 0)
[M::mem_pestat] skip orientation FF as there are not enough pairs
[M::mem_pestat] analyzing insert size distribution for orientation FR...
[M::mem_pestat] (25, 50, 75) percentile: (174, 198, 226)
[M::mem_pestat] low and high boundaries for computing mean and std.dev: (70, 330)
[M::mem_pestat] mean and std.dev: (200.92, 36.42)
[M::mem_pestat] low and high boundaries for proper pairs: (18, 382)
[M::mem_pestat] skip orientation RF as there are not enough pairs
[M::mem_pestat] skip orientation RR as there are not enough pairs
[M::mem_process_seqs] Processed 647444 reads in 803.859 CPU sec, 103.150 real sec
[M::process] 0 single-end sequences; 646570 paired-end sequences
[M::process] read 646168 sequences (80000027 bp)...
[M::mem_pestat] # candidate unique pairs for (FF, FR, RF, RR): (0, 244968, 6, 0)
[M::mem_pestat] skip orientation FF as there are not enough pairs
[M::mem_pestat] analyzing insert size distribution for orientation FR...
[M::mem_pestat] (25, 50, 75) percentile: (174, 198, 226)
[M::mem_pestat] low and high boundaries for computing mean and std.dev: (70, 330)
[M::mem_pestat] mean and std.dev: (200.69, 36.42)
[M::mem_pestat] low and high boundaries for proper pairs: (18, 382)
[M::mem_pestat] skip orientation RF as there are not enough pairs
[M::mem_pestat] skip orientation RR as there are not enough pairs
[M::mem_process_seqs] Processed 646570 reads in 894.455 CPU sec, 114.495 real sec
[M::process] 0 single-end sequences; 646168 paired-end sequences
[M::process] read 646102 sequences (80000220 bp)...
[M::mem_pestat] # candidate unique pairs for (FF, FR, RF, RR): (0, 245926, 2, 0)
[M::mem_pestat] skip orientation FF as there are not enough pairs
[M::mem_pestat] analyzing insert size distribution for orientation FR...
[M::mem_pestat] (25, 50, 75) percentile: (174, 198, 226)
[M::mem_pestat] low and high boundaries for computing mean and std.dev: (70, 330)
[M::mem_pestat] mean and std.dev: (200.50, 36.38)
[M::mem_pestat] low and high boundaries for proper pairs: (18, 382)
[M::mem_pestat] skip orientation RF as there are not enough pairs
[M::mem_pestat] skip orientation RR as there are not enough pairs
[M::mem_process_seqs] Processed 646168 reads in 837.825 CPU sec, 107.408 real sec
[M::process] 0 single-end sequences; 646102 paired-end sequences
[M::process] read 648378 sequences (80000013 bp)...
[M::mem_pestat] # candidate unique pairs for (FF, FR, RF, RR): (0, 244987, 4, 0)
[M::mem_pestat] skip orientation FF as there are not enough pairs
[M::mem_pestat] analyzing insert size distribution for orientation FR...
[M::mem_pestat] (25, 50, 75) percentile: (174, 197, 226)
[M::mem_pestat] low and high boundaries for computing mean and std.dev: (70, 330)
[M::mem_pestat] mean and std.dev: (200.44, 36.38)
[M::mem_pestat] low and high boundaries for proper pairs: (18, 382)
[M::mem_pestat] skip orientation RF as there are not enough pairs
[M::mem_pestat] skip orientation RR as there are not enough pairs
[M::mem_process_seqs] Processed 646102 reads in 822.649 CPU sec, 105.490 real sec
[M::process] 0 single-end sequences; 648378 paired-end sequences
[M::process] read 649004 sequences (80000093 bp)...
[M::mem_pestat] # candidate unique pairs for (FF, FR, RF, RR): (0, 246679, 4, 0)
[M::mem_pestat] skip orientation FF as there are not enough pairs
[M::mem_pestat] analyzing insert size distribution for orientation FR...
[M::mem_pestat] (25, 50, 75) percentile: (174, 198, 226)
[M::mem_pestat] low and high boundaries for computing mean and std.dev: (70, 330)
[M::mem_pestat] mean and std.dev: (200.60, 36.37)
[M::mem_pestat] low and high boundaries for proper pairs: (18, 382)
[M::mem_pestat] skip orientation RF as there are not enough pairs
[M::mem_pestat] skip orientation RR as there are not enough pairs
[M::mem_process_seqs] Processed 648378 reads in 819.363 CPU sec, 105.070 real sec
[M::process] 0 single-end sequences; 649004 paired-end sequences
[M::process] read 648280 sequences (80000125 bp)...
[M::mem_pestat] # candidate unique pairs for (FF, FR, RF, RR): (0, 246280, 5, 0)
[M::mem_pestat] skip orientation FF as there are not enough pairs
[M::mem_pestat] analyzing insert size distribution for orientation FR...
[M::mem_pestat] (25, 50, 75) percentile: (174, 198, 227)
[M::mem_pestat] low and high boundaries for computing mean and std.dev: (68, 333)
[M::mem_pestat] mean and std.dev: (201.13, 36.41)
[M::mem_pestat] low and high boundaries for proper pairs: (15, 386)
[M::mem_pestat] skip orientation RF as there are not enough pairs
[M::mem_pestat] skip orientation RR as there are not enough pairs
[M::mem_process_seqs] Processed 649004 reads in 819.925 CPU sec, 105.180 real sec
[M::process] 0 single-end sequences; 648280 paired-end sequences
[M::process] read 647634 sequences (80000014 bp)...
[M::mem_pestat] # candidate unique pairs for (FF, FR, RF, RR): (0, 246542, 4, 0)
[M::mem_pestat] skip orientation FF as there are not enough pairs
[M::mem_pestat] analyzing insert size distribution for orientation FR...
[M::mem_pestat] (25, 50, 75) percentile: (174, 198, 226)
[M::mem_pestat] low and high boundaries for computing mean and std.dev: (70, 330)
[M::mem_pestat] mean and std.dev: (200.93, 36.41)
[M::mem_pestat] low and high boundaries for proper pairs: (18, 382)
[M::mem_pestat] skip orientation RF as there are not enough pairs
[M::mem_pestat] skip orientation RR as there are not enough pairs
[M::mem_process_seqs] Processed 648280 reads in 804.282 CPU sec, 103.210 real sec
[M::process] 0 single-end sequences; 647634 paired-end sequences
[M::process] read 646834 sequences (80000169 bp)...
[M::mem_pestat] # candidate unique pairs for (FF, FR, RF, RR): (0, 246148, 5, 0)
[M::mem_pestat] skip orientation FF as there are not enough pairs
[M::mem_pestat] analyzing insert size distribution for orientation FR...
[M::mem_pestat] (25, 50, 75) percentile: (174, 198, 226)
[M::mem_pestat] low and high boundaries for computing mean and std.dev: (70, 330)
[M::mem_pestat] mean and std.dev: (200.82, 36.40)
[M::mem_pestat] low and high boundaries for proper pairs: (18, 382)
[M::mem_pestat] skip orientation RF as there are not enough pairs
[M::mem_pestat] skip orientation RR as there are not enough pairs
[M::mem_process_seqs] Processed 647634 reads in 804.607 CPU sec, 103.239 real sec
[M::process] 0 single-end sequences; 646834 paired-end sequences
[M::process] read 646204 sequences (80000104 bp)...
[M::mem_pestat] # candidate unique pairs for (FF, FR, RF, RR): (0, 246116, 3, 0)
[M::mem_pestat] skip orientation FF as there are not enough pairs
[M::mem_pestat] analyzing insert size distribution for orientation FR...
[M::mem_pestat] (25, 50, 75) percentile: (174, 198, 226)
[M::mem_pestat] low and high boundaries for computing mean and std.dev: (70, 330)
[M::mem_pestat] mean and std.dev: (200.67, 36.34)
[M::mem_pestat] low and high boundaries for proper pairs: (18, 382)
[M::mem_pestat] skip orientation RF as there are not enough pairs
[M::mem_pestat] skip orientation RR as there are not enough pairs
[M::mem_process_seqs] Processed 646834 reads in 831.022 CPU sec, 106.552 real sec
[M::process] 0 single-end sequences; 646204 paired-end sequences
[M::process] read 646030 sequences (80000001 bp)...
[M::mem_pestat] # candidate unique pairs for (FF, FR, RF, RR): (0, 245796, 5, 0)
[M::mem_pestat] skip orientation FF as there are not enough pairs
[M::mem_pestat] analyzing insert size distribution for orientation FR...
[M::mem_pestat] (25, 50, 75) percentile: (174, 198, 226)
[M::mem_pestat] low and high boundaries for computing mean and std.dev: (70, 330)
[M::mem_pestat] mean and std.dev: (200.49, 36.35)
[M::mem_pestat] low and high boundaries for proper pairs: (18, 382)
[M::mem_pestat] skip orientation RF as there are not enough pairs
[M::mem_pestat] skip orientation RR as there are not enough pairs
[M::mem_process_seqs] Processed 646204 reads in 817.355 CPU sec, 104.846 real sec
[M::process] 0 single-end sequences; 646030 paired-end sequences
[M::process] read 648828 sequences (80000204 bp)...
[M::mem_pestat] # candidate unique pairs for (FF, FR, RF, RR): (0, 244823, 3, 0)
[M::mem_pestat] skip orientation FF as there are not enough pairs
[M::mem_pestat] analyzing insert size distribution for orientation FR...
[M::mem_pestat] (25, 50, 75) percentile: (174, 198, 226)
[M::mem_pestat] low and high boundaries for computing mean and std.dev: (70, 330)
[M::mem_pestat] mean and std.dev: (200.53, 36.40)
[M::mem_pestat] low and high boundaries for proper pairs: (18, 382)
[M::mem_pestat] skip orientation RF as there are not enough pairs
[M::mem_pestat] skip orientation RR as there are not enough pairs
[M::mem_process_seqs] Processed 646030 reads in 845.847 CPU sec, 108.408 real sec
[M::process] 0 single-end sequences; 648828 paired-end sequences
[M::process] read 649462 sequences (80000094 bp)...
[M::mem_pestat] # candidate unique pairs for (FF, FR, RF, RR): (0, 246791, 2, 0)
[M::mem_pestat] skip orientation FF as there are not enough pairs
[M::mem_pestat] analyzing insert size distribution for orientation FR...
[M::mem_pestat] (25, 50, 75) percentile: (174, 198, 226)
[M::mem_pestat] low and high boundaries for computing mean and std.dev: (70, 330)
[M::mem_pestat] mean and std.dev: (200.66, 36.39)
[M::mem_pestat] low and high boundaries for proper pairs: (18, 382)
[M::mem_pestat] skip orientation RF as there are not enough pairs
[M::mem_pestat] skip orientation RR as there are not enough pairs
[M::mem_process_seqs] Processed 648828 reads in 820.317 CPU sec, 105.209 real sec
[M::process] 0 single-end sequences; 649462 paired-end sequences
[M::process] read 648570 sequences (80000116 bp)...
[M::mem_pestat] # candidate unique pairs for (FF, FR, RF, RR): (0, 246182, 3, 0)
[M::mem_pestat] skip orientation FF as there are not enough pairs
[M::mem_pestat] analyzing insert size distribution for orientation FR...
[M::mem_pestat] (25, 50, 75) percentile: (174, 198, 226)
[M::mem_pestat] low and high boundaries for computing mean and std.dev: (70, 330)
[M::mem_pestat] mean and std.dev: (201.06, 36.41)
[M::mem_pestat] low and high boundaries for proper pairs: (18, 382)
[M::mem_pestat] skip orientation RF as there are not enough pairs
[M::mem_pestat] skip orientation RR as there are not enough pairs
[M::mem_process_seqs] Processed 649462 reads in 827.678 CPU sec, 106.122 real sec
[M::process] 0 single-end sequences; 648570 paired-end sequences
[M::process] read 648010 sequences (80000009 bp)...
[M::mem_pestat] # candidate unique pairs for (FF, FR, RF, RR): (0, 246351, 5, 0)
[M::mem_pestat] skip orientation FF as there are not enough pairs
[M::mem_pestat] analyzing insert size distribution for orientation FR...
[M::mem_pestat] (25, 50, 75) percentile: (174, 198, 226)
[M::mem_pestat] low and high boundaries for computing mean and std.dev: (70, 330)
[M::mem_pestat] mean and std.dev: (200.94, 36.45)
[M::mem_pestat] low and high boundaries for proper pairs: (18, 382)
[M::mem_pestat] skip orientation RF as there are not enough pairs
[M::mem_pestat] skip orientation RR as there are not enough pairs
[M::mem_process_seqs] Processed 648570 reads in 818.759 CPU sec, 105.015 real sec
[M::process] 0 single-end sequences; 648010 paired-end sequences
[M::process] read 647130 sequences (80000034 bp)...
[M::mem_pestat] # candidate unique pairs for (FF, FR, RF, RR): (0, 246531, 5, 0)
[M::mem_pestat] skip orientation FF as there are not enough pairs
[M::mem_pestat] analyzing insert size distribution for orientation FR...
[M::mem_pestat] (25, 50, 75) percentile: (174, 198, 226)
[M::mem_pestat] low and high boundaries for computing mean and std.dev: (70, 330)
[M::mem_pestat] mean and std.dev: (200.73, 36.38)
[M::mem_pestat] low and high boundaries for proper pairs: (18, 382)
[M::mem_pestat] skip orientation RF as there are not enough pairs
[M::mem_pestat] skip orientation RR as there are not enough pairs
[M::mem_process_seqs] Processed 648010 reads in 804.736 CPU sec, 103.255 real sec
[M::process] 0 single-end sequences; 647130 paired-end sequences
[M::process] read 646994 sequences (80000141 bp)...
[M::mem_pestat] # candidate unique pairs for (FF, FR, RF, RR): (0, 245471, 5, 0)
[M::mem_pestat] skip orientation FF as there are not enough pairs
[M::mem_pestat] analyzing insert size distribution for orientation FR...
[M::mem_pestat] (25, 50, 75) percentile: (174, 198, 226)
[M::mem_pestat] low and high boundaries for computing mean and std.dev: (70, 330)
[M::mem_pestat] mean and std.dev: (200.75, 36.45)
[M::mem_pestat] low and high boundaries for proper pairs: (18, 382)
[M::mem_pestat] skip orientation RF as there are not enough pairs
[M::mem_pestat] skip orientation RR as there are not enough pairs
[M::mem_process_seqs] Processed 647130 reads in 810.953 CPU sec, 104.037 real sec
[M::process] 0 single-end sequences; 646994 paired-end sequences
[M::process] read 646844 sequences (80000148 bp)...
[M::mem_pestat] # candidate unique pairs for (FF, FR, RF, RR): (0, 245530, 6, 0)
[M::mem_pestat] skip orientation FF as there are not enough pairs
[M::mem_pestat] analyzing insert size distribution for orientation FR...
[M::mem_pestat] (25, 50, 75) percentile: (174, 197, 226)
[M::mem_pestat] low and high boundaries for computing mean and std.dev: (70, 330)
[M::mem_pestat] mean and std.dev: (200.45, 36.39)
[M::mem_pestat] low and high boundaries for proper pairs: (18, 382)
[M::mem_pestat] skip orientation RF as there are not enough pairs
[M::mem_pestat] skip orientation RR as there are not enough pairs
[M::mem_process_seqs] Processed 646994 reads in 844.477 CPU sec, 108.242 real sec
[M::process] 0 single-end sequences; 646844 paired-end sequences
[M::process] read 648268 sequences (80000240 bp)...
[M::mem_pestat] # candidate unique pairs for (FF, FR, RF, RR): (0, 245502, 5, 0)
[M::mem_pestat] skip orientation FF as there are not enough pairs
[M::mem_pestat] analyzing insert size distribution for orientation FR...
[M::mem_pestat] (25, 50, 75) percentile: (174, 197, 226)
[M::mem_pestat] low and high boundaries for computing mean and std.dev: (70, 330)
[M::mem_pestat] mean and std.dev: (200.39, 36.28)
[M::mem_pestat] low and high boundaries for proper pairs: (18, 382)
[M::mem_pestat] skip orientation RF as there are not enough pairs
[M::mem_pestat] skip orientation RR as there are not enough pairs
[M::mem_process_seqs] Processed 646844 reads in 843.155 CPU sec, 108.038 real sec
[M::process] 0 single-end sequences; 648268 paired-end sequences
[M::process] read 647614 sequences (80000031 bp)...
[M::mem_pestat] # candidate unique pairs for (FF, FR, RF, RR): (0, 246402, 5, 0)
[M::mem_pestat] skip orientation FF as there are not enough pairs
[M::mem_pestat] analyzing insert size distribution for orientation FR...
[M::mem_pestat] (25, 50, 75) percentile: (174, 198, 226)
[M::mem_pestat] low and high boundaries for computing mean and std.dev: (70, 330)
[M::mem_pestat] mean and std.dev: (200.85, 36.43)
[M::mem_pestat] low and high boundaries for proper pairs: (18, 382)
[M::mem_pestat] skip orientation RF as there are not enough pairs
[M::mem_pestat] skip orientation RR as there are not enough pairs
[M::mem_process_seqs] Processed 648268 reads in 812.197 CPU sec, 104.178 real sec
[M::process] 0 single-end sequences; 647614 paired-end sequences
[M::process] read 647312 sequences (80000208 bp)...
[M::mem_pestat] # candidate unique pairs for (FF, FR, RF, RR): (0, 245432, 4, 0)
[M::mem_pestat] skip orientation FF as there are not enough pairs
[M::mem_pestat] analyzing insert size distribution for orientation FR...
[M::mem_pestat] (25, 50, 75) percentile: (174, 198, 226)
[M::mem_pestat] low and high boundaries for computing mean and std.dev: (70, 330)
[M::mem_pestat] mean and std.dev: (200.96, 36.40)
[M::mem_pestat] low and high boundaries for proper pairs: (18, 382)
[M::mem_pestat] skip orientation RF as there are not enough pairs
[M::mem_pestat] skip orientation RR as there are not enough pairs
[M::mem_process_seqs] Processed 647614 reads in 809.250 CPU sec, 103.873 real sec
[M::process] 0 single-end sequences; 647312 paired-end sequences
[M::process] read 647254 sequences (80000126 bp)...
[M::mem_pestat] # candidate unique pairs for (FF, FR, RF, RR): (0, 246160, 4, 0)
[M::mem_pestat] skip orientation FF as there are not enough pairs
[M::mem_pestat] analyzing insert size distribution for orientation FR...
[M::mem_pestat] (25, 50, 75) percentile: (174, 198, 226)
[M::mem_pestat] low and high boundaries for computing mean and std.dev: (70, 330)
[M::mem_pestat] mean and std.dev: (200.89, 36.41)
[M::mem_pestat] low and high boundaries for proper pairs: (18, 382)
[M::mem_pestat] skip orientation RF as there are not enough pairs
[M::mem_pestat] skip orientation RR as there are not enough pairs
[M::mem_process_seqs] Processed 647312 reads in 795.824 CPU sec, 102.597 real sec
[M::process] 0 single-end sequences; 647254 paired-end sequences
[M::process] read 646522 sequences (80000046 bp)...
[M::mem_pestat] # candidate unique pairs for (FF, FR, RF, RR): (0, 246732, 2, 0)
[M::mem_pestat] skip orientation FF as there are not enough pairs
[M::mem_pestat] analyzing insert size distribution for orientation FR...
[M::mem_pestat] (25, 50, 75) percentile: (174, 198, 226)
[M::mem_pestat] low and high boundaries for computing mean and std.dev: (70, 330)
[M::mem_pestat] mean and std.dev: (200.85, 36.44)
[M::mem_pestat] low and high boundaries for proper pairs: (18, 382)
[M::mem_pestat] skip orientation RF as there are not enough pairs
[M::mem_pestat] skip orientation RR as there are not enough pairs
[M::mem_process_seqs] Processed 647254 reads in 788.652 CPU sec, 101.242 real sec
[M::process] 0 single-end sequences; 646522 paired-end sequences
[M::process] read 646100 sequences (80000227 bp)...
[M::mem_pestat] # candidate unique pairs for (FF, FR, RF, RR): (0, 245840, 2, 0)
[M::mem_pestat] skip orientation FF as there are not enough pairs
[M::mem_pestat] analyzing insert size distribution for orientation FR...
[M::mem_pestat] (25, 50, 75) percentile: (174, 198, 226)
[M::mem_pestat] low and high boundaries for computing mean and std.dev: (70, 330)
[M::mem_pestat] mean and std.dev: (200.79, 36.45)
[M::mem_pestat] low and high boundaries for proper pairs: (18, 382)
[M::mem_pestat] skip orientation RF as there are not enough pairs
[M::mem_pestat] skip orientation RR as there are not enough pairs
[M::mem_process_seqs] Processed 646522 reads in 790.658 CPU sec, 101.614 real sec
[M::process] 0 single-end sequences; 646100 paired-end sequences
[M::process] read 645734 sequences (80000146 bp)...
[M::mem_pestat] # candidate unique pairs for (FF, FR, RF, RR): (0, 246115, 3, 0)
[M::mem_pestat] skip orientation FF as there are not enough pairs
[M::mem_pestat] analyzing insert size distribution for orientation FR...
[M::mem_pestat] (25, 50, 75) percentile: (174, 197, 226)
[M::mem_pestat] low and high boundaries for computing mean and std.dev: (70, 330)
[M::mem_pestat] mean and std.dev: (200.41, 36.36)
[M::mem_pestat] low and high boundaries for proper pairs: (18, 382)
[M::mem_pestat] skip orientation RF as there are not enough pairs
[M::mem_pestat] skip orientation RR as there are not enough pairs
[M::mem_process_seqs] Processed 646100 reads in 801.382 CPU sec, 102.822 real sec
[M::process] 0 single-end sequences; 645734 paired-end sequences
[M::process] read 648194 sequences (80000074 bp)...
[M::mem_pestat] # candidate unique pairs for (FF, FR, RF, RR): (0, 244984, 5, 0)
[M::mem_pestat] skip orientation FF as there are not enough pairs
[M::mem_pestat] analyzing insert size distribution for orientation FR...
[M::mem_pestat] (25, 50, 75) percentile: (174, 197, 226)
[M::mem_pestat] low and high boundaries for computing mean and std.dev: (70, 330)
[M::mem_pestat] mean and std.dev: (200.34, 36.39)
[M::mem_pestat] low and high boundaries for proper pairs: (18, 382)
[M::mem_pestat] skip orientation RF as there are not enough pairs
[M::mem_pestat] skip orientation RR as there are not enough pairs
[M::mem_process_seqs] Processed 645734 reads in 814.164 CPU sec, 104.417 real sec
[M::process] 0 single-end sequences; 648194 paired-end sequences
[M::process] read 649628 sequences (80000032 bp)...
[M::mem_pestat] # candidate unique pairs for (FF, FR, RF, RR): (0, 246108, 10, 0)
[M::mem_pestat] skip orientation FF as there are not enough pairs
[M::mem_pestat] analyzing insert size distribution for orientation FR...
[M::mem_pestat] (25, 50, 75) percentile: (174, 198, 226)
[M::mem_pestat] low and high boundaries for computing mean and std.dev: (70, 330)
[M::mem_pestat] mean and std.dev: (200.62, 36.42)
[M::mem_pestat] low and high boundaries for proper pairs: (18, 382)
[M::mem_pestat] analyzing insert size distribution for orientation RF...
[M::mem_pestat] (25, 50, 75) percentile: (156, 189, 194)
[M::mem_pestat] low and high boundaries for computing mean and std.dev: (80, 270)
[M::mem_pestat] mean and std.dev: (164.12, 31.48)
[M::mem_pestat] low and high boundaries for proper pairs: (38, 308)
[M::mem_pestat] skip orientation RR as there are not enough pairs
[M::mem_pestat] skip orientation RF
[M::mem_process_seqs] Processed 648194 reads in 811.684 CPU sec, 104.119 real sec
[M::process] 0 single-end sequences; 649628 paired-end sequences
[M::process] read 648460 sequences (80000092 bp)...
[M::mem_pestat] # candidate unique pairs for (FF, FR, RF, RR): (0, 246921, 4, 0)
[M::mem_pestat] skip orientation FF as there are not enough pairs
[M::mem_pestat] analyzing insert size distribution for orientation FR...
[M::mem_pestat] (25, 50, 75) percentile: (174, 198, 226)
[M::mem_pestat] low and high boundaries for computing mean and std.dev: (70, 330)
[M::mem_pestat] mean and std.dev: (200.83, 36.45)
[M::mem_pestat] low and high boundaries for proper pairs: (18, 382)
[M::mem_pestat] skip orientation RF as there are not enough pairs
[M::mem_pestat] skip orientation RR as there are not enough pairs
[M::mem_process_seqs] Processed 649628 reads in 811.176 CPU sec, 104.057 real sec
[M::process] 0 single-end sequences; 648460 paired-end sequences
[M::process] read 648486 sequences (80000243 bp)...
[M::mem_pestat] # candidate unique pairs for (FF, FR, RF, RR): (0, 246816, 1, 0)
[M::mem_pestat] skip orientation FF as there are not enough pairs
[M::mem_pestat] analyzing insert size distribution for orientation FR...
[M::mem_pestat] (25, 50, 75) percentile: (174, 198, 226)
[M::mem_pestat] low and high boundaries for computing mean and std.dev: (70, 330)
[M::mem_pestat] mean and std.dev: (200.89, 36.42)
[M::mem_pestat] low and high boundaries for proper pairs: (18, 382)
[M::mem_pestat] skip orientation RF as there are not enough pairs
[M::mem_pestat] skip orientation RR as there are not enough pairs
[M::mem_process_seqs] Processed 648460 reads in 797.566 CPU sec, 102.370 real sec
[M::process] 0 single-end sequences; 648486 paired-end sequences
[M::process] read 647366 sequences (80000222 bp)...
[M::mem_pestat] # candidate unique pairs for (FF, FR, RF, RR): (0, 246954, 5, 0)
[M::mem_pestat] skip orientation FF as there are not enough pairs
[M::mem_pestat] analyzing insert size distribution for orientation FR...
[M::mem_pestat] (25, 50, 75) percentile: (174, 198, 226)
[M::mem_pestat] low and high boundaries for computing mean and std.dev: (70, 330)
[M::mem_pestat] mean and std.dev: (200.88, 36.39)
[M::mem_pestat] low and high boundaries for proper pairs: (18, 382)
[M::mem_pestat] skip orientation RF as there are not enough pairs
[M::mem_pestat] skip orientation RR as there are not enough pairs
[M::mem_process_seqs] Processed 648486 reads in 795.750 CPU sec, 102.154 real sec
[M::process] 0 single-end sequences; 647366 paired-end sequences
[M::process] read 646712 sequences (80000235 bp)...
[M::mem_pestat] # candidate unique pairs for (FF, FR, RF, RR): (0, 246637, 9, 0)
[M::mem_pestat] skip orientation FF as there are not enough pairs
[M::mem_pestat] analyzing insert size distribution for orientation FR...
[M::mem_pestat] (25, 50, 75) percentile: (174, 198, 226)
[M::mem_pestat] low and high boundaries for computing mean and std.dev: (70, 330)
[M::mem_pestat] mean and std.dev: (200.77, 36.41)
[M::mem_pestat] low and high boundaries for proper pairs: (18, 382)
[M::mem_pestat] skip orientation RF as there are not enough pairs
[M::mem_pestat] skip orientation RR as there are not enough pairs
[M::mem_process_seqs] Processed 647366 reads in 789.047 CPU sec, 101.299 real sec
[M::process] 0 single-end sequences; 646712 paired-end sequences
[M::process] read 646396 sequences (80000185 bp)...
[M::mem_pestat] # candidate unique pairs for (FF, FR, RF, RR): (0, 246337, 3, 0)
[M::mem_pestat] skip orientation FF as there are not enough pairs
[M::mem_pestat] analyzing insert size distribution for orientation FR...
[M::mem_pestat] (25, 50, 75) percentile: (174, 198, 226)
[M::mem_pestat] low and high boundaries for computing mean and std.dev: (70, 330)
[M::mem_pestat] mean and std.dev: (200.53, 36.40)
[M::mem_pestat] low and high boundaries for proper pairs: (18, 382)
[M::mem_pestat] skip orientation RF as there are not enough pairs
[M::mem_pestat] skip orientation RR as there are not enough pairs
[M::mem_process_seqs] Processed 646712 reads in 796.943 CPU sec, 102.272 real sec
[M::process] 0 single-end sequences; 646396 paired-end sequences
[M::process] read 648102 sequences (80000067 bp)...
[M::mem_pestat] # candidate unique pairs for (FF, FR, RF, RR): (0, 246101, 3, 0)
[M::mem_pestat] skip orientation FF as there are not enough pairs
[M::mem_pestat] analyzing insert size distribution for orientation FR...
[M::mem_pestat] (25, 50, 75) percentile: (174, 197, 226)
[M::mem_pestat] low and high boundaries for computing mean and std.dev: (70, 330)
[M::mem_pestat] mean and std.dev: (200.44, 36.40)
[M::mem_pestat] low and high boundaries for proper pairs: (18, 382)
[M::mem_pestat] skip orientation RF as there are not enough pairs
[M::mem_pestat] skip orientation RR as there are not enough pairs
[M::mem_process_seqs] Processed 646396 reads in 806.014 CPU sec, 103.419 real sec
[M::process] 0 single-end sequences; 648102 paired-end sequences
[M::process] read 650976 sequences (80000160 bp)...
[M::mem_pestat] # candidate unique pairs for (FF, FR, RF, RR): (0, 246383, 6, 0)
[M::mem_pestat] skip orientation FF as there are not enough pairs
[M::mem_pestat] analyzing insert size distribution for orientation FR...
[M::mem_pestat] (25, 50, 75) percentile: (174, 198, 226)
[M::mem_pestat] low and high boundaries for computing mean and std.dev: (70, 330)
[M::mem_pestat] mean and std.dev: (200.55, 36.31)
[M::mem_pestat] low and high boundaries for proper pairs: (18, 382)
[M::mem_pestat] skip orientation RF as there are not enough pairs
[M::mem_pestat] skip orientation RR as there are not enough pairs
[M::mem_process_seqs] Processed 648102 reads in 811.881 CPU sec, 104.143 real sec
[M::process] 0 single-end sequences; 650976 paired-end sequences
[M::process] read 649024 sequences (80000105 bp)...
[M::mem_pestat] # candidate unique pairs for (FF, FR, RF, RR): (0, 246924, 1, 0)
[M::mem_pestat] skip orientation FF as there are not enough pairs
[M::mem_pestat] analyzing insert size distribution for orientation FR...
[M::mem_pestat] (25, 50, 75) percentile: (174, 198, 227)
[M::mem_pestat] low and high boundaries for computing mean and std.dev: (68, 333)
[M::mem_pestat] mean and std.dev: (201.28, 36.55)
[M::mem_pestat] low and high boundaries for proper pairs: (15, 386)
[M::mem_pestat] skip orientation RF as there are not enough pairs
[M::mem_pestat] skip orientation RR as there are not enough pairs
[M::mem_process_seqs] Processed 650976 reads in 823.065 CPU sec, 105.566 real sec
[M::process] 0 single-end sequences; 649024 paired-end sequences
[M::process] read 649202 sequences (80000243 bp)...
[M::mem_pestat] # candidate unique pairs for (FF, FR, RF, RR): (0, 246877, 5, 0)
[M::mem_pestat] skip orientation FF as there are not enough pairs
[M::mem_pestat] analyzing insert size distribution for orientation FR...
[M::mem_pestat] (25, 50, 75) percentile: (174, 198, 227)
[M::mem_pestat] low and high boundaries for computing mean and std.dev: (68, 333)
[M::mem_pestat] mean and std.dev: (201.03, 36.42)
[M::mem_pestat] low and high boundaries for proper pairs: (15, 386)
[M::mem_pestat] skip orientation RF as there are not enough pairs
[M::mem_pestat] skip orientation RR as there are not enough pairs
[M::mem_process_seqs] Processed 649024 reads in 808.321 CPU sec, 103.735 real sec
[M::process] 0 single-end sequences; 649202 paired-end sequences
[M::process] read 647976 sequences (80000139 bp)...
[M::mem_pestat] # candidate unique pairs for (FF, FR, RF, RR): (0, 246739, 4, 0)
[M::mem_pestat] skip orientation FF as there are not enough pairs
[M::mem_pestat] analyzing insert size distribution for orientation FR...
[M::mem_pestat] (25, 50, 75) percentile: (174, 198, 226)
[M::mem_pestat] low and high boundaries for computing mean and std.dev: (70, 330)
[M::mem_pestat] mean and std.dev: (200.88, 36.47)
[M::mem_pestat] low and high boundaries for proper pairs: (18, 382)
[M::mem_pestat] skip orientation RF as there are not enough pairs
[M::mem_pestat] skip orientation RR as there are not enough pairs
[M::mem_process_seqs] Processed 649202 reads in 813.303 CPU sec, 104.350 real sec
[M::process] 0 single-end sequences; 647976 paired-end sequences
[M::process] read 647124 sequences (80000037 bp)...
[M::mem_pestat] # candidate unique pairs for (FF, FR, RF, RR): (0, 246207, 2, 0)
[M::mem_pestat] skip orientation FF as there are not enough pairs
[M::mem_pestat] analyzing insert size distribution for orientation FR...
[M::mem_pestat] (25, 50, 75) percentile: (174, 198, 226)
[M::mem_pestat] low and high boundaries for computing mean and std.dev: (70, 330)
[M::mem_pestat] mean and std.dev: (200.94, 36.43)
[M::mem_pestat] low and high boundaries for proper pairs: (18, 382)
[M::mem_pestat] skip orientation RF as there are not enough pairs
[M::mem_pestat] skip orientation RR as there are not enough pairs
[M::mem_process_seqs] Processed 647976 reads in 803.804 CPU sec, 103.161 real sec
[M::process] 0 single-end sequences; 647124 paired-end sequences
[M::process] read 646676 sequences (80000070 bp)...
[M::mem_pestat] # candidate unique pairs for (FF, FR, RF, RR): (0, 245908, 1, 0)
[M::mem_pestat] skip orientation FF as there are not enough pairs
[M::mem_pestat] analyzing insert size distribution for orientation FR...
[M::mem_pestat] (25, 50, 75) percentile: (174, 198, 226)
[M::mem_pestat] low and high boundaries for computing mean and std.dev: (70, 330)
[M::mem_pestat] mean and std.dev: (200.71, 36.43)
[M::mem_pestat] low and high boundaries for proper pairs: (18, 382)
[M::mem_pestat] skip orientation RF as there are not enough pairs
[M::mem_pestat] skip orientation RR as there are not enough pairs
[M::mem_process_seqs] Processed 647124 reads in 805.996 CPU sec, 103.419 real sec
[M::process] 0 single-end sequences; 646676 paired-end sequences
[M::process] read 646424 sequences (80000014 bp)...
[M::mem_pestat] # candidate unique pairs for (FF, FR, RF, RR): (0, 246125, 3, 0)
[M::mem_pestat] skip orientation FF as there are not enough pairs
[M::mem_pestat] analyzing insert size distribution for orientation FR...
[M::mem_pestat] (25, 50, 75) percentile: (174, 198, 226)
[M::mem_pestat] low and high boundaries for computing mean and std.dev: (70, 330)
[M::mem_pestat] mean and std.dev: (200.62, 36.35)
[M::mem_pestat] low and high boundaries for proper pairs: (18, 382)
[M::mem_pestat] skip orientation RF as there are not enough pairs
[M::mem_pestat] skip orientation RR as there are not enough pairs
[M::mem_process_seqs] Processed 646676 reads in 806.563 CPU sec, 103.482 real sec
[M::process] 0 single-end sequences; 646424 paired-end sequences
[M::process] read 648490 sequences (80000199 bp)...
[M::mem_pestat] # candidate unique pairs for (FF, FR, RF, RR): (0, 245461, 3, 0)
[M::mem_pestat] skip orientation FF as there are not enough pairs
[M::mem_pestat] analyzing insert size distribution for orientation FR...
[M::mem_pestat] (25, 50, 75) percentile: (174, 197, 226)
[M::mem_pestat] low and high boundaries for computing mean and std.dev: (70, 330)
[M::mem_pestat] mean and std.dev: (200.45, 36.33)
[M::mem_pestat] low and high boundaries for proper pairs: (18, 382)
[M::mem_pestat] skip orientation RF as there are not enough pairs
[M::mem_pestat] skip orientation RR as there are not enough pairs
[M::mem_process_seqs] Processed 646424 reads in 823.819 CPU sec, 105.650 real sec
[M::process] 0 single-end sequences; 648490 paired-end sequences
[M::process] read 647688 sequences (80000069 bp)...
[M::mem_pestat] # candidate unique pairs for (FF, FR, RF, RR): (0, 245481, 2, 0)
[M::mem_pestat] skip orientation FF as there are not enough pairs
[M::mem_pestat] analyzing insert size distribution for orientation FR...
[M::mem_pestat] (25, 50, 75) percentile: (174, 198, 227)
[M::mem_pestat] low and high boundaries for computing mean and std.dev: (68, 333)
[M::mem_pestat] mean and std.dev: (201.03, 36.45)
[M::mem_pestat] low and high boundaries for proper pairs: (15, 386)
[M::mem_pestat] skip orientation RF as there are not enough pairs
[M::mem_pestat] skip orientation RR as there are not enough pairs
[M::mem_process_seqs] Processed 648490 reads in 864.899 CPU sec, 110.817 real sec
[M::process] 0 single-end sequences; 647688 paired-end sequences
[M::process] read 647558 sequences (80000161 bp)...
[M::mem_pestat] # candidate unique pairs for (FF, FR, RF, RR): (0, 245928, 2, 0)
[M::mem_pestat] skip orientation FF as there are not enough pairs
[M::mem_pestat] analyzing insert size distribution for orientation FR...
[M::mem_pestat] (25, 50, 75) percentile: (174, 198, 226)
[M::mem_pestat] low and high boundaries for computing mean and std.dev: (70, 330)
[M::mem_pestat] mean and std.dev: (200.91, 36.36)
[M::mem_pestat] low and high boundaries for proper pairs: (18, 382)
[M::mem_pestat] skip orientation RF as there are not enough pairs
[M::mem_pestat] skip orientation RR as there are not enough pairs
[M::mem_process_seqs] Processed 647688 reads in 813.971 CPU sec, 104.418 real sec
[M::process] 0 single-end sequences; 647558 paired-end sequences
[M::process] read 646728 sequences (80000186 bp)...
[M::mem_pestat] # candidate unique pairs for (FF, FR, RF, RR): (0, 246282, 4, 0)
[M::mem_pestat] skip orientation FF as there are not enough pairs
[M::mem_pestat] analyzing insert size distribution for orientation FR...
[M::mem_pestat] (25, 50, 75) percentile: (174, 198, 226)
[M::mem_pestat] low and high boundaries for computing mean and std.dev: (70, 330)
[M::mem_pestat] mean and std.dev: (200.89, 36.50)
[M::mem_pestat] low and high boundaries for proper pairs: (18, 382)
[M::mem_pestat] skip orientation RF as there are not enough pairs
[M::mem_pestat] skip orientation RR as there are not enough pairs
[M::mem_process_seqs] Processed 647558 reads in 807.628 CPU sec, 103.622 real sec
[M::process] 0 single-end sequences; 646728 paired-end sequences
[M::process] read 646386 sequences (80000027 bp)...
[M::mem_pestat] # candidate unique pairs for (FF, FR, RF, RR): (0, 245512, 2, 0)
[M::mem_pestat] skip orientation FF as there are not enough pairs
[M::mem_pestat] analyzing insert size distribution for orientation FR...
[M::mem_pestat] (25, 50, 75) percentile: (174, 198, 226)
[M::mem_pestat] low and high boundaries for computing mean and std.dev: (70, 330)
[M::mem_pestat] mean and std.dev: (200.68, 36.44)
[M::mem_pestat] low and high boundaries for proper pairs: (18, 382)
[M::mem_pestat] skip orientation RF as there are not enough pairs
[M::mem_pestat] skip orientation RR as there are not enough pairs
[M::mem_process_seqs] Processed 646728 reads in 847.902 CPU sec, 108.645 real sec
[M::process] 0 single-end sequences; 646386 paired-end sequences
[M::process] read 646534 sequences (80000186 bp)...
[M::mem_pestat] # candidate unique pairs for (FF, FR, RF, RR): (0, 245890, 2, 0)
[M::mem_pestat] skip orientation FF as there are not enough pairs
[M::mem_pestat] analyzing insert size distribution for orientation FR...
[M::mem_pestat] (25, 50, 75) percentile: (174, 198, 226)
[M::mem_pestat] low and high boundaries for computing mean and std.dev: (70, 330)
[M::mem_pestat] mean and std.dev: (200.56, 36.45)
[M::mem_pestat] low and high boundaries for proper pairs: (18, 382)
[M::mem_pestat] skip orientation RF as there are not enough pairs
[M::mem_pestat] skip orientation RR as there are not enough pairs
[M::mem_process_seqs] Processed 646386 reads in 819.808 CPU sec, 105.139 real sec
[M::process] 0 single-end sequences; 646534 paired-end sequences
[M::process] read 647846 sequences (80000235 bp)...
[M::mem_pestat] # candidate unique pairs for (FF, FR, RF, RR): (0, 244839, 6, 0)
[M::mem_pestat] skip orientation FF as there are not enough pairs
[M::mem_pestat] analyzing insert size distribution for orientation FR...
[M::mem_pestat] (25, 50, 75) percentile: (174, 198, 226)
[M::mem_pestat] low and high boundaries for computing mean and std.dev: (70, 330)
[M::mem_pestat] mean and std.dev: (200.50, 36.38)
[M::mem_pestat] low and high boundaries for proper pairs: (18, 382)
[M::mem_pestat] skip orientation RF as there are not enough pairs
[M::mem_pestat] skip orientation RR as there are not enough pairs
[M::mem_process_seqs] Processed 646534 reads in 832.505 CPU sec, 106.741 real sec
[M::process] 0 single-end sequences; 647846 paired-end sequences
[M::process] read 650024 sequences (80000011 bp)...
[M::mem_pestat] # candidate unique pairs for (FF, FR, RF, RR): (0, 245318, 3, 0)
[M::mem_pestat] skip orientation FF as there are not enough pairs
[M::mem_pestat] analyzing insert size distribution for orientation FR...
[M::mem_pestat] (25, 50, 75) percentile: (174, 197, 226)
[M::mem_pestat] low and high boundaries for computing mean and std.dev: (70, 330)
[M::mem_pestat] mean and std.dev: (200.47, 36.42)
[M::mem_pestat] low and high boundaries for proper pairs: (18, 382)
[M::mem_pestat] skip orientation RF as there are not enough pairs
[M::mem_pestat] skip orientation RR as there are not enough pairs
[M::mem_process_seqs] Processed 647846 reads in 835.698 CPU sec, 107.127 real sec
[M::process] 0 single-end sequences; 650024 paired-end sequences
[M::process] read 648644 sequences (80000070 bp)...
[M::mem_pestat] # candidate unique pairs for (FF, FR, RF, RR): (0, 247001, 4, 0)
[M::mem_pestat] skip orientation FF as there are not enough pairs
[M::mem_pestat] analyzing insert size distribution for orientation FR...
[M::mem_pestat] (25, 50, 75) percentile: (174, 198, 226)
[M::mem_pestat] low and high boundaries for computing mean and std.dev: (70, 330)
[M::mem_pestat] mean and std.dev: (200.96, 36.39)
[M::mem_pestat] low and high boundaries for proper pairs: (18, 382)
[M::mem_pestat] skip orientation RF as there are not enough pairs
[M::mem_pestat] skip orientation RR as there are not enough pairs
[M::mem_process_seqs] Processed 650024 reads in 833.546 CPU sec, 106.851 real sec
[M::process] 0 single-end sequences; 648644 paired-end sequences
[M::process] read 648580 sequences (80000105 bp)...
[M::mem_pestat] # candidate unique pairs for (FF, FR, RF, RR): (0, 246550, 3, 0)
[M::mem_pestat] skip orientation FF as there are not enough pairs
[M::mem_pestat] analyzing insert size distribution for orientation FR...
[M::mem_pestat] (25, 50, 75) percentile: (174, 198, 226)
[M::mem_pestat] low and high boundaries for computing mean and std.dev: (70, 330)
[M::mem_pestat] mean and std.dev: (200.83, 36.36)
[M::mem_pestat] low and high boundaries for proper pairs: (18, 382)
[M::mem_pestat] skip orientation RF as there are not enough pairs
[M::mem_pestat] skip orientation RR as there are not enough pairs
[M::mem_process_seqs] Processed 648644 reads in 808.261 CPU sec, 103.710 real sec
[M::process] 0 single-end sequences; 648580 paired-end sequences
[M::process] read 647432 sequences (80000241 bp)...
[M::mem_pestat] # candidate unique pairs for (FF, FR, RF, RR): (0, 246622, 1, 0)
[M::mem_pestat] skip orientation FF as there are not enough pairs
[M::mem_pestat] analyzing insert size distribution for orientation FR...
[M::mem_pestat] (25, 50, 75) percentile: (174, 198, 226)
[M::mem_pestat] low and high boundaries for computing mean and std.dev: (70, 330)
[M::mem_pestat] mean and std.dev: (200.84, 36.46)
[M::mem_pestat] low and high boundaries for proper pairs: (18, 382)
[M::mem_pestat] skip orientation RF as there are not enough pairs
[M::mem_pestat] skip orientation RR as there are not enough pairs
[M::mem_process_seqs] Processed 648580 reads in 810.258 CPU sec, 103.958 real sec
[M::process] 0 single-end sequences; 647432 paired-end sequences
[M::process] read 647106 sequences (80000018 bp)...
[M::mem_pestat] # candidate unique pairs for (FF, FR, RF, RR): (0, 246584, 1, 0)
[M::mem_pestat] skip orientation FF as there are not enough pairs
[M::mem_pestat] analyzing insert size distribution for orientation FR...
[M::mem_pestat] (25, 50, 75) percentile: (174, 198, 226)
[M::mem_pestat] low and high boundaries for computing mean and std.dev: (70, 330)
[M::mem_pestat] mean and std.dev: (200.71, 36.42)
[M::mem_pestat] low and high boundaries for proper pairs: (18, 382)
[M::mem_pestat] skip orientation RF as there are not enough pairs
[M::mem_pestat] skip orientation RR as there are not enough pairs
[M::mem_process_seqs] Processed 647432 reads in 811.361 CPU sec, 104.099 real sec
[M::process] 0 single-end sequences; 647106 paired-end sequences
[M::process] read 647356 sequences (80000195 bp)...
[M::mem_pestat] # candidate unique pairs for (FF, FR, RF, RR): (0, 246084, 3, 0)
[M::mem_pestat] skip orientation FF as there are not enough pairs
[M::mem_pestat] analyzing insert size distribution for orientation FR...
[M::mem_pestat] (25, 50, 75) percentile: (174, 198, 226)
[M::mem_pestat] low and high boundaries for computing mean and std.dev: (70, 330)
[M::mem_pestat] mean and std.dev: (200.48, 36.41)
[M::mem_pestat] low and high boundaries for proper pairs: (18, 382)
[M::mem_pestat] skip orientation RF as there are not enough pairs
[M::mem_pestat] skip orientation RR as there are not enough pairs
[M::mem_process_seqs] Processed 647106 reads in 799.453 CPU sec, 102.607 real sec
[M::process] 0 single-end sequences; 647356 paired-end sequences
[M::process] read 648560 sequences (80000123 bp)...
[M::mem_pestat] # candidate unique pairs for (FF, FR, RF, RR): (0, 245855, 7, 0)
[M::mem_pestat] skip orientation FF as there are not enough pairs
[M::mem_pestat] analyzing insert size distribution for orientation FR...
[M::mem_pestat] (25, 50, 75) percentile: (174, 197, 226)
[M::mem_pestat] low and high boundaries for computing mean and std.dev: (70, 330)
[M::mem_pestat] mean and std.dev: (200.41, 36.33)
[M::mem_pestat] low and high boundaries for proper pairs: (18, 382)
[M::mem_pestat] skip orientation RF as there are not enough pairs
[M::mem_pestat] skip orientation RR as there are not enough pairs
[M::mem_process_seqs] Processed 647356 reads in 808.611 CPU sec, 103.727 real sec
[M::process] 0 single-end sequences; 648560 paired-end sequences
[M::process] read 651288 sequences (80000069 bp)...
[M::mem_pestat] # candidate unique pairs for (FF, FR, RF, RR): (0, 246217, 2, 0)
[M::mem_pestat] skip orientation FF as there are not enough pairs
[M::mem_pestat] analyzing insert size distribution for orientation FR...
[M::mem_pestat] (25, 50, 75) percentile: (174, 198, 226)
[M::mem_pestat] low and high boundaries for computing mean and std.dev: (70, 330)
[M::mem_pestat] mean and std.dev: (200.55, 36.41)
[M::mem_pestat] low and high boundaries for proper pairs: (18, 382)
[M::mem_pestat] skip orientation RF as there are not enough pairs
[M::mem_pestat] skip orientation RR as there are not enough pairs
[M::mem_process_seqs] Processed 648560 reads in 829.179 CPU sec, 106.303 real sec
[M::process] 0 single-end sequences; 651288 paired-end sequences
[M::process] read 649826 sequences (80000191 bp)...
[M::mem_pestat] # candidate unique pairs for (FF, FR, RF, RR): (0, 246489, 4, 0)
[M::mem_pestat] skip orientation FF as there are not enough pairs
[M::mem_pestat] analyzing insert size distribution for orientation FR...
[M::mem_pestat] (25, 50, 75) percentile: (174, 198, 227)
[M::mem_pestat] low and high boundaries for computing mean and std.dev: (68, 333)
[M::mem_pestat] mean and std.dev: (201.03, 36.44)
[M::mem_pestat] low and high boundaries for proper pairs: (15, 386)
[M::mem_pestat] skip orientation RF as there are not enough pairs
[M::mem_pestat] skip orientation RR as there are not enough pairs
[M::mem_process_seqs] Processed 651288 reads in 848.633 CPU sec, 108.756 real sec
[M::process] 0 single-end sequences; 649826 paired-end sequences
[M::process] read 649646 sequences (80000032 bp)...
[M::mem_pestat] # candidate unique pairs for (FF, FR, RF, RR): (0, 246865, 4, 0)
[M::mem_pestat] skip orientation FF as there are not enough pairs
[M::mem_pestat] analyzing insert size distribution for orientation FR...
[M::mem_pestat] (25, 50, 75) percentile: (174, 198, 226)
[M::mem_pestat] low and high boundaries for computing mean and std.dev: (70, 330)
[M::mem_pestat] mean and std.dev: (200.89, 36.38)
[M::mem_pestat] low and high boundaries for proper pairs: (18, 382)
[M::mem_pestat] skip orientation RF as there are not enough pairs
[M::mem_pestat] skip orientation RR as there are not enough pairs
[M::mem_process_seqs] Processed 649826 reads in 825.634 CPU sec, 105.896 real sec
[M::process] 0 single-end sequences; 649646 paired-end sequences
[M::process] read 648164 sequences (80000225 bp)...
[M::mem_pestat] # candidate unique pairs for (FF, FR, RF, RR): (0, 246799, 1, 0)
[M::mem_pestat] skip orientation FF as there are not enough pairs
[M::mem_pestat] analyzing insert size distribution for orientation FR...
[M::mem_pestat] (25, 50, 75) percentile: (174, 198, 226)
[M::mem_pestat] low and high boundaries for computing mean and std.dev: (70, 330)
[M::mem_pestat] mean and std.dev: (200.76, 36.45)
[M::mem_pestat] low and high boundaries for proper pairs: (18, 382)
[M::mem_pestat] skip orientation RF as there are not enough pairs
[M::mem_pestat] skip orientation RR as there are not enough pairs
[M::mem_process_seqs] Processed 649646 reads in 837.742 CPU sec, 107.411 real sec
[M::process] 0 single-end sequences; 648164 paired-end sequences
[M::process] read 647226 sequences (80000214 bp)...
[M::mem_pestat] # candidate unique pairs for (FF, FR, RF, RR): (0, 246257, 7, 0)
[M::mem_pestat] skip orientation FF as there are not enough pairs
[M::mem_pestat] analyzing insert size distribution for orientation FR...
[M::mem_pestat] (25, 50, 75) percentile: (174, 198, 226)
[M::mem_pestat] low and high boundaries for computing mean and std.dev: (70, 330)
[M::mem_pestat] mean and std.dev: (200.81, 36.42)
[M::mem_pestat] low and high boundaries for proper pairs: (18, 382)
[M::mem_pestat] skip orientation RF as there are not enough pairs
[M::mem_pestat] skip orientation RR as there are not enough pairs
[M::mem_process_seqs] Processed 648164 reads in 815.901 CPU sec, 104.660 real sec
[M::process] 0 single-end sequences; 647226 paired-end sequences
[M::process] read 647212 sequences (80000059 bp)...
[M::mem_pestat] # candidate unique pairs for (FF, FR, RF, RR): (0, 246415, 4, 0)
[M::mem_pestat] skip orientation FF as there are not enough pairs
[M::mem_pestat] analyzing insert size distribution for orientation FR...
[M::mem_pestat] (25, 50, 75) percentile: (174, 198, 226)
[M::mem_pestat] low and high boundaries for computing mean and std.dev: (70, 330)
[M::mem_pestat] mean and std.dev: (200.69, 36.43)
[M::mem_pestat] low and high boundaries for proper pairs: (18, 382)
[M::mem_pestat] skip orientation RF as there are not enough pairs
[M::mem_pestat] skip orientation RR as there are not enough pairs
[M::mem_process_seqs] Processed 647226 reads in 816.381 CPU sec, 104.717 real sec
[M::process] 0 single-end sequences; 647212 paired-end sequences
[M::process] read 649570 sequences (80000132 bp)...
[M::mem_pestat] # candidate unique pairs for (FF, FR, RF, RR): (0, 245596, 3, 0)
[M::mem_pestat] skip orientation FF as there are not enough pairs
[M::mem_pestat] analyzing insert size distribution for orientation FR...
[M::mem_pestat] (25, 50, 75) percentile: (174, 198, 226)
[M::mem_pestat] low and high boundaries for computing mean and std.dev: (70, 330)
[M::mem_pestat] mean and std.dev: (200.55, 36.36)
[M::mem_pestat] low and high boundaries for proper pairs: (18, 382)
[M::mem_pestat] skip orientation RF as there are not enough pairs
[M::mem_pestat] skip orientation RR as there are not enough pairs
[M::mem_process_seqs] Processed 647212 reads in 823.122 CPU sec, 105.559 real sec
[M::process] 0 single-end sequences; 649570 paired-end sequences
[M::process] read 649946 sequences (80000023 bp)...
[M::mem_pestat] # candidate unique pairs for (FF, FR, RF, RR): (0, 247045, 4, 0)
[M::mem_pestat] skip orientation FF as there are not enough pairs
[M::mem_pestat] analyzing insert size distribution for orientation FR...
[M::mem_pestat] (25, 50, 75) percentile: (174, 198, 226)
[M::mem_pestat] low and high boundaries for computing mean and std.dev: (70, 330)
[M::mem_pestat] mean and std.dev: (200.65, 36.32)
[M::mem_pestat] low and high boundaries for proper pairs: (18, 382)
[M::mem_pestat] skip orientation RF as there are not enough pairs
[M::mem_pestat] skip orientation RR as there are not enough pairs
[M::mem_process_seqs] Processed 649570 reads in 817.266 CPU sec, 104.831 real sec
[M::process] 0 single-end sequences; 649946 paired-end sequences
[M::process] read 650476 sequences (80000242 bp)...
[M::mem_pestat] # candidate unique pairs for (FF, FR, RF, RR): (0, 246275, 4, 0)
[M::mem_pestat] skip orientation FF as there are not enough pairs
[M::mem_pestat] analyzing insert size distribution for orientation FR...
[M::mem_pestat] (25, 50, 75) percentile: (174, 198, 227)
[M::mem_pestat] low and high boundaries for computing mean and std.dev: (68, 333)
[M::mem_pestat] mean and std.dev: (201.01, 36.49)
[M::mem_pestat] low and high boundaries for proper pairs: (15, 386)
[M::mem_pestat] skip orientation RF as there are not enough pairs
[M::mem_pestat] skip orientation RR as there are not enough pairs
[M::mem_process_seqs] Processed 649946 reads in 819.545 CPU sec, 105.113 real sec
[M::process] 0 single-end sequences; 650476 paired-end sequences
[M::process] read 651522 sequences (80000058 bp)...
[M::mem_pestat] # candidate unique pairs for (FF, FR, RF, RR): (0, 246745, 2, 0)
[M::mem_pestat] skip orientation FF as there are not enough pairs
[M::mem_pestat] analyzing insert size distribution for orientation FR...
[M::mem_pestat] (25, 50, 75) percentile: (174, 198, 226)
[M::mem_pestat] low and high boundaries for computing mean and std.dev: (70, 330)
[M::mem_pestat] mean and std.dev: (200.88, 36.47)
[M::mem_pestat] low and high boundaries for proper pairs: (18, 382)
[M::mem_pestat] skip orientation RF as there are not enough pairs
[M::mem_pestat] skip orientation RR as there are not enough pairs
[M::mem_process_seqs] Processed 650476 reads in 835.885 CPU sec, 107.187 real sec
[M::process] 0 single-end sequences; 651522 paired-end sequences
[M::process] read 647692 sequences (80000006 bp)...
[M::mem_pestat] # candidate unique pairs for (FF, FR, RF, RR): (0, 248047, 6, 0)
[M::mem_pestat] skip orientation FF as there are not enough pairs
[M::mem_pestat] analyzing insert size distribution for orientation FR...
[M::mem_pestat] (25, 50, 75) percentile: (174, 198, 226)
[M::mem_pestat] low and high boundaries for computing mean and std.dev: (70, 330)
[M::mem_pestat] mean and std.dev: (200.64, 36.44)
[M::mem_pestat] low and high boundaries for proper pairs: (18, 382)
[M::mem_pestat] skip orientation RF as there are not enough pairs
[M::mem_pestat] skip orientation RR as there are not enough pairs
[M::mem_process_seqs] Processed 651522 reads in 838.224 CPU sec, 107.465 real sec
[M::process] 0 single-end sequences; 647692 paired-end sequences
[M::process] read 646894 sequences (80000071 bp)...
[M::mem_pestat] # candidate unique pairs for (FF, FR, RF, RR): (0, 246582, 4, 0)
[M::mem_pestat] skip orientation FF as there are not enough pairs
[M::mem_pestat] analyzing insert size distribution for orientation FR...
[M::mem_pestat] (25, 50, 75) percentile: (174, 198, 226)
[M::mem_pestat] low and high boundaries for computing mean and std.dev: (70, 330)
[M::mem_pestat] mean and std.dev: (200.72, 36.39)
[M::mem_pestat] low and high boundaries for proper pairs: (18, 382)
[M::mem_pestat] skip orientation RF as there are not enough pairs
[M::mem_pestat] skip orientation RR as there are not enough pairs
[M::mem_process_seqs] Processed 647692 reads in 800.289 CPU sec, 102.717 real sec
[M::process] 0 single-end sequences; 646894 paired-end sequences
[M::process] read 646506 sequences (80000186 bp)...
[M::mem_pestat] # candidate unique pairs for (FF, FR, RF, RR): (0, 245997, 9, 0)
[M::mem_pestat] skip orientation FF as there are not enough pairs
[M::mem_pestat] analyzing insert size distribution for orientation FR...
[M::mem_pestat] (25, 50, 75) percentile: (174, 198, 226)
[M::mem_pestat] low and high boundaries for computing mean and std.dev: (70, 330)
[M::mem_pestat] mean and std.dev: (200.50, 36.44)
[M::mem_pestat] low and high boundaries for proper pairs: (18, 382)
[M::mem_pestat] skip orientation RF as there are not enough pairs
[M::mem_pestat] skip orientation RR as there are not enough pairs
[M::mem_process_seqs] Processed 646894 reads in 806.697 CPU sec, 103.499 real sec
[M::process] 0 single-end sequences; 646506 paired-end sequences
[M::process] read 649408 sequences (80000238 bp)...
[M::mem_pestat] # candidate unique pairs for (FF, FR, RF, RR): (0, 245317, 1, 0)
[M::mem_pestat] skip orientation FF as there are not enough pairs
[M::mem_pestat] analyzing insert size distribution for orientation FR...
[M::mem_pestat] (25, 50, 75) percentile: (174, 197, 226)
[M::mem_pestat] low and high boundaries for computing mean and std.dev: (70, 330)
[M::mem_pestat] mean and std.dev: (200.48, 36.31)
[M::mem_pestat] low and high boundaries for proper pairs: (18, 382)
[M::mem_pestat] skip orientation RF as there are not enough pairs
[M::mem_pestat] skip orientation RR as there are not enough pairs
[M::mem_process_seqs] Processed 646506 reads in 818.176 CPU sec, 104.939 real sec
[M::process] 0 single-end sequences; 649408 paired-end sequences
[M::process] read 656974 sequences (80000243 bp)...
[M::mem_pestat] # candidate unique pairs for (FF, FR, RF, RR): (0, 246086, 4, 0)
[M::mem_pestat] skip orientation FF as there are not enough pairs
[M::mem_pestat] analyzing insert size distribution for orientation FR...
[M::mem_pestat] (25, 50, 75) percentile: (174, 197, 226)
[M::mem_pestat] low and high boundaries for computing mean and std.dev: (70, 330)
[M::mem_pestat] mean and std.dev: (200.53, 36.45)
[M::mem_pestat] low and high boundaries for proper pairs: (18, 382)
[M::mem_pestat] skip orientation RF as there are not enough pairs
[M::mem_pestat] skip orientation RR as there are not enough pairs
[M::mem_process_seqs] Processed 649408 reads in 832.974 CPU sec, 106.798 real sec
[M::process] 0 single-end sequences; 656974 paired-end sequences
[M::process] read 655492 sequences (80000061 bp)...
[M::mem_pestat] # candidate unique pairs for (FF, FR, RF, RR): (0, 249561, 6, 0)
[M::mem_pestat] skip orientation FF as there are not enough pairs
[M::mem_pestat] analyzing insert size distribution for orientation FR...
[M::mem_pestat] (25, 50, 75) percentile: (174, 198, 227)
[M::mem_pestat] low and high boundaries for computing mean and std.dev: (68, 333)
[M::mem_pestat] mean and std.dev: (201.01, 36.52)
[M::mem_pestat] low and high boundaries for proper pairs: (15, 386)
[M::mem_pestat] skip orientation RF as there are not enough pairs
[M::mem_pestat] skip orientation RR as there are not enough pairs
[M::mem_process_seqs] Processed 656974 reads in 862.602 CPU sec, 110.547 real sec
[M::process] 0 single-end sequences; 655492 paired-end sequences
[M::process] read 658838 sequences (80000128 bp)...
[M::mem_pestat] # candidate unique pairs for (FF, FR, RF, RR): (0, 248764, 9, 0)
[M::mem_pestat] skip orientation FF as there are not enough pairs
[M::mem_pestat] analyzing insert size distribution for orientation FR...
[M::mem_pestat] (25, 50, 75) percentile: (174, 198, 226)
[M::mem_pestat] low and high boundaries for computing mean and std.dev: (70, 330)
[M::mem_pestat] mean and std.dev: (200.93, 36.43)
[M::mem_pestat] low and high boundaries for proper pairs: (18, 382)
[M::mem_pestat] skip orientation RF as there are not enough pairs
[M::mem_pestat] skip orientation RR as there are not enough pairs
[M::mem_process_seqs] Processed 655492 reads in 875.717 CPU sec, 112.183 real sec
[M::process] 0 single-end sequences; 658838 paired-end sequences
[M::process] read 652278 sequences (80000116 bp)...
[M::mem_pestat] # candidate unique pairs for (FF, FR, RF, RR): (0, 248699, 5, 0)
[M::mem_pestat] skip orientation FF as there are not enough pairs
[M::mem_pestat] analyzing insert size distribution for orientation FR...
[M::mem_pestat] (25, 50, 75) percentile: (174, 198, 226)
[M::mem_pestat] low and high boundaries for computing mean and std.dev: (70, 330)
[M::mem_pestat] mean and std.dev: (200.83, 36.50)
[M::mem_pestat] low and high boundaries for proper pairs: (18, 382)
[M::mem_pestat] skip orientation RF as there are not enough pairs
[M::mem_pestat] skip orientation RR as there are not enough pairs
[M::mem_process_seqs] Processed 658838 reads in 975.816 CPU sec, 124.717 real sec
[M::process] 0 single-end sequences; 652278 paired-end sequences
[M::process] read 649798 sequences (80000172 bp)...
[M::mem_pestat] # candidate unique pairs for (FF, FR, RF, RR): (0, 247762, 5, 0)
[M::mem_pestat] skip orientation FF as there are not enough pairs
[M::mem_pestat] analyzing insert size distribution for orientation FR...
[M::mem_pestat] (25, 50, 75) percentile: (174, 198, 226)
[M::mem_pestat] low and high boundaries for computing mean and std.dev: (70, 330)
[M::mem_pestat] mean and std.dev: (200.83, 36.40)
[M::mem_pestat] low and high boundaries for proper pairs: (18, 382)
[M::mem_pestat] skip orientation RF as there are not enough pairs
[M::mem_pestat] skip orientation RR as there are not enough pairs
[M::mem_process_seqs] Processed 652278 reads in 846.512 CPU sec, 108.544 real sec
[M::process] 0 single-end sequences; 649798 paired-end sequences
[M::process] read 648594 sequences (80000219 bp)...
[M::mem_pestat] # candidate unique pairs for (FF, FR, RF, RR): (0, 247573, 1, 0)
[M::mem_pestat] skip orientation FF as there are not enough pairs
[M::mem_pestat] analyzing insert size distribution for orientation FR...
[M::mem_pestat] (25, 50, 75) percentile: (174, 197, 226)
[M::mem_pestat] low and high boundaries for computing mean and std.dev: (70, 330)
[M::mem_pestat] mean and std.dev: (200.42, 36.32)
[M::mem_pestat] low and high boundaries for proper pairs: (18, 382)
[M::mem_pestat] skip orientation RF as there are not enough pairs
[M::mem_pestat] skip orientation RR as there are not enough pairs
[M::mem_process_seqs] Processed 649798 reads in 806.642 CPU sec, 103.509 real sec
[M::process] 0 single-end sequences; 648594 paired-end sequences
[M::process] read 648310 sequences (80000083 bp)...
[M::mem_pestat] # candidate unique pairs for (FF, FR, RF, RR): (0, 246560, 4, 0)
[M::mem_pestat] skip orientation FF as there are not enough pairs
[M::mem_pestat] analyzing insert size distribution for orientation FR...
[M::mem_pestat] (25, 50, 75) percentile: (174, 198, 226)
[M::mem_pestat] low and high boundaries for computing mean and std.dev: (70, 330)
[M::mem_pestat] mean and std.dev: (200.47, 36.42)
[M::mem_pestat] low and high boundaries for proper pairs: (18, 382)
[M::mem_pestat] skip orientation RF as there are not enough pairs
[M::mem_pestat] skip orientation RR as there are not enough pairs
[M::mem_process_seqs] Processed 648594 reads in 809.697 CPU sec, 103.911 real sec
[M::process] 0 single-end sequences; 648310 paired-end sequences
[M::process] read 650164 sequences (80000092 bp)...
[M::mem_pestat] # candidate unique pairs for (FF, FR, RF, RR): (0, 246453, 2, 0)
[M::mem_pestat] skip orientation FF as there are not enough pairs
[M::mem_pestat] analyzing insert size distribution for orientation FR...
[M::mem_pestat] (25, 50, 75) percentile: (174, 197, 226)
[M::mem_pestat] low and high boundaries for computing mean and std.dev: (70, 330)
[M::mem_pestat] mean and std.dev: (200.47, 36.39)
[M::mem_pestat] low and high boundaries for proper pairs: (18, 382)
[M::mem_pestat] skip orientation RF as there are not enough pairs
[M::mem_pestat] skip orientation RR as there are not enough pairs
[M::mem_process_seqs] Processed 648310 reads in 798.410 CPU sec, 102.487 real sec
[M::process] 0 single-end sequences; 650164 paired-end sequences
[M::process] read 648560 sequences (80000142 bp)...
[M::mem_pestat] # candidate unique pairs for (FF, FR, RF, RR): (0, 246960, 2, 0)
[M::mem_pestat] skip orientation FF as there are not enough pairs
[M::mem_pestat] analyzing insert size distribution for orientation FR...
[M::mem_pestat] (25, 50, 75) percentile: (174, 198, 227)
[M::mem_pestat] low and high boundaries for computing mean and std.dev: (68, 333)
[M::mem_pestat] mean and std.dev: (200.98, 36.42)
[M::mem_pestat] low and high boundaries for proper pairs: (15, 386)
[M::mem_pestat] skip orientation RF as there are not enough pairs
[M::mem_pestat] skip orientation RR as there are not enough pairs
[M::mem_process_seqs] Processed 650164 reads in 815.906 CPU sec, 104.650 real sec
[M::process] 0 single-end sequences; 648560 paired-end sequences
[M::process] read 648506 sequences (80000141 bp)...
[M::mem_pestat] # candidate unique pairs for (FF, FR, RF, RR): (0, 245907, 2, 0)
[M::mem_pestat] skip orientation FF as there are not enough pairs
[M::mem_pestat] analyzing insert size distribution for orientation FR...
[M::mem_pestat] (25, 50, 75) percentile: (174, 198, 227)
[M::mem_pestat] low and high boundaries for computing mean and std.dev: (68, 333)
[M::mem_pestat] mean and std.dev: (201.15, 36.40)
[M::mem_pestat] low and high boundaries for proper pairs: (15, 386)
[M::mem_pestat] skip orientation RF as there are not enough pairs
[M::mem_pestat] skip orientation RR as there are not enough pairs
[M::mem_process_seqs] Processed 648560 reads in 813.769 CPU sec, 104.402 real sec
[M::process] 0 single-end sequences; 648506 paired-end sequences
[M::process] read 647516 sequences (80000220 bp)...
[M::mem_pestat] # candidate unique pairs for (FF, FR, RF, RR): (0, 246675, 6, 0)
[M::mem_pestat] skip orientation FF as there are not enough pairs
[M::mem_pestat] analyzing insert size distribution for orientation FR...
[M::mem_pestat] (25, 50, 75) percentile: (174, 198, 226)
[M::mem_pestat] low and high boundaries for computing mean and std.dev: (70, 330)
[M::mem_pestat] mean and std.dev: (200.88, 36.40)
[M::mem_pestat] low and high boundaries for proper pairs: (18, 382)
[M::mem_pestat] skip orientation RF as there are not enough pairs
[M::mem_pestat] skip orientation RR as there are not enough pairs
[M::mem_process_seqs] Processed 648506 reads in 804.675 CPU sec, 103.254 real sec
[M::process] 0 single-end sequences; 647516 paired-end sequences
[M::process] read 646584 sequences (80000041 bp)...
[M::mem_pestat] # candidate unique pairs for (FF, FR, RF, RR): (0, 246522, 5, 0)
[M::mem_pestat] skip orientation FF as there are not enough pairs
[M::mem_pestat] analyzing insert size distribution for orientation FR...
[M::mem_pestat] (25, 50, 75) percentile: (174, 198, 226)
[M::mem_pestat] low and high boundaries for computing mean and std.dev: (70, 330)
[M::mem_pestat] mean and std.dev: (200.79, 36.40)
[M::mem_pestat] low and high boundaries for proper pairs: (18, 382)
[M::mem_pestat] skip orientation RF as there are not enough pairs
[M::mem_pestat] skip orientation RR as there are not enough pairs
[M::mem_process_seqs] Processed 647516 reads in 789.222 CPU sec, 101.329 real sec
[M::process] 0 single-end sequences; 646584 paired-end sequences
[M::process] read 646378 sequences (80000184 bp)...
[M::mem_pestat] # candidate unique pairs for (FF, FR, RF, RR): (0, 246072, 4, 0)
[M::mem_pestat] skip orientation FF as there are not enough pairs
[M::mem_pestat] analyzing insert size distribution for orientation FR...
[M::mem_pestat] (25, 50, 75) percentile: (174, 198, 226)
[M::mem_pestat] low and high boundaries for computing mean and std.dev: (70, 330)
[M::mem_pestat] mean and std.dev: (200.79, 36.38)
[M::mem_pestat] low and high boundaries for proper pairs: (18, 382)
[M::mem_pestat] skip orientation RF as there are not enough pairs
[M::mem_pestat] skip orientation RR as there are not enough pairs
[M::mem_process_seqs] Processed 646584 reads in 796.919 CPU sec, 102.299 real sec
[M::process] 0 single-end sequences; 646378 paired-end sequences
[M::process] read 645682 sequences (80000144 bp)...
[M::mem_pestat] # candidate unique pairs for (FF, FR, RF, RR): (0, 245692, 2, 0)
[M::mem_pestat] skip orientation FF as there are not enough pairs
[M::mem_pestat] analyzing insert size distribution for orientation FR...
[M::mem_pestat] (25, 50, 75) percentile: (174, 198, 226)
[M::mem_pestat] low and high boundaries for computing mean and std.dev: (70, 330)
[M::mem_pestat] mean and std.dev: (200.60, 36.36)
[M::mem_pestat] low and high boundaries for proper pairs: (18, 382)
[M::mem_pestat] skip orientation RF as there are not enough pairs
[M::mem_pestat] skip orientation RR as there are not enough pairs
[M::mem_process_seqs] Processed 646378 reads in 801.121 CPU sec, 102.808 real sec
[M::process] 0 single-end sequences; 645682 paired-end sequences
[M::process] read 651200 sequences (80000114 bp)...
[M::mem_pestat] # candidate unique pairs for (FF, FR, RF, RR): (0, 245101, 6, 0)
[M::mem_pestat] skip orientation FF as there are not enough pairs
[M::mem_pestat] analyzing insert size distribution for orientation FR...
[M::mem_pestat] (25, 50, 75) percentile: (174, 198, 226)
[M::mem_pestat] low and high boundaries for computing mean and std.dev: (70, 330)
[M::mem_pestat] mean and std.dev: (200.54, 36.37)
[M::mem_pestat] low and high boundaries for proper pairs: (18, 382)
[M::mem_pestat] skip orientation RF as there are not enough pairs
[M::mem_pestat] skip orientation RR as there are not enough pairs
[M::mem_process_seqs] Processed 645682 reads in 806.517 CPU sec, 103.486 real sec
[M::process] 0 single-end sequences; 651200 paired-end sequences
[M::process] read 650416 sequences (80000193 bp)...
[M::mem_pestat] # candidate unique pairs for (FF, FR, RF, RR): (0, 245753, 6, 0)
[M::mem_pestat] skip orientation FF as there are not enough pairs
[M::mem_pestat] analyzing insert size distribution for orientation FR...
[M::mem_pestat] (25, 50, 75) percentile: (174, 198, 226)
[M::mem_pestat] low and high boundaries for computing mean and std.dev: (70, 330)
[M::mem_pestat] mean and std.dev: (201.04, 36.43)
[M::mem_pestat] low and high boundaries for proper pairs: (18, 382)
[M::mem_pestat] skip orientation RF as there are not enough pairs
[M::mem_pestat] skip orientation RR as there are not enough pairs
[M::mem_process_seqs] Processed 651200 reads in 851.146 CPU sec, 109.055 real sec
[M::process] 0 single-end sequences; 650416 paired-end sequences
[M::process] read 652780 sequences (80000214 bp)...
[M::mem_pestat] # candidate unique pairs for (FF, FR, RF, RR): (0, 247262, 4, 0)
[M::mem_pestat] skip orientation FF as there are not enough pairs
[M::mem_pestat] analyzing insert size distribution for orientation FR...
[M::mem_pestat] (25, 50, 75) percentile: (174, 198, 226)
[M::mem_pestat] low and high boundaries for computing mean and std.dev: (70, 330)
[M::mem_pestat] mean and std.dev: (200.93, 36.42)
[M::mem_pestat] low and high boundaries for proper pairs: (18, 382)
[M::mem_pestat] skip orientation RF as there are not enough pairs
[M::mem_pestat] skip orientation RR as there are not enough pairs
[M::mem_process_seqs] Processed 650416 reads in 827.827 CPU sec, 106.177 real sec
[M::process] 0 single-end sequences; 652780 paired-end sequences
[M::process] read 649322 sequences (80000018 bp)...
[M::mem_pestat] # candidate unique pairs for (FF, FR, RF, RR): (0, 247474, 0, 0)
[M::mem_pestat] skip orientation FF as there are not enough pairs
[M::mem_pestat] analyzing insert size distribution for orientation FR...
[M::mem_pestat] (25, 50, 75) percentile: (174, 198, 226)
[M::mem_pestat] low and high boundaries for computing mean and std.dev: (70, 330)
[M::mem_pestat] mean and std.dev: (200.80, 36.41)
[M::mem_pestat] low and high boundaries for proper pairs: (18, 382)
[M::mem_pestat] skip orientation RF as there are not enough pairs
[M::mem_pestat] skip orientation RR as there are not enough pairs
[M::mem_process_seqs] Processed 652780 reads in 859.027 CPU sec, 110.067 real sec
[M::process] 0 single-end sequences; 649322 paired-end sequences
[M::process] read 647332 sequences (80000217 bp)...
[M::mem_pestat] # candidate unique pairs for (FF, FR, RF, RR): (0, 247130, 7, 0)
[M::mem_pestat] skip orientation FF as there are not enough pairs
[M::mem_pestat] analyzing insert size distribution for orientation FR...
[M::mem_pestat] (25, 50, 75) percentile: (174, 198, 226)
[M::mem_pestat] low and high boundaries for computing mean and std.dev: (70, 330)
[M::mem_pestat] mean and std.dev: (200.66, 36.41)
[M::mem_pestat] low and high boundaries for proper pairs: (18, 382)
[M::mem_pestat] skip orientation RF as there are not enough pairs
[M::mem_pestat] skip orientation RR as there are not enough pairs
[M::mem_process_seqs] Processed 649322 reads in 821.386 CPU sec, 105.372 real sec
[M::process] 0 single-end sequences; 647332 paired-end sequences
[M::process] read 648054 sequences (80000173 bp)...
[M::mem_pestat] # candidate unique pairs for (FF, FR, RF, RR): (0, 246271, 6, 0)
[M::mem_pestat] skip orientation FF as there are not enough pairs
[M::mem_pestat] analyzing insert size distribution for orientation FR...
[M::mem_pestat] (25, 50, 75) percentile: (174, 198, 226)
[M::mem_pestat] low and high boundaries for computing mean and std.dev: (70, 330)
[M::mem_pestat] mean and std.dev: (200.65, 36.46)
[M::mem_pestat] low and high boundaries for proper pairs: (18, 382)
[M::mem_pestat] skip orientation RF as there are not enough pairs
[M::mem_pestat] skip orientation RR as there are not enough pairs
[M::mem_process_seqs] Processed 647332 reads in 851.683 CPU sec, 109.165 real sec
[M::process] 0 single-end sequences; 648054 paired-end sequences
[M::process] read 650228 sequences (80000046 bp)...
[M::mem_pestat] # candidate unique pairs for (FF, FR, RF, RR): (0, 244078, 6, 0)
[M::mem_pestat] skip orientation FF as there are not enough pairs
[M::mem_pestat] analyzing insert size distribution for orientation FR...
[M::mem_pestat] (25, 50, 75) percentile: (174, 197, 226)
[M::mem_pestat] low and high boundaries for computing mean and std.dev: (70, 330)
[M::mem_pestat] mean and std.dev: (200.41, 36.37)
[M::mem_pestat] low and high boundaries for proper pairs: (18, 382)
[M::mem_pestat] skip orientation RF as there are not enough pairs
[M::mem_pestat] skip orientation RR as there are not enough pairs
[M::mem_process_seqs] Processed 648054 reads in 1038.069 CPU sec, 132.476 real sec
[M::process] 0 single-end sequences; 650228 paired-end sequences
[M::process] read 657558 sequences (80000094 bp)...
[M::mem_pestat] # candidate unique pairs for (FF, FR, RF, RR): (0, 245441, 4, 0)
[M::mem_pestat] skip orientation FF as there are not enough pairs
[M::mem_pestat] analyzing insert size distribution for orientation FR...
[M::mem_pestat] (25, 50, 75) percentile: (174, 197, 226)
[M::mem_pestat] low and high boundaries for computing mean and std.dev: (70, 330)
[M::mem_pestat] mean and std.dev: (200.38, 36.47)
[M::mem_pestat] low and high boundaries for proper pairs: (18, 382)
[M::mem_pestat] skip orientation RF as there are not enough pairs
[M::mem_pestat] skip orientation RR as there are not enough pairs
[M::mem_process_seqs] Processed 650228 reads in 1020.836 CPU sec, 130.332 real sec
[M::process] 0 single-end sequences; 657558 paired-end sequences
[M::process] read 656026 sequences (80000082 bp)...
[M::mem_pestat] # candidate unique pairs for (FF, FR, RF, RR): (0, 248188, 4, 0)
[M::mem_pestat] skip orientation FF as there are not enough pairs
[M::mem_pestat] analyzing insert size distribution for orientation FR...
[M::mem_pestat] (25, 50, 75) percentile: (174, 198, 226)
[M::mem_pestat] low and high boundaries for computing mean and std.dev: (70, 330)
[M::mem_pestat] mean and std.dev: (200.87, 36.42)
[M::mem_pestat] low and high boundaries for proper pairs: (18, 382)
[M::mem_pestat] skip orientation RF as there are not enough pairs
[M::mem_pestat] skip orientation RR as there are not enough pairs
[M::mem_process_seqs] Processed 657558 reads in 921.054 CPU sec, 117.842 real sec
[M::process] 0 single-end sequences; 656026 paired-end sequences
[M::process] read 660566 sequences (80000065 bp)...
[M::mem_pestat] # candidate unique pairs for (FF, FR, RF, RR): (0, 248755, 7, 0)
[M::mem_pestat] skip orientation FF as there are not enough pairs
[M::mem_pestat] analyzing insert size distribution for orientation FR...
[M::mem_pestat] (25, 50, 75) percentile: (174, 198, 226)
[M::mem_pestat] low and high boundaries for computing mean and std.dev: (70, 330)
[M::mem_pestat] mean and std.dev: (200.85, 36.46)
[M::mem_pestat] low and high boundaries for proper pairs: (18, 382)
[M::mem_pestat] skip orientation RF as there are not enough pairs
[M::mem_pestat] skip orientation RR as there are not enough pairs
[M::mem_process_seqs] Processed 656026 reads in 896.889 CPU sec, 114.881 real sec
[M::process] 0 single-end sequences; 660566 paired-end sequences
[M::process] read 653756 sequences (80000159 bp)...
[M::mem_pestat] # candidate unique pairs for (FF, FR, RF, RR): (0, 249206, 4, 0)
[M::mem_pestat] skip orientation FF as there are not enough pairs
[M::mem_pestat] analyzing insert size distribution for orientation FR...
[M::mem_pestat] (25, 50, 75) percentile: (174, 198, 226)
[M::mem_pestat] low and high boundaries for computing mean and std.dev: (70, 330)
[M::mem_pestat] mean and std.dev: (200.80, 36.48)
[M::mem_pestat] low and high boundaries for proper pairs: (18, 382)
[M::mem_pestat] skip orientation RF as there are not enough pairs
[M::mem_pestat] skip orientation RR as there are not enough pairs
[M::mem_process_seqs] Processed 660566 reads in 1000.698 CPU sec, 127.827 real sec
[M::process] 0 single-end sequences; 653756 paired-end sequences
[M::process] read 650872 sequences (80000065 bp)...
[M::mem_pestat] # candidate unique pairs for (FF, FR, RF, RR): (0, 248116, 2, 0)
[M::mem_pestat] skip orientation FF as there are not enough pairs
[M::mem_pestat] analyzing insert size distribution for orientation FR...
[M::mem_pestat] (25, 50, 75) percentile: (174, 198, 226)
[M::mem_pestat] low and high boundaries for computing mean and std.dev: (70, 330)
[M::mem_pestat] mean and std.dev: (200.66, 36.40)
[M::mem_pestat] low and high boundaries for proper pairs: (18, 382)
[M::mem_pestat] skip orientation RF as there are not enough pairs
[M::mem_pestat] skip orientation RR as there are not enough pairs
[M::mem_process_seqs] Processed 653756 reads in 872.579 CPU sec, 111.810 real sec
[M::process] 0 single-end sequences; 650872 paired-end sequences
[M::process] read 650384 sequences (80000092 bp)...
[M::mem_pestat] # candidate unique pairs for (FF, FR, RF, RR): (0, 247416, 3, 0)
[M::mem_pestat] skip orientation FF as there are not enough pairs
[M::mem_pestat] analyzing insert size distribution for orientation FR...
[M::mem_pestat] (25, 50, 75) percentile: (174, 197, 226)
[M::mem_pestat] low and high boundaries for computing mean and std.dev: (70, 330)
[M::mem_pestat] mean and std.dev: (200.34, 36.44)
[M::mem_pestat] low and high boundaries for proper pairs: (18, 382)
[M::mem_pestat] skip orientation RF as there are not enough pairs
[M::mem_pestat] skip orientation RR as there are not enough pairs
[M::mem_process_seqs] Processed 650872 reads in 831.163 CPU sec, 106.618 real sec
[M::process] 0 single-end sequences; 650384 paired-end sequences
[M::process] read 650176 sequences (80000125 bp)...
[M::mem_pestat] # candidate unique pairs for (FF, FR, RF, RR): (0, 246667, 3, 0)
[M::mem_pestat] skip orientation FF as there are not enough pairs
[M::mem_pestat] analyzing insert size distribution for orientation FR...
[M::mem_pestat] (25, 50, 75) percentile: (174, 197, 226)
[M::mem_pestat] low and high boundaries for computing mean and std.dev: (70, 330)
[M::mem_pestat] mean and std.dev: (200.37, 36.38)
[M::mem_pestat] low and high boundaries for proper pairs: (18, 382)
[M::mem_pestat] skip orientation RF as there are not enough pairs
[M::mem_pestat] skip orientation RR as there are not enough pairs
[M::mem_process_seqs] Processed 650384 reads in 853.445 CPU sec, 109.361 real sec
[M::process] 0 single-end sequences; 650176 paired-end sequences
[M::process] read 649958 sequences (80000130 bp)...
[M::mem_pestat] # candidate unique pairs for (FF, FR, RF, RR): (0, 247113, 2, 0)
[M::mem_pestat] skip orientation FF as there are not enough pairs
[M::mem_pestat] analyzing insert size distribution for orientation FR...
[M::mem_pestat] (25, 50, 75) percentile: (174, 197, 226)
[M::mem_pestat] low and high boundaries for computing mean and std.dev: (70, 330)
[M::mem_pestat] mean and std.dev: (200.44, 36.37)
[M::mem_pestat] low and high boundaries for proper pairs: (18, 382)
[M::mem_pestat] skip orientation RF as there are not enough pairs
[M::mem_pestat] skip orientation RR as there are not enough pairs
[M::mem_process_seqs] Processed 650176 reads in 831.136 CPU sec, 106.594 real sec
[M::process] 0 single-end sequences; 649958 paired-end sequences
[M::process] read 648908 sequences (80000245 bp)...
[M::mem_pestat] # candidate unique pairs for (FF, FR, RF, RR): (0, 245840, 4, 0)
[M::mem_pestat] skip orientation FF as there are not enough pairs
[M::mem_pestat] analyzing insert size distribution for orientation FR...
[M::mem_pestat] (25, 50, 75) percentile: (174, 198, 226)
[M::mem_pestat] low and high boundaries for computing mean and std.dev: (70, 330)
[M::mem_pestat] mean and std.dev: (200.88, 36.32)
[M::mem_pestat] low and high boundaries for proper pairs: (18, 382)
[M::mem_pestat] skip orientation RF as there are not enough pairs
[M::mem_pestat] skip orientation RR as there are not enough pairs
[M::mem_process_seqs] Processed 649958 reads in 834.742 CPU sec, 107.014 real sec
[M::process] 0 single-end sequences; 648908 paired-end sequences
[M::process] read 648452 sequences (80000150 bp)...
[M::mem_pestat] # candidate unique pairs for (FF, FR, RF, RR): (0, 246318, 5, 0)
[M::mem_pestat] skip orientation FF as there are not enough pairs
[M::mem_pestat] analyzing insert size distribution for orientation FR...
[M::mem_pestat] (25, 50, 75) percentile: (174, 198, 226)
[M::mem_pestat] low and high boundaries for computing mean and std.dev: (70, 330)
[M::mem_pestat] mean and std.dev: (200.94, 36.44)
[M::mem_pestat] low and high boundaries for proper pairs: (18, 382)
[M::mem_pestat] skip orientation RF as there are not enough pairs
[M::mem_pestat] skip orientation RR as there are not enough pairs
[M::mem_process_seqs] Processed 648908 reads in 822.182 CPU sec, 105.443 real sec
[M::process] 0 single-end sequences; 648452 paired-end sequences
[M::process] read 647564 sequences (80000220 bp)...
[M::mem_pestat] # candidate unique pairs for (FF, FR, RF, RR): (0, 246422, 5, 0)
[M::mem_pestat] skip orientation FF as there are not enough pairs
[M::mem_pestat] analyzing insert size distribution for orientation FR...
[M::mem_pestat] (25, 50, 75) percentile: (174, 198, 226)
[M::mem_pestat] low and high boundaries for computing mean and std.dev: (70, 330)
[M::mem_pestat] mean and std.dev: (200.91, 36.38)
[M::mem_pestat] low and high boundaries for proper pairs: (18, 382)
[M::mem_pestat] skip orientation RF as there are not enough pairs
[M::mem_pestat] skip orientation RR as there are not enough pairs
[M::mem_process_seqs] Processed 648452 reads in 813.608 CPU sec, 104.365 real sec
[M::process] 0 single-end sequences; 647564 paired-end sequences
[M::process] read 646782 sequences (80000110 bp)...
[M::mem_pestat] # candidate unique pairs for (FF, FR, RF, RR): (0, 246116, 6, 0)
[M::mem_pestat] skip orientation FF as there are not enough pairs
[M::mem_pestat] analyzing insert size distribution for orientation FR...
[M::mem_pestat] (25, 50, 75) percentile: (174, 198, 226)
[M::mem_pestat] low and high boundaries for computing mean and std.dev: (70, 330)
[M::mem_pestat] mean and std.dev: (200.66, 36.45)
[M::mem_pestat] low and high boundaries for proper pairs: (18, 382)
[M::mem_pestat] skip orientation RF as there are not enough pairs
[M::mem_pestat] skip orientation RR as there are not enough pairs
[M::mem_process_seqs] Processed 647564 reads in 803.044 CPU sec, 103.050 real sec
[M::process] 0 single-end sequences; 646782 paired-end sequences
[M::process] read 646762 sequences (80000097 bp)...
[M::mem_pestat] # candidate unique pairs for (FF, FR, RF, RR): (0, 245717, 4, 0)
[M::mem_pestat] skip orientation FF as there are not enough pairs
[M::mem_pestat] analyzing insert size distribution for orientation FR...
[M::mem_pestat] (25, 50, 75) percentile: (174, 198, 226)
[M::mem_pestat] low and high boundaries for computing mean and std.dev: (70, 330)
[M::mem_pestat] mean and std.dev: (200.61, 36.41)
[M::mem_pestat] low and high boundaries for proper pairs: (18, 382)
[M::mem_pestat] skip orientation RF as there are not enough pairs
[M::mem_pestat] skip orientation RR as there are not enough pairs
[M::mem_process_seqs] Processed 646782 reads in 815.812 CPU sec, 104.636 real sec
[M::process] 0 single-end sequences; 646762 paired-end sequences
[M::process] read 648532 sequences (80000201 bp)...
[M::mem_pestat] # candidate unique pairs for (FF, FR, RF, RR): (0, 245430, 3, 0)
[M::mem_pestat] skip orientation FF as there are not enough pairs
[M::mem_pestat] analyzing insert size distribution for orientation FR...
[M::mem_pestat] (25, 50, 75) percentile: (174, 197, 226)
[M::mem_pestat] low and high boundaries for computing mean and std.dev: (70, 330)
[M::mem_pestat] mean and std.dev: (200.39, 36.39)
[M::mem_pestat] low and high boundaries for proper pairs: (18, 382)
[M::mem_pestat] skip orientation RF as there are not enough pairs
[M::mem_pestat] skip orientation RR as there are not enough pairs
[M::mem_process_seqs] Processed 646762 reads in 826.078 CPU sec, 105.947 real sec
[M::process] 0 single-end sequences; 648532 paired-end sequences
[M::process] read 650826 sequences (80000044 bp)...
[M::mem_pestat] # candidate unique pairs for (FF, FR, RF, RR): (0, 246241, 6, 0)
[M::mem_pestat] skip orientation FF as there are not enough pairs
[M::mem_pestat] analyzing insert size distribution for orientation FR...
[M::mem_pestat] (25, 50, 75) percentile: (174, 198, 226)
[M::mem_pestat] low and high boundaries for computing mean and std.dev: (70, 330)
[M::mem_pestat] mean and std.dev: (200.48, 36.32)
[M::mem_pestat] low and high boundaries for proper pairs: (18, 382)
[M::mem_pestat] skip orientation RF as there are not enough pairs
[M::mem_pestat] skip orientation RR as there are not enough pairs
[M::mem_process_seqs] Processed 648532 reads in 829.832 CPU sec, 106.401 real sec
[M::process] 0 single-end sequences; 650826 paired-end sequences
[M::process] read 649530 sequences (80000018 bp)...
[M::mem_pestat] # candidate unique pairs for (FF, FR, RF, RR): (0, 246632, 2, 0)
[M::mem_pestat] skip orientation FF as there are not enough pairs
[M::mem_pestat] analyzing insert size distribution for orientation FR...
[M::mem_pestat] (25, 50, 75) percentile: (174, 198, 227)
[M::mem_pestat] low and high boundaries for computing mean and std.dev: (68, 333)
[M::mem_pestat] mean and std.dev: (201.02, 36.49)
[M::mem_pestat] low and high boundaries for proper pairs: (15, 386)
[M::mem_pestat] skip orientation RF as there are not enough pairs
[M::mem_pestat] skip orientation RR as there are not enough pairs
[M::mem_process_seqs] Processed 650826 reads in 833.606 CPU sec, 106.871 real sec
[M::process] 0 single-end sequences; 649530 paired-end sequences
[M::process] read 649756 sequences (80000156 bp)...
[M::mem_pestat] # candidate unique pairs for (FF, FR, RF, RR): (0, 246927, 8, 0)
[M::mem_pestat] skip orientation FF as there are not enough pairs
[M::mem_pestat] analyzing insert size distribution for orientation FR...
[M::mem_pestat] (25, 50, 75) percentile: (174, 198, 226)
[M::mem_pestat] low and high boundaries for computing mean and std.dev: (70, 330)
[M::mem_pestat] mean and std.dev: (200.91, 36.40)
[M::mem_pestat] low and high boundaries for proper pairs: (18, 382)
[M::mem_pestat] skip orientation RF as there are not enough pairs
[M::mem_pestat] skip orientation RR as there are not enough pairs
[M::mem_process_seqs] Processed 649530 reads in 813.176 CPU sec, 104.339 real sec
[M::process] 0 single-end sequences; 649756 paired-end sequences
[M::process] read 647660 sequences (80000141 bp)...
[M::mem_pestat] # candidate unique pairs for (FF, FR, RF, RR): (0, 247331, 4, 0)
[M::mem_pestat] skip orientation FF as there are not enough pairs
[M::mem_pestat] analyzing insert size distribution for orientation FR...
[M::mem_pestat] (25, 50, 75) percentile: (174, 198, 226)
[M::mem_pestat] low and high boundaries for computing mean and std.dev: (70, 330)
[M::mem_pestat] mean and std.dev: (200.73, 36.42)
[M::mem_pestat] low and high boundaries for proper pairs: (18, 382)
[M::mem_pestat] skip orientation RF as there are not enough pairs
[M::mem_pestat] skip orientation RR as there are not enough pairs
[M::mem_process_seqs] Processed 649756 reads in 819.319 CPU sec, 105.092 real sec
[M::process] 0 single-end sequences; 647660 paired-end sequences
[M::process] read 646626 sequences (80000110 bp)...
[M::mem_pestat] # candidate unique pairs for (FF, FR, RF, RR): (0, 246861, 3, 0)
[M::mem_pestat] skip orientation FF as there are not enough pairs
[M::mem_pestat] analyzing insert size distribution for orientation FR...
[M::mem_pestat] (25, 50, 75) percentile: (174, 198, 226)
[M::mem_pestat] low and high boundaries for computing mean and std.dev: (70, 330)
[M::mem_pestat] mean and std.dev: (200.74, 36.44)
[M::mem_pestat] low and high boundaries for proper pairs: (18, 382)
[M::mem_pestat] skip orientation RF as there are not enough pairs
[M::mem_pestat] skip orientation RR as there are not enough pairs
[M::mem_process_seqs] Processed 647660 reads in 797.433 CPU sec, 102.365 real sec
[M::process] 0 single-end sequences; 646626 paired-end sequences
[M::process] read 646290 sequences (80000059 bp)...
[M::mem_pestat] # candidate unique pairs for (FF, FR, RF, RR): (0, 246792, 4, 0)
[M::mem_pestat] skip orientation FF as there are not enough pairs
[M::mem_pestat] analyzing insert size distribution for orientation FR...
[M::mem_pestat] (25, 50, 75) percentile: (174, 198, 226)
[M::mem_pestat] low and high boundaries for computing mean and std.dev: (70, 330)
[M::mem_pestat] mean and std.dev: (200.55, 36.38)
[M::mem_pestat] low and high boundaries for proper pairs: (18, 382)
[M::mem_pestat] skip orientation RF as there are not enough pairs
[M::mem_pestat] skip orientation RR as there are not enough pairs
[M::mem_process_seqs] Processed 646626 reads in 789.300 CPU sec, 101.322 real sec
[M::process] 0 single-end sequences; 646290 paired-end sequences
[M::process] read 646556 sequences (80000131 bp)...
[M::mem_pestat] # candidate unique pairs for (FF, FR, RF, RR): (0, 246668, 2, 0)
[M::mem_pestat] skip orientation FF as there are not enough pairs
[M::mem_pestat] analyzing insert size distribution for orientation FR...
[M::mem_pestat] (25, 50, 75) percentile: (174, 197, 226)
[M::mem_pestat] low and high boundaries for computing mean and std.dev: (70, 330)
[M::mem_pestat] mean and std.dev: (200.46, 36.44)
[M::mem_pestat] low and high boundaries for proper pairs: (18, 382)
[M::mem_pestat] skip orientation RF as there are not enough pairs
[M::mem_pestat] skip orientation RR as there are not enough pairs
[M::mem_process_seqs] Processed 646290 reads in 794.320 CPU sec, 101.946 real sec
[M::process] 0 single-end sequences; 646556 paired-end sequences
[M::process] read 653420 sequences (80000241 bp)...
[M::mem_pestat] # candidate unique pairs for (FF, FR, RF, RR): (0, 246563, 5, 0)
[M::mem_pestat] skip orientation FF as there are not enough pairs
[M::mem_pestat] analyzing insert size distribution for orientation FR...
[M::mem_pestat] (25, 50, 75) percentile: (174, 197, 226)
[M::mem_pestat] low and high boundaries for computing mean and std.dev: (70, 330)
[M::mem_pestat] mean and std.dev: (200.32, 36.33)
[M::mem_pestat] low and high boundaries for proper pairs: (18, 382)
[M::mem_pestat] skip orientation RF as there are not enough pairs
[M::mem_pestat] skip orientation RR as there are not enough pairs
[M::mem_process_seqs] Processed 646556 reads in 800.548 CPU sec, 102.725 real sec
[M::process] 0 single-end sequences; 653420 paired-end sequences
[M::process] read 650806 sequences (80000145 bp)...
[M::mem_pestat] # candidate unique pairs for (FF, FR, RF, RR): (0, 247401, 2, 0)
[M::mem_pestat] skip orientation FF as there are not enough pairs
[M::mem_pestat] analyzing insert size distribution for orientation FR...
[M::mem_pestat] (25, 50, 75) percentile: (174, 198, 226)
[M::mem_pestat] low and high boundaries for computing mean and std.dev: (70, 330)
[M::mem_pestat] mean and std.dev: (200.90, 36.43)
[M::mem_pestat] low and high boundaries for proper pairs: (18, 382)
[M::mem_pestat] skip orientation RF as there are not enough pairs
[M::mem_pestat] skip orientation RR as there are not enough pairs
[M::mem_process_seqs] Processed 653420 reads in 854.955 CPU sec, 109.565 real sec
[M::process] 0 single-end sequences; 650806 paired-end sequences
[M::process] read 651282 sequences (80000202 bp)...
[M::mem_pestat] # candidate unique pairs for (FF, FR, RF, RR): (0, 247391, 0, 0)
[M::mem_pestat] skip orientation FF as there are not enough pairs
[M::mem_pestat] analyzing insert size distribution for orientation FR...
[M::mem_pestat] (25, 50, 75) percentile: (174, 198, 226)
[M::mem_pestat] low and high boundaries for computing mean and std.dev: (70, 330)
[M::mem_pestat] mean and std.dev: (200.84, 36.36)
[M::mem_pestat] low and high boundaries for proper pairs: (18, 382)
[M::mem_pestat] skip orientation RF as there are not enough pairs
[M::mem_pestat] skip orientation RR as there are not enough pairs
[M::mem_process_seqs] Processed 650806 reads in 819.082 CPU sec, 105.073 real sec
[M::process] 0 single-end sequences; 651282 paired-end sequences
[M::process] read 649908 sequences (80000233 bp)...
[M::mem_pestat] # candidate unique pairs for (FF, FR, RF, RR): (0, 247251, 2, 0)
[M::mem_pestat] skip orientation FF as there are not enough pairs
[M::mem_pestat] analyzing insert size distribution for orientation FR...
[M::mem_pestat] (25, 50, 75) percentile: (174, 198, 226)
[M::mem_pestat] low and high boundaries for computing mean and std.dev: (70, 330)
[M::mem_pestat] mean and std.dev: (200.93, 36.48)
[M::mem_pestat] low and high boundaries for proper pairs: (18, 382)
[M::mem_pestat] skip orientation RF as there are not enough pairs
[M::mem_pestat] skip orientation RR as there are not enough pairs
[M::mem_process_seqs] Processed 651282 reads in 838.560 CPU sec, 107.538 real sec
[M::process] 0 single-end sequences; 649908 paired-end sequences
[M::process] read 648050 sequences (80000156 bp)...
[M::mem_pestat] # candidate unique pairs for (FF, FR, RF, RR): (0, 247483, 5, 0)
[M::mem_pestat] skip orientation FF as there are not enough pairs
[M::mem_pestat] analyzing insert size distribution for orientation FR...
[M::mem_pestat] (25, 50, 75) percentile: (174, 198, 226)
[M::mem_pestat] low and high boundaries for computing mean and std.dev: (70, 330)
[M::mem_pestat] mean and std.dev: (200.86, 36.44)
[M::mem_pestat] low and high boundaries for proper pairs: (18, 382)
[M::mem_pestat] skip orientation RF as there are not enough pairs
[M::mem_pestat] skip orientation RR as there are not enough pairs
[M::mem_process_seqs] Processed 649908 reads in 802.372 CPU sec, 102.972 real sec
[M::process] 0 single-end sequences; 648050 paired-end sequences
[M::process] read 647338 sequences (80000203 bp)...
[M::mem_pestat] # candidate unique pairs for (FF, FR, RF, RR): (0, 247733, 3, 0)
[M::mem_pestat] skip orientation FF as there are not enough pairs
[M::mem_pestat] analyzing insert size distribution for orientation FR...
[M::mem_pestat] (25, 50, 75) percentile: (174, 198, 226)
[M::mem_pestat] low and high boundaries for computing mean and std.dev: (70, 330)
[M::mem_pestat] mean and std.dev: (200.68, 36.44)
[M::mem_pestat] low and high boundaries for proper pairs: (18, 382)
[M::mem_pestat] skip orientation RF as there are not enough pairs
[M::mem_pestat] skip orientation RR as there are not enough pairs
[M::mem_process_seqs] Processed 648050 reads in 787.706 CPU sec, 101.142 real sec
[M::process] 0 single-end sequences; 647338 paired-end sequences
[M::process] read 646798 sequences (80000088 bp)...
[M::mem_pestat] # candidate unique pairs for (FF, FR, RF, RR): (0, 247029, 5, 0)
[M::mem_pestat] skip orientation FF as there are not enough pairs
[M::mem_pestat] analyzing insert size distribution for orientation FR...
[M::mem_pestat] (25, 50, 75) percentile: (174, 198, 226)
[M::mem_pestat] low and high boundaries for computing mean and std.dev: (70, 330)
[M::mem_pestat] mean and std.dev: (200.53, 36.40)
[M::mem_pestat] low and high boundaries for proper pairs: (18, 382)
[M::mem_pestat] skip orientation RF as there are not enough pairs
[M::mem_pestat] skip orientation RR as there are not enough pairs
[M::mem_process_seqs] Processed 647338 reads in 790.461 CPU sec, 101.473 real sec
[M::process] 0 single-end sequences; 646798 paired-end sequences
[M::process] read 650162 sequences (80000179 bp)...
[M::mem_pestat] # candidate unique pairs for (FF, FR, RF, RR): (0, 246568, 3, 0)
[M::mem_pestat] skip orientation FF as there are not enough pairs
[M::mem_pestat] analyzing insert size distribution for orientation FR...
[M::mem_pestat] (25, 50, 75) percentile: (174, 197, 226)
[M::mem_pestat] low and high boundaries for computing mean and std.dev: (70, 330)
[M::mem_pestat] mean and std.dev: (200.30, 36.36)
[M::mem_pestat] low and high boundaries for proper pairs: (18, 382)
[M::mem_pestat] skip orientation RF as there are not enough pairs
[M::mem_pestat] skip orientation RR as there are not enough pairs
[M::mem_process_seqs] Processed 646798 reads in 790.808 CPU sec, 101.510 real sec
[M::process] 0 single-end sequences; 650162 paired-end sequences
[M::process] read 649182 sequences (80000034 bp)...
[M::mem_pestat] # candidate unique pairs for (FF, FR, RF, RR): (0, 246082, 2, 0)
[M::mem_pestat] skip orientation FF as there are not enough pairs
[M::mem_pestat] analyzing insert size distribution for orientation FR...
[M::mem_pestat] (25, 50, 75) percentile: (174, 198, 226)
[M::mem_pestat] low and high boundaries for computing mean and std.dev: (70, 330)
[M::mem_pestat] mean and std.dev: (200.79, 36.45)
[M::mem_pestat] low and high boundaries for proper pairs: (18, 382)
[M::mem_pestat] skip orientation RF as there are not enough pairs
[M::mem_pestat] skip orientation RR as there are not enough pairs
[M::mem_process_seqs] Processed 650162 reads in 837.296 CPU sec, 107.329 real sec
[M::process] 0 single-end sequences; 649182 paired-end sequences
[M::process] read 648036 sequences (80000150 bp)...
[M::mem_pestat] # candidate unique pairs for (FF, FR, RF, RR): (0, 245873, 3, 0)
[M::mem_pestat] skip orientation FF as there are not enough pairs
[M::mem_pestat] analyzing insert size distribution for orientation FR...
[M::mem_pestat] (25, 50, 75) percentile: (174, 198, 226)
[M::mem_pestat] low and high boundaries for computing mean and std.dev: (70, 330)
[M::mem_pestat] mean and std.dev: (200.96, 36.44)
[M::mem_pestat] low and high boundaries for proper pairs: (18, 382)
[M::mem_pestat] skip orientation RF as there are not enough pairs
[M::mem_pestat] skip orientation RR as there are not enough pairs
[M::mem_process_seqs] Processed 649182 reads in 812.944 CPU sec, 104.312 real sec
[M::process] 0 single-end sequences; 648036 paired-end sequences
[M::process] read 647436 sequences (80000042 bp)...
[M::mem_pestat] # candidate unique pairs for (FF, FR, RF, RR): (0, 246780, 2, 0)
[M::mem_pestat] skip orientation FF as there are not enough pairs
[M::mem_pestat] analyzing insert size distribution for orientation FR...
[M::mem_pestat] (25, 50, 75) percentile: (174, 198, 226)
[M::mem_pestat] low and high boundaries for computing mean and std.dev: (70, 330)
[M::mem_pestat] mean and std.dev: (200.85, 36.44)
[M::mem_pestat] low and high boundaries for proper pairs: (18, 382)
[M::mem_pestat] skip orientation RF as there are not enough pairs
[M::mem_pestat] skip orientation RR as there are not enough pairs
[M::mem_process_seqs] Processed 648036 reads in 796.179 CPU sec, 102.185 real sec
[M::process] 0 single-end sequences; 647436 paired-end sequences
[M::process] read 646660 sequences (80000242 bp)...
[M::mem_pestat] # candidate unique pairs for (FF, FR, RF, RR): (0, 246735, 4, 0)
[M::mem_pestat] skip orientation FF as there are not enough pairs
[M::mem_pestat] analyzing insert size distribution for orientation FR...
[M::mem_pestat] (25, 50, 75) percentile: (174, 198, 226)
[M::mem_pestat] low and high boundaries for computing mean and std.dev: (70, 330)
[M::mem_pestat] mean and std.dev: (200.81, 36.42)
[M::mem_pestat] low and high boundaries for proper pairs: (18, 382)
[M::mem_pestat] skip orientation RF as there are not enough pairs
[M::mem_pestat] skip orientation RR as there are not enough pairs
[M::mem_process_seqs] Processed 647436 reads in 790.669 CPU sec, 101.502 real sec
[M::process] 0 single-end sequences; 646660 paired-end sequences
[M::process] read 646200 sequences (80000014 bp)...
[M::mem_pestat] # candidate unique pairs for (FF, FR, RF, RR): (0, 246213, 2, 0)
[M::mem_pestat] skip orientation FF as there are not enough pairs
[M::mem_pestat] analyzing insert size distribution for orientation FR...
[M::mem_pestat] (25, 50, 75) percentile: (174, 198, 226)
[M::mem_pestat] low and high boundaries for computing mean and std.dev: (70, 330)
[M::mem_pestat] mean and std.dev: (200.70, 36.33)
[M::mem_pestat] low and high boundaries for proper pairs: (18, 382)
[M::mem_pestat] skip orientation RF as there are not enough pairs
[M::mem_pestat] skip orientation RR as there are not enough pairs
[M::mem_process_seqs] Processed 646660 reads in 786.964 CPU sec, 101.627 real sec
[M::process] 0 single-end sequences; 646200 paired-end sequences
[M::process] read 645656 sequences (80000085 bp)...
[M::mem_pestat] # candidate unique pairs for (FF, FR, RF, RR): (0, 246522, 7, 0)
[M::mem_pestat] skip orientation FF as there are not enough pairs
[M::mem_pestat] analyzing insert size distribution for orientation FR...
[M::mem_pestat] (25, 50, 75) percentile: (174, 198, 226)
[M::mem_pestat] low and high boundaries for computing mean and std.dev: (70, 330)
[M::mem_pestat] mean and std.dev: (200.68, 36.30)
[M::mem_pestat] low and high boundaries for proper pairs: (18, 382)
[M::mem_pestat] skip orientation RF as there are not enough pairs
[M::mem_pestat] skip orientation RR as there are not enough pairs
[M::mem_process_seqs] Processed 646200 reads in 793.207 CPU sec, 101.806 real sec
[M::process] 0 single-end sequences; 645656 paired-end sequences
[M::process] read 649422 sequences (80000210 bp)...
[M::mem_pestat] # candidate unique pairs for (FF, FR, RF, RR): (0, 246253, 4, 0)
[M::mem_pestat] skip orientation FF as there are not enough pairs
[M::mem_pestat] analyzing insert size distribution for orientation FR...
[M::mem_pestat] (25, 50, 75) percentile: (174, 198, 226)
[M::mem_pestat] low and high boundaries for computing mean and std.dev: (70, 330)
[M::mem_pestat] mean and std.dev: (200.44, 36.40)
[M::mem_pestat] low and high boundaries for proper pairs: (18, 382)
[M::mem_pestat] skip orientation RF as there are not enough pairs
[M::mem_pestat] skip orientation RR as there are not enough pairs
[M::mem_process_seqs] Processed 645656 reads in 790.995 CPU sec, 101.529 real sec
[M::process] 0 single-end sequences; 649422 paired-end sequences
[M::process] read 649926 sequences (80000044 bp)...
[M::mem_pestat] # candidate unique pairs for (FF, FR, RF, RR): (0, 246860, 5, 0)
[M::mem_pestat] skip orientation FF as there are not enough pairs
[M::mem_pestat] analyzing insert size distribution for orientation FR...
[M::mem_pestat] (25, 50, 75) percentile: (174, 198, 226)
[M::mem_pestat] low and high boundaries for computing mean and std.dev: (70, 330)
[M::mem_pestat] mean and std.dev: (200.79, 36.38)
[M::mem_pestat] low and high boundaries for proper pairs: (18, 382)
[M::mem_pestat] skip orientation RF as there are not enough pairs
[M::mem_pestat] skip orientation RR as there are not enough pairs
[M::mem_process_seqs] Processed 649422 reads in 867.155 CPU sec, 111.067 real sec
[M::process] 0 single-end sequences; 649926 paired-end sequences
[M::process] read 649544 sequences (80000054 bp)...
[M::mem_pestat] # candidate unique pairs for (FF, FR, RF, RR): (0, 246448, 7, 0)
[M::mem_pestat] skip orientation FF as there are not enough pairs
[M::mem_pestat] analyzing insert size distribution for orientation FR...
[M::mem_pestat] (25, 50, 75) percentile: (174, 198, 226)
[M::mem_pestat] low and high boundaries for computing mean and std.dev: (70, 330)
[M::mem_pestat] mean and std.dev: (200.81, 36.32)
[M::mem_pestat] low and high boundaries for proper pairs: (18, 382)
[M::mem_pestat] skip orientation RF as there are not enough pairs
[M::mem_pestat] skip orientation RR as there are not enough pairs
[M::mem_process_seqs] Processed 649926 reads in 886.269 CPU sec, 113.473 real sec
[M::process] 0 single-end sequences; 649544 paired-end sequences
[M::process] read 648992 sequences (80000063 bp)...
[M::mem_pestat] # candidate unique pairs for (FF, FR, RF, RR): (0, 246310, 2, 0)
[M::mem_pestat] skip orientation FF as there are not enough pairs
[M::mem_pestat] analyzing insert size distribution for orientation FR...
[M::mem_pestat] (25, 50, 75) percentile: (174, 198, 226)
[M::mem_pestat] low and high boundaries for computing mean and std.dev: (70, 330)
[M::mem_pestat] mean and std.dev: (200.82, 36.38)
[M::mem_pestat] low and high boundaries for proper pairs: (18, 382)
[M::mem_pestat] skip orientation RF as there are not enough pairs
[M::mem_pestat] skip orientation RR as there are not enough pairs
[M::mem_process_seqs] Processed 649544 reads in 852.577 CPU sec, 109.249 real sec
[M::process] 0 single-end sequences; 648992 paired-end sequences
[M::process] read 647436 sequences (80000221 bp)...
[M::mem_pestat] # candidate unique pairs for (FF, FR, RF, RR): (0, 246747, 4, 0)
[M::mem_pestat] skip orientation FF as there are not enough pairs
[M::mem_pestat] analyzing insert size distribution for orientation FR...
[M::mem_pestat] (25, 50, 75) percentile: (174, 198, 226)
[M::mem_pestat] low and high boundaries for computing mean and std.dev: (70, 330)
[M::mem_pestat] mean and std.dev: (200.74, 36.44)
[M::mem_pestat] low and high boundaries for proper pairs: (18, 382)
[M::mem_pestat] skip orientation RF as there are not enough pairs
[M::mem_pestat] skip orientation RR as there are not enough pairs
[M::mem_process_seqs] Processed 648992 reads in 1052.660 CPU sec, 134.284 real sec
[M::process] 0 single-end sequences; 647436 paired-end sequences
[M::process] read 647256 sequences (80000245 bp)...
[M::mem_pestat] # candidate unique pairs for (FF, FR, RF, RR): (0, 245393, 4, 0)
[M::mem_pestat] skip orientation FF as there are not enough pairs
[M::mem_pestat] analyzing insert size distribution for orientation FR...
[M::mem_pestat] (25, 50, 75) percentile: (174, 197, 226)
[M::mem_pestat] low and high boundaries for computing mean and std.dev: (70, 330)
[M::mem_pestat] mean and std.dev: (200.46, 36.29)
[M::mem_pestat] low and high boundaries for proper pairs: (18, 382)
[M::mem_pestat] skip orientation RF as there are not enough pairs
[M::mem_pestat] skip orientation RR as there are not enough pairs
[M::mem_process_seqs] Processed 647436 reads in 1047.892 CPU sec, 133.704 real sec
[M::process] 0 single-end sequences; 647256 paired-end sequences
[M::process] read 647998 sequences (80000132 bp)...
[M::mem_pestat] # candidate unique pairs for (FF, FR, RF, RR): (0, 245475, 5, 0)
[M::mem_pestat] skip orientation FF as there are not enough pairs
[M::mem_pestat] analyzing insert size distribution for orientation FR...
[M::mem_pestat] (25, 50, 75) percentile: (174, 197, 226)
[M::mem_pestat] low and high boundaries for computing mean and std.dev: (70, 330)
[M::mem_pestat] mean and std.dev: (200.36, 36.36)
[M::mem_pestat] low and high boundaries for proper pairs: (18, 382)
[M::mem_pestat] skip orientation RF as there are not enough pairs
[M::mem_pestat] skip orientation RR as there are not enough pairs
[M::mem_process_seqs] Processed 647256 reads in 954.745 CPU sec, 122.085 real sec
[M::process] 0 single-end sequences; 647998 paired-end sequences
[M::process] read 653504 sequences (80000192 bp)...
[M::mem_pestat] # candidate unique pairs for (FF, FR, RF, RR): (0, 246198, 1, 0)
[M::mem_pestat] skip orientation FF as there are not enough pairs
[M::mem_pestat] analyzing insert size distribution for orientation FR...
[M::mem_pestat] (25, 50, 75) percentile: (174, 197, 226)
[M::mem_pestat] low and high boundaries for computing mean and std.dev: (70, 330)
[M::mem_pestat] mean and std.dev: (200.32, 36.33)
[M::mem_pestat] low and high boundaries for proper pairs: (18, 382)
[M::mem_pestat] skip orientation RF as there are not enough pairs
[M::mem_pestat] skip orientation RR as there are not enough pairs
[M::mem_process_seqs] Processed 647998 reads in 848.510 CPU sec, 108.742 real sec
[M::process] 0 single-end sequences; 653504 paired-end sequences
[M::process] read 650882 sequences (80000204 bp)...
[M::mem_pestat] # candidate unique pairs for (FF, FR, RF, RR): (0, 247284, 7, 0)
[M::mem_pestat] skip orientation FF as there are not enough pairs
[M::mem_pestat] analyzing insert size distribution for orientation FR...
[M::mem_pestat] (25, 50, 75) percentile: (174, 198, 226)
[M::mem_pestat] low and high boundaries for computing mean and std.dev: (70, 330)
[M::mem_pestat] mean and std.dev: (200.81, 36.44)
[M::mem_pestat] low and high boundaries for proper pairs: (18, 382)
[M::mem_pestat] skip orientation RF as there are not enough pairs
[M::mem_pestat] skip orientation RR as there are not enough pairs
[M::mem_process_seqs] Processed 653504 reads in 880.491 CPU sec, 112.764 real sec
[M::process] 0 single-end sequences; 650882 paired-end sequences
[M::process] read 651568 sequences (80000241 bp)...
[M::mem_pestat] # candidate unique pairs for (FF, FR, RF, RR): (0, 247391, 3, 0)
[M::mem_pestat] skip orientation FF as there are not enough pairs
[M::mem_pestat] analyzing insert size distribution for orientation FR...
[M::mem_pestat] (25, 50, 75) percentile: (174, 198, 226)
[M::mem_pestat] low and high boundaries for computing mean and std.dev: (70, 330)
[M::mem_pestat] mean and std.dev: (200.84, 36.52)
[M::mem_pestat] low and high boundaries for proper pairs: (18, 382)
[M::mem_pestat] skip orientation RF as there are not enough pairs
[M::mem_pestat] skip orientation RR as there are not enough pairs
[M::mem_process_seqs] Processed 650882 reads in 849.404 CPU sec, 108.882 real sec
[M::process] 0 single-end sequences; 651568 paired-end sequences
[M::process] read 649916 sequences (80000157 bp)...
[M::mem_pestat] # candidate unique pairs for (FF, FR, RF, RR): (0, 247655, 4, 0)
[M::mem_pestat] skip orientation FF as there are not enough pairs
[M::mem_pestat] analyzing insert size distribution for orientation FR...
[M::mem_pestat] (25, 50, 75) percentile: (174, 198, 226)
[M::mem_pestat] low and high boundaries for computing mean and std.dev: (70, 330)
[M::mem_pestat] mean and std.dev: (200.96, 36.42)
[M::mem_pestat] low and high boundaries for proper pairs: (18, 382)
[M::mem_pestat] skip orientation RF as there are not enough pairs
[M::mem_pestat] skip orientation RR as there are not enough pairs
[M::mem_process_seqs] Processed 651568 reads in 844.500 CPU sec, 108.272 real sec
[M::process] 0 single-end sequences; 649916 paired-end sequences
[M::process] read 648344 sequences (80000215 bp)...
[M::mem_pestat] # candidate unique pairs for (FF, FR, RF, RR): (0, 247282, 3, 0)
[M::mem_pestat] skip orientation FF as there are not enough pairs
[M::mem_pestat] analyzing insert size distribution for orientation FR...
[M::mem_pestat] (25, 50, 75) percentile: (174, 198, 226)
[M::mem_pestat] low and high boundaries for computing mean and std.dev: (70, 330)
[M::mem_pestat] mean and std.dev: (200.56, 36.39)
[M::mem_pestat] low and high boundaries for proper pairs: (18, 382)
[M::mem_pestat] skip orientation RF as there are not enough pairs
[M::mem_pestat] skip orientation RR as there are not enough pairs
[M::mem_process_seqs] Processed 649916 reads in 838.720 CPU sec, 107.556 real sec
[M::process] 0 single-end sequences; 648344 paired-end sequences
[M::process] read 648120 sequences (80000233 bp)...
[M::mem_pestat] # candidate unique pairs for (FF, FR, RF, RR): (0, 247306, 2, 0)
[M::mem_pestat] skip orientation FF as there are not enough pairs
[M::mem_pestat] analyzing insert size distribution for orientation FR...
[M::mem_pestat] (25, 50, 75) percentile: (174, 198, 226)
[M::mem_pestat] low and high boundaries for computing mean and std.dev: (70, 330)
[M::mem_pestat] mean and std.dev: (200.50, 36.33)
[M::mem_pestat] low and high boundaries for proper pairs: (18, 382)
[M::mem_pestat] skip orientation RF as there are not enough pairs
[M::mem_pestat] skip orientation RR as there are not enough pairs
[M::mem_process_seqs] Processed 648344 reads in 810.804 CPU sec, 104.019 real sec
[M::process] 0 single-end sequences; 648120 paired-end sequences
[M::process] read 648860 sequences (80000205 bp)...
[M::mem_pestat] # candidate unique pairs for (FF, FR, RF, RR): (0, 246945, 7, 0)
[M::mem_pestat] skip orientation FF as there are not enough pairs
[M::mem_pestat] analyzing insert size distribution for orientation FR...
[M::mem_pestat] (25, 50, 75) percentile: (174, 197, 226)
[M::mem_pestat] low and high boundaries for computing mean and std.dev: (70, 330)
[M::mem_pestat] mean and std.dev: (200.43, 36.46)
[M::mem_pestat] low and high boundaries for proper pairs: (18, 382)
[M::mem_pestat] skip orientation RF as there are not enough pairs
[M::mem_pestat] skip orientation RR as there are not enough pairs
[M::mem_process_seqs] Processed 648120 reads in 798.137 CPU sec, 102.437 real sec
[M::process] 0 single-end sequences; 648860 paired-end sequences
[M::process] read 650834 sequences (80000109 bp)...
[M::mem_pestat] # candidate unique pairs for (FF, FR, RF, RR): (0, 247427, 4, 0)
[M::mem_pestat] skip orientation FF as there are not enough pairs
[M::mem_pestat] analyzing insert size distribution for orientation FR...
[M::mem_pestat] (25, 50, 75) percentile: (174, 197, 226)
[M::mem_pestat] low and high boundaries for computing mean and std.dev: (70, 330)
[M::mem_pestat] mean and std.dev: (200.36, 36.36)
[M::mem_pestat] low and high boundaries for proper pairs: (18, 382)
[M::mem_pestat] skip orientation RF as there are not enough pairs
[M::mem_pestat] skip orientation RR as there are not enough pairs
[M::mem_process_seqs] Processed 648860 reads in 796.013 CPU sec, 102.187 real sec
[M::process] 0 single-end sequences; 650834 paired-end sequences
[M::process] read 649092 sequences (80000236 bp)...
[M::mem_pestat] # candidate unique pairs for (FF, FR, RF, RR): (0, 246332, 4, 0)
[M::mem_pestat] skip orientation FF as there are not enough pairs
[M::mem_pestat] analyzing insert size distribution for orientation FR...
[M::mem_pestat] (25, 50, 75) percentile: (174, 198, 226)
[M::mem_pestat] low and high boundaries for computing mean and std.dev: (70, 330)
[M::mem_pestat] mean and std.dev: (200.85, 36.44)
[M::mem_pestat] low and high boundaries for proper pairs: (18, 382)
[M::mem_pestat] skip orientation RF as there are not enough pairs
[M::mem_pestat] skip orientation RR as there are not enough pairs
[M::mem_process_seqs] Processed 650834 reads in 832.644 CPU sec, 106.746 real sec
[M::process] 0 single-end sequences; 649092 paired-end sequences
[M::process] read 648342 sequences (80000113 bp)...
[M::mem_pestat] # candidate unique pairs for (FF, FR, RF, RR): (0, 246207, 3, 0)
[M::mem_pestat] skip orientation FF as there are not enough pairs
[M::mem_pestat] analyzing insert size distribution for orientation FR...
[M::mem_pestat] (25, 50, 75) percentile: (174, 198, 226)
[M::mem_pestat] low and high boundaries for computing mean and std.dev: (70, 330)
[M::mem_pestat] mean and std.dev: (200.87, 36.41)
[M::mem_pestat] low and high boundaries for proper pairs: (18, 382)
[M::mem_pestat] skip orientation RF as there are not enough pairs
[M::mem_pestat] skip orientation RR as there are not enough pairs
[M::mem_process_seqs] Processed 649092 reads in 817.241 CPU sec, 104.841 real sec
[M::process] 0 single-end sequences; 648342 paired-end sequences
[M::process] read 647734 sequences (80000129 bp)...
[M::mem_pestat] # candidate unique pairs for (FF, FR, RF, RR): (0, 246495, 6, 0)
[M::mem_pestat] skip orientation FF as there are not enough pairs
[M::mem_pestat] analyzing insert size distribution for orientation FR...
[M::mem_pestat] (25, 50, 75) percentile: (174, 198, 226)
[M::mem_pestat] low and high boundaries for computing mean and std.dev: (70, 330)
[M::mem_pestat] mean and std.dev: (200.83, 36.34)
[M::mem_pestat] low and high boundaries for proper pairs: (18, 382)
[M::mem_pestat] skip orientation RF as there are not enough pairs
[M::mem_pestat] skip orientation RR as there are not enough pairs
[M::mem_process_seqs] Processed 648342 reads in 800.210 CPU sec, 102.723 real sec
[M::process] 0 single-end sequences; 647734 paired-end sequences
[M::process] read 646860 sequences (80000088 bp)...
[M::mem_pestat] # candidate unique pairs for (FF, FR, RF, RR): (0, 246780, 7, 0)
[M::mem_pestat] skip orientation FF as there are not enough pairs
[M::mem_pestat] analyzing insert size distribution for orientation FR...
[M::mem_pestat] (25, 50, 75) percentile: (174, 198, 226)
[M::mem_pestat] low and high boundaries for computing mean and std.dev: (70, 330)
[M::mem_pestat] mean and std.dev: (200.70, 36.35)
[M::mem_pestat] low and high boundaries for proper pairs: (18, 382)
[M::mem_pestat] skip orientation RF as there are not enough pairs
[M::mem_pestat] skip orientation RR as there are not enough pairs
[M::mem_process_seqs] Processed 647734 reads in 791.171 CPU sec, 101.574 real sec
[M::process] 0 single-end sequences; 646860 paired-end sequences
[M::process] read 646348 sequences (80000193 bp)...
[M::mem_pestat] # candidate unique pairs for (FF, FR, RF, RR): (0, 246523, 5, 0)
[M::mem_pestat] skip orientation FF as there are not enough pairs
[M::mem_pestat] analyzing insert size distribution for orientation FR...
[M::mem_pestat] (25, 50, 75) percentile: (174, 198, 226)
[M::mem_pestat] low and high boundaries for computing mean and std.dev: (70, 330)
[M::mem_pestat] mean and std.dev: (200.72, 36.34)
[M::mem_pestat] low and high boundaries for proper pairs: (18, 382)
[M::mem_pestat] skip orientation RF as there are not enough pairs
[M::mem_pestat] skip orientation RR as there are not enough pairs
[M::mem_process_seqs] Processed 646860 reads in 793.695 CPU sec, 101.879 real sec
[M::process] 0 single-end sequences; 646348 paired-end sequences
[M::process] read 646384 sequences (80000105 bp)...
[M::mem_pestat] # candidate unique pairs for (FF, FR, RF, RR): (0, 246515, 2, 0)
[M::mem_pestat] skip orientation FF as there are not enough pairs
[M::mem_pestat] analyzing insert size distribution for orientation FR...
[M::mem_pestat] (25, 50, 75) percentile: (174, 198, 226)
[M::mem_pestat] low and high boundaries for computing mean and std.dev: (70, 330)
[M::mem_pestat] mean and std.dev: (200.45, 36.42)
[M::mem_pestat] low and high boundaries for proper pairs: (18, 382)
[M::mem_pestat] skip orientation RF as there are not enough pairs
[M::mem_pestat] skip orientation RR as there are not enough pairs
[M::mem_process_seqs] Processed 646348 reads in 801.886 CPU sec, 102.928 real sec
[M::process] 0 single-end sequences; 646384 paired-end sequences
[M::process] read 645688 sequences (80000027 bp)...
[M::mem_pestat] # candidate unique pairs for (FF, FR, RF, RR): (0, 246580, 2, 0)
[M::mem_pestat] skip orientation FF as there are not enough pairs
[M::mem_pestat] analyzing insert size distribution for orientation FR...
[M::mem_pestat] (25, 50, 75) percentile: (174, 198, 226)
[M::mem_pestat] low and high boundaries for computing mean and std.dev: (70, 330)
[M::mem_pestat] mean and std.dev: (200.56, 36.36)
[M::mem_pestat] low and high boundaries for proper pairs: (18, 382)
[M::mem_pestat] skip orientation RF as there are not enough pairs
[M::mem_pestat] skip orientation RR as there are not enough pairs
[M::mem_process_seqs] Processed 646384 reads in 793.390 CPU sec, 101.854 real sec
[M::process] 0 single-end sequences; 645688 paired-end sequences
[M::process] read 645354 sequences (80000171 bp)...
[M::mem_pestat] # candidate unique pairs for (FF, FR, RF, RR): (0, 244924, 1, 0)
[M::mem_pestat] skip orientation FF as there are not enough pairs
[M::mem_pestat] analyzing insert size distribution for orientation FR...
[M::mem_pestat] (25, 50, 75) percentile: (174, 198, 227)
[M::mem_pestat] low and high boundaries for computing mean and std.dev: (68, 333)
[M::mem_pestat] mean and std.dev: (201.03, 36.48)
[M::mem_pestat] low and high boundaries for proper pairs: (15, 386)
[M::mem_pestat] skip orientation RF as there are not enough pairs
[M::mem_pestat] skip orientation RR as there are not enough pairs
[M::mem_process_seqs] Processed 645688 reads in 815.750 CPU sec, 104.637 real sec
[M::process] 0 single-end sequences; 645354 paired-end sequences
[M::process] read 645236 sequences (80000023 bp)...
[M::mem_pestat] # candidate unique pairs for (FF, FR, RF, RR): (0, 245132, 5, 0)
[M::mem_pestat] skip orientation FF as there are not enough pairs
[M::mem_pestat] analyzing insert size distribution for orientation FR...
[M::mem_pestat] (25, 50, 75) percentile: (174, 198, 226)
[M::mem_pestat] low and high boundaries for computing mean and std.dev: (70, 330)
[M::mem_pestat] mean and std.dev: (200.89, 36.44)
[M::mem_pestat] low and high boundaries for proper pairs: (18, 382)
[M::mem_pestat] skip orientation RF as there are not enough pairs
[M::mem_pestat] skip orientation RR as there are not enough pairs
[M::mem_process_seqs] Processed 645354 reads in 798.020 CPU sec, 102.437 real sec
[M::process] 0 single-end sequences; 645236 paired-end sequences
[M::process] read 645248 sequences (80000157 bp)...
[M::mem_pestat] # candidate unique pairs for (FF, FR, RF, RR): (0, 245475, 2, 0)
[M::mem_pestat] skip orientation FF as there are not enough pairs
[M::mem_pestat] analyzing insert size distribution for orientation FR...
[M::mem_pestat] (25, 50, 75) percentile: (174, 198, 227)
[M::mem_pestat] low and high boundaries for computing mean and std.dev: (68, 333)
[M::mem_pestat] mean and std.dev: (201.03, 36.46)
[M::mem_pestat] low and high boundaries for proper pairs: (15, 386)
[M::mem_pestat] skip orientation RF as there are not enough pairs
[M::mem_pestat] skip orientation RR as there are not enough pairs
[M::mem_process_seqs] Processed 645236 reads in 791.396 CPU sec, 101.574 real sec
[M::process] 0 single-end sequences; 645248 paired-end sequences
[M::process] read 645324 sequences (80000037 bp)...
[M::mem_pestat] # candidate unique pairs for (FF, FR, RF, RR): (0, 245321, 4, 0)
[M::mem_pestat] skip orientation FF as there are not enough pairs
[M::mem_pestat] analyzing insert size distribution for orientation FR...
[M::mem_pestat] (25, 50, 75) percentile: (174, 198, 226)
[M::mem_pestat] low and high boundaries for computing mean and std.dev: (70, 330)
[M::mem_pestat] mean and std.dev: (200.76, 36.49)
[M::mem_pestat] low and high boundaries for proper pairs: (18, 382)
[M::mem_pestat] skip orientation RF as there are not enough pairs
[M::mem_pestat] skip orientation RR as there are not enough pairs
[M::mem_process_seqs] Processed 645248 reads in 796.630 CPU sec, 102.224 real sec
[M::process] 0 single-end sequences; 645324 paired-end sequences
[M::process] read 645408 sequences (80000122 bp)...
[M::mem_pestat] # candidate unique pairs for (FF, FR, RF, RR): (0, 245272, 5, 0)
[M::mem_pestat] skip orientation FF as there are not enough pairs
[M::mem_pestat] analyzing insert size distribution for orientation FR...
[M::mem_pestat] (25, 50, 75) percentile: (174, 198, 226)
[M::mem_pestat] low and high boundaries for computing mean and std.dev: (70, 330)
[M::mem_pestat] mean and std.dev: (200.81, 36.45)
[M::mem_pestat] low and high boundaries for proper pairs: (18, 382)
[M::mem_pestat] skip orientation RF as there are not enough pairs
[M::mem_pestat] skip orientation RR as there are not enough pairs
[M::mem_process_seqs] Processed 645324 reads in 807.284 CPU sec, 103.562 real sec
[M::process] 0 single-end sequences; 645408 paired-end sequences
[M::process] read 645454 sequences (80000167 bp)...
[M::mem_pestat] # candidate unique pairs for (FF, FR, RF, RR): (0, 244995, 2, 0)
[M::mem_pestat] skip orientation FF as there are not enough pairs
[M::mem_pestat] analyzing insert size distribution for orientation FR...
[M::mem_pestat] (25, 50, 75) percentile: (174, 198, 226)
[M::mem_pestat] low and high boundaries for computing mean and std.dev: (70, 330)
[M::mem_pestat] mean and std.dev: (200.68, 36.43)
[M::mem_pestat] low and high boundaries for proper pairs: (18, 382)
[M::mem_pestat] skip orientation RF as there are not enough pairs
[M::mem_pestat] skip orientation RR as there are not enough pairs
[M::mem_process_seqs] Processed 645408 reads in 816.504 CPU sec, 104.718 real sec
[M::process] 0 single-end sequences; 645454 paired-end sequences
[M::process] read 645492 sequences (80000006 bp)...
[M::mem_pestat] # candidate unique pairs for (FF, FR, RF, RR): (0, 245252, 6, 0)
[M::mem_pestat] skip orientation FF as there are not enough pairs
[M::mem_pestat] analyzing insert size distribution for orientation FR...
[M::mem_pestat] (25, 50, 75) percentile: (174, 198, 226)
[M::mem_pestat] low and high boundaries for computing mean and std.dev: (70, 330)
[M::mem_pestat] mean and std.dev: (200.83, 36.44)
[M::mem_pestat] low and high boundaries for proper pairs: (18, 382)
[M::mem_pestat] skip orientation RF as there are not enough pairs
[M::mem_pestat] skip orientation RR as there are not enough pairs
[M::mem_process_seqs] Processed 645454 reads in 808.372 CPU sec, 103.696 real sec
[M::process] 0 single-end sequences; 645492 paired-end sequences
[M::process] read 645152 sequences (80000134 bp)...
[M::mem_pestat] # candidate unique pairs for (FF, FR, RF, RR): (0, 245542, 3, 0)
[M::mem_pestat] skip orientation FF as there are not enough pairs
[M::mem_pestat] analyzing insert size distribution for orientation FR...
[M::mem_pestat] (25, 50, 75) percentile: (174, 198, 227)
[M::mem_pestat] low and high boundaries for computing mean and std.dev: (68, 333)
[M::mem_pestat] mean and std.dev: (201.03, 36.47)
[M::mem_pestat] low and high boundaries for proper pairs: (15, 386)
[M::mem_pestat] skip orientation RF as there are not enough pairs
[M::mem_pestat] skip orientation RR as there are not enough pairs
[M::mem_process_seqs] Processed 645492 reads in 795.175 CPU sec, 102.093 real sec
[M::process] 0 single-end sequences; 645152 paired-end sequences
[M::process] read 645116 sequences (80000186 bp)...
[M::mem_pestat] # candidate unique pairs for (FF, FR, RF, RR): (0, 245543, 5, 0)
[M::mem_pestat] skip orientation FF as there are not enough pairs
[M::mem_pestat] analyzing insert size distribution for orientation FR...
[M::mem_pestat] (25, 50, 75) percentile: (174, 198, 226)
[M::mem_pestat] low and high boundaries for computing mean and std.dev: (70, 330)
[M::mem_pestat] mean and std.dev: (200.93, 36.33)
[M::mem_pestat] low and high boundaries for proper pairs: (18, 382)
[M::mem_pestat] skip orientation RF as there are not enough pairs
[M::mem_pestat] skip orientation RR as there are not enough pairs
[M::mem_process_seqs] Processed 645152 reads in 783.689 CPU sec, 100.599 real sec
[M::process] 0 single-end sequences; 645116 paired-end sequences
[M::process] read 645140 sequences (80000075 bp)...
[M::mem_pestat] # candidate unique pairs for (FF, FR, RF, RR): (0, 245971, 6, 0)
[M::mem_pestat] skip orientation FF as there are not enough pairs
[M::mem_pestat] analyzing insert size distribution for orientation FR...
[M::mem_pestat] (25, 50, 75) percentile: (174, 198, 226)
[M::mem_pestat] low and high boundaries for computing mean and std.dev: (70, 330)
[M::mem_pestat] mean and std.dev: (200.81, 36.41)
[M::mem_pestat] low and high boundaries for proper pairs: (18, 382)
[M::mem_pestat] skip orientation RF as there are not enough pairs
[M::mem_pestat] skip orientation RR as there are not enough pairs
[M::mem_process_seqs] Processed 645116 reads in 786.145 CPU sec, 100.914 real sec
[M::process] 0 single-end sequences; 645140 paired-end sequences
[M::process] read 645202 sequences (80000128 bp)...
[M::mem_pestat] # candidate unique pairs for (FF, FR, RF, RR): (0, 245779, 4, 0)
[M::mem_pestat] skip orientation FF as there are not enough pairs
[M::mem_pestat] analyzing insert size distribution for orientation FR...
[M::mem_pestat] (25, 50, 75) percentile: (174, 198, 226)
[M::mem_pestat] low and high boundaries for computing mean and std.dev: (70, 330)
[M::mem_pestat] mean and std.dev: (200.70, 36.39)
[M::mem_pestat] low and high boundaries for proper pairs: (18, 382)
[M::mem_pestat] skip orientation RF as there are not enough pairs
[M::mem_pestat] skip orientation RR as there are not enough pairs
[M::mem_process_seqs] Processed 645140 reads in 794.436 CPU sec, 101.956 real sec
[M::process] 0 single-end sequences; 645202 paired-end sequences
[M::process] read 645262 sequences (80000007 bp)...
[M::mem_pestat] # candidate unique pairs for (FF, FR, RF, RR): (0, 245564, 6, 0)
[M::mem_pestat] skip orientation FF as there are not enough pairs
[M::mem_pestat] analyzing insert size distribution for orientation FR...
[M::mem_pestat] (25, 50, 75) percentile: (174, 198, 226)
[M::mem_pestat] low and high boundaries for computing mean and std.dev: (70, 330)
[M::mem_pestat] mean and std.dev: (200.53, 36.31)
[M::mem_pestat] low and high boundaries for proper pairs: (18, 382)
[M::mem_pestat] skip orientation RF as there are not enough pairs
[M::mem_pestat] skip orientation RR as there are not enough pairs
[M::mem_process_seqs] Processed 645202 reads in 796.965 CPU sec, 102.289 real sec
[M::process] 0 single-end sequences; 645262 paired-end sequences
[M::process] read 645518 sequences (80000055 bp)...
[M::mem_pestat] # candidate unique pairs for (FF, FR, RF, RR): (0, 245315, 4, 0)
[M::mem_pestat] skip orientation FF as there are not enough pairs
[M::mem_pestat] analyzing insert size distribution for orientation FR...
[M::mem_pestat] (25, 50, 75) percentile: (174, 197, 226)
[M::mem_pestat] low and high boundaries for computing mean and std.dev: (70, 330)
[M::mem_pestat] mean and std.dev: (200.44, 36.47)
[M::mem_pestat] low and high boundaries for proper pairs: (18, 382)
[M::mem_pestat] skip orientation RF as there are not enough pairs
[M::mem_pestat] skip orientation RR as there are not enough pairs
[M::mem_process_seqs] Processed 645262 reads in 803.388 CPU sec, 103.063 real sec
[M::process] 0 single-end sequences; 645518 paired-end sequences
[M::process] read 645390 sequences (80000130 bp)...
[M::mem_pestat] # candidate unique pairs for (FF, FR, RF, RR): (0, 245471, 3, 0)
[M::mem_pestat] skip orientation FF as there are not enough pairs
[M::mem_pestat] analyzing insert size distribution for orientation FR...
[M::mem_pestat] (25, 50, 75) percentile: (174, 198, 226)
[M::mem_pestat] low and high boundaries for computing mean and std.dev: (70, 330)
[M::mem_pestat] mean and std.dev: (200.63, 36.45)
[M::mem_pestat] low and high boundaries for proper pairs: (18, 382)
[M::mem_pestat] skip orientation RF as there are not enough pairs
[M::mem_pestat] skip orientation RR as there are not enough pairs
[M::mem_process_seqs] Processed 645518 reads in 806.095 CPU sec, 103.451 real sec
[M::process] 0 single-end sequences; 645390 paired-end sequences
[M::process] read 645152 sequences (80000192 bp)...
[M::mem_pestat] # candidate unique pairs for (FF, FR, RF, RR): (0, 244717, 3, 0)
[M::mem_pestat] skip orientation FF as there are not enough pairs
[M::mem_pestat] analyzing insert size distribution for orientation FR...
[M::mem_pestat] (25, 50, 75) percentile: (174, 198, 227)
[M::mem_pestat] low and high boundaries for computing mean and std.dev: (68, 333)
[M::mem_pestat] mean and std.dev: (201.14, 36.49)
[M::mem_pestat] low and high boundaries for proper pairs: (15, 386)
[M::mem_pestat] skip orientation RF as there are not enough pairs
[M::mem_pestat] skip orientation RR as there are not enough pairs
[M::mem_process_seqs] Processed 645390 reads in 805.449 CPU sec, 103.323 real sec
[M::process] 0 single-end sequences; 645152 paired-end sequences
[M::process] read 645108 sequences (80000186 bp)...
[M::mem_pestat] # candidate unique pairs for (FF, FR, RF, RR): (0, 245540, 4, 0)
[M::mem_pestat] skip orientation FF as there are not enough pairs
[M::mem_pestat] analyzing insert size distribution for orientation FR...
[M::mem_pestat] (25, 50, 75) percentile: (174, 198, 227)
[M::mem_pestat] low and high boundaries for computing mean and std.dev: (68, 333)
[M::mem_pestat] mean and std.dev: (201.02, 36.45)
[M::mem_pestat] low and high boundaries for proper pairs: (15, 386)
[M::mem_pestat] skip orientation RF as there are not enough pairs
[M::mem_pestat] skip orientation RR as there are not enough pairs
[M::mem_process_seqs] Processed 645152 reads in 793.743 CPU sec, 101.862 real sec
[M::process] 0 single-end sequences; 645108 paired-end sequences
[M::process] read 645174 sequences (80000148 bp)...
[M::mem_pestat] # candidate unique pairs for (FF, FR, RF, RR): (0, 245700, 3, 0)
[M::mem_pestat] skip orientation FF as there are not enough pairs
[M::mem_pestat] analyzing insert size distribution for orientation FR...
[M::mem_pestat] (25, 50, 75) percentile: (174, 198, 226)
[M::mem_pestat] low and high boundaries for computing mean and std.dev: (70, 330)
[M::mem_pestat] mean and std.dev: (200.84, 36.50)
[M::mem_pestat] low and high boundaries for proper pairs: (18, 382)
[M::mem_pestat] skip orientation RF as there are not enough pairs
[M::mem_pestat] skip orientation RR as there are not enough pairs
[M::mem_process_seqs] Processed 645108 reads in 789.778 CPU sec, 101.377 real sec
[M::process] 0 single-end sequences; 645174 paired-end sequences
[M::process] read 645286 sequences (80000146 bp)...
[M::mem_pestat] # candidate unique pairs for (FF, FR, RF, RR): (0, 245673, 1, 0)
[M::mem_pestat] skip orientation FF as there are not enough pairs
[M::mem_pestat] analyzing insert size distribution for orientation FR...
[M::mem_pestat] (25, 50, 75) percentile: (174, 198, 226)
[M::mem_pestat] low and high boundaries for computing mean and std.dev: (70, 330)
[M::mem_pestat] mean and std.dev: (200.63, 36.38)
[M::mem_pestat] low and high boundaries for proper pairs: (18, 382)
[M::mem_pestat] skip orientation RF as there are not enough pairs
[M::mem_pestat] skip orientation RR as there are not enough pairs
[M::mem_process_seqs] Processed 645174 reads in 795.762 CPU sec, 102.116 real sec
[M::process] 0 single-end sequences; 645286 paired-end sequences
[M::process] read 645280 sequences (80000112 bp)...
[M::mem_pestat] # candidate unique pairs for (FF, FR, RF, RR): (0, 245488, 4, 0)
[M::mem_pestat] skip orientation FF as there are not enough pairs
[M::mem_pestat] analyzing insert size distribution for orientation FR...
[M::mem_pestat] (25, 50, 75) percentile: (174, 198, 226)
[M::mem_pestat] low and high boundaries for computing mean and std.dev: (70, 330)
[M::mem_pestat] mean and std.dev: (200.67, 36.31)
[M::mem_pestat] low and high boundaries for proper pairs: (18, 382)
[M::mem_pestat] skip orientation RF as there are not enough pairs
[M::mem_pestat] skip orientation RR as there are not enough pairs
[M::mem_process_seqs] Processed 645286 reads in 806.218 CPU sec, 103.464 real sec
[M::process] 0 single-end sequences; 645280 paired-end sequences
[M::process] read 645640 sequences (80000028 bp)...
[M::mem_pestat] # candidate unique pairs for (FF, FR, RF, RR): (0, 245039, 3, 0)
[M::mem_pestat] skip orientation FF as there are not enough pairs
[M::mem_pestat] analyzing insert size distribution for orientation FR...
[M::mem_pestat] (25, 50, 75) percentile: (174, 198, 226)
[M::mem_pestat] low and high boundaries for computing mean and std.dev: (70, 330)
[M::mem_pestat] mean and std.dev: (200.52, 36.49)
[M::mem_pestat] low and high boundaries for proper pairs: (18, 382)
[M::mem_pestat] skip orientation RF as there are not enough pairs
[M::mem_pestat] skip orientation RR as there are not enough pairs
[M::mem_process_seqs] Processed 645280 reads in 804.217 CPU sec, 103.171 real sec
[M::process] 0 single-end sequences; 645640 paired-end sequences
[M::process] read 645500 sequences (80000133 bp)...
[M::mem_pestat] # candidate unique pairs for (FF, FR, RF, RR): (0, 244591, 5, 0)
[M::mem_pestat] skip orientation FF as there are not enough pairs
[M::mem_pestat] analyzing insert size distribution for orientation FR...
[M::mem_pestat] (25, 50, 75) percentile: (174, 198, 226)
[M::mem_pestat] low and high boundaries for computing mean and std.dev: (70, 330)
[M::mem_pestat] mean and std.dev: (200.90, 36.48)
[M::mem_pestat] low and high boundaries for proper pairs: (18, 382)
[M::mem_pestat] skip orientation RF as there are not enough pairs
[M::mem_pestat] skip orientation RR as there are not enough pairs
[M::mem_process_seqs] Processed 645640 reads in 825.343 CPU sec, 105.828 real sec
[M::process] 0 single-end sequences; 645500 paired-end sequences
[M::process] read 645280 sequences (80000231 bp)...
[M::mem_pestat] # candidate unique pairs for (FF, FR, RF, RR): (0, 245070, 2, 0)
[M::mem_pestat] skip orientation FF as there are not enough pairs
[M::mem_pestat] analyzing insert size distribution for orientation FR...
[M::mem_pestat] (25, 50, 75) percentile: (174, 198, 227)
[M::mem_pestat] low and high boundaries for computing mean and std.dev: (68, 333)
[M::mem_pestat] mean and std.dev: (201.01, 36.47)
[M::mem_pestat] low and high boundaries for proper pairs: (15, 386)
[M::mem_pestat] skip orientation RF as there are not enough pairs
[M::mem_pestat] skip orientation RR as there are not enough pairs
[M::mem_process_seqs] Processed 645500 reads in 822.794 CPU sec, 105.517 real sec
[M::process] 0 single-end sequences; 645280 paired-end sequences
[M::process] read 645204 sequences (80000239 bp)...
[M::mem_pestat] # candidate unique pairs for (FF, FR, RF, RR): (0, 245240, 3, 0)
[M::mem_pestat] skip orientation FF as there are not enough pairs
[M::mem_pestat] analyzing insert size distribution for orientation FR...
[M::mem_pestat] (25, 50, 75) percentile: (174, 198, 226)
[M::mem_pestat] low and high boundaries for computing mean and std.dev: (70, 330)
[M::mem_pestat] mean and std.dev: (200.93, 36.43)
[M::mem_pestat] low and high boundaries for proper pairs: (18, 382)
[M::mem_pestat] skip orientation RF as there are not enough pairs
[M::mem_pestat] skip orientation RR as there are not enough pairs
[M::mem_process_seqs] Processed 645280 reads in 803.805 CPU sec, 103.116 real sec
[M::process] 0 single-end sequences; 645204 paired-end sequences
[M::process] read 645350 sequences (80000009 bp)...
[M::mem_pestat] # candidate unique pairs for (FF, FR, RF, RR): (0, 245331, 2, 0)
[M::mem_pestat] skip orientation FF as there are not enough pairs
[M::mem_pestat] analyzing insert size distribution for orientation FR...
[M::mem_pestat] (25, 50, 75) percentile: (174, 198, 226)
[M::mem_pestat] low and high boundaries for computing mean and std.dev: (70, 330)
[M::mem_pestat] mean and std.dev: (200.89, 36.44)
[M::mem_pestat] low and high boundaries for proper pairs: (18, 382)
[M::mem_pestat] skip orientation RF as there are not enough pairs
[M::mem_pestat] skip orientation RR as there are not enough pairs
[M::mem_process_seqs] Processed 645204 reads in 805.996 CPU sec, 103.393 real sec
[M::process] 0 single-end sequences; 645350 paired-end sequences
[M::process] read 645580 sequences (80000157 bp)...
[M::mem_pestat] # candidate unique pairs for (FF, FR, RF, RR): (0, 245228, 7, 0)
[M::mem_pestat] skip orientation FF as there are not enough pairs
[M::mem_pestat] analyzing insert size distribution for orientation FR...
[M::mem_pestat] (25, 50, 75) percentile: (174, 198, 226)
[M::mem_pestat] low and high boundaries for computing mean and std.dev: (70, 330)
[M::mem_pestat] mean and std.dev: (200.73, 36.45)
[M::mem_pestat] low and high boundaries for proper pairs: (18, 382)
[M::mem_pestat] skip orientation RF as there are not enough pairs
[M::mem_pestat] skip orientation RR as there are not enough pairs
[M::mem_process_seqs] Processed 645350 reads in 809.404 CPU sec, 103.858 real sec
[M::process] 0 single-end sequences; 645580 paired-end sequences
[M::process] read 645754 sequences (80000002 bp)...
[M::mem_pestat] # candidate unique pairs for (FF, FR, RF, RR): (0, 245059, 6, 0)
[M::mem_pestat] skip orientation FF as there are not enough pairs
[M::mem_pestat] analyzing insert size distribution for orientation FR...
[M::mem_pestat] (25, 50, 75) percentile: (174, 198, 226)
[M::mem_pestat] low and high boundaries for computing mean and std.dev: (70, 330)
[M::mem_pestat] mean and std.dev: (200.64, 36.43)
[M::mem_pestat] low and high boundaries for proper pairs: (18, 382)
[M::mem_pestat] skip orientation RF as there are not enough pairs
[M::mem_pestat] skip orientation RR as there are not enough pairs
[M::mem_process_seqs] Processed 645580 reads in 821.538 CPU sec, 105.356 real sec
[M::process] 0 single-end sequences; 645754 paired-end sequences
[M::process] read 645566 sequences (80000166 bp)...
[M::mem_pestat] # candidate unique pairs for (FF, FR, RF, RR): (0, 245648, 3, 0)
[M::mem_pestat] skip orientation FF as there are not enough pairs
[M::mem_pestat] analyzing insert size distribution for orientation FR...
[M::mem_pestat] (25, 50, 75) percentile: (174, 198, 226)
[M::mem_pestat] low and high boundaries for computing mean and std.dev: (70, 330)
[M::mem_pestat] mean and std.dev: (200.61, 36.46)
[M::mem_pestat] low and high boundaries for proper pairs: (18, 382)
[M::mem_pestat] skip orientation RF as there are not enough pairs
[M::mem_pestat] skip orientation RR as there are not enough pairs
[M::mem_process_seqs] Processed 645754 reads in 831.891 CPU sec, 106.634 real sec
[M::process] 0 single-end sequences; 645566 paired-end sequences
[M::process] read 645288 sequences (80000228 bp)...
[M::mem_pestat] # candidate unique pairs for (FF, FR, RF, RR): (0, 245270, 6, 0)
[M::mem_pestat] skip orientation FF as there are not enough pairs
[M::mem_pestat] analyzing insert size distribution for orientation FR...
[M::mem_pestat] (25, 50, 75) percentile: (174, 198, 226)
[M::mem_pestat] low and high boundaries for computing mean and std.dev: (70, 330)
[M::mem_pestat] mean and std.dev: (200.86, 36.37)
[M::mem_pestat] low and high boundaries for proper pairs: (18, 382)
[M::mem_pestat] skip orientation RF as there are not enough pairs
[M::mem_pestat] skip orientation RR as there are not enough pairs
[M::mem_process_seqs] Processed 645566 reads in 815.340 CPU sec, 104.558 real sec
[M::process] 0 single-end sequences; 645288 paired-end sequences
[M::process] read 645138 sequences (80000188 bp)...
[M::mem_pestat] # candidate unique pairs for (FF, FR, RF, RR): (0, 245451, 5, 0)
[M::mem_pestat] skip orientation FF as there are not enough pairs
[M::mem_pestat] analyzing insert size distribution for orientation FR...
[M::mem_pestat] (25, 50, 75) percentile: (174, 198, 226)
[M::mem_pestat] low and high boundaries for computing mean and std.dev: (70, 330)
[M::mem_pestat] mean and std.dev: (200.76, 36.41)
[M::mem_pestat] low and high boundaries for proper pairs: (18, 382)
[M::mem_pestat] skip orientation RF as there are not enough pairs
[M::mem_pestat] skip orientation RR as there are not enough pairs
[M::mem_process_seqs] Processed 645288 reads in 793.715 CPU sec, 101.863 real sec
[M::process] 0 single-end sequences; 645138 paired-end sequences
[M::process] read 645082 sequences (80000100 bp)...
[M::mem_pestat] # candidate unique pairs for (FF, FR, RF, RR): (0, 245105, 5, 0)
[M::mem_pestat] skip orientation FF as there are not enough pairs
[M::mem_pestat] analyzing insert size distribution for orientation FR...
[M::mem_pestat] (25, 50, 75) percentile: (174, 198, 226)
[M::mem_pestat] low and high boundaries for computing mean and std.dev: (70, 330)
[M::mem_pestat] mean and std.dev: (200.89, 36.50)
[M::mem_pestat] low and high boundaries for proper pairs: (18, 382)
[M::mem_pestat] skip orientation RF as there are not enough pairs
[M::mem_pestat] skip orientation RR as there are not enough pairs
[M::mem_process_seqs] Processed 645138 reads in 798.752 CPU sec, 102.500 real sec
[M::process] 0 single-end sequences; 645082 paired-end sequences
[M::process] read 645248 sequences (80000193 bp)...
[M::mem_pestat] # candidate unique pairs for (FF, FR, RF, RR): (0, 245561, 3, 0)
[M::mem_pestat] skip orientation FF as there are not enough pairs
[M::mem_pestat] analyzing insert size distribution for orientation FR...
[M::mem_pestat] (25, 50, 75) percentile: (174, 198, 226)
[M::mem_pestat] low and high boundaries for computing mean and std.dev: (70, 330)
[M::mem_pestat] mean and std.dev: (200.71, 36.47)
[M::mem_pestat] low and high boundaries for proper pairs: (18, 382)
[M::mem_pestat] skip orientation RF as there are not enough pairs
[M::mem_pestat] skip orientation RR as there are not enough pairs
[M::mem_process_seqs] Processed 645082 reads in 802.787 CPU sec, 103.024 real sec
[M::process] 0 single-end sequences; 645248 paired-end sequences
[M::process] read 645298 sequences (80000190 bp)...
[M::mem_pestat] # candidate unique pairs for (FF, FR, RF, RR): (0, 244842, 6, 0)
[M::mem_pestat] skip orientation FF as there are not enough pairs
[M::mem_pestat] analyzing insert size distribution for orientation FR...
[M::mem_pestat] (25, 50, 75) percentile: (174, 198, 226)
[M::mem_pestat] low and high boundaries for computing mean and std.dev: (70, 330)
[M::mem_pestat] mean and std.dev: (200.65, 36.41)
[M::mem_pestat] low and high boundaries for proper pairs: (18, 382)
[M::mem_pestat] skip orientation RF as there are not enough pairs
[M::mem_pestat] skip orientation RR as there are not enough pairs
[M::mem_process_seqs] Processed 645248 reads in 822.448 CPU sec, 105.466 real sec
[M::process] 0 single-end sequences; 645298 paired-end sequences
[M::process] read 646100 sequences (80000015 bp)...
[M::mem_pestat] # candidate unique pairs for (FF, FR, RF, RR): (0, 244375, 5, 0)
[M::mem_pestat] skip orientation FF as there are not enough pairs
[M::mem_pestat] analyzing insert size distribution for orientation FR...
[M::mem_pestat] (25, 50, 75) percentile: (174, 197, 226)
[M::mem_pestat] low and high boundaries for computing mean and std.dev: (70, 330)
[M::mem_pestat] mean and std.dev: (200.38, 36.38)
[M::mem_pestat] low and high boundaries for proper pairs: (18, 382)
[M::mem_pestat] skip orientation RF as there are not enough pairs
[M::mem_pestat] skip orientation RR as there are not enough pairs
[M::mem_process_seqs] Processed 645298 reads in 823.382 CPU sec, 105.561 real sec
[M::process] 0 single-end sequences; 646100 paired-end sequences
[M::process] read 645736 sequences (80000133 bp)...
[M::mem_pestat] # candidate unique pairs for (FF, FR, RF, RR): (0, 246231, 4, 0)
[M::mem_pestat] skip orientation FF as there are not enough pairs
[M::mem_pestat] analyzing insert size distribution for orientation FR...
[M::mem_pestat] (25, 50, 75) percentile: (174, 198, 226)
[M::mem_pestat] low and high boundaries for computing mean and std.dev: (70, 330)
[M::mem_pestat] mean and std.dev: (200.84, 36.43)
[M::mem_pestat] low and high boundaries for proper pairs: (18, 382)
[M::mem_pestat] skip orientation RF as there are not enough pairs
[M::mem_pestat] skip orientation RR as there are not enough pairs
[M::mem_process_seqs] Processed 646100 reads in 807.734 CPU sec, 103.624 real sec
[M::process] 0 single-end sequences; 645736 paired-end sequences
[M::process] read 645306 sequences (80000206 bp)...
[M::mem_pestat] # candidate unique pairs for (FF, FR, RF, RR): (0, 245611, 2, 0)
[M::mem_pestat] skip orientation FF as there are not enough pairs
[M::mem_pestat] analyzing insert size distribution for orientation FR...
[M::mem_pestat] (25, 50, 75) percentile: (174, 198, 226)
[M::mem_pestat] low and high boundaries for computing mean and std.dev: (70, 330)
[M::mem_pestat] mean and std.dev: (201.02, 36.48)
[M::mem_pestat] low and high boundaries for proper pairs: (18, 382)
[M::mem_pestat] skip orientation RF as there are not enough pairs
[M::mem_pestat] skip orientation RR as there are not enough pairs
[M::mem_process_seqs] Processed 645736 reads in 802.325 CPU sec, 102.927 real sec
[M::process] 0 single-end sequences; 645306 paired-end sequences
[M::process] read 645252 sequences (80000238 bp)...
[M::mem_pestat] # candidate unique pairs for (FF, FR, RF, RR): (0, 245316, 6, 0)
[M::mem_pestat] skip orientation FF as there are not enough pairs
[M::mem_pestat] analyzing insert size distribution for orientation FR...
[M::mem_pestat] (25, 50, 75) percentile: (174, 198, 226)
[M::mem_pestat] low and high boundaries for computing mean and std.dev: (70, 330)
[M::mem_pestat] mean and std.dev: (200.95, 36.54)
[M::mem_pestat] low and high boundaries for proper pairs: (18, 382)
[M::mem_pestat] skip orientation RF as there are not enough pairs
[M::mem_pestat] skip orientation RR as there are not enough pairs
[M::mem_process_seqs] Processed 645306 reads in 799.120 CPU sec, 102.535 real sec
[M::process] 0 single-end sequences; 645252 paired-end sequences
[M::process] read 645264 sequences (80000042 bp)...
[M::mem_pestat] # candidate unique pairs for (FF, FR, RF, RR): (0, 245790, 4, 0)
[M::mem_pestat] skip orientation FF as there are not enough pairs
[M::mem_pestat] analyzing insert size distribution for orientation FR...
[M::mem_pestat] (25, 50, 75) percentile: (174, 198, 226)
[M::mem_pestat] low and high boundaries for computing mean and std.dev: (70, 330)
[M::mem_pestat] mean and std.dev: (200.83, 36.41)
[M::mem_pestat] low and high boundaries for proper pairs: (18, 382)
[M::mem_pestat] skip orientation RF as there are not enough pairs
[M::mem_pestat] skip orientation RR as there are not enough pairs
[M::mem_process_seqs] Processed 645252 reads in 798.706 CPU sec, 102.505 real sec
[M::process] 0 single-end sequences; 645264 paired-end sequences
[M::process] read 645412 sequences (80000166 bp)...
[M::mem_pestat] # candidate unique pairs for (FF, FR, RF, RR): (0, 245337, 5, 0)
[M::mem_pestat] skip orientation FF as there are not enough pairs
[M::mem_pestat] analyzing insert size distribution for orientation FR...
[M::mem_pestat] (25, 50, 75) percentile: (174, 198, 226)
[M::mem_pestat] low and high boundaries for computing mean and std.dev: (70, 330)
[M::mem_pestat] mean and std.dev: (200.57, 36.46)
[M::mem_pestat] low and high boundaries for proper pairs: (18, 382)
[M::mem_pestat] skip orientation RF as there are not enough pairs
[M::mem_pestat] skip orientation RR as there are not enough pairs
[M::mem_process_seqs] Processed 645264 reads in 812.971 CPU sec, 104.290 real sec
[M::process] 0 single-end sequences; 645412 paired-end sequences
[M::process] read 645492 sequences (80000027 bp)...
[M::mem_pestat] # candidate unique pairs for (FF, FR, RF, RR): (0, 245516, 6, 0)
[M::mem_pestat] skip orientation FF as there are not enough pairs
[M::mem_pestat] analyzing insert size distribution for orientation FR...
[M::mem_pestat] (25, 50, 75) percentile: (174, 198, 226)
[M::mem_pestat] low and high boundaries for computing mean and std.dev: (70, 330)
[M::mem_pestat] mean and std.dev: (200.53, 36.43)
[M::mem_pestat] low and high boundaries for proper pairs: (18, 382)
[M::mem_pestat] skip orientation RF as there are not enough pairs
[M::mem_pestat] skip orientation RR as there are not enough pairs
[M::mem_process_seqs] Processed 645412 reads in 812.698 CPU sec, 104.254 real sec
[M::process] 0 single-end sequences; 645492 paired-end sequences
[M::process] read 645642 sequences (80000099 bp)...
[M::mem_pestat] # candidate unique pairs for (FF, FR, RF, RR): (0, 245451, 1, 0)
[M::mem_pestat] skip orientation FF as there are not enough pairs
[M::mem_pestat] analyzing insert size distribution for orientation FR...
[M::mem_pestat] (25, 50, 75) percentile: (174, 198, 226)
[M::mem_pestat] low and high boundaries for computing mean and std.dev: (70, 330)
[M::mem_pestat] mean and std.dev: (200.55, 36.42)
[M::mem_pestat] low and high boundaries for proper pairs: (18, 382)
[M::mem_pestat] skip orientation RF as there are not enough pairs
[M::mem_pestat] skip orientation RR as there are not enough pairs
[M::mem_process_seqs] Processed 645492 reads in 806.273 CPU sec, 103.435 real sec
[M::process] 0 single-end sequences; 645642 paired-end sequences
[M::process] read 645312 sequences (80000140 bp)...
[M::mem_pestat] # candidate unique pairs for (FF, FR, RF, RR): (0, 245142, 3, 0)
[M::mem_pestat] skip orientation FF as there are not enough pairs
[M::mem_pestat] analyzing insert size distribution for orientation FR...
[M::mem_pestat] (25, 50, 75) percentile: (174, 198, 226)
[M::mem_pestat] low and high boundaries for computing mean and std.dev: (70, 330)
[M::mem_pestat] mean and std.dev: (200.97, 36.39)
[M::mem_pestat] low and high boundaries for proper pairs: (18, 382)
[M::mem_pestat] skip orientation RF as there are not enough pairs
[M::mem_pestat] skip orientation RR as there are not enough pairs
[M::mem_process_seqs] Processed 645642 reads in 803.790 CPU sec, 103.111 real sec
[M::process] 0 single-end sequences; 645312 paired-end sequences
[M::process] read 645282 sequences (80000157 bp)...
[M::mem_pestat] # candidate unique pairs for (FF, FR, RF, RR): (0, 245586, 4, 0)
[M::mem_pestat] skip orientation FF as there are not enough pairs
[M::mem_pestat] analyzing insert size distribution for orientation FR...
[M::mem_pestat] (25, 50, 75) percentile: (174, 198, 226)
[M::mem_pestat] low and high boundaries for computing mean and std.dev: (70, 330)
[M::mem_pestat] mean and std.dev: (200.95, 36.49)
[M::mem_pestat] low and high boundaries for proper pairs: (18, 382)
[M::mem_pestat] skip orientation RF as there are not enough pairs
[M::mem_pestat] skip orientation RR as there are not enough pairs
[M::mem_process_seqs] Processed 645312 reads in 787.799 CPU sec, 101.137 real sec
[M::process] 0 single-end sequences; 645282 paired-end sequences
[M::process] read 645198 sequences (80000230 bp)...
[M::mem_pestat] # candidate unique pairs for (FF, FR, RF, RR): (0, 245903, 7, 0)
[M::mem_pestat] skip orientation FF as there are not enough pairs
[M::mem_pestat] analyzing insert size distribution for orientation FR...
[M::mem_pestat] (25, 50, 75) percentile: (174, 198, 226)
[M::mem_pestat] low and high boundaries for computing mean and std.dev: (70, 330)
[M::mem_pestat] mean and std.dev: (201.00, 36.41)
[M::mem_pestat] low and high boundaries for proper pairs: (18, 382)
[M::mem_pestat] skip orientation RF as there are not enough pairs
[M::mem_pestat] skip orientation RR as there are not enough pairs
[M::mem_process_seqs] Processed 645282 reads in 785.974 CPU sec, 100.909 real sec
[M::process] 0 single-end sequences; 645198 paired-end sequences
[M::process] read 645322 sequences (80000233 bp)...
[M::mem_pestat] # candidate unique pairs for (FF, FR, RF, RR): (0, 245678, 6, 0)
[M::mem_pestat] skip orientation FF as there are not enough pairs
[M::mem_pestat] analyzing insert size distribution for orientation FR...
[M::mem_pestat] (25, 50, 75) percentile: (174, 198, 226)
[M::mem_pestat] low and high boundaries for computing mean and std.dev: (70, 330)
[M::mem_pestat] mean and std.dev: (200.76, 36.42)
[M::mem_pestat] low and high boundaries for proper pairs: (18, 382)
[M::mem_pestat] skip orientation RF as there are not enough pairs
[M::mem_pestat] skip orientation RR as there are not enough pairs
[M::mem_process_seqs] Processed 645198 reads in 791.622 CPU sec, 101.593 real sec
[M::process] 0 single-end sequences; 645322 paired-end sequences
[M::process] read 645366 sequences (80000247 bp)...
[M::mem_pestat] # candidate unique pairs for (FF, FR, RF, RR): (0, 245800, 5, 0)
[M::mem_pestat] skip orientation FF as there are not enough pairs
[M::mem_pestat] analyzing insert size distribution for orientation FR...
[M::mem_pestat] (25, 50, 75) percentile: (174, 198, 226)
[M::mem_pestat] low and high boundaries for computing mean and std.dev: (70, 330)
[M::mem_pestat] mean and std.dev: (200.55, 36.38)
[M::mem_pestat] low and high boundaries for proper pairs: (18, 382)
[M::mem_pestat] skip orientation RF as there are not enough pairs
[M::mem_pestat] skip orientation RR as there are not enough pairs
[M::mem_process_seqs] Processed 645322 reads in 794.601 CPU sec, 101.970 real sec
[M::process] 0 single-end sequences; 645366 paired-end sequences
[M::process] read 645486 sequences (80000221 bp)...
[M::mem_pestat] # candidate unique pairs for (FF, FR, RF, RR): (0, 245233, 4, 0)
[M::mem_pestat] skip orientation FF as there are not enough pairs
[M::mem_pestat] analyzing insert size distribution for orientation FR...
[M::mem_pestat] (25, 50, 75) percentile: (174, 198, 226)
[M::mem_pestat] low and high boundaries for computing mean and std.dev: (70, 330)
[M::mem_pestat] mean and std.dev: (200.57, 36.41)
[M::mem_pestat] low and high boundaries for proper pairs: (18, 382)
[M::mem_pestat] skip orientation RF as there are not enough pairs
[M::mem_pestat] skip orientation RR as there are not enough pairs
[M::mem_process_seqs] Processed 645366 reads in 807.763 CPU sec, 103.621 real sec
[M::process] 0 single-end sequences; 645486 paired-end sequences
[M::process] read 645670 sequences (80000028 bp)...
[M::mem_pestat] # candidate unique pairs for (FF, FR, RF, RR): (0, 245789, 2, 0)
[M::mem_pestat] skip orientation FF as there are not enough pairs
[M::mem_pestat] analyzing insert size distribution for orientation FR...
[M::mem_pestat] (25, 50, 75) percentile: (174, 198, 226)
[M::mem_pestat] low and high boundaries for computing mean and std.dev: (70, 330)
[M::mem_pestat] mean and std.dev: (200.68, 36.43)
[M::mem_pestat] low and high boundaries for proper pairs: (18, 382)
[M::mem_pestat] skip orientation RF as there are not enough pairs
[M::mem_pestat] skip orientation RR as there are not enough pairs
[M::mem_process_seqs] Processed 645486 reads in 806.143 CPU sec, 103.418 real sec
[M::process] 0 single-end sequences; 645670 paired-end sequences
[M::process] read 645254 sequences (80000105 bp)...
[M::mem_pestat] # candidate unique pairs for (FF, FR, RF, RR): (0, 245796, 4, 0)
[M::mem_pestat] skip orientation FF as there are not enough pairs
[M::mem_pestat] analyzing insert size distribution for orientation FR...
[M::mem_pestat] (25, 50, 75) percentile: (174, 198, 226)
[M::mem_pestat] low and high boundaries for computing mean and std.dev: (70, 330)
[M::mem_pestat] mean and std.dev: (201.00, 36.47)
[M::mem_pestat] low and high boundaries for proper pairs: (18, 382)
[M::mem_pestat] skip orientation RF as there are not enough pairs
[M::mem_pestat] skip orientation RR as there are not enough pairs
[M::mem_process_seqs] Processed 645670 reads in 790.103 CPU sec, 101.431 real sec
[M::process] 0 single-end sequences; 645254 paired-end sequences
[M::process] read 645216 sequences (80000192 bp)...
[M::mem_pestat] # candidate unique pairs for (FF, FR, RF, RR): (0, 245917, 4, 0)
[M::mem_pestat] skip orientation FF as there are not enough pairs
[M::mem_pestat] analyzing insert size distribution for orientation FR...
[M::mem_pestat] (25, 50, 75) percentile: (174, 198, 226)
[M::mem_pestat] low and high boundaries for computing mean and std.dev: (70, 330)
[M::mem_pestat] mean and std.dev: (200.87, 36.44)
[M::mem_pestat] low and high boundaries for proper pairs: (18, 382)
[M::mem_pestat] skip orientation RF as there are not enough pairs
[M::mem_pestat] skip orientation RR as there are not enough pairs
[M::mem_process_seqs] Processed 645254 reads in 781.443 CPU sec, 100.311 real sec
[M::process] 0 single-end sequences; 645216 paired-end sequences
[M::process] read 645222 sequences (80000048 bp)...
[M::mem_pestat] # candidate unique pairs for (FF, FR, RF, RR): (0, 245913, 4, 0)
[M::mem_pestat] skip orientation FF as there are not enough pairs
[M::mem_pestat] analyzing insert size distribution for orientation FR...
[M::mem_pestat] (25, 50, 75) percentile: (174, 198, 226)
[M::mem_pestat] low and high boundaries for computing mean and std.dev: (70, 330)
[M::mem_pestat] mean and std.dev: (200.83, 36.46)
[M::mem_pestat] low and high boundaries for proper pairs: (18, 382)
[M::mem_pestat] skip orientation RF as there are not enough pairs
[M::mem_pestat] skip orientation RR as there are not enough pairs
[M::mem_process_seqs] Processed 645216 reads in 783.667 CPU sec, 100.606 real sec
[M::process] 0 single-end sequences; 645222 paired-end sequences
[M::process] read 645314 sequences (80000138 bp)...
[M::mem_pestat] # candidate unique pairs for (FF, FR, RF, RR): (0, 245703, 4, 0)
[M::mem_pestat] skip orientation FF as there are not enough pairs
[M::mem_pestat] analyzing insert size distribution for orientation FR...
[M::mem_pestat] (25, 50, 75) percentile: (174, 198, 226)
[M::mem_pestat] low and high boundaries for computing mean and std.dev: (70, 330)
[M::mem_pestat] mean and std.dev: (200.82, 36.43)
[M::mem_pestat] low and high boundaries for proper pairs: (18, 382)
[M::mem_pestat] skip orientation RF as there are not enough pairs
[M::mem_pestat] skip orientation RR as there are not enough pairs
[M::mem_process_seqs] Processed 645222 reads in 794.073 CPU sec, 101.906 real sec
[M::process] 0 single-end sequences; 645314 paired-end sequences
[M::process] read 645292 sequences (80000117 bp)...
[M::mem_pestat] # candidate unique pairs for (FF, FR, RF, RR): (0, 245686, 8, 0)
[M::mem_pestat] skip orientation FF as there are not enough pairs
[M::mem_pestat] analyzing insert size distribution for orientation FR...
[M::mem_pestat] (25, 50, 75) percentile: (174, 198, 226)
[M::mem_pestat] low and high boundaries for computing mean and std.dev: (70, 330)
[M::mem_pestat] mean and std.dev: (200.62, 36.40)
[M::mem_pestat] low and high boundaries for proper pairs: (18, 382)
[M::mem_pestat] skip orientation RF as there are not enough pairs
[M::mem_pestat] skip orientation RR as there are not enough pairs
[M::mem_process_seqs] Processed 645314 reads in 793.591 CPU sec, 101.889 real sec
[M::process] 0 single-end sequences; 645292 paired-end sequences
[M::process] read 645982 sequences (80000146 bp)...
[M::mem_pestat] # candidate unique pairs for (FF, FR, RF, RR): (0, 245275, 3, 0)
[M::mem_pestat] skip orientation FF as there are not enough pairs
[M::mem_pestat] analyzing insert size distribution for orientation FR...
[M::mem_pestat] (25, 50, 75) percentile: (174, 198, 226)
[M::mem_pestat] low and high boundaries for computing mean and std.dev: (70, 330)
[M::mem_pestat] mean and std.dev: (200.60, 36.39)
[M::mem_pestat] low and high boundaries for proper pairs: (18, 382)
[M::mem_pestat] skip orientation RF as there are not enough pairs
[M::mem_pestat] skip orientation RR as there are not enough pairs
[M::mem_process_seqs] Processed 645292 reads in 799.949 CPU sec, 102.615 real sec
[M::process] 0 single-end sequences; 645982 paired-end sequences
[M::process] read 645678 sequences (80000219 bp)...
[M::mem_pestat] # candidate unique pairs for (FF, FR, RF, RR): (0, 245641, 2, 0)
[M::mem_pestat] skip orientation FF as there are not enough pairs
[M::mem_pestat] analyzing insert size distribution for orientation FR...
[M::mem_pestat] (25, 50, 75) percentile: (174, 198, 226)
[M::mem_pestat] low and high boundaries for computing mean and std.dev: (70, 330)
[M::mem_pestat] mean and std.dev: (200.86, 36.41)
[M::mem_pestat] low and high boundaries for proper pairs: (18, 382)
[M::mem_pestat] skip orientation RF as there are not enough pairs
[M::mem_pestat] skip orientation RR as there are not enough pairs
[M::mem_process_seqs] Processed 645982 reads in 808.524 CPU sec, 103.766 real sec
[M::process] 0 single-end sequences; 645678 paired-end sequences
[M::process] read 645456 sequences (80000132 bp)...
[M::mem_pestat] # candidate unique pairs for (FF, FR, RF, RR): (0, 245229, 2, 0)
[M::mem_pestat] skip orientation FF as there are not enough pairs
[M::mem_pestat] analyzing insert size distribution for orientation FR...
[M::mem_pestat] (25, 50, 75) percentile: (174, 198, 227)
[M::mem_pestat] low and high boundaries for computing mean and std.dev: (68, 333)
[M::mem_pestat] mean and std.dev: (201.22, 36.47)
[M::mem_pestat] low and high boundaries for proper pairs: (15, 386)
[M::mem_pestat] skip orientation RF as there are not enough pairs
[M::mem_pestat] skip orientation RR as there are not enough pairs
[M::mem_process_seqs] Processed 645678 reads in 805.162 CPU sec, 103.295 real sec
[M::process] 0 single-end sequences; 645456 paired-end sequences
[M::process] read 645360 sequences (80000193 bp)...
[M::mem_pestat] # candidate unique pairs for (FF, FR, RF, RR): (0, 244923, 4, 0)
[M::mem_pestat] skip orientation FF as there are not enough pairs
[M::mem_pestat] analyzing insert size distribution for orientation FR...
[M::mem_pestat] (25, 50, 75) percentile: (174, 198, 227)
[M::mem_pestat] low and high boundaries for computing mean and std.dev: (68, 333)
[M::mem_pestat] mean and std.dev: (201.14, 36.51)
[M::mem_pestat] low and high boundaries for proper pairs: (15, 386)
[M::mem_pestat] skip orientation RF as there are not enough pairs
[M::mem_pestat] skip orientation RR as there are not enough pairs
[M::mem_process_seqs] Processed 645456 reads in 795.756 CPU sec, 102.140 real sec
[M::process] 0 single-end sequences; 645360 paired-end sequences
[M::process] read 645410 sequences (80000204 bp)...
[M::mem_pestat] # candidate unique pairs for (FF, FR, RF, RR): (0, 245736, 2, 0)
[M::mem_pestat] skip orientation FF as there are not enough pairs
[M::mem_pestat] analyzing insert size distribution for orientation FR...
[M::mem_pestat] (25, 50, 75) percentile: (174, 198, 226)
[M::mem_pestat] low and high boundaries for computing mean and std.dev: (70, 330)
[M::mem_pestat] mean and std.dev: (200.91, 36.44)
[M::mem_pestat] low and high boundaries for proper pairs: (18, 382)
[M::mem_pestat] skip orientation RF as there are not enough pairs
[M::mem_pestat] skip orientation RR as there are not enough pairs
[M::mem_process_seqs] Processed 645360 reads in 791.637 CPU sec, 101.621 real sec
[M::process] 0 single-end sequences; 645410 paired-end sequences
[M::process] read 645504 sequences (80000087 bp)...
[M::mem_pestat] # candidate unique pairs for (FF, FR, RF, RR): (0, 245662, 0, 0)
[M::mem_pestat] skip orientation FF as there are not enough pairs
[M::mem_pestat] analyzing insert size distribution for orientation FR...
[M::mem_pestat] (25, 50, 75) percentile: (174, 198, 226)
[M::mem_pestat] low and high boundaries for computing mean and std.dev: (70, 330)
[M::mem_pestat] mean and std.dev: (200.78, 36.48)
[M::mem_pestat] low and high boundaries for proper pairs: (18, 382)
[M::mem_pestat] skip orientation RF as there are not enough pairs
[M::mem_pestat] skip orientation RR as there are not enough pairs
[M::mem_process_seqs] Processed 645410 reads in 793.102 CPU sec, 101.803 real sec
[M::process] 0 single-end sequences; 645504 paired-end sequences
[M::process] read 645440 sequences (80000072 bp)...
[M::mem_pestat] # candidate unique pairs for (FF, FR, RF, RR): (0, 245378, 2, 0)
[M::mem_pestat] skip orientation FF as there are not enough pairs
[M::mem_pestat] analyzing insert size distribution for orientation FR...
[M::mem_pestat] (25, 50, 75) percentile: (174, 198, 226)
[M::mem_pestat] low and high boundaries for computing mean and std.dev: (70, 330)
[M::mem_pestat] mean and std.dev: (200.66, 36.37)
[M::mem_pestat] low and high boundaries for proper pairs: (18, 382)
[M::mem_pestat] skip orientation RF as there are not enough pairs
[M::mem_pestat] skip orientation RR as there are not enough pairs
[M::mem_process_seqs] Processed 645504 reads in 808.972 CPU sec, 103.778 real sec
[M::process] 0 single-end sequences; 645440 paired-end sequences
[M::process] read 645704 sequences (80000115 bp)...
[M::mem_pestat] # candidate unique pairs for (FF, FR, RF, RR): (0, 244844, 0, 0)
[M::mem_pestat] skip orientation FF as there are not enough pairs
[M::mem_pestat] analyzing insert size distribution for orientation FR...
[M::mem_pestat] (25, 50, 75) percentile: (174, 198, 226)
[M::mem_pestat] low and high boundaries for computing mean and std.dev: (70, 330)
[M::mem_pestat] mean and std.dev: (200.70, 36.43)
[M::mem_pestat] low and high boundaries for proper pairs: (18, 382)
[M::mem_pestat] skip orientation RF as there are not enough pairs
[M::mem_pestat] skip orientation RR as there are not enough pairs
[M::mem_process_seqs] Processed 645440 reads in 810.663 CPU sec, 104.011 real sec
[M::process] 0 single-end sequences; 645704 paired-end sequences
[M::process] read 645664 sequences (80000204 bp)...
[M::mem_pestat] # candidate unique pairs for (FF, FR, RF, RR): (0, 245463, 2, 0)
[M::mem_pestat] skip orientation FF as there are not enough pairs
[M::mem_pestat] analyzing insert size distribution for orientation FR...
[M::mem_pestat] (25, 50, 75) percentile: (174, 198, 226)
[M::mem_pestat] low and high boundaries for computing mean and std.dev: (70, 330)
[M::mem_pestat] mean and std.dev: (200.95, 36.47)
[M::mem_pestat] low and high boundaries for proper pairs: (18, 382)
[M::mem_pestat] skip orientation RF as there are not enough pairs
[M::mem_pestat] skip orientation RR as there are not enough pairs
[M::mem_process_seqs] Processed 645704 reads in 818.382 CPU sec, 104.943 real sec
[M::process] 0 single-end sequences; 645664 paired-end sequences
[M::process] read 645184 sequences (80000221 bp)...
[M::mem_pestat] # candidate unique pairs for (FF, FR, RF, RR): (0, 244867, 4, 0)
[M::mem_pestat] skip orientation FF as there are not enough pairs
[M::mem_pestat] analyzing insert size distribution for orientation FR...
[M::mem_pestat] (25, 50, 75) percentile: (174, 198, 226)
[M::mem_pestat] low and high boundaries for computing mean and std.dev: (70, 330)
[M::mem_pestat] mean and std.dev: (200.90, 36.40)
[M::mem_pestat] low and high boundaries for proper pairs: (18, 382)
[M::mem_pestat] skip orientation RF as there are not enough pairs
[M::mem_pestat] skip orientation RR as there are not enough pairs
[M::mem_process_seqs] Processed 645664 reads in 804.398 CPU sec, 103.204 real sec
[M::process] 0 single-end sequences; 645184 paired-end sequences
[M::process] read 645160 sequences (80000161 bp)...
[M::mem_pestat] # candidate unique pairs for (FF, FR, RF, RR): (0, 245332, 4, 0)
[M::mem_pestat] skip orientation FF as there are not enough pairs
[M::mem_pestat] analyzing insert size distribution for orientation FR...
[M::mem_pestat] (25, 50, 75) percentile: (174, 198, 227)
[M::mem_pestat] low and high boundaries for computing mean and std.dev: (68, 333)
[M::mem_pestat] mean and std.dev: (201.04, 36.49)
[M::mem_pestat] low and high boundaries for proper pairs: (15, 386)
[M::mem_pestat] skip orientation RF as there are not enough pairs
[M::mem_pestat] skip orientation RR as there are not enough pairs
[M::mem_process_seqs] Processed 645184 reads in 796.938 CPU sec, 102.273 real sec
[M::process] 0 single-end sequences; 645160 paired-end sequences
[M::process] read 645218 sequences (80000186 bp)...
[M::mem_pestat] # candidate unique pairs for (FF, FR, RF, RR): (0, 245557, 6, 0)
[M::mem_pestat] skip orientation FF as there are not enough pairs
[M::mem_pestat] analyzing insert size distribution for orientation FR...
[M::mem_pestat] (25, 50, 75) percentile: (174, 198, 226)
[M::mem_pestat] low and high boundaries for computing mean and std.dev: (70, 330)
[M::mem_pestat] mean and std.dev: (200.73, 36.41)
[M::mem_pestat] low and high boundaries for proper pairs: (18, 382)
[M::mem_pestat] skip orientation RF as there are not enough pairs
[M::mem_pestat] skip orientation RR as there are not enough pairs
[M::mem_process_seqs] Processed 645160 reads in 798.599 CPU sec, 102.483 real sec
[M::process] 0 single-end sequences; 645218 paired-end sequences
[M::process] read 645542 sequences (80000010 bp)...
[M::mem_pestat] # candidate unique pairs for (FF, FR, RF, RR): (0, 245548, 8, 0)
[M::mem_pestat] skip orientation FF as there are not enough pairs
[M::mem_pestat] analyzing insert size distribution for orientation FR...
[M::mem_pestat] (25, 50, 75) percentile: (174, 198, 226)
[M::mem_pestat] low and high boundaries for computing mean and std.dev: (70, 330)
[M::mem_pestat] mean and std.dev: (200.51, 36.43)
[M::mem_pestat] low and high boundaries for proper pairs: (18, 382)
[M::mem_pestat] skip orientation RF as there are not enough pairs
[M::mem_pestat] skip orientation RR as there are not enough pairs
[M::mem_process_seqs] Processed 645218 reads in 807.931 CPU sec, 103.635 real sec
[M::process] 0 single-end sequences; 645542 paired-end sequences
[M::process] read 645862 sequences (80000014 bp)...
[M::mem_pestat] # candidate unique pairs for (FF, FR, RF, RR): (0, 244463, 5, 0)
[M::mem_pestat] skip orientation FF as there are not enough pairs
[M::mem_pestat] analyzing insert size distribution for orientation FR...
[M::mem_pestat] (25, 50, 75) percentile: (174, 198, 226)
[M::mem_pestat] low and high boundaries for computing mean and std.dev: (70, 330)
[M::mem_pestat] mean and std.dev: (200.55, 36.51)
[M::mem_pestat] low and high boundaries for proper pairs: (18, 382)
[M::mem_pestat] skip orientation RF as there are not enough pairs
[M::mem_pestat] skip orientation RR as there are not enough pairs
[M::mem_process_seqs] Processed 645542 reads in 824.590 CPU sec, 105.760 real sec
[M::process] 0 single-end sequences; 645862 paired-end sequences
[M::process] read 645688 sequences (80000210 bp)...
[M::mem_pestat] # candidate unique pairs for (FF, FR, RF, RR): (0, 245730, 7, 0)
[M::mem_pestat] skip orientation FF as there are not enough pairs
[M::mem_pestat] analyzing insert size distribution for orientation FR...
[M::mem_pestat] (25, 50, 75) percentile: (174, 198, 226)
[M::mem_pestat] low and high boundaries for computing mean and std.dev: (70, 330)
[M::mem_pestat] mean and std.dev: (200.69, 36.43)
[M::mem_pestat] low and high boundaries for proper pairs: (18, 382)
[M::mem_pestat] skip orientation RF as there are not enough pairs
[M::mem_pestat] skip orientation RR as there are not enough pairs
[M::mem_process_seqs] Processed 645862 reads in 803.733 CPU sec, 103.105 real sec
[M::process] 0 single-end sequences; 645688 paired-end sequences
[M::process] read 645428 sequences (80000027 bp)...
[M::mem_pestat] # candidate unique pairs for (FF, FR, RF, RR): (0, 245144, 3, 0)
[M::mem_pestat] skip orientation FF as there are not enough pairs
[M::mem_pestat] analyzing insert size distribution for orientation FR...
[M::mem_pestat] (25, 50, 75) percentile: (174, 198, 226)
[M::mem_pestat] low and high boundaries for computing mean and std.dev: (70, 330)
[M::mem_pestat] mean and std.dev: (200.99, 36.50)
[M::mem_pestat] low and high boundaries for proper pairs: (18, 382)
[M::mem_pestat] skip orientation RF as there are not enough pairs
[M::mem_pestat] skip orientation RR as there are not enough pairs
[M::mem_process_seqs] Processed 645688 reads in 805.165 CPU sec, 103.293 real sec
[M::process] 0 single-end sequences; 645428 paired-end sequences
[M::process] read 645190 sequences (80000046 bp)...
[M::mem_pestat] # candidate unique pairs for (FF, FR, RF, RR): (0, 245627, 3, 0)
[M::mem_pestat] skip orientation FF as there are not enough pairs
[M::mem_pestat] analyzing insert size distribution for orientation FR...
[M::mem_pestat] (25, 50, 75) percentile: (174, 198, 226)
[M::mem_pestat] low and high boundaries for computing mean and std.dev: (70, 330)
[M::mem_pestat] mean and std.dev: (200.70, 36.45)
[M::mem_pestat] low and high boundaries for proper pairs: (18, 382)
[M::mem_pestat] skip orientation RF as there are not enough pairs
[M::mem_pestat] skip orientation RR as there are not enough pairs
[M::mem_process_seqs] Processed 645428 reads in 790.564 CPU sec, 101.491 real sec
[M::process] 0 single-end sequences; 645190 paired-end sequences
[M::process] read 645182 sequences (80000035 bp)...
[M::mem_pestat] # candidate unique pairs for (FF, FR, RF, RR): (0, 245543, 6, 0)
[M::mem_pestat] skip orientation FF as there are not enough pairs
[M::mem_pestat] analyzing insert size distribution for orientation FR...
[M::mem_pestat] (25, 50, 75) percentile: (174, 198, 226)
[M::mem_pestat] low and high boundaries for computing mean and std.dev: (70, 330)
[M::mem_pestat] mean and std.dev: (200.87, 36.36)
[M::mem_pestat] low and high boundaries for proper pairs: (18, 382)
[M::mem_pestat] skip orientation RF as there are not enough pairs
[M::mem_pestat] skip orientation RR as there are not enough pairs
[M::mem_process_seqs] Processed 645190 reads in 798.581 CPU sec, 102.477 real sec
[M::process] 0 single-end sequences; 645182 paired-end sequences
[M::process] read 645372 sequences (80000017 bp)...
[M::mem_pestat] # candidate unique pairs for (FF, FR, RF, RR): (0, 245563, 1, 0)
[M::mem_pestat] skip orientation FF as there are not enough pairs
[M::mem_pestat] analyzing insert size distribution for orientation FR...
[M::mem_pestat] (25, 50, 75) percentile: (174, 198, 226)
[M::mem_pestat] low and high boundaries for computing mean and std.dev: (70, 330)
[M::mem_pestat] mean and std.dev: (200.77, 36.43)
[M::mem_pestat] low and high boundaries for proper pairs: (18, 382)
[M::mem_pestat] skip orientation RF as there are not enough pairs
[M::mem_pestat] skip orientation RR as there are not enough pairs
[M::mem_process_seqs] Processed 645182 reads in 802.466 CPU sec, 102.985 real sec
[M::process] 0 single-end sequences; 645372 paired-end sequences
[M::process] read 645490 sequences (80000215 bp)...
[M::mem_pestat] # candidate unique pairs for (FF, FR, RF, RR): (0, 244982, 3, 0)
[M::mem_pestat] skip orientation FF as there are not enough pairs
[M::mem_pestat] analyzing insert size distribution for orientation FR...
[M::mem_pestat] (25, 50, 75) percentile: (174, 198, 226)
[M::mem_pestat] low and high boundaries for computing mean and std.dev: (70, 330)
[M::mem_pestat] mean and std.dev: (200.70, 36.43)
[M::mem_pestat] low and high boundaries for proper pairs: (18, 382)
[M::mem_pestat] skip orientation RF as there are not enough pairs
[M::mem_pestat] skip orientation RR as there are not enough pairs
[M::mem_process_seqs] Processed 645372 reads in 811.980 CPU sec, 104.154 real sec
[M::process] 0 single-end sequences; 645490 paired-end sequences
[M::process] read 646646 sequences (80000222 bp)...
[M::mem_pestat] # candidate unique pairs for (FF, FR, RF, RR): (0, 244775, 5, 0)
[M::mem_pestat] skip orientation FF as there are not enough pairs
[M::mem_pestat] analyzing insert size distribution for orientation FR...
[M::mem_pestat] (25, 50, 75) percentile: (174, 198, 226)
[M::mem_pestat] low and high boundaries for computing mean and std.dev: (70, 330)
[M::mem_pestat] mean and std.dev: (200.48, 36.41)
[M::mem_pestat] low and high boundaries for proper pairs: (18, 382)
[M::mem_pestat] skip orientation RF as there are not enough pairs
[M::mem_pestat] skip orientation RR as there are not enough pairs
[M::mem_process_seqs] Processed 645490 reads in 817.510 CPU sec, 104.836 real sec
[M::process] 0 single-end sequences; 646646 paired-end sequences
[M::process] read 645946 sequences (80000137 bp)...
[M::mem_pestat] # candidate unique pairs for (FF, FR, RF, RR): (0, 245909, 2, 0)
[M::mem_pestat] skip orientation FF as there are not enough pairs
[M::mem_pestat] analyzing insert size distribution for orientation FR...
[M::mem_pestat] (25, 50, 75) percentile: (174, 198, 226)
[M::mem_pestat] low and high boundaries for computing mean and std.dev: (70, 330)
[M::mem_pestat] mean and std.dev: (200.96, 36.42)
[M::mem_pestat] low and high boundaries for proper pairs: (18, 382)
[M::mem_pestat] skip orientation RF as there are not enough pairs
[M::mem_pestat] skip orientation RR as there are not enough pairs
[M::mem_process_seqs] Processed 646646 reads in 804.521 CPU sec, 103.225 real sec
[M::process] 0 single-end sequences; 645946 paired-end sequences
[M::process] read 645682 sequences (80000225 bp)...
[M::mem_pestat] # candidate unique pairs for (FF, FR, RF, RR): (0, 245037, 2, 0)
[M::mem_pestat] skip orientation FF as there are not enough pairs
[M::mem_pestat] analyzing insert size distribution for orientation FR...
[M::mem_pestat] (25, 50, 75) percentile: (174, 198, 227)
[M::mem_pestat] low and high boundaries for computing mean and std.dev: (68, 333)
[M::mem_pestat] mean and std.dev: (201.13, 36.46)
[M::mem_pestat] low and high boundaries for proper pairs: (15, 386)
[M::mem_pestat] skip orientation RF as there are not enough pairs
[M::mem_pestat] skip orientation RR as there are not enough pairs
[M::mem_process_seqs] Processed 645946 reads in 813.319 CPU sec, 104.326 real sec
[M::process] 0 single-end sequences; 645682 paired-end sequences
[M::process] read 645396 sequences (80000123 bp)...
[M::mem_pestat] # candidate unique pairs for (FF, FR, RF, RR): (0, 245115, 3, 0)
[M::mem_pestat] skip orientation FF as there are not enough pairs
[M::mem_pestat] analyzing insert size distribution for orientation FR...
[M::mem_pestat] (25, 50, 75) percentile: (174, 198, 227)
[M::mem_pestat] low and high boundaries for computing mean and std.dev: (68, 333)
[M::mem_pestat] mean and std.dev: (201.10, 36.43)
[M::mem_pestat] low and high boundaries for proper pairs: (15, 386)
[M::mem_pestat] skip orientation RF as there are not enough pairs
[M::mem_pestat] skip orientation RR as there are not enough pairs
[M::mem_process_seqs] Processed 645682 reads in 799.912 CPU sec, 102.642 real sec
[M::process] 0 single-end sequences; 645396 paired-end sequences
[M::process] read 645474 sequences (80000091 bp)...
[M::mem_pestat] # candidate unique pairs for (FF, FR, RF, RR): (0, 245412, 4, 0)
[M::mem_pestat] skip orientation FF as there are not enough pairs
[M::mem_pestat] analyzing insert size distribution for orientation FR...
[M::mem_pestat] (25, 50, 75) percentile: (174, 198, 226)
[M::mem_pestat] low and high boundaries for computing mean and std.dev: (70, 330)
[M::mem_pestat] mean and std.dev: (200.94, 36.45)
[M::mem_pestat] low and high boundaries for proper pairs: (18, 382)
[M::mem_pestat] skip orientation RF as there are not enough pairs
[M::mem_pestat] skip orientation RR as there are not enough pairs
[M::mem_process_seqs] Processed 645396 reads in 806.565 CPU sec, 103.457 real sec
[M::process] 0 single-end sequences; 645474 paired-end sequences
[M::process] read 645798 sequences (80000174 bp)...
[M::mem_pestat] # candidate unique pairs for (FF, FR, RF, RR): (0, 244884, 3, 0)
[M::mem_pestat] skip orientation FF as there are not enough pairs
[M::mem_pestat] analyzing insert size distribution for orientation FR...
[M::mem_pestat] (25, 50, 75) percentile: (174, 198, 226)
[M::mem_pestat] low and high boundaries for computing mean and std.dev: (70, 330)
[M::mem_pestat] mean and std.dev: (200.76, 36.42)
[M::mem_pestat] low and high boundaries for proper pairs: (18, 382)
[M::mem_pestat] skip orientation RF as there are not enough pairs
[M::mem_pestat] skip orientation RR as there are not enough pairs
[M::mem_process_seqs] Processed 645474 reads in 820.213 CPU sec, 105.210 real sec
[M::process] 0 single-end sequences; 645798 paired-end sequences
[M::process] read 645930 sequences (80000111 bp)...
[M::mem_pestat] # candidate unique pairs for (FF, FR, RF, RR): (0, 244817, 4, 0)
[M::mem_pestat] skip orientation FF as there are not enough pairs
[M::mem_pestat] analyzing insert size distribution for orientation FR...
[M::mem_pestat] (25, 50, 75) percentile: (174, 198, 226)
[M::mem_pestat] low and high boundaries for computing mean and std.dev: (70, 330)
[M::mem_pestat] mean and std.dev: (200.76, 36.49)
[M::mem_pestat] low and high boundaries for proper pairs: (18, 382)
[M::mem_pestat] skip orientation RF as there are not enough pairs
[M::mem_pestat] skip orientation RR as there are not enough pairs
[M::mem_process_seqs] Processed 645798 reads in 823.328 CPU sec, 105.588 real sec
[M::process] 0 single-end sequences; 645930 paired-end sequences
[M::process] read 645720 sequences (80000038 bp)...
[M::mem_pestat] # candidate unique pairs for (FF, FR, RF, RR): (0, 245681, 11, 0)
[M::mem_pestat] skip orientation FF as there are not enough pairs
[M::mem_pestat] analyzing insert size distribution for orientation FR...
[M::mem_pestat] (25, 50, 75) percentile: (174, 198, 226)
[M::mem_pestat] low and high boundaries for computing mean and std.dev: (70, 330)
[M::mem_pestat] mean and std.dev: (200.65, 36.37)
[M::mem_pestat] low and high boundaries for proper pairs: (18, 382)
[M::mem_pestat] analyzing insert size distribution for orientation RF...
[M::mem_pestat] (25, 50, 75) percentile: (129, 155, 193)
[M::mem_pestat] low and high boundaries for computing mean and std.dev: (1, 321)
[M::mem_pestat] mean and std.dev: (149.60, 39.49)
[M::mem_pestat] low and high boundaries for proper pairs: (1, 385)
[M::mem_pestat] skip orientation RR as there are not enough pairs
[M::mem_pestat] skip orientation RF
[M::mem_process_seqs] Processed 645930 reads in 813.257 CPU sec, 104.310 real sec
[M::process] 0 single-end sequences; 645720 paired-end sequences
[M::process] read 645364 sequences (80000167 bp)...
[M::mem_pestat] # candidate unique pairs for (FF, FR, RF, RR): (0, 245168, 2, 0)
[M::mem_pestat] skip orientation FF as there are not enough pairs
[M::mem_pestat] analyzing insert size distribution for orientation FR...
[M::mem_pestat] (25, 50, 75) percentile: (174, 198, 227)
[M::mem_pestat] low and high boundaries for computing mean and std.dev: (68, 333)
[M::mem_pestat] mean and std.dev: (201.06, 36.43)
[M::mem_pestat] low and high boundaries for proper pairs: (15, 386)
[M::mem_pestat] skip orientation RF as there are not enough pairs
[M::mem_pestat] skip orientation RR as there are not enough pairs
[M::mem_process_seqs] Processed 645720 reads in 808.423 CPU sec, 104.264 real sec
[M::process] 0 single-end sequences; 645364 paired-end sequences
[M::process] read 645260 sequences (80000243 bp)...
[M::mem_pestat] # candidate unique pairs for (FF, FR, RF, RR): (0, 245706, 6, 0)
[M::mem_pestat] skip orientation FF as there are not enough pairs
[M::mem_pestat] analyzing insert size distribution for orientation FR...
[M::mem_pestat] (25, 50, 75) percentile: (174, 198, 227)
[M::mem_pestat] low and high boundaries for computing mean and std.dev: (68, 333)
[M::mem_pestat] mean and std.dev: (201.06, 36.51)
[M::mem_pestat] low and high boundaries for proper pairs: (15, 386)
[M::mem_pestat] skip orientation RF as there are not enough pairs
[M::mem_pestat] skip orientation RR as there are not enough pairs
[M::mem_process_seqs] Processed 645364 reads in 792.245 CPU sec, 101.691 real sec
[M::process] 0 single-end sequences; 645260 paired-end sequences
[M::process] read 645216 sequences (80000217 bp)...
[M::mem_pestat] # candidate unique pairs for (FF, FR, RF, RR): (0, 245820, 6, 0)
[M::mem_pestat] skip orientation FF as there are not enough pairs
[M::mem_pestat] analyzing insert size distribution for orientation FR...
[M::mem_pestat] (25, 50, 75) percentile: (174, 198, 226)
[M::mem_pestat] low and high boundaries for computing mean and std.dev: (70, 330)
[M::mem_pestat] mean and std.dev: (200.88, 36.44)
[M::mem_pestat] low and high boundaries for proper pairs: (18, 382)
[M::mem_pestat] skip orientation RF as there are not enough pairs
[M::mem_pestat] skip orientation RR as there are not enough pairs
[M::mem_process_seqs] Processed 645260 reads in 791.836 CPU sec, 101.628 real sec
[M::process] 0 single-end sequences; 645216 paired-end sequences
[M::process] read 645402 sequences (80000012 bp)...
[M::mem_pestat] # candidate unique pairs for (FF, FR, RF, RR): (0, 246081, 0, 0)
[M::mem_pestat] skip orientation FF as there are not enough pairs
[M::mem_pestat] analyzing insert size distribution for orientation FR...
[M::mem_pestat] (25, 50, 75) percentile: (174, 198, 226)
[M::mem_pestat] low and high boundaries for computing mean and std.dev: (70, 330)
[M::mem_pestat] mean and std.dev: (200.83, 36.42)
[M::mem_pestat] low and high boundaries for proper pairs: (18, 382)
[M::mem_pestat] skip orientation RF as there are not enough pairs
[M::mem_pestat] skip orientation RR as there are not enough pairs
[M::mem_process_seqs] Processed 645216 reads in 797.537 CPU sec, 102.342 real sec
[M::process] 0 single-end sequences; 645402 paired-end sequences
[M::process] read 645452 sequences (80000148 bp)...
[M::mem_pestat] # candidate unique pairs for (FF, FR, RF, RR): (0, 245624, 7, 0)
[M::mem_pestat] skip orientation FF as there are not enough pairs
[M::mem_pestat] analyzing insert size distribution for orientation FR...
[M::mem_pestat] (25, 50, 75) percentile: (174, 198, 226)
[M::mem_pestat] low and high boundaries for computing mean and std.dev: (70, 330)
[M::mem_pestat] mean and std.dev: (200.65, 36.44)
[M::mem_pestat] low and high boundaries for proper pairs: (18, 382)
[M::mem_pestat] skip orientation RF as there are not enough pairs
[M::mem_pestat] skip orientation RR as there are not enough pairs
[M::mem_process_seqs] Processed 645402 reads in 801.401 CPU sec, 102.832 real sec
[M::process] 0 single-end sequences; 645452 paired-end sequences
[M::process] read 645746 sequences (80000109 bp)...
[M::mem_pestat] # candidate unique pairs for (FF, FR, RF, RR): (0, 245689, 0, 0)
[M::mem_pestat] skip orientation FF as there are not enough pairs
[M::mem_pestat] analyzing insert size distribution for orientation FR...
[M::mem_pestat] (25, 50, 75) percentile: (174, 198, 226)
[M::mem_pestat] low and high boundaries for computing mean and std.dev: (70, 330)
[M::mem_pestat] mean and std.dev: (200.58, 36.40)
[M::mem_pestat] low and high boundaries for proper pairs: (18, 382)
[M::mem_pestat] skip orientation RF as there are not enough pairs
[M::mem_pestat] skip orientation RR as there are not enough pairs
[M::mem_process_seqs] Processed 645452 reads in 807.476 CPU sec, 103.577 real sec
[M::process] 0 single-end sequences; 645746 paired-end sequences
[M::process] read 645806 sequences (80000046 bp)...
[M::mem_pestat] # candidate unique pairs for (FF, FR, RF, RR): (0, 245901, 2, 0)
[M::mem_pestat] skip orientation FF as there are not enough pairs
[M::mem_pestat] analyzing insert size distribution for orientation FR...
[M::mem_pestat] (25, 50, 75) percentile: (174, 198, 227)
[M::mem_pestat] low and high boundaries for computing mean and std.dev: (68, 333)
[M::mem_pestat] mean and std.dev: (200.96, 36.44)
[M::mem_pestat] low and high boundaries for proper pairs: (15, 386)
[M::mem_pestat] skip orientation RF as there are not enough pairs
[M::mem_pestat] skip orientation RR as there are not enough pairs
[M::mem_process_seqs] Processed 645746 reads in 803.049 CPU sec, 103.034 real sec
[M::process] 0 single-end sequences; 645806 paired-end sequences
[M::process] read 645360 sequences (80000101 bp)...
[M::mem_pestat] # candidate unique pairs for (FF, FR, RF, RR): (0, 245670, 5, 0)
[M::mem_pestat] skip orientation FF as there are not enough pairs
[M::mem_pestat] analyzing insert size distribution for orientation FR...
[M::mem_pestat] (25, 50, 75) percentile: (174, 198, 226)
[M::mem_pestat] low and high boundaries for computing mean and std.dev: (70, 330)
[M::mem_pestat] mean and std.dev: (201.04, 36.38)
[M::mem_pestat] low and high boundaries for proper pairs: (18, 382)
[M::mem_pestat] skip orientation RF as there are not enough pairs
[M::mem_pestat] skip orientation RR as there are not enough pairs
[M::mem_process_seqs] Processed 645806 reads in 785.301 CPU sec, 100.791 real sec
[M::process] 0 single-end sequences; 645360 paired-end sequences
[M::process] read 645232 sequences (80000035 bp)...
[M::mem_pestat] # candidate unique pairs for (FF, FR, RF, RR): (0, 246095, 5, 0)
[M::mem_pestat] skip orientation FF as there are not enough pairs
[M::mem_pestat] analyzing insert size distribution for orientation FR...
[M::mem_pestat] (25, 50, 75) percentile: (174, 198, 226)
[M::mem_pestat] low and high boundaries for computing mean and std.dev: (70, 330)
[M::mem_pestat] mean and std.dev: (200.84, 36.36)
[M::mem_pestat] low and high boundaries for proper pairs: (18, 382)
[M::mem_pestat] skip orientation RF as there are not enough pairs
[M::mem_pestat] skip orientation RR as there are not enough pairs
[M::mem_process_seqs] Processed 645360 reads in 780.165 CPU sec, 100.183 real sec
[M::process] 0 single-end sequences; 645232 paired-end sequences
[M::process] read 645268 sequences (80000179 bp)...
[M::mem_pestat] # candidate unique pairs for (FF, FR, RF, RR): (0, 246108, 5, 0)
[M::mem_pestat] skip orientation FF as there are not enough pairs
[M::mem_pestat] analyzing insert size distribution for orientation FR...
[M::mem_pestat] (25, 50, 75) percentile: (174, 198, 227)
[M::mem_pestat] low and high boundaries for computing mean and std.dev: (68, 333)
[M::mem_pestat] mean and std.dev: (200.99, 36.43)
[M::mem_pestat] low and high boundaries for proper pairs: (15, 386)
[M::mem_pestat] skip orientation RF as there are not enough pairs
[M::mem_pestat] skip orientation RR as there are not enough pairs
[M::mem_process_seqs] Processed 645232 reads in 777.275 CPU sec, 99.816 real sec
[M::process] 0 single-end sequences; 645268 paired-end sequences
[M::process] read 645432 sequences (80000044 bp)...
[M::mem_pestat] # candidate unique pairs for (FF, FR, RF, RR): (0, 245957, 6, 0)
[M::mem_pestat] skip orientation FF as there are not enough pairs
[M::mem_pestat] analyzing insert size distribution for orientation FR...
[M::mem_pestat] (25, 50, 75) percentile: (174, 198, 226)
[M::mem_pestat] low and high boundaries for computing mean and std.dev: (70, 330)
[M::mem_pestat] mean and std.dev: (200.78, 36.36)
[M::mem_pestat] low and high boundaries for proper pairs: (18, 382)
[M::mem_pestat] skip orientation RF as there are not enough pairs
[M::mem_pestat] skip orientation RR as there are not enough pairs
[M::mem_process_seqs] Processed 645268 reads in 792.048 CPU sec, 101.637 real sec
[M::process] 0 single-end sequences; 645432 paired-end sequences
[M::process] read 645388 sequences (80000036 bp)...
[M::mem_pestat] # candidate unique pairs for (FF, FR, RF, RR): (0, 245769, 1, 0)
[M::mem_pestat] skip orientation FF as there are not enough pairs
[M::mem_pestat] analyzing insert size distribution for orientation FR...
[M::mem_pestat] (25, 50, 75) percentile: (174, 198, 226)
[M::mem_pestat] low and high boundaries for computing mean and std.dev: (70, 330)
[M::mem_pestat] mean and std.dev: (200.68, 36.45)
[M::mem_pestat] low and high boundaries for proper pairs: (18, 382)
[M::mem_pestat] skip orientation RF as there are not enough pairs
[M::mem_pestat] skip orientation RR as there are not enough pairs
[M::mem_process_seqs] Processed 645432 reads in 801.557 CPU sec, 102.846 real sec
[M::process] 0 single-end sequences; 645388 paired-end sequences
[M::process] read 645724 sequences (80000184 bp)...
[M::mem_pestat] # candidate unique pairs for (FF, FR, RF, RR): (0, 246037, 7, 0)
[M::mem_pestat] skip orientation FF as there are not enough pairs
[M::mem_pestat] analyzing insert size distribution for orientation FR...
[M::mem_pestat] (25, 50, 75) percentile: (174, 198, 226)
[M::mem_pestat] low and high boundaries for computing mean and std.dev: (70, 330)
[M::mem_pestat] mean and std.dev: (200.54, 36.41)
[M::mem_pestat] low and high boundaries for proper pairs: (18, 382)
[M::mem_pestat] skip orientation RF as there are not enough pairs
[M::mem_pestat] skip orientation RR as there are not enough pairs
[M::mem_process_seqs] Processed 645388 reads in 800.018 CPU sec, 102.646 real sec
[M::process] 0 single-end sequences; 645724 paired-end sequences
[M::process] read 645556 sequences (80000102 bp)...
[M::mem_pestat] # candidate unique pairs for (FF, FR, RF, RR): (0, 245508, 8, 0)
[M::mem_pestat] skip orientation FF as there are not enough pairs
[M::mem_pestat] analyzing insert size distribution for orientation FR...
[M::mem_pestat] (25, 50, 75) percentile: (174, 198, 226)
[M::mem_pestat] low and high boundaries for computing mean and std.dev: (70, 330)
[M::mem_pestat] mean and std.dev: (201.02, 36.44)
[M::mem_pestat] low and high boundaries for proper pairs: (18, 382)
[M::mem_pestat] skip orientation RF as there are not enough pairs
[M::mem_pestat] skip orientation RR as there are not enough pairs
[M::mem_process_seqs] Processed 645724 reads in 803.168 CPU sec, 103.059 real sec
[M::process] 0 single-end sequences; 645556 paired-end sequences
[M::process] read 645346 sequences (80000094 bp)...
[M::mem_pestat] # candidate unique pairs for (FF, FR, RF, RR): (0, 245118, 4, 0)
[M::mem_pestat] skip orientation FF as there are not enough pairs
[M::mem_pestat] analyzing insert size distribution for orientation FR...
[M::mem_pestat] (25, 50, 75) percentile: (174, 198, 227)
[M::mem_pestat] low and high boundaries for computing mean and std.dev: (68, 333)
[M::mem_pestat] mean and std.dev: (201.17, 36.50)
[M::mem_pestat] low and high boundaries for proper pairs: (15, 386)
[M::mem_pestat] skip orientation RF as there are not enough pairs
[M::mem_pestat] skip orientation RR as there are not enough pairs
[M::mem_process_seqs] Processed 645556 reads in 803.827 CPU sec, 103.138 real sec
[M::process] 0 single-end sequences; 645346 paired-end sequences
[M::process] read 645324 sequences (80000226 bp)...
[M::mem_pestat] # candidate unique pairs for (FF, FR, RF, RR): (0, 245584, 2, 0)
[M::mem_pestat] skip orientation FF as there are not enough pairs
[M::mem_pestat] analyzing insert size distribution for orientation FR...
[M::mem_pestat] (25, 50, 75) percentile: (174, 198, 227)
[M::mem_pestat] low and high boundaries for computing mean and std.dev: (68, 333)
[M::mem_pestat] mean and std.dev: (201.01, 36.38)
[M::mem_pestat] low and high boundaries for proper pairs: (15, 386)
[M::mem_pestat] skip orientation RF as there are not enough pairs
[M::mem_pestat] skip orientation RR as there are not enough pairs
[M::mem_process_seqs] Processed 645346 reads in 797.121 CPU sec, 104.357 real sec
[M::process] 0 single-end sequences; 645324 paired-end sequences
[M::process] read 645442 sequences (80000010 bp)...
[M::mem_pestat] # candidate unique pairs for (FF, FR, RF, RR): (0, 245629, 7, 0)
[M::mem_pestat] skip orientation FF as there are not enough pairs
[M::mem_pestat] analyzing insert size distribution for orientation FR...
[M::mem_pestat] (25, 50, 75) percentile: (174, 198, 227)
[M::mem_pestat] low and high boundaries for computing mean and std.dev: (68, 333)
[M::mem_pestat] mean and std.dev: (201.11, 36.49)
[M::mem_pestat] low and high boundaries for proper pairs: (15, 386)
[M::mem_pestat] skip orientation RF as there are not enough pairs
[M::mem_pestat] skip orientation RR as there are not enough pairs
[M::mem_process_seqs] Processed 645324 reads in 795.993 CPU sec, 102.162 real sec
[M::process] 0 single-end sequences; 645442 paired-end sequences
[M::process] read 645530 sequences (80000056 bp)...
[M::mem_pestat] # candidate unique pairs for (FF, FR, RF, RR): (0, 245481, 2, 0)
[M::mem_pestat] skip orientation FF as there are not enough pairs
[M::mem_pestat] analyzing insert size distribution for orientation FR...
[M::mem_pestat] (25, 50, 75) percentile: (174, 198, 226)
[M::mem_pestat] low and high boundaries for computing mean and std.dev: (70, 330)
[M::mem_pestat] mean and std.dev: (200.83, 36.46)
[M::mem_pestat] low and high boundaries for proper pairs: (18, 382)
[M::mem_pestat] skip orientation RF as there are not enough pairs
[M::mem_pestat] skip orientation RR as there are not enough pairs
[M::mem_process_seqs] Processed 645442 reads in 803.688 CPU sec, 103.104 real sec
[M::process] 0 single-end sequences; 645530 paired-end sequences
[M::process] read 645426 sequences (80000125 bp)...
[M::mem_pestat] # candidate unique pairs for (FF, FR, RF, RR): (0, 245497, 4, 0)
[M::mem_pestat] skip orientation FF as there are not enough pairs
[M::mem_pestat] analyzing insert size distribution for orientation FR...
[M::mem_pestat] (25, 50, 75) percentile: (174, 198, 226)
[M::mem_pestat] low and high boundaries for computing mean and std.dev: (70, 330)
[M::mem_pestat] mean and std.dev: (200.75, 36.45)
[M::mem_pestat] low and high boundaries for proper pairs: (18, 382)
[M::mem_pestat] skip orientation RF as there are not enough pairs
[M::mem_pestat] skip orientation RR as there are not enough pairs
[M::mem_process_seqs] Processed 645530 reads in 803.070 CPU sec, 103.057 real sec
[M::process] 0 single-end sequences; 645426 paired-end sequences
[M::process] read 646556 sequences (80000227 bp)...
[M::mem_pestat] # candidate unique pairs for (FF, FR, RF, RR): (0, 245695, 3, 0)
[M::mem_pestat] skip orientation FF as there are not enough pairs
[M::mem_pestat] analyzing insert size distribution for orientation FR...
[M::mem_pestat] (25, 50, 75) percentile: (174, 198, 226)
[M::mem_pestat] low and high boundaries for computing mean and std.dev: (70, 330)
[M::mem_pestat] mean and std.dev: (200.60, 36.47)
[M::mem_pestat] low and high boundaries for proper pairs: (18, 382)
[M::mem_pestat] skip orientation RF as there are not enough pairs
[M::mem_pestat] skip orientation RR as there are not enough pairs
[M::mem_process_seqs] Processed 645426 reads in 798.144 CPU sec, 102.408 real sec
[M::process] 0 single-end sequences; 646556 paired-end sequences
[M::process] read 645758 sequences (80000179 bp)...
[M::mem_pestat] # candidate unique pairs for (FF, FR, RF, RR): (0, 245196, 1, 0)
[M::mem_pestat] skip orientation FF as there are not enough pairs
[M::mem_pestat] analyzing insert size distribution for orientation FR...
[M::mem_pestat] (25, 50, 75) percentile: (174, 198, 227)
[M::mem_pestat] low and high boundaries for computing mean and std.dev: (68, 333)
[M::mem_pestat] mean and std.dev: (201.01, 36.47)
[M::mem_pestat] low and high boundaries for proper pairs: (15, 386)
[M::mem_pestat] skip orientation RF as there are not enough pairs
[M::mem_pestat] skip orientation RR as there are not enough pairs
[M::mem_process_seqs] Processed 646556 reads in 813.280 CPU sec, 104.346 real sec
[M::process] 0 single-end sequences; 645758 paired-end sequences
[M::process] read 645266 sequences (80000187 bp)...
[M::mem_pestat] # candidate unique pairs for (FF, FR, RF, RR): (0, 245205, 3, 0)
[M::mem_pestat] skip orientation FF as there are not enough pairs
[M::mem_pestat] analyzing insert size distribution for orientation FR...
[M::mem_pestat] (25, 50, 75) percentile: (174, 198, 227)
[M::mem_pestat] low and high boundaries for computing mean and std.dev: (68, 333)
[M::mem_pestat] mean and std.dev: (201.08, 36.45)
[M::mem_pestat] low and high boundaries for proper pairs: (15, 386)
[M::mem_pestat] skip orientation RF as there are not enough pairs
[M::mem_pestat] skip orientation RR as there are not enough pairs
[M::mem_process_seqs] Processed 645758 reads in 806.276 CPU sec, 103.432 real sec
[M::process] 0 single-end sequences; 645266 paired-end sequences
[M::process] read 645228 sequences (80000058 bp)...
[M::mem_pestat] # candidate unique pairs for (FF, FR, RF, RR): (0, 245457, 5, 0)
[M::mem_pestat] skip orientation FF as there are not enough pairs
[M::mem_pestat] analyzing insert size distribution for orientation FR...
[M::mem_pestat] (25, 50, 75) percentile: (174, 198, 226)
[M::mem_pestat] low and high boundaries for computing mean and std.dev: (70, 330)
[M::mem_pestat] mean and std.dev: (200.79, 36.41)
[M::mem_pestat] low and high boundaries for proper pairs: (18, 382)
[M::mem_pestat] skip orientation RF as there are not enough pairs
[M::mem_pestat] skip orientation RR as there are not enough pairs
[M::mem_process_seqs] Processed 645266 reads in 797.463 CPU sec, 102.325 real sec
[M::process] 0 single-end sequences; 645228 paired-end sequences
[M::process] read 645412 sequences (80000186 bp)...
[M::mem_pestat] # candidate unique pairs for (FF, FR, RF, RR): (0, 245444, 2, 0)
[M::mem_pestat] skip orientation FF as there are not enough pairs
[M::mem_pestat] analyzing insert size distribution for orientation FR...
[M::mem_pestat] (25, 50, 75) percentile: (174, 198, 226)
[M::mem_pestat] low and high boundaries for computing mean and std.dev: (70, 330)
[M::mem_pestat] mean and std.dev: (200.62, 36.43)
[M::mem_pestat] low and high boundaries for proper pairs: (18, 382)
[M::mem_pestat] skip orientation RF as there are not enough pairs
[M::mem_pestat] skip orientation RR as there are not enough pairs
[M::mem_process_seqs] Processed 645228 reads in 805.288 CPU sec, 103.320 real sec
[M::process] 0 single-end sequences; 645412 paired-end sequences
[M::process] read 645600 sequences (80000005 bp)...
[M::mem_pestat] # candidate unique pairs for (FF, FR, RF, RR): (0, 245153, 2, 0)
[M::mem_pestat] skip orientation FF as there are not enough pairs
[M::mem_pestat] analyzing insert size distribution for orientation FR...
[M::mem_pestat] (25, 50, 75) percentile: (174, 198, 226)
[M::mem_pestat] low and high boundaries for computing mean and std.dev: (70, 330)
[M::mem_pestat] mean and std.dev: (200.57, 36.46)
[M::mem_pestat] low and high boundaries for proper pairs: (18, 382)
[M::mem_pestat] skip orientation RF as there are not enough pairs
[M::mem_pestat] skip orientation RR as there are not enough pairs
[M::mem_process_seqs] Processed 645412 reads in 819.803 CPU sec, 105.126 real sec
[M::process] 0 single-end sequences; 645600 paired-end sequences
[M::process] read 646196 sequences (80000155 bp)...
[M::mem_pestat] # candidate unique pairs for (FF, FR, RF, RR): (0, 245346, 3, 0)
[M::mem_pestat] skip orientation FF as there are not enough pairs
[M::mem_pestat] analyzing insert size distribution for orientation FR...
[M::mem_pestat] (25, 50, 75) percentile: (174, 198, 226)
[M::mem_pestat] low and high boundaries for computing mean and std.dev: (70, 330)
[M::mem_pestat] mean and std.dev: (200.50, 36.41)
[M::mem_pestat] low and high boundaries for proper pairs: (18, 382)
[M::mem_pestat] skip orientation RF as there are not enough pairs
[M::mem_pestat] skip orientation RR as there are not enough pairs
[M::mem_process_seqs] Processed 645600 reads in 821.791 CPU sec, 105.393 real sec
[M::process] 0 single-end sequences; 646196 paired-end sequences
[M::process] read 645942 sequences (80000078 bp)...
[M::mem_pestat] # candidate unique pairs for (FF, FR, RF, RR): (0, 245472, 1, 0)
[M::mem_pestat] skip orientation FF as there are not enough pairs
[M::mem_pestat] analyzing insert size distribution for orientation FR...
[M::mem_pestat] (25, 50, 75) percentile: (174, 198, 226)
[M::mem_pestat] low and high boundaries for computing mean and std.dev: (70, 330)
[M::mem_pestat] mean and std.dev: (200.82, 36.47)
[M::mem_pestat] low and high boundaries for proper pairs: (18, 382)
[M::mem_pestat] skip orientation RF as there are not enough pairs
[M::mem_pestat] skip orientation RR as there are not enough pairs
[M::mem_process_seqs] Processed 646196 reads in 802.606 CPU sec, 103.008 real sec
[M::process] 0 single-end sequences; 645942 paired-end sequences
[M::process] read 645376 sequences (80000185 bp)...
[M::mem_pestat] # candidate unique pairs for (FF, FR, RF, RR): (0, 245439, 1, 0)
[M::mem_pestat] skip orientation FF as there are not enough pairs
[M::mem_pestat] analyzing insert size distribution for orientation FR...
[M::mem_pestat] (25, 50, 75) percentile: (174, 198, 226)
[M::mem_pestat] low and high boundaries for computing mean and std.dev: (70, 330)
[M::mem_pestat] mean and std.dev: (200.92, 36.40)
[M::mem_pestat] low and high boundaries for proper pairs: (18, 382)
[M::mem_pestat] skip orientation RF as there are not enough pairs
[M::mem_pestat] skip orientation RR as there are not enough pairs
[M::mem_process_seqs] Processed 645942 reads in 800.837 CPU sec, 102.740 real sec
[M::process] 0 single-end sequences; 645376 paired-end sequences
[M::process] read 645236 sequences (80000124 bp)...
[M::mem_pestat] # candidate unique pairs for (FF, FR, RF, RR): (0, 245745, 6, 0)
[M::mem_pestat] skip orientation FF as there are not enough pairs
[M::mem_pestat] analyzing insert size distribution for orientation FR...
[M::mem_pestat] (25, 50, 75) percentile: (174, 198, 226)
[M::mem_pestat] low and high boundaries for computing mean and std.dev: (70, 330)
[M::mem_pestat] mean and std.dev: (200.87, 36.44)
[M::mem_pestat] low and high boundaries for proper pairs: (18, 382)
[M::mem_pestat] skip orientation RF as there are not enough pairs
[M::mem_pestat] skip orientation RR as there are not enough pairs
[M::mem_process_seqs] Processed 645376 reads in 792.714 CPU sec, 101.744 real sec
[M::process] 0 single-end sequences; 645236 paired-end sequences
[M::process] read 645304 sequences (80000186 bp)...
[M::mem_pestat] # candidate unique pairs for (FF, FR, RF, RR): (0, 245580, 4, 0)
[M::mem_pestat] skip orientation FF as there are not enough pairs
[M::mem_pestat] analyzing insert size distribution for orientation FR...
[M::mem_pestat] (25, 50, 75) percentile: (174, 198, 226)
[M::mem_pestat] low and high boundaries for computing mean and std.dev: (70, 330)
[M::mem_pestat] mean and std.dev: (200.85, 36.42)
[M::mem_pestat] low and high boundaries for proper pairs: (18, 382)
[M::mem_pestat] skip orientation RF as there are not enough pairs
[M::mem_pestat] skip orientation RR as there are not enough pairs
[M::mem_process_seqs] Processed 645236 reads in 790.853 CPU sec, 101.499 real sec
[M::process] 0 single-end sequences; 645304 paired-end sequences
[M::process] read 645500 sequences (80000209 bp)...
[M::mem_pestat] # candidate unique pairs for (FF, FR, RF, RR): (0, 245251, 4, 0)
[M::mem_pestat] skip orientation FF as there are not enough pairs
[M::mem_pestat] analyzing insert size distribution for orientation FR...
[M::mem_pestat] (25, 50, 75) percentile: (174, 198, 226)
[M::mem_pestat] low and high boundaries for computing mean and std.dev: (70, 330)
[M::mem_pestat] mean and std.dev: (200.76, 36.41)
[M::mem_pestat] low and high boundaries for proper pairs: (18, 382)
[M::mem_pestat] skip orientation RF as there are not enough pairs
[M::mem_pestat] skip orientation RR as there are not enough pairs
[M::mem_process_seqs] Processed 645304 reads in 810.178 CPU sec, 103.926 real sec
[M::process] 0 single-end sequences; 645500 paired-end sequences
[M::process] read 645484 sequences (80000175 bp)...
[M::mem_pestat] # candidate unique pairs for (FF, FR, RF, RR): (0, 245021, 1, 0)
[M::mem_pestat] skip orientation FF as there are not enough pairs
[M::mem_pestat] analyzing insert size distribution for orientation FR...
[M::mem_pestat] (25, 50, 75) percentile: (174, 198, 226)
[M::mem_pestat] low and high boundaries for computing mean and std.dev: (70, 330)
[M::mem_pestat] mean and std.dev: (200.70, 36.43)
[M::mem_pestat] low and high boundaries for proper pairs: (18, 382)
[M::mem_pestat] skip orientation RF as there are not enough pairs
[M::mem_pestat] skip orientation RR as there are not enough pairs
[M::mem_process_seqs] Processed 645500 reads in 811.893 CPU sec, 104.156 real sec
[M::process] 0 single-end sequences; 645484 paired-end sequences
[M::process] read 646444 sequences (80000041 bp)...
[M::mem_pestat] # candidate unique pairs for (FF, FR, RF, RR): (0, 245236, 7, 0)
[M::mem_pestat] skip orientation FF as there are not enough pairs
[M::mem_pestat] analyzing insert size distribution for orientation FR...
[M::mem_pestat] (25, 50, 75) percentile: (174, 197, 226)
[M::mem_pestat] low and high boundaries for computing mean and std.dev: (70, 330)
[M::mem_pestat] mean and std.dev: (200.37, 36.32)
[M::mem_pestat] low and high boundaries for proper pairs: (18, 382)
[M::mem_pestat] skip orientation RF as there are not enough pairs
[M::mem_pestat] skip orientation RR as there are not enough pairs
[M::mem_process_seqs] Processed 645484 reads in 811.708 CPU sec, 104.110 real sec
[M::process] 0 single-end sequences; 646444 paired-end sequences
[M::process] read 645564 sequences (80000199 bp)...
[M::mem_pestat] # candidate unique pairs for (FF, FR, RF, RR): (0, 245320, 4, 0)
[M::mem_pestat] skip orientation FF as there are not enough pairs
[M::mem_pestat] analyzing insert size distribution for orientation FR...
[M::mem_pestat] (25, 50, 75) percentile: (174, 198, 227)
[M::mem_pestat] low and high boundaries for computing mean and std.dev: (68, 333)
[M::mem_pestat] mean and std.dev: (201.12, 36.42)
[M::mem_pestat] low and high boundaries for proper pairs: (15, 386)
[M::mem_pestat] skip orientation RF as there are not enough pairs
[M::mem_pestat] skip orientation RR as there are not enough pairs
[M::mem_process_seqs] Processed 646444 reads in 810.880 CPU sec, 103.994 real sec
[M::process] 0 single-end sequences; 645564 paired-end sequences
[M::process] read 645334 sequences (80000022 bp)...
[M::mem_pestat] # candidate unique pairs for (FF, FR, RF, RR): (0, 244944, 5, 0)
[M::mem_pestat] skip orientation FF as there are not enough pairs
[M::mem_pestat] analyzing insert size distribution for orientation FR...
[M::mem_pestat] (25, 50, 75) percentile: (174, 198, 227)
[M::mem_pestat] low and high boundaries for computing mean and std.dev: (68, 333)
[M::mem_pestat] mean and std.dev: (201.14, 36.47)
[M::mem_pestat] low and high boundaries for proper pairs: (15, 386)
[M::mem_pestat] skip orientation RF as there are not enough pairs
[M::mem_pestat] skip orientation RR as there are not enough pairs
[M::mem_process_seqs] Processed 645564 reads in 809.003 CPU sec, 103.767 real sec
[M::process] 0 single-end sequences; 645334 paired-end sequences
[M::process] read 645276 sequences (80000141 bp)...
[M::mem_pestat] # candidate unique pairs for (FF, FR, RF, RR): (0, 245282, 6, 0)
[M::mem_pestat] skip orientation FF as there are not enough pairs
[M::mem_pestat] analyzing insert size distribution for orientation FR...
[M::mem_pestat] (25, 50, 75) percentile: (174, 198, 226)
[M::mem_pestat] low and high boundaries for computing mean and std.dev: (70, 330)
[M::mem_pestat] mean and std.dev: (200.99, 36.48)
[M::mem_pestat] low and high boundaries for proper pairs: (18, 382)
[M::mem_pestat] skip orientation RF as there are not enough pairs
[M::mem_pestat] skip orientation RR as there are not enough pairs
[M::mem_process_seqs] Processed 645334 reads in 801.888 CPU sec, 102.903 real sec
[M::process] 0 single-end sequences; 645276 paired-end sequences
[M::process] read 645410 sequences (80000014 bp)...
[M::mem_pestat] # candidate unique pairs for (FF, FR, RF, RR): (0, 244406, 4, 0)
[M::mem_pestat] skip orientation FF as there are not enough pairs
[M::mem_pestat] analyzing insert size distribution for orientation FR...
[M::mem_pestat] (25, 50, 75) percentile: (174, 198, 227)
[M::mem_pestat] low and high boundaries for computing mean and std.dev: (68, 333)
[M::mem_pestat] mean and std.dev: (200.98, 36.46)
[M::mem_pestat] low and high boundaries for proper pairs: (15, 386)
[M::mem_pestat] skip orientation RF as there are not enough pairs
[M::mem_pestat] skip orientation RR as there are not enough pairs
[M::mem_process_seqs] Processed 645276 reads in 813.208 CPU sec, 104.297 real sec
[M::process] 0 single-end sequences; 645410 paired-end sequences
[M::process] read 645638 sequences (80000034 bp)...
[M::mem_pestat] # candidate unique pairs for (FF, FR, RF, RR): (0, 244837, 6, 0)
[M::mem_pestat] skip orientation FF as there are not enough pairs
[M::mem_pestat] analyzing insert size distribution for orientation FR...
[M::mem_pestat] (25, 50, 75) percentile: (174, 198, 226)
[M::mem_pestat] low and high boundaries for computing mean and std.dev: (70, 330)
[M::mem_pestat] mean and std.dev: (200.80, 36.43)
[M::mem_pestat] low and high boundaries for proper pairs: (18, 382)
[M::mem_pestat] skip orientation RF as there are not enough pairs
[M::mem_pestat] skip orientation RR as there are not enough pairs
[M::mem_process_seqs] Processed 645410 reads in 813.254 CPU sec, 104.329 real sec
[M::process] 0 single-end sequences; 645638 paired-end sequences
[M::process] read 645604 sequences (80000073 bp)...
[M::mem_pestat] # candidate unique pairs for (FF, FR, RF, RR): (0, 244192, 4, 0)
[M::mem_pestat] skip orientation FF as there are not enough pairs
[M::mem_pestat] analyzing insert size distribution for orientation FR...
[M::mem_pestat] (25, 50, 75) percentile: (174, 198, 226)
[M::mem_pestat] low and high boundaries for computing mean and std.dev: (70, 330)
[M::mem_pestat] mean and std.dev: (200.52, 36.38)
[M::mem_pestat] low and high boundaries for proper pairs: (18, 382)
[M::mem_pestat] skip orientation RF as there are not enough pairs
[M::mem_pestat] skip orientation RR as there are not enough pairs
[M::mem_process_seqs] Processed 645638 reads in 824.696 CPU sec, 105.743 real sec
[M::process] 0 single-end sequences; 645604 paired-end sequences
[M::process] read 645372 sequences (80000208 bp)...
[M::mem_pestat] # candidate unique pairs for (FF, FR, RF, RR): (0, 245081, 4, 0)
[M::mem_pestat] skip orientation FF as there are not enough pairs
[M::mem_pestat] analyzing insert size distribution for orientation FR...
[M::mem_pestat] (25, 50, 75) percentile: (174, 198, 226)
[M::mem_pestat] low and high boundaries for computing mean and std.dev: (70, 330)
[M::mem_pestat] mean and std.dev: (200.55, 36.39)
[M::mem_pestat] low and high boundaries for proper pairs: (18, 382)
[M::mem_pestat] skip orientation RF as there are not enough pairs
[M::mem_pestat] skip orientation RR as there are not enough pairs
[M::mem_process_seqs] Processed 645604 reads in 811.823 CPU sec, 104.138 real sec
[M::process] 0 single-end sequences; 645372 paired-end sequences
[M::process] read 645206 sequences (80000182 bp)...
[M::mem_pestat] # candidate unique pairs for (FF, FR, RF, RR): (0, 245630, 8, 0)
[M::mem_pestat] skip orientation FF as there are not enough pairs
[M::mem_pestat] analyzing insert size distribution for orientation FR...
[M::mem_pestat] (25, 50, 75) percentile: (174, 198, 227)
[M::mem_pestat] low and high boundaries for computing mean and std.dev: (68, 333)
[M::mem_pestat] mean and std.dev: (201.08, 36.40)
[M::mem_pestat] low and high boundaries for proper pairs: (15, 386)
[M::mem_pestat] skip orientation RF as there are not enough pairs
[M::mem_pestat] skip orientation RR as there are not enough pairs
[M::mem_process_seqs] Processed 645372 reads in 803.212 CPU sec, 103.047 real sec
[M::process] 0 single-end sequences; 645206 paired-end sequences
[M::process] read 645190 sequences (80000162 bp)...
[M::mem_pestat] # candidate unique pairs for (FF, FR, RF, RR): (0, 245440, 1, 0)
[M::mem_pestat] skip orientation FF as there are not enough pairs
[M::mem_pestat] analyzing insert size distribution for orientation FR...
[M::mem_pestat] (25, 50, 75) percentile: (174, 198, 226)
[M::mem_pestat] low and high boundaries for computing mean and std.dev: (70, 330)
[M::mem_pestat] mean and std.dev: (200.90, 36.54)
[M::mem_pestat] low and high boundaries for proper pairs: (18, 382)
[M::mem_pestat] skip orientation RF as there are not enough pairs
[M::mem_pestat] skip orientation RR as there are not enough pairs
[M::mem_process_seqs] Processed 645206 reads in 789.586 CPU sec, 101.344 real sec
[M::process] 0 single-end sequences; 645190 paired-end sequences
[M::process] read 645164 sequences (80000126 bp)...
[M::mem_pestat] # candidate unique pairs for (FF, FR, RF, RR): (0, 245708, 8, 0)
[M::mem_pestat] skip orientation FF as there are not enough pairs
[M::mem_pestat] analyzing insert size distribution for orientation FR...
[M::mem_pestat] (25, 50, 75) percentile: (174, 198, 226)
[M::mem_pestat] low and high boundaries for computing mean and std.dev: (70, 330)
[M::mem_pestat] mean and std.dev: (200.81, 36.54)
[M::mem_pestat] low and high boundaries for proper pairs: (18, 382)
[M::mem_pestat] skip orientation RF as there are not enough pairs
[M::mem_pestat] skip orientation RR as there are not enough pairs
[M::mem_process_seqs] Processed 645190 reads in 788.919 CPU sec, 101.251 real sec
[M::process] 0 single-end sequences; 645164 paired-end sequences
[M::process] read 645348 sequences (80000190 bp)...
[M::mem_pestat] # candidate unique pairs for (FF, FR, RF, RR): (0, 245625, 3, 0)
[M::mem_pestat] skip orientation FF as there are not enough pairs
[M::mem_pestat] analyzing insert size distribution for orientation FR...
[M::mem_pestat] (25, 50, 75) percentile: (174, 198, 226)
[M::mem_pestat] low and high boundaries for computing mean and std.dev: (70, 330)
[M::mem_pestat] mean and std.dev: (200.74, 36.37)
[M::mem_pestat] low and high boundaries for proper pairs: (18, 382)
[M::mem_pestat] skip orientation RF as there are not enough pairs
[M::mem_pestat] skip orientation RR as there are not enough pairs
[M::mem_process_seqs] Processed 645164 reads in 793.548 CPU sec, 101.856 real sec
[M::process] 0 single-end sequences; 645348 paired-end sequences
[M::process] read 645372 sequences (80000112 bp)...
[M::mem_pestat] # candidate unique pairs for (FF, FR, RF, RR): (0, 245406, 6, 0)
[M::mem_pestat] skip orientation FF as there are not enough pairs
[M::mem_pestat] analyzing insert size distribution for orientation FR...
[M::mem_pestat] (25, 50, 75) percentile: (174, 198, 226)
[M::mem_pestat] low and high boundaries for computing mean and std.dev: (70, 330)
[M::mem_pestat] mean and std.dev: (200.52, 36.39)
[M::mem_pestat] low and high boundaries for proper pairs: (18, 382)
[M::mem_pestat] skip orientation RF as there are not enough pairs
[M::mem_pestat] skip orientation RR as there are not enough pairs
[M::mem_process_seqs] Processed 645348 reads in 810.292 CPU sec, 103.925 real sec
[M::process] 0 single-end sequences; 645372 paired-end sequences
[M::process] read 645526 sequences (80000240 bp)...
[M::mem_pestat] # candidate unique pairs for (FF, FR, RF, RR): (0, 245290, 2, 0)
[M::mem_pestat] skip orientation FF as there are not enough pairs
[M::mem_pestat] analyzing insert size distribution for orientation FR...
[M::mem_pestat] (25, 50, 75) percentile: (174, 197, 226)
[M::mem_pestat] low and high boundaries for computing mean and std.dev: (70, 330)
[M::mem_pestat] mean and std.dev: (200.54, 36.42)
[M::mem_pestat] low and high boundaries for proper pairs: (18, 382)
[M::mem_pestat] skip orientation RF as there are not enough pairs
[M::mem_pestat] skip orientation RR as there are not enough pairs
[M::mem_process_seqs] Processed 645372 reads in 808.874 CPU sec, 103.763 real sec
[M::process] 0 single-end sequences; 645526 paired-end sequences
[M::process] read 645394 sequences (80000175 bp)...
[M::mem_pestat] # candidate unique pairs for (FF, FR, RF, RR): (0, 245547, 1, 0)
[M::mem_pestat] skip orientation FF as there are not enough pairs
[M::mem_pestat] analyzing insert size distribution for orientation FR...
[M::mem_pestat] (25, 50, 75) percentile: (174, 198, 226)
[M::mem_pestat] low and high boundaries for computing mean and std.dev: (70, 330)
[M::mem_pestat] mean and std.dev: (200.77, 36.43)
[M::mem_pestat] low and high boundaries for proper pairs: (18, 382)
[M::mem_pestat] skip orientation RF as there are not enough pairs
[M::mem_pestat] skip orientation RR as there are not enough pairs
[M::mem_process_seqs] Processed 645526 reads in 804.425 CPU sec, 103.183 real sec
[M::process] 0 single-end sequences; 645394 paired-end sequences
[M::process] read 645268 sequences (80000091 bp)...
[M::mem_pestat] # candidate unique pairs for (FF, FR, RF, RR): (0, 245631, 4, 0)
[M::mem_pestat] skip orientation FF as there are not enough pairs
[M::mem_pestat] analyzing insert size distribution for orientation FR...
[M::mem_pestat] (25, 50, 75) percentile: (174, 198, 227)
[M::mem_pestat] low and high boundaries for computing mean and std.dev: (68, 333)
[M::mem_pestat] mean and std.dev: (201.14, 36.51)
[M::mem_pestat] low and high boundaries for proper pairs: (15, 386)
[M::mem_pestat] skip orientation RF as there are not enough pairs
[M::mem_pestat] skip orientation RR as there are not enough pairs
[M::mem_process_seqs] Processed 645394 reads in 795.919 CPU sec, 102.126 real sec
[M::process] 0 single-end sequences; 645268 paired-end sequences
[M::process] read 645258 sequences (80000239 bp)...
[M::mem_pestat] # candidate unique pairs for (FF, FR, RF, RR): (0, 246062, 6, 0)
[M::mem_pestat] skip orientation FF as there are not enough pairs
[M::mem_pestat] analyzing insert size distribution for orientation FR...
[M::mem_pestat] (25, 50, 75) percentile: (174, 198, 226)
[M::mem_pestat] low and high boundaries for computing mean and std.dev: (70, 330)
[M::mem_pestat] mean and std.dev: (201.01, 36.40)
[M::mem_pestat] low and high boundaries for proper pairs: (18, 382)
[M::mem_pestat] skip orientation RF as there are not enough pairs
[M::mem_pestat] skip orientation RR as there are not enough pairs
[M::mem_process_seqs] Processed 645268 reads in 781.889 CPU sec, 100.395 real sec
[M::process] 0 single-end sequences; 645258 paired-end sequences
[M::process] read 645220 sequences (80000177 bp)...
[M::mem_pestat] # candidate unique pairs for (FF, FR, RF, RR): (0, 245664, 5, 0)
[M::mem_pestat] skip orientation FF as there are not enough pairs
[M::mem_pestat] analyzing insert size distribution for orientation FR...
[M::mem_pestat] (25, 50, 75) percentile: (174, 198, 226)
[M::mem_pestat] low and high boundaries for computing mean and std.dev: (70, 330)
[M::mem_pestat] mean and std.dev: (200.91, 36.46)
[M::mem_pestat] low and high boundaries for proper pairs: (18, 382)
[M::mem_pestat] skip orientation RF as there are not enough pairs
[M::mem_pestat] skip orientation RR as there are not enough pairs
[M::mem_process_seqs] Processed 645258 reads in 789.235 CPU sec, 101.313 real sec
[M::process] 0 single-end sequences; 645220 paired-end sequences
[M::process] read 645452 sequences (80000001 bp)...
[M::mem_pestat] # candidate unique pairs for (FF, FR, RF, RR): (0, 245046, 3, 0)
[M::mem_pestat] skip orientation FF as there are not enough pairs
[M::mem_pestat] analyzing insert size distribution for orientation FR...
[M::mem_pestat] (25, 50, 75) percentile: (174, 198, 226)
[M::mem_pestat] low and high boundaries for computing mean and std.dev: (70, 330)
[M::mem_pestat] mean and std.dev: (200.80, 36.41)
[M::mem_pestat] low and high boundaries for proper pairs: (18, 382)
[M::mem_pestat] skip orientation RF as there are not enough pairs
[M::mem_pestat] skip orientation RR as there are not enough pairs
[M::mem_process_seqs] Processed 645220 reads in 796.666 CPU sec, 102.227 real sec
[M::process] 0 single-end sequences; 645452 paired-end sequences
[M::process] read 645424 sequences (80000028 bp)...
[M::mem_pestat] # candidate unique pairs for (FF, FR, RF, RR): (0, 245866, 4, 0)
[M::mem_pestat] skip orientation FF as there are not enough pairs
[M::mem_pestat] analyzing insert size distribution for orientation FR...
[M::mem_pestat] (25, 50, 75) percentile: (174, 198, 226)
[M::mem_pestat] low and high boundaries for computing mean and std.dev: (70, 330)
[M::mem_pestat] mean and std.dev: (200.54, 36.44)
[M::mem_pestat] low and high boundaries for proper pairs: (18, 382)
[M::mem_pestat] skip orientation RF as there are not enough pairs
[M::mem_pestat] skip orientation RR as there are not enough pairs
[M::mem_process_seqs] Processed 645452 reads in 798.857 CPU sec, 102.501 real sec
[M::process] 0 single-end sequences; 645424 paired-end sequences
[M::process] read 645498 sequences (80000065 bp)...
[M::mem_pestat] # candidate unique pairs for (FF, FR, RF, RR): (0, 245889, 1, 0)
[M::mem_pestat] skip orientation FF as there are not enough pairs
[M::mem_pestat] analyzing insert size distribution for orientation FR...
[M::mem_pestat] (25, 50, 75) percentile: (174, 198, 226)
[M::mem_pestat] low and high boundaries for computing mean and std.dev: (70, 330)
[M::mem_pestat] mean and std.dev: (200.58, 36.38)
[M::mem_pestat] low and high boundaries for proper pairs: (18, 382)
[M::mem_pestat] skip orientation RF as there are not enough pairs
[M::mem_pestat] skip orientation RR as there are not enough pairs
[M::mem_process_seqs] Processed 645424 reads in 797.514 CPU sec, 102.341 real sec
[M::process] 0 single-end sequences; 645498 paired-end sequences
[M::process] read 645458 sequences (80000112 bp)...
[M::mem_pestat] # candidate unique pairs for (FF, FR, RF, RR): (0, 244936, 3, 0)
[M::mem_pestat] skip orientation FF as there are not enough pairs
[M::mem_pestat] analyzing insert size distribution for orientation FR...
[M::mem_pestat] (25, 50, 75) percentile: (174, 198, 226)
[M::mem_pestat] low and high boundaries for computing mean and std.dev: (70, 330)
[M::mem_pestat] mean and std.dev: (200.83, 36.41)
[M::mem_pestat] low and high boundaries for proper pairs: (18, 382)
[M::mem_pestat] skip orientation RF as there are not enough pairs
[M::mem_pestat] skip orientation RR as there are not enough pairs
[M::mem_process_seqs] Processed 645498 reads in 806.707 CPU sec, 103.483 real sec
[M::process] 0 single-end sequences; 645458 paired-end sequences
[M::process] read 645300 sequences (80000235 bp)...
[M::mem_pestat] # candidate unique pairs for (FF, FR, RF, RR): (0, 245493, 3, 0)
[M::mem_pestat] skip orientation FF as there are not enough pairs
[M::mem_pestat] analyzing insert size distribution for orientation FR...
[M::mem_pestat] (25, 50, 75) percentile: (174, 198, 227)
[M::mem_pestat] low and high boundaries for computing mean and std.dev: (68, 333)
[M::mem_pestat] mean and std.dev: (201.11, 36.43)
[M::mem_pestat] low and high boundaries for proper pairs: (15, 386)
[M::mem_pestat] skip orientation RF as there are not enough pairs
[M::mem_pestat] skip orientation RR as there are not enough pairs
[M::mem_process_seqs] Processed 645458 reads in 798.038 CPU sec, 102.397 real sec
[M::process] 0 single-end sequences; 645300 paired-end sequences
[M::process] read 645238 sequences (80000108 bp)...
[M::mem_pestat] # candidate unique pairs for (FF, FR, RF, RR): (0, 245074, 3, 0)
[M::mem_pestat] skip orientation FF as there are not enough pairs
[M::mem_pestat] analyzing insert size distribution for orientation FR...
[M::mem_pestat] (25, 50, 75) percentile: (174, 198, 226)
[M::mem_pestat] low and high boundaries for computing mean and std.dev: (70, 330)
[M::mem_pestat] mean and std.dev: (201.01, 36.44)
[M::mem_pestat] low and high boundaries for proper pairs: (18, 382)
[M::mem_pestat] skip orientation RF as there are not enough pairs
[M::mem_pestat] skip orientation RR as there are not enough pairs
[M::mem_process_seqs] Processed 645300 reads in 799.343 CPU sec, 102.576 real sec
[M::process] 0 single-end sequences; 645238 paired-end sequences
[M::process] read 645346 sequences (80000119 bp)...
[M::mem_pestat] # candidate unique pairs for (FF, FR, RF, RR): (0, 245237, 3, 0)
[M::mem_pestat] skip orientation FF as there are not enough pairs
[M::mem_pestat] analyzing insert size distribution for orientation FR...
[M::mem_pestat] (25, 50, 75) percentile: (174, 198, 227)
[M::mem_pestat] low and high boundaries for computing mean and std.dev: (68, 333)
[M::mem_pestat] mean and std.dev: (201.05, 36.49)
[M::mem_pestat] low and high boundaries for proper pairs: (15, 386)
[M::mem_pestat] skip orientation RF as there are not enough pairs
[M::mem_pestat] skip orientation RR as there are not enough pairs
[M::mem_process_seqs] Processed 645238 reads in 795.161 CPU sec, 102.050 real sec
[M::process] 0 single-end sequences; 645346 paired-end sequences
[M::process] read 645518 sequences (80000176 bp)...
[M::mem_pestat] # candidate unique pairs for (FF, FR, RF, RR): (0, 245230, 2, 0)
[M::mem_pestat] skip orientation FF as there are not enough pairs
[M::mem_pestat] analyzing insert size distribution for orientation FR...
[M::mem_pestat] (25, 50, 75) percentile: (174, 198, 226)
[M::mem_pestat] low and high boundaries for computing mean and std.dev: (70, 330)
[M::mem_pestat] mean and std.dev: (200.87, 36.45)
[M::mem_pestat] low and high boundaries for proper pairs: (18, 382)
[M::mem_pestat] skip orientation RF as there are not enough pairs
[M::mem_pestat] skip orientation RR as there are not enough pairs
[M::mem_process_seqs] Processed 645346 reads in 803.530 CPU sec, 103.070 real sec
[M::process] 0 single-end sequences; 645518 paired-end sequences
[M::process] read 645454 sequences (80000009 bp)...
[M::mem_pestat] # candidate unique pairs for (FF, FR, RF, RR): (0, 244974, 2, 0)
[M::mem_pestat] skip orientation FF as there are not enough pairs
[M::mem_pestat] analyzing insert size distribution for orientation FR...
[M::mem_pestat] (25, 50, 75) percentile: (174, 198, 226)
[M::mem_pestat] low and high boundaries for computing mean and std.dev: (70, 330)
[M::mem_pestat] mean and std.dev: (200.74, 36.46)
[M::mem_pestat] low and high boundaries for proper pairs: (18, 382)
[M::mem_pestat] skip orientation RF as there are not enough pairs
[M::mem_pestat] skip orientation RR as there are not enough pairs
[M::mem_process_seqs] Processed 645518 reads in 815.630 CPU sec, 104.612 real sec
[M::process] 0 single-end sequences; 645454 paired-end sequences
[M::process] read 646022 sequences (80000184 bp)...
[M::mem_pestat] # candidate unique pairs for (FF, FR, RF, RR): (0, 245825, 1, 0)
[M::mem_pestat] skip orientation FF as there are not enough pairs
[M::mem_pestat] analyzing insert size distribution for orientation FR...
[M::mem_pestat] (25, 50, 75) percentile: (174, 197, 226)
[M::mem_pestat] low and high boundaries for computing mean and std.dev: (70, 330)
[M::mem_pestat] mean and std.dev: (200.59, 36.42)
[M::mem_pestat] low and high boundaries for proper pairs: (18, 382)
[M::mem_pestat] skip orientation RF as there are not enough pairs
[M::mem_pestat] skip orientation RR as there are not enough pairs
[M::mem_process_seqs] Processed 645454 reads in 805.555 CPU sec, 103.339 real sec
[M::process] 0 single-end sequences; 646022 paired-end sequences
[M::process] read 645466 sequences (80000188 bp)...
[M::mem_pestat] # candidate unique pairs for (FF, FR, RF, RR): (0, 245100, 2, 0)
[M::mem_pestat] skip orientation FF as there are not enough pairs
[M::mem_pestat] analyzing insert size distribution for orientation FR...
[M::mem_pestat] (25, 50, 75) percentile: (174, 198, 227)
[M::mem_pestat] low and high boundaries for computing mean and std.dev: (68, 333)
[M::mem_pestat] mean and std.dev: (201.01, 36.42)
[M::mem_pestat] low and high boundaries for proper pairs: (15, 386)
[M::mem_pestat] skip orientation RF as there are not enough pairs
[M::mem_pestat] skip orientation RR as there are not enough pairs
[M::mem_process_seqs] Processed 646022 reads in 813.443 CPU sec, 104.318 real sec
[M::process] 0 single-end sequences; 645466 paired-end sequences
[M::process] read 645272 sequences (80000043 bp)...
[M::mem_pestat] # candidate unique pairs for (FF, FR, RF, RR): (0, 245453, 2, 0)
[M::mem_pestat] skip orientation FF as there are not enough pairs
[M::mem_pestat] analyzing insert size distribution for orientation FR...
[M::mem_pestat] (25, 50, 75) percentile: (174, 198, 227)
[M::mem_pestat] low and high boundaries for computing mean and std.dev: (68, 333)
[M::mem_pestat] mean and std.dev: (200.95, 36.41)
[M::mem_pestat] low and high boundaries for proper pairs: (15, 386)
[M::mem_pestat] skip orientation RF as there are not enough pairs
[M::mem_pestat] skip orientation RR as there are not enough pairs
[M::mem_process_seqs] Processed 645466 reads in 801.606 CPU sec, 102.858 real sec
[M::process] 0 single-end sequences; 645272 paired-end sequences
[M::process] read 645162 sequences (80000119 bp)...
[M::mem_pestat] # candidate unique pairs for (FF, FR, RF, RR): (0, 245208, 5, 0)
[M::mem_pestat] skip orientation FF as there are not enough pairs
[M::mem_pestat] analyzing insert size distribution for orientation FR...
[M::mem_pestat] (25, 50, 75) percentile: (174, 198, 226)
[M::mem_pestat] low and high boundaries for computing mean and std.dev: (70, 330)
[M::mem_pestat] mean and std.dev: (200.86, 36.37)
[M::mem_pestat] low and high boundaries for proper pairs: (18, 382)
[M::mem_pestat] skip orientation RF as there are not enough pairs
[M::mem_pestat] skip orientation RR as there are not enough pairs
[M::mem_process_seqs] Processed 645272 reads in 807.525 CPU sec, 103.596 real sec
[M::process] 0 single-end sequences; 645162 paired-end sequences
[M::process] read 645338 sequences (80000224 bp)...
[M::mem_pestat] # candidate unique pairs for (FF, FR, RF, RR): (0, 245553, 3, 0)
[M::mem_pestat] skip orientation FF as there are not enough pairs
[M::mem_pestat] analyzing insert size distribution for orientation FR...
[M::mem_pestat] (25, 50, 75) percentile: (174, 198, 226)
[M::mem_pestat] low and high boundaries for computing mean and std.dev: (70, 330)
[M::mem_pestat] mean and std.dev: (200.79, 36.48)
[M::mem_pestat] low and high boundaries for proper pairs: (18, 382)
[M::mem_pestat] skip orientation RF as there are not enough pairs
[M::mem_pestat] skip orientation RR as there are not enough pairs
[M::mem_process_seqs] Processed 645162 reads in 801.333 CPU sec, 102.813 real sec
[M::process] 0 single-end sequences; 645338 paired-end sequences
[M::process] read 645536 sequences (80000046 bp)...
[M::mem_pestat] # candidate unique pairs for (FF, FR, RF, RR): (0, 244471, 5, 0)
[M::mem_pestat] skip orientation FF as there are not enough pairs
[M::mem_pestat] analyzing insert size distribution for orientation FR...
[M::mem_pestat] (25, 50, 75) percentile: (174, 198, 226)
[M::mem_pestat] low and high boundaries for computing mean and std.dev: (70, 330)
[M::mem_pestat] mean and std.dev: (200.62, 36.34)
[M::mem_pestat] low and high boundaries for proper pairs: (18, 382)
[M::mem_pestat] skip orientation RF as there are not enough pairs
[M::mem_pestat] skip orientation RR as there are not enough pairs
[M::mem_process_seqs] Processed 645338 reads in 818.830 CPU sec, 105.017 real sec
[M::process] 0 single-end sequences; 645536 paired-end sequences
[M::process] read 645544 sequences (80000035 bp)...
[M::mem_pestat] # candidate unique pairs for (FF, FR, RF, RR): (0, 244655, 4, 0)
[M::mem_pestat] skip orientation FF as there are not enough pairs
[M::mem_pestat] analyzing insert size distribution for orientation FR...
[M::mem_pestat] (25, 50, 75) percentile: (174, 197, 226)
[M::mem_pestat] low and high boundaries for computing mean and std.dev: (70, 330)
[M::mem_pestat] mean and std.dev: (200.38, 36.40)
[M::mem_pestat] low and high boundaries for proper pairs: (18, 382)
[M::mem_pestat] skip orientation RF as there are not enough pairs
[M::mem_pestat] skip orientation RR as there are not enough pairs
[M::mem_process_seqs] Processed 645536 reads in 838.115 CPU sec, 107.404 real sec
[M::process] 0 single-end sequences; 645544 paired-end sequences
[M::process] read 645538 sequences (80000079 bp)...
[M::mem_pestat] # candidate unique pairs for (FF, FR, RF, RR): (0, 244392, 3, 0)
[M::mem_pestat] skip orientation FF as there are not enough pairs
[M::mem_pestat] analyzing insert size distribution for orientation FR...
[M::mem_pestat] (25, 50, 75) percentile: (174, 198, 226)
[M::mem_pestat] low and high boundaries for computing mean and std.dev: (70, 330)
[M::mem_pestat] mean and std.dev: (200.63, 36.38)
[M::mem_pestat] low and high boundaries for proper pairs: (18, 382)
[M::mem_pestat] skip orientation RF as there are not enough pairs
[M::mem_pestat] skip orientation RR as there are not enough pairs
[M::mem_process_seqs] Processed 645544 reads in 847.759 CPU sec, 108.638 real sec
[M::process] 0 single-end sequences; 645538 paired-end sequences
[M::process] read 645292 sequences (80000101 bp)...
[M::mem_pestat] # candidate unique pairs for (FF, FR, RF, RR): (0, 245031, 6, 0)
[M::mem_pestat] skip orientation FF as there are not enough pairs
[M::mem_pestat] analyzing insert size distribution for orientation FR...
[M::mem_pestat] (25, 50, 75) percentile: (174, 198, 226)
[M::mem_pestat] low and high boundaries for computing mean and std.dev: (70, 330)
[M::mem_pestat] mean and std.dev: (200.97, 36.47)
[M::mem_pestat] low and high boundaries for proper pairs: (18, 382)
[M::mem_pestat] skip orientation RF as there are not enough pairs
[M::mem_pestat] skip orientation RR as there are not enough pairs
[M::mem_process_seqs] Processed 645538 reads in 807.659 CPU sec, 103.621 real sec
[M::process] 0 single-end sequences; 645292 paired-end sequences
[M::process] read 645240 sequences (80000213 bp)...
[M::mem_pestat] # candidate unique pairs for (FF, FR, RF, RR): (0, 245547, 3, 0)
[M::mem_pestat] skip orientation FF as there are not enough pairs
[M::mem_pestat] analyzing insert size distribution for orientation FR...
[M::mem_pestat] (25, 50, 75) percentile: (174, 198, 226)
[M::mem_pestat] low and high boundaries for computing mean and std.dev: (70, 330)
[M::mem_pestat] mean and std.dev: (200.99, 36.43)
[M::mem_pestat] low and high boundaries for proper pairs: (18, 382)
[M::mem_pestat] skip orientation RF as there are not enough pairs
[M::mem_pestat] skip orientation RR as there are not enough pairs
[M::mem_process_seqs] Processed 645292 reads in 801.996 CPU sec, 102.901 real sec
[M::process] 0 single-end sequences; 645240 paired-end sequences
[M::process] read 645194 sequences (80000201 bp)...
[M::mem_pestat] # candidate unique pairs for (FF, FR, RF, RR): (0, 245312, 3, 0)
[M::mem_pestat] skip orientation FF as there are not enough pairs
[M::mem_pestat] analyzing insert size distribution for orientation FR...
[M::mem_pestat] (25, 50, 75) percentile: (174, 198, 226)
[M::mem_pestat] low and high boundaries for computing mean and std.dev: (70, 330)
[M::mem_pestat] mean and std.dev: (200.78, 36.42)
[M::mem_pestat] low and high boundaries for proper pairs: (18, 382)
[M::mem_pestat] skip orientation RF as there are not enough pairs
[M::mem_pestat] skip orientation RR as there are not enough pairs
[M::mem_process_seqs] Processed 645240 reads in 800.917 CPU sec, 102.769 real sec
[M::process] 0 single-end sequences; 645194 paired-end sequences
[M::process] read 645492 sequences (80000109 bp)...
[M::mem_pestat] # candidate unique pairs for (FF, FR, RF, RR): (0, 245143, 4, 0)
[M::mem_pestat] skip orientation FF as there are not enough pairs
[M::mem_pestat] analyzing insert size distribution for orientation FR...
[M::mem_pestat] (25, 50, 75) percentile: (174, 198, 226)
[M::mem_pestat] low and high boundaries for computing mean and std.dev: (70, 330)
[M::mem_pestat] mean and std.dev: (200.67, 36.45)
[M::mem_pestat] low and high boundaries for proper pairs: (18, 382)
[M::mem_pestat] skip orientation RF as there are not enough pairs
[M::mem_pestat] skip orientation RR as there are not enough pairs
[M::mem_process_seqs] Processed 645194 reads in 809.778 CPU sec, 103.857 real sec
[M::process] 0 single-end sequences; 645492 paired-end sequences
[M::process] read 645656 sequences (80000153 bp)...
[M::mem_pestat] # candidate unique pairs for (FF, FR, RF, RR): (0, 244898, 3, 0)
[M::mem_pestat] skip orientation FF as there are not enough pairs
[M::mem_pestat] analyzing insert size distribution for orientation FR...
[M::mem_pestat] (25, 50, 75) percentile: (174, 198, 226)
[M::mem_pestat] low and high boundaries for computing mean and std.dev: (70, 330)
[M::mem_pestat] mean and std.dev: (200.74, 36.39)
[M::mem_pestat] low and high boundaries for proper pairs: (18, 382)
[M::mem_pestat] skip orientation RF as there are not enough pairs
[M::mem_pestat] skip orientation RR as there are not enough pairs
[M::mem_process_seqs] Processed 645492 reads in 817.659 CPU sec, 104.839 real sec
[M::process] 0 single-end sequences; 645656 paired-end sequences
[M::process] read 645608 sequences (80000018 bp)...
[M::mem_pestat] # candidate unique pairs for (FF, FR, RF, RR): (0, 245290, 3, 0)
[M::mem_pestat] skip orientation FF as there are not enough pairs
[M::mem_pestat] analyzing insert size distribution for orientation FR...
[M::mem_pestat] (25, 50, 75) percentile: (174, 197, 226)
[M::mem_pestat] low and high boundaries for computing mean and std.dev: (70, 330)
[M::mem_pestat] mean and std.dev: (200.56, 36.45)
[M::mem_pestat] low and high boundaries for proper pairs: (18, 382)
[M::mem_pestat] skip orientation RF as there are not enough pairs
[M::mem_pestat] skip orientation RR as there are not enough pairs
[M::mem_process_seqs] Processed 645656 reads in 824.347 CPU sec, 105.717 real sec
[M::process] 0 single-end sequences; 645608 paired-end sequences
[M::process] read 645466 sequences (80000175 bp)...
[M::mem_pestat] # candidate unique pairs for (FF, FR, RF, RR): (0, 244728, 4, 0)
[M::mem_pestat] skip orientation FF as there are not enough pairs
[M::mem_pestat] analyzing insert size distribution for orientation FR...
[M::mem_pestat] (25, 50, 75) percentile: (174, 198, 226)
[M::mem_pestat] low and high boundaries for computing mean and std.dev: (70, 330)
[M::mem_pestat] mean and std.dev: (200.97, 36.46)
[M::mem_pestat] low and high boundaries for proper pairs: (18, 382)
[M::mem_pestat] skip orientation RF as there are not enough pairs
[M::mem_pestat] skip orientation RR as there are not enough pairs
[M::mem_process_seqs] Processed 645608 reads in 821.026 CPU sec, 105.253 real sec
[M::process] 0 single-end sequences; 645466 paired-end sequences
[M::process] read 645272 sequences (80000208 bp)...
[M::mem_pestat] # candidate unique pairs for (FF, FR, RF, RR): (0, 245024, 4, 0)
[M::mem_pestat] skip orientation FF as there are not enough pairs
[M::mem_pestat] analyzing insert size distribution for orientation FR...
[M::mem_pestat] (25, 50, 75) percentile: (174, 198, 226)
[M::mem_pestat] low and high boundaries for computing mean and std.dev: (70, 330)
[M::mem_pestat] mean and std.dev: (200.97, 36.48)
[M::mem_pestat] low and high boundaries for proper pairs: (18, 382)
[M::mem_pestat] skip orientation RF as there are not enough pairs
[M::mem_pestat] skip orientation RR as there are not enough pairs
[M::mem_process_seqs] Processed 645466 reads in 812.967 CPU sec, 104.263 real sec
[M::process] 0 single-end sequences; 645272 paired-end sequences
[M::process] read 645240 sequences (80000188 bp)...
[M::mem_pestat] # candidate unique pairs for (FF, FR, RF, RR): (0, 245377, 2, 0)
[M::mem_pestat] skip orientation FF as there are not enough pairs
[M::mem_pestat] analyzing insert size distribution for orientation FR...
[M::mem_pestat] (25, 50, 75) percentile: (174, 198, 227)
[M::mem_pestat] low and high boundaries for computing mean and std.dev: (68, 333)
[M::mem_pestat] mean and std.dev: (201.00, 36.50)
[M::mem_pestat] low and high boundaries for proper pairs: (15, 386)
[M::mem_pestat] skip orientation RF as there are not enough pairs
[M::mem_pestat] skip orientation RR as there are not enough pairs
[M::mem_process_seqs] Processed 645272 reads in 804.601 CPU sec, 103.218 real sec
[M::process] 0 single-end sequences; 645240 paired-end sequences
[M::process] read 645350 sequences (80000088 bp)...
[M::mem_pestat] # candidate unique pairs for (FF, FR, RF, RR): (0, 245175, 2, 0)
[M::mem_pestat] skip orientation FF as there are not enough pairs
[M::mem_pestat] analyzing insert size distribution for orientation FR...
[M::mem_pestat] (25, 50, 75) percentile: (174, 198, 226)
[M::mem_pestat] low and high boundaries for computing mean and std.dev: (70, 330)
[M::mem_pestat] mean and std.dev: (200.93, 36.43)
[M::mem_pestat] low and high boundaries for proper pairs: (18, 382)
[M::mem_pestat] skip orientation RF as there are not enough pairs
[M::mem_pestat] skip orientation RR as there are not enough pairs
[M::mem_process_seqs] Processed 645240 reads in 812.644 CPU sec, 104.227 real sec
[M::process] 0 single-end sequences; 645350 paired-end sequences
[M::process] read 645508 sequences (80000153 bp)...
[M::mem_pestat] # candidate unique pairs for (FF, FR, RF, RR): (0, 244475, 4, 0)
[M::mem_pestat] skip orientation FF as there are not enough pairs
[M::mem_pestat] analyzing insert size distribution for orientation FR...
[M::mem_pestat] (25, 50, 75) percentile: (174, 198, 226)
[M::mem_pestat] low and high boundaries for computing mean and std.dev: (70, 330)
[M::mem_pestat] mean and std.dev: (200.70, 36.46)
[M::mem_pestat] low and high boundaries for proper pairs: (18, 382)
[M::mem_pestat] skip orientation RF as there are not enough pairs
[M::mem_pestat] skip orientation RR as there are not enough pairs
[M::mem_process_seqs] Processed 645350 reads in 828.901 CPU sec, 106.284 real sec
[M::process] 0 single-end sequences; 645508 paired-end sequences
[M::process] read 645468 sequences (80000058 bp)...
[M::mem_pestat] # candidate unique pairs for (FF, FR, RF, RR): (0, 244302, 4, 0)
[M::mem_pestat] skip orientation FF as there are not enough pairs
[M::mem_pestat] analyzing insert size distribution for orientation FR...
[M::mem_pestat] (25, 50, 75) percentile: (174, 198, 226)
[M::mem_pestat] low and high boundaries for computing mean and std.dev: (70, 330)
[M::mem_pestat] mean and std.dev: (200.53, 36.34)
[M::mem_pestat] low and high boundaries for proper pairs: (18, 382)
[M::mem_pestat] skip orientation RF as there are not enough pairs
[M::mem_pestat] skip orientation RR as there are not enough pairs
[M::mem_process_seqs] Processed 645508 reads in 830.812 CPU sec, 106.523 real sec
[M::process] 0 single-end sequences; 645468 paired-end sequences
[M::process] read 645414 sequences (80000077 bp)...
[M::mem_pestat] # candidate unique pairs for (FF, FR, RF, RR): (0, 245091, 4, 0)
[M::mem_pestat] skip orientation FF as there are not enough pairs
[M::mem_pestat] analyzing insert size distribution for orientation FR...
[M::mem_pestat] (25, 50, 75) percentile: (174, 198, 226)
[M::mem_pestat] low and high boundaries for computing mean and std.dev: (70, 330)
[M::mem_pestat] mean and std.dev: (200.81, 36.44)
[M::mem_pestat] low and high boundaries for proper pairs: (18, 382)
[M::mem_pestat] skip orientation RF as there are not enough pairs
[M::mem_pestat] skip orientation RR as there are not enough pairs
[M::mem_process_seqs] Processed 645468 reads in 800.045 CPU sec, 102.645 real sec
[M::process] 0 single-end sequences; 645414 paired-end sequences
[M::process] read 645168 sequences (80000101 bp)...
[M::mem_pestat] # candidate unique pairs for (FF, FR, RF, RR): (0, 244839, 4, 0)
[M::mem_pestat] skip orientation FF as there are not enough pairs
[M::mem_pestat] analyzing insert size distribution for orientation FR...
[M::mem_pestat] (25, 50, 75) percentile: (174, 198, 227)
[M::mem_pestat] low and high boundaries for computing mean and std.dev: (68, 333)
[M::mem_pestat] mean and std.dev: (201.04, 36.57)
[M::mem_pestat] low and high boundaries for proper pairs: (15, 386)
[M::mem_pestat] skip orientation RF as there are not enough pairs
[M::mem_pestat] skip orientation RR as there are not enough pairs
[M::mem_process_seqs] Processed 645414 reads in 805.704 CPU sec, 103.348 real sec
[M::process] 0 single-end sequences; 645168 paired-end sequences
[M::process] read 645104 sequences (80000228 bp)...
[M::mem_pestat] # candidate unique pairs for (FF, FR, RF, RR): (0, 245711, 4, 0)
[M::mem_pestat] skip orientation FF as there are not enough pairs
[M::mem_pestat] analyzing insert size distribution for orientation FR...
[M::mem_pestat] (25, 50, 75) percentile: (174, 198, 226)
[M::mem_pestat] low and high boundaries for computing mean and std.dev: (70, 330)
[M::mem_pestat] mean and std.dev: (201.03, 36.45)
[M::mem_pestat] low and high boundaries for proper pairs: (18, 382)
[M::mem_pestat] skip orientation RF as there are not enough pairs
[M::mem_pestat] skip orientation RR as there are not enough pairs
[M::mem_process_seqs] Processed 645168 reads in 791.578 CPU sec, 101.592 real sec
[M::process] 0 single-end sequences; 645104 paired-end sequences
[M::process] read 645138 sequences (80000006 bp)...
[M::mem_pestat] # candidate unique pairs for (FF, FR, RF, RR): (0, 245781, 3, 0)
[M::mem_pestat] skip orientation FF as there are not enough pairs
[M::mem_pestat] analyzing insert size distribution for orientation FR...
[M::mem_pestat] (25, 50, 75) percentile: (174, 198, 226)
[M::mem_pestat] low and high boundaries for computing mean and std.dev: (70, 330)
[M::mem_pestat] mean and std.dev: (200.84, 36.49)
[M::mem_pestat] low and high boundaries for proper pairs: (18, 382)
[M::mem_pestat] skip orientation RF as there are not enough pairs
[M::mem_pestat] skip orientation RR as there are not enough pairs
[M::mem_process_seqs] Processed 645104 reads in 782.033 CPU sec, 100.399 real sec
[M::process] 0 single-end sequences; 645138 paired-end sequences
[M::process] read 645196 sequences (80000017 bp)...
[M::mem_pestat] # candidate unique pairs for (FF, FR, RF, RR): (0, 245606, 3, 0)
[M::mem_pestat] skip orientation FF as there are not enough pairs
[M::mem_pestat] analyzing insert size distribution for orientation FR...
[M::mem_pestat] (25, 50, 75) percentile: (174, 198, 226)
[M::mem_pestat] low and high boundaries for computing mean and std.dev: (70, 330)
[M::mem_pestat] mean and std.dev: (200.76, 36.39)
[M::mem_pestat] low and high boundaries for proper pairs: (18, 382)
[M::mem_pestat] skip orientation RF as there are not enough pairs
[M::mem_pestat] skip orientation RR as there are not enough pairs
[M::mem_process_seqs] Processed 645138 reads in 789.158 CPU sec, 101.273 real sec
[M::process] 0 single-end sequences; 645196 paired-end sequences
[M::process] read 645334 sequences (80000083 bp)...
[M::mem_pestat] # candidate unique pairs for (FF, FR, RF, RR): (0, 245343, 1, 0)
[M::mem_pestat] skip orientation FF as there are not enough pairs
[M::mem_pestat] analyzing insert size distribution for orientation FR...
[M::mem_pestat] (25, 50, 75) percentile: (174, 198, 226)
[M::mem_pestat] low and high boundaries for computing mean and std.dev: (70, 330)
[M::mem_pestat] mean and std.dev: (200.55, 36.38)
[M::mem_pestat] low and high boundaries for proper pairs: (18, 382)
[M::mem_pestat] skip orientation RF as there are not enough pairs
[M::mem_pestat] skip orientation RR as there are not enough pairs
[M::mem_process_seqs] Processed 645196 reads in 801.409 CPU sec, 102.855 real sec
[M::process] 0 single-end sequences; 645334 paired-end sequences
[M::process] read 645670 sequences (80000238 bp)...
[M::mem_pestat] # candidate unique pairs for (FF, FR, RF, RR): (0, 245615, 4, 0)
[M::mem_pestat] skip orientation FF as there are not enough pairs
[M::mem_pestat] analyzing insert size distribution for orientation FR...
[M::mem_pestat] (25, 50, 75) percentile: (174, 197, 226)
[M::mem_pestat] low and high boundaries for computing mean and std.dev: (70, 330)
[M::mem_pestat] mean and std.dev: (200.48, 36.37)
[M::mem_pestat] low and high boundaries for proper pairs: (18, 382)
[M::mem_pestat] skip orientation RF as there are not enough pairs
[M::mem_pestat] skip orientation RR as there are not enough pairs
[M::mem_process_seqs] Processed 645334 reads in 801.180 CPU sec, 102.786 real sec
[M::process] 0 single-end sequences; 645670 paired-end sequences
[M::process] read 645524 sequences (80000204 bp)...
[M::mem_pestat] # candidate unique pairs for (FF, FR, RF, RR): (0, 245347, 3, 0)
[M::mem_pestat] skip orientation FF as there are not enough pairs
[M::mem_pestat] analyzing insert size distribution for orientation FR...
[M::mem_pestat] (25, 50, 75) percentile: (174, 198, 226)
[M::mem_pestat] low and high boundaries for computing mean and std.dev: (70, 330)
[M::mem_pestat] mean and std.dev: (200.77, 36.39)
[M::mem_pestat] low and high boundaries for proper pairs: (18, 382)
[M::mem_pestat] skip orientation RF as there are not enough pairs
[M::mem_pestat] skip orientation RR as there are not enough pairs
[M::mem_process_seqs] Processed 645670 reads in 805.269 CPU sec, 103.313 real sec
[M::process] 0 single-end sequences; 645524 paired-end sequences
[M::process] read 645264 sequences (80000221 bp)...
[M::mem_pestat] # candidate unique pairs for (FF, FR, RF, RR): (0, 244791, 3, 0)
[M::mem_pestat] skip orientation FF as there are not enough pairs
[M::mem_pestat] analyzing insert size distribution for orientation FR...
[M::mem_pestat] (25, 50, 75) percentile: (174, 198, 227)
[M::mem_pestat] low and high boundaries for computing mean and std.dev: (68, 333)
[M::mem_pestat] mean and std.dev: (201.10, 36.45)
[M::mem_pestat] low and high boundaries for proper pairs: (15, 386)
[M::mem_pestat] skip orientation RF as there are not enough pairs
[M::mem_pestat] skip orientation RR as there are not enough pairs
[M::mem_process_seqs] Processed 645524 reads in 809.295 CPU sec, 103.804 real sec
[M::process] 0 single-end sequences; 645264 paired-end sequences
[M::process] read 645178 sequences (80000032 bp)...
[M::mem_pestat] # candidate unique pairs for (FF, FR, RF, RR): (0, 245554, 5, 0)
[M::mem_pestat] skip orientation FF as there are not enough pairs
[M::mem_pestat] analyzing insert size distribution for orientation FR...
[M::mem_pestat] (25, 50, 75) percentile: (174, 198, 226)
[M::mem_pestat] low and high boundaries for computing mean and std.dev: (70, 330)
[M::mem_pestat] mean and std.dev: (200.93, 36.38)
[M::mem_pestat] low and high boundaries for proper pairs: (18, 382)
[M::mem_pestat] skip orientation RF as there are not enough pairs
[M::mem_pestat] skip orientation RR as there are not enough pairs
[M::mem_process_seqs] Processed 645264 reads in 792.785 CPU sec, 101.738 real sec
[M::process] 0 single-end sequences; 645178 paired-end sequences
[M::process] read 645170 sequences (80000006 bp)...
[M::mem_pestat] # candidate unique pairs for (FF, FR, RF, RR): (0, 246035, 3, 0)
[M::mem_pestat] skip orientation FF as there are not enough pairs
[M::mem_pestat] analyzing insert size distribution for orientation FR...
[M::mem_pestat] (25, 50, 75) percentile: (174, 198, 227)
[M::mem_pestat] low and high boundaries for computing mean and std.dev: (68, 333)
[M::mem_pestat] mean and std.dev: (201.02, 36.46)
[M::mem_pestat] low and high boundaries for proper pairs: (15, 386)
[M::mem_pestat] skip orientation RF as there are not enough pairs
[M::mem_pestat] skip orientation RR as there are not enough pairs
[M::mem_process_seqs] Processed 645178 reads in 790.343 CPU sec, 101.453 real sec
[M::process] 0 single-end sequences; 645170 paired-end sequences
[M::process] read 645314 sequences (80000034 bp)...
[M::mem_pestat] # candidate unique pairs for (FF, FR, RF, RR): (0, 245799, 4, 0)
[M::mem_pestat] skip orientation FF as there are not enough pairs
[M::mem_pestat] analyzing insert size distribution for orientation FR...
[M::mem_pestat] (25, 50, 75) percentile: (174, 198, 226)
[M::mem_pestat] low and high boundaries for computing mean and std.dev: (70, 330)
[M::mem_pestat] mean and std.dev: (200.73, 36.51)
[M::mem_pestat] low and high boundaries for proper pairs: (18, 382)
[M::mem_pestat] skip orientation RF as there are not enough pairs
[M::mem_pestat] skip orientation RR as there are not enough pairs
[M::mem_process_seqs] Processed 645170 reads in 791.517 CPU sec, 101.579 real sec
[M::process] 0 single-end sequences; 645314 paired-end sequences
[M::process] read 645380 sequences (80000014 bp)...
[M::mem_pestat] # candidate unique pairs for (FF, FR, RF, RR): (0, 245767, 5, 0)
[M::mem_pestat] skip orientation FF as there are not enough pairs
[M::mem_pestat] analyzing insert size distribution for orientation FR...
[M::mem_pestat] (25, 50, 75) percentile: (174, 197, 226)
[M::mem_pestat] low and high boundaries for computing mean and std.dev: (70, 330)
[M::mem_pestat] mean and std.dev: (200.55, 36.55)
[M::mem_pestat] low and high boundaries for proper pairs: (18, 382)
[M::mem_pestat] skip orientation RF as there are not enough pairs
[M::mem_pestat] skip orientation RR as there are not enough pairs
[M::mem_process_seqs] Processed 645314 reads in 792.719 CPU sec, 101.733 real sec
[M::process] 0 single-end sequences; 645380 paired-end sequences
[M::process] read 645876 sequences (80000102 bp)...
[M::mem_pestat] # candidate unique pairs for (FF, FR, RF, RR): (0, 246117, 3, 0)
[M::mem_pestat] skip orientation FF as there are not enough pairs
[M::mem_pestat] analyzing insert size distribution for orientation FR...
[M::mem_pestat] (25, 50, 75) percentile: (174, 198, 226)
[M::mem_pestat] low and high boundaries for computing mean and std.dev: (70, 330)
[M::mem_pestat] mean and std.dev: (200.66, 36.48)
[M::mem_pestat] low and high boundaries for proper pairs: (18, 382)
[M::mem_pestat] skip orientation RF as there are not enough pairs
[M::mem_pestat] skip orientation RR as there are not enough pairs
[M::mem_process_seqs] Processed 645380 reads in 801.621 CPU sec, 102.841 real sec
[M::process] 0 single-end sequences; 645876 paired-end sequences
[M::process] read 645622 sequences (80000055 bp)...
[M::mem_pestat] # candidate unique pairs for (FF, FR, RF, RR): (0, 244939, 6, 0)
[M::mem_pestat] skip orientation FF as there are not enough pairs
[M::mem_pestat] analyzing insert size distribution for orientation FR...
[M::mem_pestat] (25, 50, 75) percentile: (174, 198, 226)
[M::mem_pestat] low and high boundaries for computing mean and std.dev: (70, 330)
[M::mem_pestat] mean and std.dev: (200.80, 36.45)
[M::mem_pestat] low and high boundaries for proper pairs: (18, 382)
[M::mem_pestat] skip orientation RF as there are not enough pairs
[M::mem_pestat] skip orientation RR as there are not enough pairs
[M::mem_process_seqs] Processed 645876 reads in 812.942 CPU sec, 104.257 real sec
[M::process] 0 single-end sequences; 645622 paired-end sequences
[M::process] read 645172 sequences (80000178 bp)...
[M::mem_pestat] # candidate unique pairs for (FF, FR, RF, RR): (0, 244879, 6, 0)
[M::mem_pestat] skip orientation FF as there are not enough pairs
[M::mem_pestat] analyzing insert size distribution for orientation FR...
[M::mem_pestat] (25, 50, 75) percentile: (174, 198, 226)
[M::mem_pestat] low and high boundaries for computing mean and std.dev: (70, 330)
[M::mem_pestat] mean and std.dev: (200.99, 36.45)
[M::mem_pestat] low and high boundaries for proper pairs: (18, 382)
[M::mem_pestat] skip orientation RF as there are not enough pairs
[M::mem_pestat] skip orientation RR as there are not enough pairs
[M::mem_process_seqs] Processed 645622 reads in 808.758 CPU sec, 103.740 real sec
[M::process] 0 single-end sequences; 645172 paired-end sequences
[M::process] read 645124 sequences (80000004 bp)...
[M::mem_pestat] # candidate unique pairs for (FF, FR, RF, RR): (0, 245537, 9, 0)
[M::mem_pestat] skip orientation FF as there are not enough pairs
[M::mem_pestat] analyzing insert size distribution for orientation FR...
[M::mem_pestat] (25, 50, 75) percentile: (174, 198, 226)
[M::mem_pestat] low and high boundaries for computing mean and std.dev: (70, 330)
[M::mem_pestat] mean and std.dev: (200.92, 36.47)
[M::mem_pestat] low and high boundaries for proper pairs: (18, 382)
[M::mem_pestat] skip orientation RF as there are not enough pairs
[M::mem_pestat] skip orientation RR as there are not enough pairs
[M::mem_process_seqs] Processed 645172 reads in 792.152 CPU sec, 101.701 real sec
[M::process] 0 single-end sequences; 645124 paired-end sequences
[M::process] read 645150 sequences (80000232 bp)...
[M::mem_pestat] # candidate unique pairs for (FF, FR, RF, RR): (0, 245818, 7, 0)
[M::mem_pestat] skip orientation FF as there are not enough pairs
[M::mem_pestat] analyzing insert size distribution for orientation FR...
[M::mem_pestat] (25, 50, 75) percentile: (174, 198, 226)
[M::mem_pestat] low and high boundaries for computing mean and std.dev: (70, 330)
[M::mem_pestat] mean and std.dev: (200.90, 36.43)
[M::mem_pestat] low and high boundaries for proper pairs: (18, 382)
[M::mem_pestat] skip orientation RF as there are not enough pairs
[M::mem_pestat] skip orientation RR as there are not enough pairs
[M::mem_process_seqs] Processed 645124 reads in 795.526 CPU sec, 102.074 real sec
[M::process] 0 single-end sequences; 645150 paired-end sequences
[M::process] read 645334 sequences (80000215 bp)...
[M::mem_pestat] # candidate unique pairs for (FF, FR, RF, RR): (0, 245865, 5, 0)
[M::mem_pestat] skip orientation FF as there are not enough pairs
[M::mem_pestat] analyzing insert size distribution for orientation FR...
[M::mem_pestat] (25, 50, 75) percentile: (174, 198, 226)
[M::mem_pestat] low and high boundaries for computing mean and std.dev: (70, 330)
[M::mem_pestat] mean and std.dev: (200.82, 36.38)
[M::mem_pestat] low and high boundaries for proper pairs: (18, 382)
[M::mem_pestat] skip orientation RF as there are not enough pairs
[M::mem_pestat] skip orientation RR as there are not enough pairs
[M::mem_process_seqs] Processed 645150 reads in 790.781 CPU sec, 101.499 real sec
[M::process] 0 single-end sequences; 645334 paired-end sequences
[M::process] read 645404 sequences (80000167 bp)...
[M::mem_pestat] # candidate unique pairs for (FF, FR, RF, RR): (0, 245616, 3, 0)
[M::mem_pestat] skip orientation FF as there are not enough pairs
[M::mem_pestat] analyzing insert size distribution for orientation FR...
[M::mem_pestat] (25, 50, 75) percentile: (174, 198, 226)
[M::mem_pestat] low and high boundaries for computing mean and std.dev: (70, 330)
[M::mem_pestat] mean and std.dev: (200.79, 36.46)
[M::mem_pestat] low and high boundaries for proper pairs: (18, 382)
[M::mem_pestat] skip orientation RF as there are not enough pairs
[M::mem_pestat] skip orientation RR as there are not enough pairs
[M::mem_process_seqs] Processed 645334 reads in 801.669 CPU sec, 102.845 real sec
[M::process] 0 single-end sequences; 645404 paired-end sequences
[M::process] read 645760 sequences (80000095 bp)...
[M::mem_pestat] # candidate unique pairs for (FF, FR, RF, RR): (0, 245772, 5, 0)
[M::mem_pestat] skip orientation FF as there are not enough pairs
[M::mem_pestat] analyzing insert size distribution for orientation FR...
[M::mem_pestat] (25, 50, 75) percentile: (174, 197, 226)
[M::mem_pestat] low and high boundaries for computing mean and std.dev: (70, 330)
[M::mem_pestat] mean and std.dev: (200.43, 36.36)
[M::mem_pestat] low and high boundaries for proper pairs: (18, 382)
[M::mem_pestat] skip orientation RF as there are not enough pairs
[M::mem_pestat] skip orientation RR as there are not enough pairs
[M::mem_process_seqs] Processed 645404 reads in 801.990 CPU sec, 102.892 real sec
[M::process] 0 single-end sequences; 645760 paired-end sequences
[M::process] read 645374 sequences (80000100 bp)...
[M::mem_pestat] # candidate unique pairs for (FF, FR, RF, RR): (0, 244743, 3, 0)
[M::mem_pestat] skip orientation FF as there are not enough pairs
[M::mem_pestat] analyzing insert size distribution for orientation FR...
[M::mem_pestat] (25, 50, 75) percentile: (174, 198, 226)
[M::mem_pestat] low and high boundaries for computing mean and std.dev: (70, 330)
[M::mem_pestat] mean and std.dev: (200.88, 36.43)
[M::mem_pestat] low and high boundaries for proper pairs: (18, 382)
[M::mem_pestat] skip orientation RF as there are not enough pairs
[M::mem_pestat] skip orientation RR as there are not enough pairs
[M::mem_process_seqs] Processed 645760 reads in 809.900 CPU sec, 103.874 real sec
[M::process] 0 single-end sequences; 645374 paired-end sequences
[M::process] read 645178 sequences (80000036 bp)...
[M::mem_pestat] # candidate unique pairs for (FF, FR, RF, RR): (0, 245225, 3, 0)
[M::mem_pestat] skip orientation FF as there are not enough pairs
[M::mem_pestat] analyzing insert size distribution for orientation FR...
[M::mem_pestat] (25, 50, 75) percentile: (174, 198, 226)
[M::mem_pestat] low and high boundaries for computing mean and std.dev: (70, 330)
[M::mem_pestat] mean and std.dev: (200.84, 36.41)
[M::mem_pestat] low and high boundaries for proper pairs: (18, 382)
[M::mem_pestat] skip orientation RF as there are not enough pairs
[M::mem_pestat] skip orientation RR as there are not enough pairs
[M::mem_process_seqs] Processed 645374 reads in 808.275 CPU sec, 103.696 real sec
[M::process] 0 single-end sequences; 645178 paired-end sequences
[M::process] read 645072 sequences (80000198 bp)...
[M::mem_pestat] # candidate unique pairs for (FF, FR, RF, RR): (0, 245666, 4, 0)
[M::mem_pestat] skip orientation FF as there are not enough pairs
[M::mem_pestat] analyzing insert size distribution for orientation FR...
[M::mem_pestat] (25, 50, 75) percentile: (174, 198, 226)
[M::mem_pestat] low and high boundaries for computing mean and std.dev: (70, 330)
[M::mem_pestat] mean and std.dev: (200.83, 36.45)
[M::mem_pestat] low and high boundaries for proper pairs: (18, 382)
[M::mem_pestat] skip orientation RF as there are not enough pairs
[M::mem_pestat] skip orientation RR as there are not enough pairs
[M::mem_process_seqs] Processed 645178 reads in 795.731 CPU sec, 102.098 real sec
[M::process] 0 single-end sequences; 645072 paired-end sequences
[M::process] read 645172 sequences (80000099 bp)...
[M::mem_pestat] # candidate unique pairs for (FF, FR, RF, RR): (0, 245450, 4, 0)
[M::mem_pestat] skip orientation FF as there are not enough pairs
[M::mem_pestat] analyzing insert size distribution for orientation FR...
[M::mem_pestat] (25, 50, 75) percentile: (174, 198, 226)
[M::mem_pestat] low and high boundaries for computing mean and std.dev: (70, 330)
[M::mem_pestat] mean and std.dev: (200.71, 36.45)
[M::mem_pestat] low and high boundaries for proper pairs: (18, 382)
[M::mem_pestat] skip orientation RF as there are not enough pairs
[M::mem_pestat] skip orientation RR as there are not enough pairs
[M::mem_process_seqs] Processed 645072 reads in 797.892 CPU sec, 102.376 real sec
[M::process] 0 single-end sequences; 645172 paired-end sequences
[M::process] read 645344 sequences (80000227 bp)...
[M::mem_pestat] # candidate unique pairs for (FF, FR, RF, RR): (0, 245061, 4, 0)
[M::mem_pestat] skip orientation FF as there are not enough pairs
[M::mem_pestat] analyzing insert size distribution for orientation FR...
[M::mem_pestat] (25, 50, 75) percentile: (174, 198, 226)
[M::mem_pestat] low and high boundaries for computing mean and std.dev: (70, 330)
[M::mem_pestat] mean and std.dev: (200.56, 36.36)
[M::mem_pestat] low and high boundaries for proper pairs: (18, 382)
[M::mem_pestat] skip orientation RF as there are not enough pairs
[M::mem_pestat] skip orientation RR as there are not enough pairs
[M::mem_process_seqs] Processed 645172 reads in 821.823 CPU sec, 105.799 real sec
[M::process] 0 single-end sequences; 645344 paired-end sequences
[M::process] read 645616 sequences (80000105 bp)...
[M::mem_pestat] # candidate unique pairs for (FF, FR, RF, RR): (0, 244867, 7, 0)
[M::mem_pestat] skip orientation FF as there are not enough pairs
[M::mem_pestat] analyzing insert size distribution for orientation FR...
[M::mem_pestat] (25, 50, 75) percentile: (174, 198, 226)
[M::mem_pestat] low and high boundaries for computing mean and std.dev: (70, 330)
[M::mem_pestat] mean and std.dev: (200.55, 36.43)
[M::mem_pestat] low and high boundaries for proper pairs: (18, 382)
[M::mem_pestat] skip orientation RF as there are not enough pairs
[M::mem_pestat] skip orientation RR as there are not enough pairs
[M::mem_process_seqs] Processed 645344 reads in 831.646 CPU sec, 106.612 real sec
[M::process] 0 single-end sequences; 645616 paired-end sequences
[M::process] read 646154 sequences (80000116 bp)...
[M::mem_pestat] # candidate unique pairs for (FF, FR, RF, RR): (0, 245567, 5, 0)
[M::mem_pestat] skip orientation FF as there are not enough pairs
[M::mem_pestat] analyzing insert size distribution for orientation FR...
[M::mem_pestat] (25, 50, 75) percentile: (174, 198, 226)
[M::mem_pestat] low and high boundaries for computing mean and std.dev: (70, 330)
[M::mem_pestat] mean and std.dev: (200.52, 36.44)
[M::mem_pestat] low and high boundaries for proper pairs: (18, 382)
[M::mem_pestat] skip orientation RF as there are not enough pairs
[M::mem_pestat] skip orientation RR as there are not enough pairs
[M::mem_process_seqs] Processed 645616 reads in 818.338 CPU sec, 104.936 real sec
[M::process] 0 single-end sequences; 646154 paired-end sequences
[M::process] read 645450 sequences (80000242 bp)...
[M::mem_pestat] # candidate unique pairs for (FF, FR, RF, RR): (0, 244769, 3, 0)
[M::mem_pestat] skip orientation FF as there are not enough pairs
[M::mem_pestat] analyzing insert size distribution for orientation FR...
[M::mem_pestat] (25, 50, 75) percentile: (174, 198, 227)
[M::mem_pestat] low and high boundaries for computing mean and std.dev: (68, 333)
[M::mem_pestat] mean and std.dev: (201.08, 36.43)
[M::mem_pestat] low and high boundaries for proper pairs: (15, 386)
[M::mem_pestat] skip orientation RF as there are not enough pairs
[M::mem_pestat] skip orientation RR as there are not enough pairs
[M::mem_process_seqs] Processed 646154 reads in 814.759 CPU sec, 104.521 real sec
[M::process] 0 single-end sequences; 645450 paired-end sequences
[M::process] read 645208 sequences (80000091 bp)...
[M::mem_pestat] # candidate unique pairs for (FF, FR, RF, RR): (0, 245077, 3, 0)
[M::mem_pestat] skip orientation FF as there are not enough pairs
[M::mem_pestat] analyzing insert size distribution for orientation FR...
[M::mem_pestat] (25, 50, 75) percentile: (174, 198, 226)
[M::mem_pestat] low and high boundaries for computing mean and std.dev: (70, 330)
[M::mem_pestat] mean and std.dev: (200.92, 36.44)
[M::mem_pestat] low and high boundaries for proper pairs: (18, 382)
[M::mem_pestat] skip orientation RF as there are not enough pairs
[M::mem_pestat] skip orientation RR as there are not enough pairs
[M::mem_process_seqs] Processed 645450 reads in 806.980 CPU sec, 103.534 real sec
[M::process] 0 single-end sequences; 645208 paired-end sequences
[M::process] read 645138 sequences (80000032 bp)...
[M::mem_pestat] # candidate unique pairs for (FF, FR, RF, RR): (0, 245802, 4, 0)
[M::mem_pestat] skip orientation FF as there are not enough pairs
[M::mem_pestat] analyzing insert size distribution for orientation FR...
[M::mem_pestat] (25, 50, 75) percentile: (174, 198, 226)
[M::mem_pestat] low and high boundaries for computing mean and std.dev: (70, 330)
[M::mem_pestat] mean and std.dev: (200.97, 36.48)
[M::mem_pestat] low and high boundaries for proper pairs: (18, 382)
[M::mem_pestat] skip orientation RF as there are not enough pairs
[M::mem_pestat] skip orientation RR as there are not enough pairs
[M::mem_process_seqs] Processed 645208 reads in 795.891 CPU sec, 102.120 real sec
[M::process] 0 single-end sequences; 645138 paired-end sequences
[M::process] read 645298 sequences (80000000 bp)...
[M::mem_pestat] # candidate unique pairs for (FF, FR, RF, RR): (0, 245402, 1, 0)
[M::mem_pestat] skip orientation FF as there are not enough pairs
[M::mem_pestat] analyzing insert size distribution for orientation FR...
[M::mem_pestat] (25, 50, 75) percentile: (174, 198, 226)
[M::mem_pestat] low and high boundaries for computing mean and std.dev: (70, 330)
[M::mem_pestat] mean and std.dev: (200.85, 36.53)
[M::mem_pestat] low and high boundaries for proper pairs: (18, 382)
[M::mem_pestat] skip orientation RF as there are not enough pairs
[M::mem_pestat] skip orientation RR as there are not enough pairs
[M::mem_process_seqs] Processed 645138 reads in 800.425 CPU sec, 102.713 real sec
[M::process] 0 single-end sequences; 645298 paired-end sequences
[M::process] read 645438 sequences (80000148 bp)...
[M::mem_pestat] # candidate unique pairs for (FF, FR, RF, RR): (0, 245402, 2, 0)
[M::mem_pestat] skip orientation FF as there are not enough pairs
[M::mem_pestat] analyzing insert size distribution for orientation FR...
[M::mem_pestat] (25, 50, 75) percentile: (174, 198, 226)
[M::mem_pestat] low and high boundaries for computing mean and std.dev: (70, 330)
[M::mem_pestat] mean and std.dev: (200.75, 36.47)
[M::mem_pestat] low and high boundaries for proper pairs: (18, 382)
[M::mem_pestat] skip orientation RF as there are not enough pairs
[M::mem_pestat] skip orientation RR as there are not enough pairs
[M::mem_process_seqs] Processed 645298 reads in 809.932 CPU sec, 103.875 real sec
[M::process] 0 single-end sequences; 645438 paired-end sequences
[M::process] read 645860 sequences (80000167 bp)...
[M::mem_pestat] # candidate unique pairs for (FF, FR, RF, RR): (0, 245562, 3, 0)
[M::mem_pestat] skip orientation FF as there are not enough pairs
[M::mem_pestat] analyzing insert size distribution for orientation FR...
[M::mem_pestat] (25, 50, 75) percentile: (174, 198, 226)
[M::mem_pestat] low and high boundaries for computing mean and std.dev: (70, 330)
[M::mem_pestat] mean and std.dev: (200.53, 36.41)
[M::mem_pestat] low and high boundaries for proper pairs: (18, 382)
[M::mem_pestat] skip orientation RF as there are not enough pairs
[M::mem_pestat] skip orientation RR as there are not enough pairs
[M::mem_process_seqs] Processed 645438 reads in 816.043 CPU sec, 104.646 real sec
[M::process] 0 single-end sequences; 645860 paired-end sequences
[M::process] read 646016 sequences (80000074 bp)...
[M::mem_pestat] # candidate unique pairs for (FF, FR, RF, RR): (0, 245498, 4, 0)
[M::mem_pestat] skip orientation FF as there are not enough pairs
[M::mem_pestat] analyzing insert size distribution for orientation FR...
[M::mem_pestat] (25, 50, 75) percentile: (174, 198, 226)
[M::mem_pestat] low and high boundaries for computing mean and std.dev: (70, 330)
[M::mem_pestat] mean and std.dev: (200.73, 36.50)
[M::mem_pestat] low and high boundaries for proper pairs: (18, 382)
[M::mem_pestat] skip orientation RF as there are not enough pairs
[M::mem_pestat] skip orientation RR as there are not enough pairs
[M::mem_process_seqs] Processed 645860 reads in 815.642 CPU sec, 104.625 real sec
[M::process] 0 single-end sequences; 646016 paired-end sequences
[M::process] read 645398 sequences (80000041 bp)...
[M::mem_pestat] # candidate unique pairs for (FF, FR, RF, RR): (0, 244796, 4, 0)
[M::mem_pestat] skip orientation FF as there are not enough pairs
[M::mem_pestat] analyzing insert size distribution for orientation FR...
[M::mem_pestat] (25, 50, 75) percentile: (174, 198, 227)
[M::mem_pestat] low and high boundaries for computing mean and std.dev: (68, 333)
[M::mem_pestat] mean and std.dev: (201.18, 36.50)
[M::mem_pestat] low and high boundaries for proper pairs: (15, 386)
[M::mem_pestat] skip orientation RF as there are not enough pairs
[M::mem_pestat] skip orientation RR as there are not enough pairs
[M::mem_process_seqs] Processed 646016 reads in 818.828 CPU sec, 105.002 real sec
[M::process] 0 single-end sequences; 645398 paired-end sequences
[M::process] read 645294 sequences (80000067 bp)...
[M::mem_pestat] # candidate unique pairs for (FF, FR, RF, RR): (0, 245083, 4, 0)
[M::mem_pestat] skip orientation FF as there are not enough pairs
[M::mem_pestat] analyzing insert size distribution for orientation FR...
[M::mem_pestat] (25, 50, 75) percentile: (174, 198, 227)
[M::mem_pestat] low and high boundaries for computing mean and std.dev: (68, 333)
[M::mem_pestat] mean and std.dev: (200.99, 36.45)
[M::mem_pestat] low and high boundaries for proper pairs: (15, 386)
[M::mem_pestat] skip orientation RF as there are not enough pairs
[M::mem_pestat] skip orientation RR as there are not enough pairs
[M::mem_process_seqs] Processed 645398 reads in 807.519 CPU sec, 103.587 real sec
[M::process] 0 single-end sequences; 645294 paired-end sequences
[M::process] read 645192 sequences (80000001 bp)...
[M::mem_pestat] # candidate unique pairs for (FF, FR, RF, RR): (0, 245329, 3, 0)
[M::mem_pestat] skip orientation FF as there are not enough pairs
[M::mem_pestat] analyzing insert size distribution for orientation FR...
[M::mem_pestat] (25, 50, 75) percentile: (174, 198, 226)
[M::mem_pestat] low and high boundaries for computing mean and std.dev: (70, 330)
[M::mem_pestat] mean and std.dev: (200.78, 36.44)
[M::mem_pestat] low and high boundaries for proper pairs: (18, 382)
[M::mem_pestat] skip orientation RF as there are not enough pairs
[M::mem_pestat] skip orientation RR as there are not enough pairs
[M::mem_process_seqs] Processed 645294 reads in 801.535 CPU sec, 102.836 real sec
[M::process] 0 single-end sequences; 645192 paired-end sequences
[M::process] read 645320 sequences (80000204 bp)...
[M::mem_pestat] # candidate unique pairs for (FF, FR, RF, RR): (0, 245293, 5, 0)
[M::mem_pestat] skip orientation FF as there are not enough pairs
[M::mem_pestat] analyzing insert size distribution for orientation FR...
[M::mem_pestat] (25, 50, 75) percentile: (174, 198, 226)
[M::mem_pestat] low and high boundaries for computing mean and std.dev: (70, 330)
[M::mem_pestat] mean and std.dev: (200.75, 36.46)
[M::mem_pestat] low and high boundaries for proper pairs: (18, 382)
[M::mem_pestat] skip orientation RF as there are not enough pairs
[M::mem_pestat] skip orientation RR as there are not enough pairs
[M::mem_process_seqs] Processed 645192 reads in 810.763 CPU sec, 103.988 real sec
[M::process] 0 single-end sequences; 645320 paired-end sequences
[M::process] read 645394 sequences (80000071 bp)...
[M::mem_pestat] # candidate unique pairs for (FF, FR, RF, RR): (0, 244913, 4, 0)
[M::mem_pestat] skip orientation FF as there are not enough pairs
[M::mem_pestat] analyzing insert size distribution for orientation FR...
[M::mem_pestat] (25, 50, 75) percentile: (174, 198, 226)
[M::mem_pestat] low and high boundaries for computing mean and std.dev: (70, 330)
[M::mem_pestat] mean and std.dev: (200.63, 36.41)
[M::mem_pestat] low and high boundaries for proper pairs: (18, 382)
[M::mem_pestat] skip orientation RF as there are not enough pairs
[M::mem_pestat] skip orientation RR as there are not enough pairs
[M::mem_process_seqs] Processed 645320 reads in 814.739 CPU sec, 104.517 real sec
[M::process] 0 single-end sequences; 645394 paired-end sequences
[M::process] read 645506 sequences (80000078 bp)...
[M::mem_pestat] # candidate unique pairs for (FF, FR, RF, RR): (0, 245490, 4, 0)
[M::mem_pestat] skip orientation FF as there are not enough pairs
[M::mem_pestat] analyzing insert size distribution for orientation FR...
[M::mem_pestat] (25, 50, 75) percentile: (174, 198, 226)
[M::mem_pestat] low and high boundaries for computing mean and std.dev: (70, 330)
[M::mem_pestat] mean and std.dev: (200.53, 36.43)
[M::mem_pestat] low and high boundaries for proper pairs: (18, 382)
[M::mem_pestat] skip orientation RF as there are not enough pairs
[M::mem_pestat] skip orientation RR as there are not enough pairs
[M::mem_process_seqs] Processed 645394 reads in 810.085 CPU sec, 103.919 real sec
[M::process] 0 single-end sequences; 645506 paired-end sequences
[M::process] read 645470 sequences (80000116 bp)...
[M::mem_pestat] # candidate unique pairs for (FF, FR, RF, RR): (0, 244362, 5, 0)
[M::mem_pestat] skip orientation FF as there are not enough pairs
[M::mem_pestat] analyzing insert size distribution for orientation FR...
[M::mem_pestat] (25, 50, 75) percentile: (174, 198, 227)
[M::mem_pestat] low and high boundaries for computing mean and std.dev: (68, 333)
[M::mem_pestat] mean and std.dev: (201.04, 36.44)
[M::mem_pestat] low and high boundaries for proper pairs: (15, 386)
[M::mem_pestat] skip orientation RF as there are not enough pairs
[M::mem_pestat] skip orientation RR as there are not enough pairs
[M::mem_process_seqs] Processed 645506 reads in 825.318 CPU sec, 105.808 real sec
[M::process] 0 single-end sequences; 645470 paired-end sequences
[M::process] read 645304 sequences (80000101 bp)...
[M::mem_pestat] # candidate unique pairs for (FF, FR, RF, RR): (0, 244239, 7, 0)
[M::mem_pestat] skip orientation FF as there are not enough pairs
[M::mem_pestat] analyzing insert size distribution for orientation FR...
[M::mem_pestat] (25, 50, 75) percentile: (174, 198, 227)
[M::mem_pestat] low and high boundaries for computing mean and std.dev: (68, 333)
[M::mem_pestat] mean and std.dev: (201.07, 36.55)
[M::mem_pestat] low and high boundaries for proper pairs: (15, 386)
[M::mem_pestat] skip orientation RF as there are not enough pairs
[M::mem_pestat] skip orientation RR as there are not enough pairs
[M::mem_process_seqs] Processed 645470 reads in 825.032 CPU sec, 105.785 real sec
[M::process] 0 single-end sequences; 645304 paired-end sequences
[M::process] read 645386 sequences (80000197 bp)...
[M::mem_pestat] # candidate unique pairs for (FF, FR, RF, RR): (0, 244070, 3, 0)
[M::mem_pestat] skip orientation FF as there are not enough pairs
[M::mem_pestat] analyzing insert size distribution for orientation FR...
[M::mem_pestat] (25, 50, 75) percentile: (174, 198, 226)
[M::mem_pestat] low and high boundaries for computing mean and std.dev: (70, 330)
[M::mem_pestat] mean and std.dev: (200.77, 36.46)
[M::mem_pestat] low and high boundaries for proper pairs: (18, 382)
[M::mem_pestat] skip orientation RF as there are not enough pairs
[M::mem_pestat] skip orientation RR as there are not enough pairs
[M::mem_process_seqs] Processed 645304 reads in 817.490 CPU sec, 104.844 real sec
[M::process] 0 single-end sequences; 645386 paired-end sequences
[M::process] read 645402 sequences (80000043 bp)...
[M::mem_pestat] # candidate unique pairs for (FF, FR, RF, RR): (0, 243498, 5, 0)
[M::mem_pestat] skip orientation FF as there are not enough pairs
[M::mem_pestat] analyzing insert size distribution for orientation FR...
[M::mem_pestat] (25, 50, 75) percentile: (174, 198, 226)
[M::mem_pestat] low and high boundaries for computing mean and std.dev: (70, 330)
[M::mem_pestat] mean and std.dev: (200.89, 36.49)
[M::mem_pestat] low and high boundaries for proper pairs: (18, 382)
[M::mem_pestat] skip orientation RF as there are not enough pairs
[M::mem_pestat] skip orientation RR as there are not enough pairs
[M::mem_process_seqs] Processed 645386 reads in 829.727 CPU sec, 106.372 real sec
[M::process] 0 single-end sequences; 645402 paired-end sequences
[M::process] read 645592 sequences (80000169 bp)...
[M::mem_pestat] # candidate unique pairs for (FF, FR, RF, RR): (0, 242742, 5, 0)
[M::mem_pestat] skip orientation FF as there are not enough pairs
[M::mem_pestat] analyzing insert size distribution for orientation FR...
[M::mem_pestat] (25, 50, 75) percentile: (174, 198, 226)
[M::mem_pestat] low and high boundaries for computing mean and std.dev: (70, 330)
[M::mem_pestat] mean and std.dev: (200.86, 36.43)
[M::mem_pestat] low and high boundaries for proper pairs: (18, 382)
[M::mem_pestat] skip orientation RF as there are not enough pairs
[M::mem_pestat] skip orientation RR as there are not enough pairs
[M::mem_process_seqs] Processed 645402 reads in 844.812 CPU sec, 108.275 real sec
[M::process] 0 single-end sequences; 645592 paired-end sequences
[M::process] read 645730 sequences (80000167 bp)...
[M::mem_pestat] # candidate unique pairs for (FF, FR, RF, RR): (0, 241381, 4, 0)
[M::mem_pestat] skip orientation FF as there are not enough pairs
[M::mem_pestat] analyzing insert size distribution for orientation FR...
[M::mem_pestat] (25, 50, 75) percentile: (174, 198, 226)
[M::mem_pestat] low and high boundaries for computing mean and std.dev: (70, 330)
[M::mem_pestat] mean and std.dev: (200.68, 36.47)
[M::mem_pestat] low and high boundaries for proper pairs: (18, 382)
[M::mem_pestat] skip orientation RF as there are not enough pairs
[M::mem_pestat] skip orientation RR as there are not enough pairs
[M::mem_process_seqs] Processed 645592 reads in 866.404 CPU sec, 110.974 real sec
[M::process] 0 single-end sequences; 645730 paired-end sequences
[M::process] read 645390 sequences (80000195 bp)...
[M::mem_pestat] # candidate unique pairs for (FF, FR, RF, RR): (0, 241425, 5, 0)
[M::mem_pestat] skip orientation FF as there are not enough pairs
[M::mem_pestat] analyzing insert size distribution for orientation FR...
[M::mem_pestat] (25, 50, 75) percentile: (174, 198, 226)
[M::mem_pestat] low and high boundaries for computing mean and std.dev: (70, 330)
[M::mem_pestat] mean and std.dev: (200.53, 36.43)
[M::mem_pestat] low and high boundaries for proper pairs: (18, 382)
[M::mem_pestat] skip orientation RF as there are not enough pairs
[M::mem_pestat] skip orientation RR as there are not enough pairs
[M::mem_process_seqs] Processed 645730 reads in 881.810 CPU sec, 112.882 real sec
[M::process] 0 single-end sequences; 645390 paired-end sequences
[M::process] read 645364 sequences (80000025 bp)...
[M::mem_pestat] # candidate unique pairs for (FF, FR, RF, RR): (0, 244760, 6, 0)
[M::mem_pestat] skip orientation FF as there are not enough pairs
[M::mem_pestat] analyzing insert size distribution for orientation FR...
[M::mem_pestat] (25, 50, 75) percentile: (174, 198, 226)
[M::mem_pestat] low and high boundaries for computing mean and std.dev: (70, 330)
[M::mem_pestat] mean and std.dev: (200.79, 36.36)
[M::mem_pestat] low and high boundaries for proper pairs: (18, 382)
[M::mem_pestat] skip orientation RF as there are not enough pairs
[M::mem_pestat] skip orientation RR as there are not enough pairs
[M::mem_process_seqs] Processed 645390 reads in 812.111 CPU sec, 104.161 real sec
[M::process] 0 single-end sequences; 645364 paired-end sequences
[M::process] read 645298 sequences (80000234 bp)...
[M::mem_pestat] # candidate unique pairs for (FF, FR, RF, RR): (0, 245020, 4, 0)
[M::mem_pestat] skip orientation FF as there are not enough pairs
[M::mem_pestat] analyzing insert size distribution for orientation FR...
[M::mem_pestat] (25, 50, 75) percentile: (174, 198, 226)
[M::mem_pestat] low and high boundaries for computing mean and std.dev: (70, 330)
[M::mem_pestat] mean and std.dev: (200.84, 36.36)
[M::mem_pestat] low and high boundaries for proper pairs: (18, 382)
[M::mem_pestat] skip orientation RF as there are not enough pairs
[M::mem_pestat] skip orientation RR as there are not enough pairs
[M::mem_process_seqs] Processed 645364 reads in 801.762 CPU sec, 102.853 real sec
[M::process] 0 single-end sequences; 645298 paired-end sequences
[M::process] read 645510 sequences (80000083 bp)...
[M::mem_pestat] # candidate unique pairs for (FF, FR, RF, RR): (0, 245242, 5, 0)
[M::mem_pestat] skip orientation FF as there are not enough pairs
[M::mem_pestat] analyzing insert size distribution for orientation FR...
[M::mem_pestat] (25, 50, 75) percentile: (174, 198, 226)
[M::mem_pestat] low and high boundaries for computing mean and std.dev: (70, 330)
[M::mem_pestat] mean and std.dev: (200.80, 36.43)
[M::mem_pestat] low and high boundaries for proper pairs: (18, 382)
[M::mem_pestat] skip orientation RF as there are not enough pairs
[M::mem_pestat] skip orientation RR as there are not enough pairs
[M::mem_process_seqs] Processed 645298 reads in 803.297 CPU sec, 103.085 real sec
[M::process] 0 single-end sequences; 645510 paired-end sequences
[M::process] read 645524 sequences (80000166 bp)...
[M::mem_pestat] # candidate unique pairs for (FF, FR, RF, RR): (0, 244890, 5, 0)
[M::mem_pestat] skip orientation FF as there are not enough pairs
[M::mem_pestat] analyzing insert size distribution for orientation FR...
[M::mem_pestat] (25, 50, 75) percentile: (174, 198, 226)
[M::mem_pestat] low and high boundaries for computing mean and std.dev: (70, 330)
[M::mem_pestat] mean and std.dev: (200.83, 36.45)
[M::mem_pestat] low and high boundaries for proper pairs: (18, 382)
[M::mem_pestat] skip orientation RF as there are not enough pairs
[M::mem_pestat] skip orientation RR as there are not enough pairs
[M::mem_process_seqs] Processed 645510 reads in 812.611 CPU sec, 104.268 real sec
[M::process] 0 single-end sequences; 645524 paired-end sequences
[M::process] read 645802 sequences (80000057 bp)...
[M::mem_pestat] # candidate unique pairs for (FF, FR, RF, RR): (0, 243559, 6, 0)
[M::mem_pestat] skip orientation FF as there are not enough pairs
[M::mem_pestat] analyzing insert size distribution for orientation FR...
[M::mem_pestat] (25, 50, 75) percentile: (174, 198, 226)
[M::mem_pestat] low and high boundaries for computing mean and std.dev: (70, 330)
[M::mem_pestat] mean and std.dev: (200.75, 36.46)
[M::mem_pestat] low and high boundaries for proper pairs: (18, 382)
[M::mem_pestat] skip orientation RF as there are not enough pairs
[M::mem_pestat] skip orientation RR as there are not enough pairs
[M::mem_process_seqs] Processed 645524 reads in 845.895 CPU sec, 108.394 real sec
[M::process] 0 single-end sequences; 645802 paired-end sequences
[M::process] read 645930 sequences (80000171 bp)...
[M::mem_pestat] # candidate unique pairs for (FF, FR, RF, RR): (0, 242428, 1, 0)
[M::mem_pestat] skip orientation FF as there are not enough pairs
[M::mem_pestat] analyzing insert size distribution for orientation FR...
[M::mem_pestat] (25, 50, 75) percentile: (174, 198, 226)
[M::mem_pestat] low and high boundaries for computing mean and std.dev: (70, 330)
[M::mem_pestat] mean and std.dev: (200.59, 36.53)
[M::mem_pestat] low and high boundaries for proper pairs: (18, 382)
[M::mem_pestat] skip orientation RF as there are not enough pairs
[M::mem_pestat] skip orientation RR as there are not enough pairs
[M::mem_process_seqs] Processed 645802 reads in 862.107 CPU sec, 110.415 real sec
[M::process] 0 single-end sequences; 645930 paired-end sequences
[M::process] read 645328 sequences (80000098 bp)...
[M::mem_pestat] # candidate unique pairs for (FF, FR, RF, RR): (0, 241859, 3, 0)
[M::mem_pestat] skip orientation FF as there are not enough pairs
[M::mem_pestat] analyzing insert size distribution for orientation FR...
[M::mem_pestat] (25, 50, 75) percentile: (174, 197, 226)
[M::mem_pestat] low and high boundaries for computing mean and std.dev: (70, 330)
[M::mem_pestat] mean and std.dev: (200.40, 36.47)
[M::mem_pestat] low and high boundaries for proper pairs: (18, 382)
[M::mem_pestat] skip orientation RF as there are not enough pairs
[M::mem_pestat] skip orientation RR as there are not enough pairs
[M::mem_process_seqs] Processed 645930 reads in 868.507 CPU sec, 111.217 real sec
[M::process] 0 single-end sequences; 645328 paired-end sequences
[M::process] read 645354 sequences (80000115 bp)...
[M::mem_pestat] # candidate unique pairs for (FF, FR, RF, RR): (0, 244733, 2, 0)
[M::mem_pestat] skip orientation FF as there are not enough pairs
[M::mem_pestat] analyzing insert size distribution for orientation FR...
[M::mem_pestat] (25, 50, 75) percentile: (174, 198, 227)
[M::mem_pestat] low and high boundaries for computing mean and std.dev: (68, 333)
[M::mem_pestat] mean and std.dev: (201.01, 36.42)
[M::mem_pestat] low and high boundaries for proper pairs: (15, 386)
[M::mem_pestat] skip orientation RF as there are not enough pairs
[M::mem_pestat] skip orientation RR as there are not enough pairs
[M::mem_process_seqs] Processed 645328 reads in 805.080 CPU sec, 103.282 real sec
[M::process] 0 single-end sequences; 645354 paired-end sequences
[M::process] read 645338 sequences (80000012 bp)...
[M::mem_pestat] # candidate unique pairs for (FF, FR, RF, RR): (0, 244946, 6, 0)
[M::mem_pestat] skip orientation FF as there are not enough pairs
[M::mem_pestat] analyzing insert size distribution for orientation FR...
[M::mem_pestat] (25, 50, 75) percentile: (174, 198, 226)
[M::mem_pestat] low and high boundaries for computing mean and std.dev: (70, 330)
[M::mem_pestat] mean and std.dev: (200.96, 36.45)
[M::mem_pestat] low and high boundaries for proper pairs: (18, 382)
[M::mem_pestat] skip orientation RF as there are not enough pairs
[M::mem_pestat] skip orientation RR as there are not enough pairs
[M::mem_process_seqs] Processed 645354 reads in 810.769 CPU sec, 104.004 real sec
[M::process] 0 single-end sequences; 645338 paired-end sequences
[M::process] read 645454 sequences (80000153 bp)...
[M::mem_pestat] # candidate unique pairs for (FF, FR, RF, RR): (0, 244889, 5, 0)
[M::mem_pestat] skip orientation FF as there are not enough pairs
[M::mem_pestat] analyzing insert size distribution for orientation FR...
[M::mem_pestat] (25, 50, 75) percentile: (174, 198, 226)
[M::mem_pestat] low and high boundaries for computing mean and std.dev: (70, 330)
[M::mem_pestat] mean and std.dev: (201.01, 36.48)
[M::mem_pestat] low and high boundaries for proper pairs: (18, 382)
[M::mem_pestat] skip orientation RF as there are not enough pairs
[M::mem_pestat] skip orientation RR as there are not enough pairs
[M::mem_process_seqs] Processed 645338 reads in 814.247 CPU sec, 104.427 real sec
[M::process] 0 single-end sequences; 645454 paired-end sequences
[M::process] read 645534 sequences (80000028 bp)...
[M::mem_pestat] # candidate unique pairs for (FF, FR, RF, RR): (0, 244232, 8, 0)
[M::mem_pestat] skip orientation FF as there are not enough pairs
[M::mem_pestat] analyzing insert size distribution for orientation FR...
[M::mem_pestat] (25, 50, 75) percentile: (174, 198, 226)
[M::mem_pestat] low and high boundaries for computing mean and std.dev: (70, 330)
[M::mem_pestat] mean and std.dev: (200.83, 36.50)
[M::mem_pestat] low and high boundaries for proper pairs: (18, 382)
[M::mem_pestat] skip orientation RF as there are not enough pairs
[M::mem_pestat] skip orientation RR as there are not enough pairs
[M::mem_process_seqs] Processed 645454 reads in 832.743 CPU sec, 106.739 real sec
[M::process] 0 single-end sequences; 645534 paired-end sequences
[M::process] read 645790 sequences (80000097 bp)...
[M::mem_pestat] # candidate unique pairs for (FF, FR, RF, RR): (0, 243564, 4, 0)
[M::mem_pestat] skip orientation FF as there are not enough pairs
[M::mem_pestat] analyzing insert size distribution for orientation FR...
[M::mem_pestat] (25, 50, 75) percentile: (174, 198, 226)
[M::mem_pestat] low and high boundaries for computing mean and std.dev: (70, 330)
[M::mem_pestat] mean and std.dev: (200.86, 36.42)
[M::mem_pestat] low and high boundaries for proper pairs: (18, 382)
[M::mem_pestat] skip orientation RF as there are not enough pairs
[M::mem_pestat] skip orientation RR as there are not enough pairs
[M::mem_process_seqs] Processed 645534 reads in 848.704 CPU sec, 108.744 real sec
[M::process] 0 single-end sequences; 645790 paired-end sequences
[M::process] read 645902 sequences (80000043 bp)...
[M::mem_pestat] # candidate unique pairs for (FF, FR, RF, RR): (0, 242485, 4, 0)
[M::mem_pestat] skip orientation FF as there are not enough pairs
[M::mem_pestat] analyzing insert size distribution for orientation FR...
[M::mem_pestat] (25, 50, 75) percentile: (174, 198, 226)
[M::mem_pestat] low and high boundaries for computing mean and std.dev: (70, 330)
[M::mem_pestat] mean and std.dev: (200.64, 36.41)
[M::mem_pestat] low and high boundaries for proper pairs: (18, 382)
[M::mem_pestat] skip orientation RF as there are not enough pairs
[M::mem_pestat] skip orientation RR as there are not enough pairs
[M::mem_process_seqs] Processed 645790 reads in 864.288 CPU sec, 110.687 real sec
[M::process] 0 single-end sequences; 645902 paired-end sequences
[M::process] read 645974 sequences (80000080 bp)...
[M::mem_pestat] # candidate unique pairs for (FF, FR, RF, RR): (0, 240899, 0, 0)
[M::mem_pestat] skip orientation FF as there are not enough pairs
[M::mem_pestat] analyzing insert size distribution for orientation FR...
[M::mem_pestat] (25, 50, 75) percentile: (174, 198, 226)
[M::mem_pestat] low and high boundaries for computing mean and std.dev: (70, 330)
[M::mem_pestat] mean and std.dev: (200.62, 36.48)
[M::mem_pestat] low and high boundaries for proper pairs: (18, 382)
[M::mem_pestat] skip orientation RF as there are not enough pairs
[M::mem_pestat] skip orientation RR as there are not enough pairs
[M::mem_process_seqs] Processed 645902 reads in 882.325 CPU sec, 112.942 real sec
[M::process] 0 single-end sequences; 645974 paired-end sequences
[M::process] read 645558 sequences (80000162 bp)...
[M::mem_pestat] # candidate unique pairs for (FF, FR, RF, RR): (0, 243311, 3, 0)
[M::mem_pestat] skip orientation FF as there are not enough pairs
[M::mem_pestat] analyzing insert size distribution for orientation FR...
[M::mem_pestat] (25, 50, 75) percentile: (174, 198, 226)
[M::mem_pestat] low and high boundaries for computing mean and std.dev: (70, 330)
[M::mem_pestat] mean and std.dev: (200.94, 36.42)
[M::mem_pestat] low and high boundaries for proper pairs: (18, 382)
[M::mem_pestat] skip orientation RF as there are not enough pairs
[M::mem_pestat] skip orientation RR as there are not enough pairs
[M::mem_process_seqs] Processed 645974 reads in 839.853 CPU sec, 107.672 real sec
[M::process] 0 single-end sequences; 645558 paired-end sequences
[M::process] read 645370 sequences (80000203 bp)...
[M::mem_pestat] # candidate unique pairs for (FF, FR, RF, RR): (0, 243449, 2, 0)
[M::mem_pestat] skip orientation FF as there are not enough pairs
[M::mem_pestat] analyzing insert size distribution for orientation FR...
[M::mem_pestat] (25, 50, 75) percentile: (174, 198, 227)
[M::mem_pestat] low and high boundaries for computing mean and std.dev: (68, 333)
[M::mem_pestat] mean and std.dev: (201.04, 36.48)
[M::mem_pestat] low and high boundaries for proper pairs: (15, 386)
[M::mem_pestat] skip orientation RF as there are not enough pairs
[M::mem_pestat] skip orientation RR as there are not enough pairs
[M::mem_process_seqs] Processed 645558 reads in 837.602 CPU sec, 107.358 real sec
[M::process] 0 single-end sequences; 645370 paired-end sequences
[M::process] read 645420 sequences (80000161 bp)...
[M::mem_pestat] # candidate unique pairs for (FF, FR, RF, RR): (0, 243715, 5, 0)
[M::mem_pestat] skip orientation FF as there are not enough pairs
[M::mem_pestat] analyzing insert size distribution for orientation FR...
[M::mem_pestat] (25, 50, 75) percentile: (174, 198, 227)
[M::mem_pestat] low and high boundaries for computing mean and std.dev: (68, 333)
[M::mem_pestat] mean and std.dev: (200.96, 36.46)
[M::mem_pestat] low and high boundaries for proper pairs: (15, 386)
[M::mem_pestat] skip orientation RF as there are not enough pairs
[M::mem_pestat] skip orientation RR as there are not enough pairs
[M::mem_process_seqs] Processed 645370 reads in 830.125 CPU sec, 106.411 real sec
[M::process] 0 single-end sequences; 645420 paired-end sequences
[M::process] read 645538 sequences (80000104 bp)...
[M::mem_pestat] # candidate unique pairs for (FF, FR, RF, RR): (0, 243615, 1, 0)
[M::mem_pestat] skip orientation FF as there are not enough pairs
[M::mem_pestat] analyzing insert size distribution for orientation FR...
[M::mem_pestat] (25, 50, 75) percentile: (174, 198, 226)
[M::mem_pestat] low and high boundaries for computing mean and std.dev: (70, 330)
[M::mem_pestat] mean and std.dev: (200.79, 36.48)
[M::mem_pestat] low and high boundaries for proper pairs: (18, 382)
[M::mem_pestat] skip orientation RF as there are not enough pairs
[M::mem_pestat] skip orientation RR as there are not enough pairs
[M::mem_process_seqs] Processed 645420 reads in 838.763 CPU sec, 107.516 real sec
[M::process] 0 single-end sequences; 645538 paired-end sequences
[M::process] read 645790 sequences (80000015 bp)...
[M::mem_pestat] # candidate unique pairs for (FF, FR, RF, RR): (0, 242782, 4, 0)
[M::mem_pestat] skip orientation FF as there are not enough pairs
[M::mem_pestat] analyzing insert size distribution for orientation FR...
[M::mem_pestat] (25, 50, 75) percentile: (174, 198, 226)
[M::mem_pestat] low and high boundaries for computing mean and std.dev: (70, 330)
[M::mem_pestat] mean and std.dev: (200.85, 36.42)
[M::mem_pestat] low and high boundaries for proper pairs: (18, 382)
[M::mem_pestat] skip orientation RF as there are not enough pairs
[M::mem_pestat] skip orientation RR as there are not enough pairs
[M::mem_process_seqs] Processed 645538 reads in 865.945 CPU sec, 110.895 real sec
[M::process] 0 single-end sequences; 645790 paired-end sequences
[M::process] read 646026 sequences (80000066 bp)...
[M::mem_pestat] # candidate unique pairs for (FF, FR, RF, RR): (0, 241559, 4, 0)
[M::mem_pestat] skip orientation FF as there are not enough pairs
[M::mem_pestat] analyzing insert size distribution for orientation FR...
[M::mem_pestat] (25, 50, 75) percentile: (174, 198, 226)
[M::mem_pestat] low and high boundaries for computing mean and std.dev: (70, 330)
[M::mem_pestat] mean and std.dev: (200.74, 36.46)
[M::mem_pestat] low and high boundaries for proper pairs: (18, 382)
[M::mem_pestat] skip orientation RF as there are not enough pairs
[M::mem_pestat] skip orientation RR as there are not enough pairs
[M::mem_process_seqs] Processed 645790 reads in 879.710 CPU sec, 112.642 real sec
[M::process] 0 single-end sequences; 646026 paired-end sequences
[M::process] read 645420 sequences (80000003 bp)...
[M::mem_pestat] # candidate unique pairs for (FF, FR, RF, RR): (0, 240920, 3, 0)
[M::mem_pestat] skip orientation FF as there are not enough pairs
[M::mem_pestat] analyzing insert size distribution for orientation FR...
[M::mem_pestat] (25, 50, 75) percentile: (174, 198, 226)
[M::mem_pestat] low and high boundaries for computing mean and std.dev: (70, 330)
[M::mem_pestat] mean and std.dev: (200.61, 36.39)
[M::mem_pestat] low and high boundaries for proper pairs: (18, 382)
[M::mem_pestat] skip orientation RF as there are not enough pairs
[M::mem_pestat] skip orientation RR as there are not enough pairs
[M::mem_process_seqs] Processed 646026 reads in 885.716 CPU sec, 113.392 real sec
[M::process] 0 single-end sequences; 645420 paired-end sequences
[M::process] read 645350 sequences (80000228 bp)...
[M::mem_pestat] # candidate unique pairs for (FF, FR, RF, RR): (0, 244817, 5, 0)
[M::mem_pestat] skip orientation FF as there are not enough pairs
[M::mem_pestat] analyzing insert size distribution for orientation FR...
[M::mem_pestat] (25, 50, 75) percentile: (174, 198, 227)
[M::mem_pestat] low and high boundaries for computing mean and std.dev: (68, 333)
[M::mem_pestat] mean and std.dev: (201.03, 36.46)
[M::mem_pestat] low and high boundaries for proper pairs: (15, 386)
[M::mem_pestat] skip orientation RF as there are not enough pairs
[M::mem_pestat] skip orientation RR as there are not enough pairs
[M::mem_process_seqs] Processed 645420 reads in 810.138 CPU sec, 103.912 real sec
[M::process] 0 single-end sequences; 645350 paired-end sequences
[M::process] read 645286 sequences (80000193 bp)...
[M::mem_pestat] # candidate unique pairs for (FF, FR, RF, RR): (0, 244685, 5, 0)
[M::mem_pestat] skip orientation FF as there are not enough pairs
[M::mem_pestat] analyzing insert size distribution for orientation FR...
[M::mem_pestat] (25, 50, 75) percentile: (174, 198, 226)
[M::mem_pestat] low and high boundaries for computing mean and std.dev: (70, 330)
[M::mem_pestat] mean and std.dev: (200.88, 36.40)
[M::mem_pestat] low and high boundaries for proper pairs: (18, 382)
[M::mem_pestat] skip orientation RF as there are not enough pairs
[M::mem_pestat] skip orientation RR as there are not enough pairs
[M::mem_process_seqs] Processed 645350 reads in 820.627 CPU sec, 105.237 real sec
[M::process] 0 single-end sequences; 645286 paired-end sequences
[M::process] read 645390 sequences (80000158 bp)...
[M::mem_pestat] # candidate unique pairs for (FF, FR, RF, RR): (0, 244427, 6, 0)
[M::mem_pestat] skip orientation FF as there are not enough pairs
[M::mem_pestat] analyzing insert size distribution for orientation FR...
[M::mem_pestat] (25, 50, 75) percentile: (174, 198, 226)
[M::mem_pestat] low and high boundaries for computing mean and std.dev: (70, 330)
[M::mem_pestat] mean and std.dev: (200.73, 36.43)
[M::mem_pestat] low and high boundaries for proper pairs: (18, 382)
[M::mem_pestat] skip orientation RF as there are not enough pairs
[M::mem_pestat] skip orientation RR as there are not enough pairs
[M::mem_process_seqs] Processed 645286 reads in 821.421 CPU sec, 105.327 real sec
[M::process] 0 single-end sequences; 645390 paired-end sequences
[M::process] read 645734 sequences (80000191 bp)...
[M::mem_pestat] # candidate unique pairs for (FF, FR, RF, RR): (0, 243972, 1, 0)
[M::mem_pestat] skip orientation FF as there are not enough pairs
[M::mem_pestat] analyzing insert size distribution for orientation FR...
[M::mem_pestat] (25, 50, 75) percentile: (174, 198, 226)
[M::mem_pestat] low and high boundaries for computing mean and std.dev: (70, 330)
[M::mem_pestat] mean and std.dev: (200.81, 36.50)
[M::mem_pestat] low and high boundaries for proper pairs: (18, 382)
[M::mem_pestat] skip orientation RF as there are not enough pairs
[M::mem_pestat] skip orientation RR as there are not enough pairs
[M::mem_process_seqs] Processed 645390 reads in 860.416 CPU sec, 110.210 real sec
[M::process] 0 single-end sequences; 645734 paired-end sequences
[M::process] read 645874 sequences (80000189 bp)...
[M::mem_pestat] # candidate unique pairs for (FF, FR, RF, RR): (0, 241679, 6, 0)
[M::mem_pestat] skip orientation FF as there are not enough pairs
[M::mem_pestat] analyzing insert size distribution for orientation FR...
[M::mem_pestat] (25, 50, 75) percentile: (174, 198, 226)
[M::mem_pestat] low and high boundaries for computing mean and std.dev: (70, 330)
[M::mem_pestat] mean and std.dev: (200.84, 36.42)
[M::mem_pestat] low and high boundaries for proper pairs: (18, 382)
[M::mem_pestat] skip orientation RF as there are not enough pairs
[M::mem_pestat] skip orientation RR as there are not enough pairs
[M::mem_process_seqs] Processed 645734 reads in 1014.944 CPU sec, 129.572 real sec
[M::process] 0 single-end sequences; 645874 paired-end sequences
[M::process] read 646170 sequences (80000192 bp)...
[M::mem_pestat] # candidate unique pairs for (FF, FR, RF, RR): (0, 241981, 2, 0)
[M::mem_pestat] skip orientation FF as there are not enough pairs
[M::mem_pestat] analyzing insert size distribution for orientation FR...
[M::mem_pestat] (25, 50, 75) percentile: (174, 198, 226)
[M::mem_pestat] low and high boundaries for computing mean and std.dev: (70, 330)
[M::mem_pestat] mean and std.dev: (200.50, 36.35)
[M::mem_pestat] low and high boundaries for proper pairs: (18, 382)
[M::mem_pestat] skip orientation RF as there are not enough pairs
[M::mem_pestat] skip orientation RR as there are not enough pairs
[M::mem_process_seqs] Processed 645874 reads in 986.177 CPU sec, 125.964 real sec
[M::process] 0 single-end sequences; 646170 paired-end sequences
[M::process] read 645504 sequences (80000165 bp)...
[M::mem_pestat] # candidate unique pairs for (FF, FR, RF, RR): (0, 243097, 3, 0)
[M::mem_pestat] skip orientation FF as there are not enough pairs
[M::mem_pestat] analyzing insert size distribution for orientation FR...
[M::mem_pestat] (25, 50, 75) percentile: (174, 198, 226)
[M::mem_pestat] low and high boundaries for computing mean and std.dev: (70, 330)
[M::mem_pestat] mean and std.dev: (200.64, 36.51)
[M::mem_pestat] low and high boundaries for proper pairs: (18, 382)
[M::mem_pestat] skip orientation RF as there are not enough pairs
[M::mem_pestat] skip orientation RR as there are not enough pairs
[M::mem_process_seqs] Processed 646170 reads in 891.846 CPU sec, 114.131 real sec
[M::process] 0 single-end sequences; 645504 paired-end sequences
[M::process] read 645506 sequences (80000033 bp)...
[M::mem_pestat] # candidate unique pairs for (FF, FR, RF, RR): (0, 244456, 5, 0)
[M::mem_pestat] skip orientation FF as there are not enough pairs
[M::mem_pestat] analyzing insert size distribution for orientation FR...
[M::mem_pestat] (25, 50, 75) percentile: (174, 198, 226)
[M::mem_pestat] low and high boundaries for computing mean and std.dev: (70, 330)
[M::mem_pestat] mean and std.dev: (200.97, 36.46)
[M::mem_pestat] low and high boundaries for proper pairs: (18, 382)
[M::mem_pestat] skip orientation RF as there are not enough pairs
[M::mem_pestat] skip orientation RR as there are not enough pairs
[M::mem_process_seqs] Processed 645504 reads in 834.692 CPU sec, 106.996 real sec
[M::process] 0 single-end sequences; 645506 paired-end sequences
[M::process] read 645482 sequences (80000156 bp)...
[M::mem_pestat] # candidate unique pairs for (FF, FR, RF, RR): (0, 244119, 1, 0)
[M::mem_pestat] skip orientation FF as there are not enough pairs
[M::mem_pestat] analyzing insert size distribution for orientation FR...
[M::mem_pestat] (25, 50, 75) percentile: (174, 198, 226)
[M::mem_pestat] low and high boundaries for computing mean and std.dev: (70, 330)
[M::mem_pestat] mean and std.dev: (200.88, 36.45)
[M::mem_pestat] low and high boundaries for proper pairs: (18, 382)
[M::mem_pestat] skip orientation RF as there are not enough pairs
[M::mem_pestat] skip orientation RR as there are not enough pairs
[M::mem_process_seqs] Processed 645506 reads in 832.236 CPU sec, 106.698 real sec
[M::process] 0 single-end sequences; 645482 paired-end sequences
[M::process] read 645626 sequences (80000206 bp)...
[M::mem_pestat] # candidate unique pairs for (FF, FR, RF, RR): (0, 244019, 3, 0)
[M::mem_pestat] skip orientation FF as there are not enough pairs
[M::mem_pestat] analyzing insert size distribution for orientation FR...
[M::mem_pestat] (25, 50, 75) percentile: (174, 198, 226)
[M::mem_pestat] low and high boundaries for computing mean and std.dev: (70, 330)
[M::mem_pestat] mean and std.dev: (200.83, 36.47)
[M::mem_pestat] low and high boundaries for proper pairs: (18, 382)
[M::mem_pestat] skip orientation RF as there are not enough pairs
[M::mem_pestat] skip orientation RR as there are not enough pairs
[M::mem_process_seqs] Processed 645482 reads in 852.783 CPU sec, 109.266 real sec
[M::process] 0 single-end sequences; 645626 paired-end sequences
[M::process] read 646530 sequences (80000108 bp)...
[M::mem_pestat] # candidate unique pairs for (FF, FR, RF, RR): (0, 242563, 4, 0)
[M::mem_pestat] skip orientation FF as there are not enough pairs
[M::mem_pestat] analyzing insert size distribution for orientation FR...
[M::mem_pestat] (25, 50, 75) percentile: (174, 198, 226)
[M::mem_pestat] low and high boundaries for computing mean and std.dev: (70, 330)
[M::mem_pestat] mean and std.dev: (200.72, 36.42)
[M::mem_pestat] low and high boundaries for proper pairs: (18, 382)
[M::mem_pestat] skip orientation RF as there are not enough pairs
[M::mem_pestat] skip orientation RR as there are not enough pairs
[M::mem_process_seqs] Processed 645626 reads in 1032.512 CPU sec, 131.751 real sec
[M::process] 0 single-end sequences; 646530 paired-end sequences
[M::process] read 646812 sequences (80000096 bp)...
[M::mem_pestat] # candidate unique pairs for (FF, FR, RF, RR): (0, 236969, 5, 0)
[M::mem_pestat] skip orientation FF as there are not enough pairs
[M::mem_pestat] analyzing insert size distribution for orientation FR...
[M::mem_pestat] (25, 50, 75) percentile: (174, 198, 226)
[M::mem_pestat] low and high boundaries for computing mean and std.dev: (70, 330)
[M::mem_pestat] mean and std.dev: (200.74, 36.43)
[M::mem_pestat] low and high boundaries for proper pairs: (18, 382)
[M::mem_pestat] skip orientation RF as there are not enough pairs
[M::mem_pestat] skip orientation RR as there are not enough pairs
[M::mem_process_seqs] Processed 646530 reads in 1417.247 CPU sec, 179.924 real sec
[M::process] 0 single-end sequences; 646812 paired-end sequences
[M::process] read 645752 sequences (80000091 bp)...
[M::mem_pestat] # candidate unique pairs for (FF, FR, RF, RR): (0, 240423, 3, 0)
[M::mem_pestat] skip orientation FF as there are not enough pairs
[M::mem_pestat] analyzing insert size distribution for orientation FR...
[M::mem_pestat] (25, 50, 75) percentile: (174, 198, 226)
[M::mem_pestat] low and high boundaries for computing mean and std.dev: (70, 330)
[M::mem_pestat] mean and std.dev: (200.54, 36.51)
[M::mem_pestat] low and high boundaries for proper pairs: (18, 382)
[M::mem_pestat] skip orientation RF as there are not enough pairs
[M::mem_pestat] skip orientation RR as there are not enough pairs
[M::mem_process_seqs] Processed 646812 reads in 1081.628 CPU sec, 137.913 real sec
[M::process] 0 single-end sequences; 645752 paired-end sequences
[M::process] read 645684 sequences (80000057 bp)...
[M::mem_pestat] # candidate unique pairs for (FF, FR, RF, RR): (0, 244038, 10, 0)
[M::mem_pestat] skip orientation FF as there are not enough pairs
[M::mem_pestat] analyzing insert size distribution for orientation FR...
[M::mem_pestat] (25, 50, 75) percentile: (174, 198, 227)
[M::mem_pestat] low and high boundaries for computing mean and std.dev: (68, 333)
[M::mem_pestat] mean and std.dev: (201.20, 36.51)
[M::mem_pestat] low and high boundaries for proper pairs: (15, 386)
[M::mem_pestat] analyzing insert size distribution for orientation RF...
[M::mem_pestat] (25, 50, 75) percentile: (148, 179, 2406)
[M::mem_pestat] low and high boundaries for computing mean and std.dev: (1, 6922)
[M::mem_pestat] mean and std.dev: (1135.20, 1568.48)
[M::mem_pestat] low and high boundaries for proper pairs: (1, 9180)
[M::mem_pestat] skip orientation RR as there are not enough pairs
[M::mem_pestat] skip orientation RF
[M::mem_process_seqs] Processed 645752 reads in 829.734 CPU sec, 106.424 real sec
[M::process] 0 single-end sequences; 645684 paired-end sequences
[M::process] read 645568 sequences (80000215 bp)...
[M::mem_pestat] # candidate unique pairs for (FF, FR, RF, RR): (0, 244569, 2, 0)
[M::mem_pestat] skip orientation FF as there are not enough pairs
[M::mem_pestat] analyzing insert size distribution for orientation FR...
[M::mem_pestat] (25, 50, 75) percentile: (174, 198, 227)
[M::mem_pestat] low and high boundaries for computing mean and std.dev: (68, 333)
[M::mem_pestat] mean and std.dev: (201.03, 36.45)
[M::mem_pestat] low and high boundaries for proper pairs: (15, 386)
[M::mem_pestat] skip orientation RF as there are not enough pairs
[M::mem_pestat] skip orientation RR as there are not enough pairs
[M::mem_process_seqs] Processed 645684 reads in 821.434 CPU sec, 105.325 real sec
[M::process] 0 single-end sequences; 645568 paired-end sequences
[M::process] read 645694 sequences (80000118 bp)...
[M::mem_pestat] # candidate unique pairs for (FF, FR, RF, RR): (0, 244161, 5, 0)
[M::mem_pestat] skip orientation FF as there are not enough pairs
[M::mem_pestat] analyzing insert size distribution for orientation FR...
[M::mem_pestat] (25, 50, 75) percentile: (174, 198, 227)
[M::mem_pestat] low and high boundaries for computing mean and std.dev: (68, 333)
[M::mem_pestat] mean and std.dev: (201.06, 36.48)
[M::mem_pestat] low and high boundaries for proper pairs: (15, 386)
[M::mem_pestat] skip orientation RF as there are not enough pairs
[M::mem_pestat] skip orientation RR as there are not enough pairs
[M::mem_process_seqs] Processed 645568 reads in 822.967 CPU sec, 105.522 real sec
[M::process] 0 single-end sequences; 645694 paired-end sequences
[M::process] read 645670 sequences (80000004 bp)...
[M::mem_pestat] # candidate unique pairs for (FF, FR, RF, RR): (0, 243403, 5, 0)
[M::mem_pestat] skip orientation FF as there are not enough pairs
[M::mem_pestat] analyzing insert size distribution for orientation FR...
[M::mem_pestat] (25, 50, 75) percentile: (174, 198, 226)
[M::mem_pestat] low and high boundaries for computing mean and std.dev: (70, 330)
[M::mem_pestat] mean and std.dev: (200.93, 36.49)
[M::mem_pestat] low and high boundaries for proper pairs: (18, 382)
[M::mem_pestat] skip orientation RF as there are not enough pairs
[M::mem_pestat] skip orientation RR as there are not enough pairs
[M::mem_process_seqs] Processed 645694 reads in 844.990 CPU sec, 108.270 real sec
[M::process] 0 single-end sequences; 645670 paired-end sequences
[M::process] read 645968 sequences (80000060 bp)...
[M::mem_pestat] # candidate unique pairs for (FF, FR, RF, RR): (0, 242772, 1, 0)
[M::mem_pestat] skip orientation FF as there are not enough pairs
[M::mem_pestat] analyzing insert size distribution for orientation FR...
[M::mem_pestat] (25, 50, 75) percentile: (174, 198, 226)
[M::mem_pestat] low and high boundaries for computing mean and std.dev: (70, 330)
[M::mem_pestat] mean and std.dev: (200.74, 36.40)
[M::mem_pestat] low and high boundaries for proper pairs: (18, 382)
[M::mem_pestat] skip orientation RF as there are not enough pairs
[M::mem_pestat] skip orientation RR as there are not enough pairs
[M::mem_process_seqs] Processed 645670 reads in 868.339 CPU sec, 111.198 real sec
[M::process] 0 single-end sequences; 645968 paired-end sequences
[M::process] read 645914 sequences (80000195 bp)...
[M::mem_pestat] # candidate unique pairs for (FF, FR, RF, RR): (0, 241397, 7, 0)
[M::mem_pestat] skip orientation FF as there are not enough pairs
[M::mem_pestat] analyzing insert size distribution for orientation FR...
[M::mem_pestat] (25, 50, 75) percentile: (174, 198, 226)
[M::mem_pestat] low and high boundaries for computing mean and std.dev: (70, 330)
[M::mem_pestat] mean and std.dev: (200.80, 36.52)
[M::mem_pestat] low and high boundaries for proper pairs: (18, 382)
[M::mem_pestat] skip orientation RF as there are not enough pairs
[M::mem_pestat] skip orientation RR as there are not enough pairs
[M::mem_process_seqs] Processed 645968 reads in 889.729 CPU sec, 113.877 real sec
[M::process] 0 single-end sequences; 645914 paired-end sequences
[M::process] read 645386 sequences (80000128 bp)...
[M::mem_pestat] # candidate unique pairs for (FF, FR, RF, RR): (0, 241024, 4, 0)
[M::mem_pestat] skip orientation FF as there are not enough pairs
[M::mem_pestat] analyzing insert size distribution for orientation FR...
[M::mem_pestat] (25, 50, 75) percentile: (174, 198, 226)
[M::mem_pestat] low and high boundaries for computing mean and std.dev: (70, 330)
[M::mem_pestat] mean and std.dev: (200.60, 36.45)
[M::mem_pestat] low and high boundaries for proper pairs: (18, 382)
[M::mem_pestat] skip orientation RF as there are not enough pairs
[M::mem_pestat] skip orientation RR as there are not enough pairs
[M::mem_process_seqs] Processed 645914 reads in 888.145 CPU sec, 113.686 real sec
[M::process] 0 single-end sequences; 645386 paired-end sequences
[M::process] read 645392 sequences (80000098 bp)...
[M::mem_pestat] # candidate unique pairs for (FF, FR, RF, RR): (0, 244910, 7, 0)
[M::mem_pestat] skip orientation FF as there are not enough pairs
[M::mem_pestat] analyzing insert size distribution for orientation FR...
[M::mem_pestat] (25, 50, 75) percentile: (174, 198, 226)
[M::mem_pestat] low and high boundaries for computing mean and std.dev: (70, 330)
[M::mem_pestat] mean and std.dev: (200.98, 36.44)
[M::mem_pestat] low and high boundaries for proper pairs: (18, 382)
[M::mem_pestat] skip orientation RF as there are not enough pairs
[M::mem_pestat] skip orientation RR as there are not enough pairs
[M::mem_process_seqs] Processed 645386 reads in 806.333 CPU sec, 103.438 real sec
[M::process] 0 single-end sequences; 645392 paired-end sequences
[M::process] read 645332 sequences (80000200 bp)...
[M::mem_pestat] # candidate unique pairs for (FF, FR, RF, RR): (0, 245126, 2, 0)
[M::mem_pestat] skip orientation FF as there are not enough pairs
[M::mem_pestat] analyzing insert size distribution for orientation FR...
[M::mem_pestat] (25, 50, 75) percentile: (174, 198, 226)
[M::mem_pestat] low and high boundaries for computing mean and std.dev: (70, 330)
[M::mem_pestat] mean and std.dev: (201.00, 36.37)
[M::mem_pestat] low and high boundaries for proper pairs: (18, 382)
[M::mem_pestat] skip orientation RF as there are not enough pairs
[M::mem_pestat] skip orientation RR as there are not enough pairs
[M::mem_process_seqs] Processed 645392 reads in 800.395 CPU sec, 102.689 real sec
[M::process] 0 single-end sequences; 645332 paired-end sequences
[M::process] read 645496 sequences (80000206 bp)...
[M::mem_pestat] # candidate unique pairs for (FF, FR, RF, RR): (0, 245294, 5, 0)
[M::mem_pestat] skip orientation FF as there are not enough pairs
[M::mem_pestat] analyzing insert size distribution for orientation FR...
[M::mem_pestat] (25, 50, 75) percentile: (174, 198, 226)
[M::mem_pestat] low and high boundaries for computing mean and std.dev: (70, 330)
[M::mem_pestat] mean and std.dev: (200.88, 36.37)
[M::mem_pestat] low and high boundaries for proper pairs: (18, 382)
[M::mem_pestat] skip orientation RF as there are not enough pairs
[M::mem_pestat] skip orientation RR as there are not enough pairs
[M::mem_process_seqs] Processed 645332 reads in 805.735 CPU sec, 103.357 real sec
[M::process] 0 single-end sequences; 645496 paired-end sequences
[M::process] read 645608 sequences (80000186 bp)...
[M::mem_pestat] # candidate unique pairs for (FF, FR, RF, RR): (0, 244193, 6, 0)
[M::mem_pestat] skip orientation FF as there are not enough pairs
[M::mem_pestat] analyzing insert size distribution for orientation FR...
[M::mem_pestat] (25, 50, 75) percentile: (174, 198, 226)
[M::mem_pestat] low and high boundaries for computing mean and std.dev: (70, 330)
[M::mem_pestat] mean and std.dev: (200.77, 36.49)
[M::mem_pestat] low and high boundaries for proper pairs: (18, 382)
[M::mem_pestat] skip orientation RF as there are not enough pairs
[M::mem_pestat] skip orientation RR as there are not enough pairs
[M::mem_process_seqs] Processed 645496 reads in 827.180 CPU sec, 106.045 real sec
[M::process] 0 single-end sequences; 645608 paired-end sequences
[M::process] read 645898 sequences (80000135 bp)...
[M::mem_pestat] # candidate unique pairs for (FF, FR, RF, RR): (0, 243804, 4, 0)
[M::mem_pestat] skip orientation FF as there are not enough pairs
[M::mem_pestat] analyzing insert size distribution for orientation FR...
[M::mem_pestat] (25, 50, 75) percentile: (174, 198, 226)
[M::mem_pestat] low and high boundaries for computing mean and std.dev: (70, 330)
[M::mem_pestat] mean and std.dev: (200.61, 36.43)
[M::mem_pestat] low and high boundaries for proper pairs: (18, 382)
[M::mem_pestat] skip orientation RF as there are not enough pairs
[M::mem_pestat] skip orientation RR as there are not enough pairs
[M::mem_process_seqs] Processed 645608 reads in 843.073 CPU sec, 108.028 real sec
[M::process] 0 single-end sequences; 645898 paired-end sequences
[M::process] read 645828 sequences (80000154 bp)...
[M::mem_pestat] # candidate unique pairs for (FF, FR, RF, RR): (0, 242503, 2, 0)
[M::mem_pestat] skip orientation FF as there are not enough pairs
[M::mem_pestat] analyzing insert size distribution for orientation FR...
[M::mem_pestat] (25, 50, 75) percentile: (174, 198, 226)
[M::mem_pestat] low and high boundaries for computing mean and std.dev: (70, 330)
[M::mem_pestat] mean and std.dev: (200.71, 36.43)
[M::mem_pestat] low and high boundaries for proper pairs: (18, 382)
[M::mem_pestat] skip orientation RF as there are not enough pairs
[M::mem_pestat] skip orientation RR as there are not enough pairs
[M::mem_process_seqs] Processed 645898 reads in 857.159 CPU sec, 109.829 real sec
[M::process] 0 single-end sequences; 645828 paired-end sequences
[M::process] read 645420 sequences (80000190 bp)...
[M::mem_pestat] # candidate unique pairs for (FF, FR, RF, RR): (0, 242147, 2, 0)
[M::mem_pestat] skip orientation FF as there are not enough pairs
[M::mem_pestat] analyzing insert size distribution for orientation FR...
[M::mem_pestat] (25, 50, 75) percentile: (174, 198, 226)
[M::mem_pestat] low and high boundaries for computing mean and std.dev: (70, 330)
[M::mem_pestat] mean and std.dev: (200.57, 36.41)
[M::mem_pestat] low and high boundaries for proper pairs: (18, 382)
[M::mem_pestat] skip orientation RF as there are not enough pairs
[M::mem_pestat] skip orientation RR as there are not enough pairs
[M::mem_process_seqs] Processed 645828 reads in 859.034 CPU sec, 110.037 real sec
[M::process] 0 single-end sequences; 645420 paired-end sequences
[M::process] read 645426 sequences (80000052 bp)...
[M::mem_pestat] # candidate unique pairs for (FF, FR, RF, RR): (0, 244744, 7, 0)
[M::mem_pestat] skip orientation FF as there are not enough pairs
[M::mem_pestat] analyzing insert size distribution for orientation FR...
[M::mem_pestat] (25, 50, 75) percentile: (174, 198, 227)
[M::mem_pestat] low and high boundaries for computing mean and std.dev: (68, 333)
[M::mem_pestat] mean and std.dev: (201.12, 36.50)
[M::mem_pestat] low and high boundaries for proper pairs: (15, 386)
[M::mem_pestat] skip orientation RF as there are not enough pairs
[M::mem_pestat] skip orientation RR as there are not enough pairs
[M::mem_process_seqs] Processed 645420 reads in 806.981 CPU sec, 103.513 real sec
[M::process] 0 single-end sequences; 645426 paired-end sequences
[M::process] read 645476 sequences (80000085 bp)...
[M::mem_pestat] # candidate unique pairs for (FF, FR, RF, RR): (0, 245292, 5, 0)
[M::mem_pestat] skip orientation FF as there are not enough pairs
[M::mem_pestat] analyzing insert size distribution for orientation FR...
[M::mem_pestat] (25, 50, 75) percentile: (174, 198, 226)
[M::mem_pestat] low and high boundaries for computing mean and std.dev: (70, 330)
[M::mem_pestat] mean and std.dev: (201.08, 36.39)
[M::mem_pestat] low and high boundaries for proper pairs: (18, 382)
[M::mem_pestat] skip orientation RF as there are not enough pairs
[M::mem_pestat] skip orientation RR as there are not enough pairs
[M::mem_process_seqs] Processed 645426 reads in 813.376 CPU sec, 104.313 real sec
[M::process] 0 single-end sequences; 645476 paired-end sequences
[M::process] read 645594 sequences (80000124 bp)...
[M::mem_pestat] # candidate unique pairs for (FF, FR, RF, RR): (0, 244814, 4, 0)
[M::mem_pestat] skip orientation FF as there are not enough pairs
[M::mem_pestat] analyzing insert size distribution for orientation FR...
[M::mem_pestat] (25, 50, 75) percentile: (174, 198, 226)
[M::mem_pestat] low and high boundaries for computing mean and std.dev: (70, 330)
[M::mem_pestat] mean and std.dev: (200.98, 36.55)
[M::mem_pestat] low and high boundaries for proper pairs: (18, 382)
[M::mem_pestat] skip orientation RF as there are not enough pairs
[M::mem_pestat] skip orientation RR as there are not enough pairs
[M::mem_process_seqs] Processed 645476 reads in 813.225 CPU sec, 104.321 real sec
[M::process] 0 single-end sequences; 645594 paired-end sequences
[M::process] read 645742 sequences (80000217 bp)...
[M::mem_pestat] # candidate unique pairs for (FF, FR, RF, RR): (0, 243901, 4, 0)
[M::mem_pestat] skip orientation FF as there are not enough pairs
[M::mem_pestat] analyzing insert size distribution for orientation FR...
[M::mem_pestat] (25, 50, 75) percentile: (174, 198, 226)
[M::mem_pestat] low and high boundaries for computing mean and std.dev: (70, 330)
[M::mem_pestat] mean and std.dev: (200.82, 36.46)
[M::mem_pestat] low and high boundaries for proper pairs: (18, 382)
[M::mem_pestat] skip orientation RF as there are not enough pairs
[M::mem_pestat] skip orientation RR as there are not enough pairs
[M::mem_process_seqs] Processed 645594 reads in 837.454 CPU sec, 107.351 real sec
[M::process] 0 single-end sequences; 645742 paired-end sequences
[M::process] read 645902 sequences (80000012 bp)...
[M::mem_pestat] # candidate unique pairs for (FF, FR, RF, RR): (0, 242791, 4, 0)
[M::mem_pestat] skip orientation FF as there are not enough pairs
[M::mem_pestat] analyzing insert size distribution for orientation FR...
[M::mem_pestat] (25, 50, 75) percentile: (174, 198, 226)
[M::mem_pestat] low and high boundaries for computing mean and std.dev: (70, 330)
[M::mem_pestat] mean and std.dev: (200.63, 36.43)
[M::mem_pestat] low and high boundaries for proper pairs: (18, 382)
[M::mem_pestat] skip orientation RF as there are not enough pairs
[M::mem_pestat] skip orientation RR as there are not enough pairs
[M::mem_process_seqs] Processed 645742 reads in 858.425 CPU sec, 109.962 real sec
[M::process] 0 single-end sequences; 645902 paired-end sequences
[M::process] read 645936 sequences (80000209 bp)...
[M::mem_pestat] # candidate unique pairs for (FF, FR, RF, RR): (0, 242044, 5, 0)
[M::mem_pestat] skip orientation FF as there are not enough pairs
[M::mem_pestat] analyzing insert size distribution for orientation FR...
[M::mem_pestat] (25, 50, 75) percentile: (174, 198, 226)
[M::mem_pestat] low and high boundaries for computing mean and std.dev: (70, 330)
[M::mem_pestat] mean and std.dev: (200.63, 36.45)
[M::mem_pestat] low and high boundaries for proper pairs: (18, 382)
[M::mem_pestat] skip orientation RF as there are not enough pairs
[M::mem_pestat] skip orientation RR as there are not enough pairs
[M::mem_process_seqs] Processed 645902 reads in 871.893 CPU sec, 111.659 real sec
[M::process] 0 single-end sequences; 645936 paired-end sequences
[M::process] read 645618 sequences (80000055 bp)...
[M::mem_pestat] # candidate unique pairs for (FF, FR, RF, RR): (0, 241209, 3, 0)
[M::mem_pestat] skip orientation FF as there are not enough pairs
[M::mem_pestat] analyzing insert size distribution for orientation FR...
[M::mem_pestat] (25, 50, 75) percentile: (174, 197, 226)
[M::mem_pestat] low and high boundaries for computing mean and std.dev: (70, 330)
[M::mem_pestat] mean and std.dev: (200.46, 36.48)
[M::mem_pestat] low and high boundaries for proper pairs: (18, 382)
[M::mem_pestat] skip orientation RF as there are not enough pairs
[M::mem_pestat] skip orientation RR as there are not enough pairs
[M::mem_process_seqs] Processed 645936 reads in 874.974 CPU sec, 112.071 real sec
[M::process] 0 single-end sequences; 645618 paired-end sequences
[M::process] read 645632 sequences (80000048 bp)...
[M::mem_pestat] # candidate unique pairs for (FF, FR, RF, RR): (0, 244006, 6, 0)
[M::mem_pestat] skip orientation FF as there are not enough pairs
[M::mem_pestat] analyzing insert size distribution for orientation FR...
[M::mem_pestat] (25, 50, 75) percentile: (174, 198, 227)
[M::mem_pestat] low and high boundaries for computing mean and std.dev: (68, 333)
[M::mem_pestat] mean and std.dev: (201.11, 36.43)
[M::mem_pestat] low and high boundaries for proper pairs: (15, 386)
[M::mem_pestat] skip orientation RF as there are not enough pairs
[M::mem_pestat] skip orientation RR as there are not enough pairs
[M::mem_process_seqs] Processed 645618 reads in 832.073 CPU sec, 106.657 real sec
[M::process] 0 single-end sequences; 645632 paired-end sequences
[M::process] read 645484 sequences (80000154 bp)...
[M::mem_pestat] # candidate unique pairs for (FF, FR, RF, RR): (0, 243981, 1, 0)
[M::mem_pestat] skip orientation FF as there are not enough pairs
[M::mem_pestat] analyzing insert size distribution for orientation FR...
[M::mem_pestat] (25, 50, 75) percentile: (174, 198, 226)
[M::mem_pestat] low and high boundaries for computing mean and std.dev: (70, 330)
[M::mem_pestat] mean and std.dev: (200.96, 36.50)
[M::mem_pestat] low and high boundaries for proper pairs: (18, 382)
[M::mem_pestat] skip orientation RF as there are not enough pairs
[M::mem_pestat] skip orientation RR as there are not enough pairs
[M::mem_process_seqs] Processed 645632 reads in 839.754 CPU sec, 107.621 real sec
[M::process] 0 single-end sequences; 645484 paired-end sequences
[M::process] read 645656 sequences (80000078 bp)...
[M::mem_pestat] # candidate unique pairs for (FF, FR, RF, RR): (0, 243299, 6, 0)
[M::mem_pestat] skip orientation FF as there are not enough pairs
[M::mem_pestat] analyzing insert size distribution for orientation FR...
[M::mem_pestat] (25, 50, 75) percentile: (174, 198, 226)
[M::mem_pestat] low and high boundaries for computing mean and std.dev: (70, 330)
[M::mem_pestat] mean and std.dev: (200.93, 36.42)
[M::mem_pestat] low and high boundaries for proper pairs: (18, 382)
[M::mem_pestat] skip orientation RF as there are not enough pairs
[M::mem_pestat] skip orientation RR as there are not enough pairs
[M::mem_process_seqs] Processed 645484 reads in 849.724 CPU sec, 108.897 real sec
[M::process] 0 single-end sequences; 645656 paired-end sequences
[M::process] read 645664 sequences (80000159 bp)...
[M::mem_pestat] # candidate unique pairs for (FF, FR, RF, RR): (0, 242103, 2, 0)
[M::mem_pestat] skip orientation FF as there are not enough pairs
[M::mem_pestat] analyzing insert size distribution for orientation FR...
[M::mem_pestat] (25, 50, 75) percentile: (174, 198, 226)
[M::mem_pestat] low and high boundaries for computing mean and std.dev: (70, 330)
[M::mem_pestat] mean and std.dev: (200.90, 36.47)
[M::mem_pestat] low and high boundaries for proper pairs: (18, 382)
[M::mem_pestat] skip orientation RF as there are not enough pairs
[M::mem_pestat] skip orientation RR as there are not enough pairs
[M::mem_process_seqs] Processed 645656 reads in 869.512 CPU sec, 111.350 real sec
[M::process] 0 single-end sequences; 645664 paired-end sequences
[M::process] read 645866 sequences (80000197 bp)...
[M::mem_pestat] # candidate unique pairs for (FF, FR, RF, RR): (0, 240989, 7, 0)
[M::mem_pestat] skip orientation FF as there are not enough pairs
[M::mem_pestat] analyzing insert size distribution for orientation FR...
[M::mem_pestat] (25, 50, 75) percentile: (174, 198, 226)
[M::mem_pestat] low and high boundaries for computing mean and std.dev: (70, 330)
[M::mem_pestat] mean and std.dev: (200.69, 36.49)
[M::mem_pestat] low and high boundaries for proper pairs: (18, 382)
[M::mem_pestat] skip orientation RF as there are not enough pairs
[M::mem_pestat] skip orientation RR as there are not enough pairs
[M::mem_process_seqs] Processed 645664 reads in 885.850 CPU sec, 113.443 real sec
[M::process] 0 single-end sequences; 645866 paired-end sequences
[M::process] read 645586 sequences (80000227 bp)...
[M::mem_pestat] # candidate unique pairs for (FF, FR, RF, RR): (0, 240099, 5, 0)
[M::mem_pestat] skip orientation FF as there are not enough pairs
[M::mem_pestat] analyzing insert size distribution for orientation FR...
[M::mem_pestat] (25, 50, 75) percentile: (174, 198, 226)
[M::mem_pestat] low and high boundaries for computing mean and std.dev: (70, 330)
[M::mem_pestat] mean and std.dev: (200.76, 36.50)
[M::mem_pestat] low and high boundaries for proper pairs: (18, 382)
[M::mem_pestat] skip orientation RF as there are not enough pairs
[M::mem_pestat] skip orientation RR as there are not enough pairs
[M::mem_process_seqs] Processed 645866 reads in 896.226 CPU sec, 114.688 real sec
[M::process] 0 single-end sequences; 645586 paired-end sequences
[M::process] read 645602 sequences (80000136 bp)...
[M::mem_pestat] # candidate unique pairs for (FF, FR, RF, RR): (0, 241755, 6, 0)
[M::mem_pestat] skip orientation FF as there are not enough pairs
[M::mem_pestat] analyzing insert size distribution for orientation FR...
[M::mem_pestat] (25, 50, 75) percentile: (174, 198, 226)
[M::mem_pestat] low and high boundaries for computing mean and std.dev: (70, 330)
[M::mem_pestat] mean and std.dev: (200.70, 36.46)
[M::mem_pestat] low and high boundaries for proper pairs: (18, 382)
[M::mem_pestat] skip orientation RF as there are not enough pairs
[M::mem_pestat] skip orientation RR as there are not enough pairs
[M::mem_process_seqs] Processed 645586 reads in 890.499 CPU sec, 113.973 real sec
[M::process] 0 single-end sequences; 645602 paired-end sequences
[M::process] read 645452 sequences (80000051 bp)...
[M::mem_pestat] # candidate unique pairs for (FF, FR, RF, RR): (0, 244100, 8, 0)
[M::mem_pestat] skip orientation FF as there are not enough pairs
[M::mem_pestat] analyzing insert size distribution for orientation FR...
[M::mem_pestat] (25, 50, 75) percentile: (174, 198, 226)
[M::mem_pestat] low and high boundaries for computing mean and std.dev: (70, 330)
[M::mem_pestat] mean and std.dev: (200.94, 36.42)
[M::mem_pestat] low and high boundaries for proper pairs: (18, 382)
[M::mem_pestat] skip orientation RF as there are not enough pairs
[M::mem_pestat] skip orientation RR as there are not enough pairs
[M::mem_process_seqs] Processed 645602 reads in 915.528 CPU sec, 117.132 real sec
[M::process] 0 single-end sequences; 645452 paired-end sequences
[M::process] read 645428 sequences (80000229 bp)...
[M::mem_pestat] # candidate unique pairs for (FF, FR, RF, RR): (0, 244346, 7, 0)
[M::mem_pestat] skip orientation FF as there are not enough pairs
[M::mem_pestat] analyzing insert size distribution for orientation FR...
[M::mem_pestat] (25, 50, 75) percentile: (174, 198, 226)
[M::mem_pestat] low and high boundaries for computing mean and std.dev: (70, 330)
[M::mem_pestat] mean and std.dev: (200.91, 36.47)
[M::mem_pestat] low and high boundaries for proper pairs: (18, 382)
[M::mem_pestat] skip orientation RF as there are not enough pairs
[M::mem_pestat] skip orientation RR as there are not enough pairs
[M::mem_process_seqs] Processed 645452 reads in 834.862 CPU sec, 107.065 real sec
[M::process] 0 single-end sequences; 645428 paired-end sequences
[M::process] read 645612 sequences (80000125 bp)...
[M::mem_pestat] # candidate unique pairs for (FF, FR, RF, RR): (0, 244015, 2, 0)
[M::mem_pestat] skip orientation FF as there are not enough pairs
[M::mem_pestat] analyzing insert size distribution for orientation FR...
[M::mem_pestat] (25, 50, 75) percentile: (174, 198, 226)
[M::mem_pestat] low and high boundaries for computing mean and std.dev: (70, 330)
[M::mem_pestat] mean and std.dev: (200.83, 36.40)
[M::mem_pestat] low and high boundaries for proper pairs: (18, 382)
[M::mem_pestat] skip orientation RF as there are not enough pairs
[M::mem_pestat] skip orientation RR as there are not enough pairs
[M::mem_process_seqs] Processed 645428 reads in 848.962 CPU sec, 108.770 real sec
[M::process] 0 single-end sequences; 645612 paired-end sequences
[M::process] read 645930 sequences (80000157 bp)...
[M::mem_pestat] # candidate unique pairs for (FF, FR, RF, RR): (0, 242709, 3, 0)
[M::mem_pestat] skip orientation FF as there are not enough pairs
[M::mem_pestat] analyzing insert size distribution for orientation FR...
[M::mem_pestat] (25, 50, 75) percentile: (174, 198, 226)
[M::mem_pestat] low and high boundaries for computing mean and std.dev: (70, 330)
[M::mem_pestat] mean and std.dev: (200.76, 36.45)
[M::mem_pestat] low and high boundaries for proper pairs: (18, 382)
[M::mem_pestat] skip orientation RF as there are not enough pairs
[M::mem_pestat] skip orientation RR as there are not enough pairs
[M::mem_process_seqs] Processed 645612 reads in 853.643 CPU sec, 109.414 real sec
[M::process] 0 single-end sequences; 645930 paired-end sequences
[M::process] read 646336 sequences (80000137 bp)...
[M::mem_pestat] # candidate unique pairs for (FF, FR, RF, RR): (0, 241286, 1, 0)
[M::mem_pestat] skip orientation FF as there are not enough pairs
[M::mem_pestat] analyzing insert size distribution for orientation FR...
[M::mem_pestat] (25, 50, 75) percentile: (174, 198, 226)
[M::mem_pestat] low and high boundaries for computing mean and std.dev: (70, 330)
[M::mem_pestat] mean and std.dev: (200.69, 36.46)
[M::mem_pestat] low and high boundaries for proper pairs: (18, 382)
[M::mem_pestat] skip orientation RF as there are not enough pairs
[M::mem_pestat] skip orientation RR as there are not enough pairs
[M::mem_process_seqs] Processed 645930 reads in 882.305 CPU sec, 112.950 real sec
[M::process] 0 single-end sequences; 646336 paired-end sequences
[M::process] read 645812 sequences (80000007 bp)...
[M::mem_pestat] # candidate unique pairs for (FF, FR, RF, RR): (0, 241195, 5, 0)
[M::mem_pestat] skip orientation FF as there are not enough pairs
[M::mem_pestat] analyzing insert size distribution for orientation FR...
[M::mem_pestat] (25, 50, 75) percentile: (174, 198, 226)
[M::mem_pestat] low and high boundaries for computing mean and std.dev: (70, 330)
[M::mem_pestat] mean and std.dev: (200.56, 36.41)
[M::mem_pestat] low and high boundaries for proper pairs: (18, 382)
[M::mem_pestat] skip orientation RF as there are not enough pairs
[M::mem_pestat] skip orientation RR as there are not enough pairs
[M::mem_process_seqs] Processed 646336 reads in 885.611 CPU sec, 113.394 real sec
[M::process] 0 single-end sequences; 645812 paired-end sequences
[M::process] read 645836 sequences (80000232 bp)...
[M::mem_pestat] # candidate unique pairs for (FF, FR, RF, RR): (0, 243466, 2, 0)
[M::mem_pestat] skip orientation FF as there are not enough pairs
[M::mem_pestat] analyzing insert size distribution for orientation FR...
[M::mem_pestat] (25, 50, 75) percentile: (174, 198, 226)
[M::mem_pestat] low and high boundaries for computing mean and std.dev: (70, 330)
[M::mem_pestat] mean and std.dev: (200.88, 36.48)
[M::mem_pestat] low and high boundaries for proper pairs: (18, 382)
[M::mem_pestat] skip orientation RF as there are not enough pairs
[M::mem_pestat] skip orientation RR as there are not enough pairs
[M::mem_process_seqs] Processed 645812 reads in 960.930 CPU sec, 122.787 real sec
[M::process] 0 single-end sequences; 645836 paired-end sequences
[M::process] read 645544 sequences (80000038 bp)...
[M::mem_pestat] # candidate unique pairs for (FF, FR, RF, RR): (0, 244120, 4, 0)
[M::mem_pestat] skip orientation FF as there are not enough pairs
[M::mem_pestat] analyzing insert size distribution for orientation FR...
[M::mem_pestat] (25, 50, 75) percentile: (174, 198, 227)
[M::mem_pestat] low and high boundaries for computing mean and std.dev: (68, 333)
[M::mem_pestat] mean and std.dev: (201.00, 36.42)
[M::mem_pestat] low and high boundaries for proper pairs: (15, 386)
[M::mem_pestat] skip orientation RF as there are not enough pairs
[M::mem_pestat] skip orientation RR as there are not enough pairs
[M::mem_process_seqs] Processed 645836 reads in 883.574 CPU sec, 113.107 real sec
[M::process] 0 single-end sequences; 645544 paired-end sequences
[M::process] read 645644 sequences (80000132 bp)...
[M::mem_pestat] # candidate unique pairs for (FF, FR, RF, RR): (0, 244236, 0, 0)
[M::mem_pestat] skip orientation FF as there are not enough pairs
[M::mem_pestat] analyzing insert size distribution for orientation FR...
[M::mem_pestat] (25, 50, 75) percentile: (174, 198, 226)
[M::mem_pestat] low and high boundaries for computing mean and std.dev: (70, 330)
[M::mem_pestat] mean and std.dev: (200.91, 36.49)
[M::mem_pestat] low and high boundaries for proper pairs: (18, 382)
[M::mem_pestat] skip orientation RF as there are not enough pairs
[M::mem_pestat] skip orientation RR as there are not enough pairs
[M::mem_process_seqs] Processed 645544 reads in 871.420 CPU sec, 111.590 real sec
[M::process] 0 single-end sequences; 645644 paired-end sequences
[M::process] read 645754 sequences (80000247 bp)...
[M::mem_pestat] # candidate unique pairs for (FF, FR, RF, RR): (0, 243127, 3, 0)
[M::mem_pestat] skip orientation FF as there are not enough pairs
[M::mem_pestat] analyzing insert size distribution for orientation FR...
[M::mem_pestat] (25, 50, 75) percentile: (174, 198, 226)
[M::mem_pestat] low and high boundaries for computing mean and std.dev: (70, 330)
[M::mem_pestat] mean and std.dev: (200.88, 36.49)
[M::mem_pestat] low and high boundaries for proper pairs: (18, 382)
[M::mem_pestat] skip orientation RF as there are not enough pairs
[M::mem_pestat] skip orientation RR as there are not enough pairs
[M::mem_process_seqs] Processed 645644 reads in 868.757 CPU sec, 111.259 real sec
[M::process] 0 single-end sequences; 645754 paired-end sequences
[M::process] read 646452 sequences (80000102 bp)...
[M::mem_pestat] # candidate unique pairs for (FF, FR, RF, RR): (0, 241692, 8, 0)
[M::mem_pestat] skip orientation FF as there are not enough pairs
[M::mem_pestat] analyzing insert size distribution for orientation FR...
[M::mem_pestat] (25, 50, 75) percentile: (174, 198, 226)
[M::mem_pestat] low and high boundaries for computing mean and std.dev: (70, 330)
[M::mem_pestat] mean and std.dev: (200.71, 36.38)
[M::mem_pestat] low and high boundaries for proper pairs: (18, 382)
[M::mem_pestat] skip orientation RF as there are not enough pairs
[M::mem_pestat] skip orientation RR as there are not enough pairs
[M::mem_process_seqs] Processed 645754 reads in 886.353 CPU sec, 113.454 real sec
[M::process] 0 single-end sequences; 646452 paired-end sequences
[M::process] read 646292 sequences (80000197 bp)...
[M::mem_pestat] # candidate unique pairs for (FF, FR, RF, RR): (0, 241105, 4, 0)
[M::mem_pestat] skip orientation FF as there are not enough pairs
[M::mem_pestat] analyzing insert size distribution for orientation FR...
[M::mem_pestat] (25, 50, 75) percentile: (174, 198, 226)
[M::mem_pestat] low and high boundaries for computing mean and std.dev: (70, 330)
[M::mem_pestat] mean and std.dev: (200.59, 36.41)
[M::mem_pestat] low and high boundaries for proper pairs: (18, 382)
[M::mem_pestat] skip orientation RF as there are not enough pairs
[M::mem_pestat] skip orientation RR as there are not enough pairs
[M::mem_process_seqs] Processed 646452 reads in 920.351 CPU sec, 117.741 real sec
[M::process] 0 single-end sequences; 646292 paired-end sequences
[M::process] read 645748 sequences (80000115 bp)...
[M::mem_pestat] # candidate unique pairs for (FF, FR, RF, RR): (0, 241757, 6, 0)
[M::mem_pestat] skip orientation FF as there are not enough pairs
[M::mem_pestat] analyzing insert size distribution for orientation FR...
[M::mem_pestat] (25, 50, 75) percentile: (174, 198, 226)
[M::mem_pestat] low and high boundaries for computing mean and std.dev: (70, 330)
[M::mem_pestat] mean and std.dev: (200.65, 36.36)
[M::mem_pestat] low and high boundaries for proper pairs: (18, 382)
[M::mem_pestat] skip orientation RF as there are not enough pairs
[M::mem_pestat] skip orientation RR as there are not enough pairs
[M::mem_process_seqs] Processed 646292 reads in 913.269 CPU sec, 116.831 real sec
[M::process] 0 single-end sequences; 645748 paired-end sequences
[M::process] read 645684 sequences (80000132 bp)...
[M::mem_pestat] # candidate unique pairs for (FF, FR, RF, RR): (0, 244904, 5, 0)
[M::mem_pestat] skip orientation FF as there are not enough pairs
[M::mem_pestat] analyzing insert size distribution for orientation FR...
[M::mem_pestat] (25, 50, 75) percentile: (174, 198, 226)
[M::mem_pestat] low and high boundaries for computing mean and std.dev: (70, 330)
[M::mem_pestat] mean and std.dev: (201.00, 36.45)
[M::mem_pestat] low and high boundaries for proper pairs: (18, 382)
[M::mem_pestat] skip orientation RF as there are not enough pairs
[M::mem_pestat] skip orientation RR as there are not enough pairs
[M::mem_process_seqs] Processed 645748 reads in 808.139 CPU sec, 103.677 real sec
[M::process] 0 single-end sequences; 645684 paired-end sequences
[M::process] read 645596 sequences (80000247 bp)...
[M::mem_pestat] # candidate unique pairs for (FF, FR, RF, RR): (0, 245117, 5, 0)
[M::mem_pestat] skip orientation FF as there are not enough pairs
[M::mem_pestat] analyzing insert size distribution for orientation FR...
[M::mem_pestat] (25, 50, 75) percentile: (174, 198, 227)
[M::mem_pestat] low and high boundaries for computing mean and std.dev: (68, 333)
[M::mem_pestat] mean and std.dev: (201.15, 36.53)
[M::mem_pestat] low and high boundaries for proper pairs: (15, 386)
[M::mem_pestat] skip orientation RF as there are not enough pairs
[M::mem_pestat] skip orientation RR as there are not enough pairs
[M::mem_process_seqs] Processed 645684 reads in 811.134 CPU sec, 104.543 real sec
[M::process] 0 single-end sequences; 645596 paired-end sequences
[M::process] read 645616 sequences (80000018 bp)...
[M::mem_pestat] # candidate unique pairs for (FF, FR, RF, RR): (0, 244504, 5, 0)
[M::mem_pestat] skip orientation FF as there are not enough pairs
[M::mem_pestat] analyzing insert size distribution for orientation FR...
[M::mem_pestat] (25, 50, 75) percentile: (174, 198, 226)
[M::mem_pestat] low and high boundaries for computing mean and std.dev: (70, 330)
[M::mem_pestat] mean and std.dev: (200.83, 36.44)
[M::mem_pestat] low and high boundaries for proper pairs: (18, 382)
[M::mem_pestat] skip orientation RF as there are not enough pairs
[M::mem_pestat] skip orientation RR as there are not enough pairs
[M::mem_process_seqs] Processed 645596 reads in 822.996 CPU sec, 105.529 real sec
[M::process] 0 single-end sequences; 645616 paired-end sequences
[M::process] read 645678 sequences (80000111 bp)...
[M::mem_pestat] # candidate unique pairs for (FF, FR, RF, RR): (0, 244044, 4, 0)
[M::mem_pestat] skip orientation FF as there are not enough pairs
[M::mem_pestat] analyzing insert size distribution for orientation FR...
[M::mem_pestat] (25, 50, 75) percentile: (174, 198, 227)
[M::mem_pestat] low and high boundaries for computing mean and std.dev: (68, 333)
[M::mem_pestat] mean and std.dev: (201.02, 36.43)
[M::mem_pestat] low and high boundaries for proper pairs: (15, 386)
[M::mem_pestat] skip orientation RF as there are not enough pairs
[M::mem_pestat] skip orientation RR as there are not enough pairs
[M::mem_process_seqs] Processed 645616 reads in 841.512 CPU sec, 107.866 real sec
[M::process] 0 single-end sequences; 645678 paired-end sequences
[M::process] read 645944 sequences (80000219 bp)...
[M::mem_pestat] # candidate unique pairs for (FF, FR, RF, RR): (0, 243351, 3, 0)
[M::mem_pestat] skip orientation FF as there are not enough pairs
[M::mem_pestat] analyzing insert size distribution for orientation FR...
[M::mem_pestat] (25, 50, 75) percentile: (174, 198, 226)
[M::mem_pestat] low and high boundaries for computing mean and std.dev: (70, 330)
[M::mem_pestat] mean and std.dev: (200.63, 36.43)
[M::mem_pestat] low and high boundaries for proper pairs: (18, 382)
[M::mem_pestat] skip orientation RF as there are not enough pairs
[M::mem_pestat] skip orientation RR as there are not enough pairs
[M::mem_process_seqs] Processed 645678 reads in 857.884 CPU sec, 109.887 real sec
[M::process] 0 single-end sequences; 645944 paired-end sequences
[M::process] read 645774 sequences (80000169 bp)...
[M::mem_pestat] # candidate unique pairs for (FF, FR, RF, RR): (0, 242098, 1, 0)
[M::mem_pestat] skip orientation FF as there are not enough pairs
[M::mem_pestat] analyzing insert size distribution for orientation FR...
[M::mem_pestat] (25, 50, 75) percentile: (174, 198, 226)
[M::mem_pestat] low and high boundaries for computing mean and std.dev: (70, 330)
[M::mem_pestat] mean and std.dev: (200.70, 36.43)
[M::mem_pestat] low and high boundaries for proper pairs: (18, 382)
[M::mem_pestat] skip orientation RF as there are not enough pairs
[M::mem_pestat] skip orientation RR as there are not enough pairs
[M::mem_process_seqs] Processed 645944 reads in 867.560 CPU sec, 111.109 real sec
[M::process] 0 single-end sequences; 645774 paired-end sequences
[M::process] read 645530 sequences (80000141 bp)...
[M::mem_pestat] # candidate unique pairs for (FF, FR, RF, RR): (0, 242402, 1, 0)
[M::mem_pestat] skip orientation FF as there are not enough pairs
[M::mem_pestat] analyzing insert size distribution for orientation FR...
[M::mem_pestat] (25, 50, 75) percentile: (174, 198, 226)
[M::mem_pestat] low and high boundaries for computing mean and std.dev: (70, 330)
[M::mem_pestat] mean and std.dev: (200.84, 36.46)
[M::mem_pestat] low and high boundaries for proper pairs: (18, 382)
[M::mem_pestat] skip orientation RF as there are not enough pairs
[M::mem_pestat] skip orientation RR as there are not enough pairs
[M::mem_process_seqs] Processed 645774 reads in 853.699 CPU sec, 109.367 real sec
[M::process] 0 single-end sequences; 645530 paired-end sequences
[M::process] read 645392 sequences (80000174 bp)...
[M::mem_pestat] # candidate unique pairs for (FF, FR, RF, RR): (0, 245335, 7, 0)
[M::mem_pestat] skip orientation FF as there are not enough pairs
[M::mem_pestat] analyzing insert size distribution for orientation FR...
[M::mem_pestat] (25, 50, 75) percentile: (174, 198, 226)
[M::mem_pestat] low and high boundaries for computing mean and std.dev: (70, 330)
[M::mem_pestat] mean and std.dev: (200.98, 36.48)
[M::mem_pestat] low and high boundaries for proper pairs: (18, 382)
[M::mem_pestat] skip orientation RF as there are not enough pairs
[M::mem_pestat] skip orientation RR as there are not enough pairs
[M::mem_process_seqs] Processed 645530 reads in 791.961 CPU sec, 101.666 real sec
[M::process] 0 single-end sequences; 645392 paired-end sequences
[M::process] read 645350 sequences (80000104 bp)...
[M::mem_pestat] # candidate unique pairs for (FF, FR, RF, RR): (0, 245363, 3, 0)
[M::mem_pestat] skip orientation FF as there are not enough pairs
[M::mem_pestat] analyzing insert size distribution for orientation FR...
[M::mem_pestat] (25, 50, 75) percentile: (174, 198, 226)
[M::mem_pestat] low and high boundaries for computing mean and std.dev: (70, 330)
[M::mem_pestat] mean and std.dev: (200.89, 36.37)
[M::mem_pestat] low and high boundaries for proper pairs: (18, 382)
[M::mem_pestat] skip orientation RF as there are not enough pairs
[M::mem_pestat] skip orientation RR as there are not enough pairs
[M::mem_process_seqs] Processed 645392 reads in 798.934 CPU sec, 102.517 real sec
[M::process] 0 single-end sequences; 645350 paired-end sequences
[M::process] read 645490 sequences (80000077 bp)...
[M::mem_pestat] # candidate unique pairs for (FF, FR, RF, RR): (0, 244975, 5, 0)
[M::mem_pestat] skip orientation FF as there are not enough pairs
[M::mem_pestat] analyzing insert size distribution for orientation FR...
[M::mem_pestat] (25, 50, 75) percentile: (174, 198, 226)
[M::mem_pestat] low and high boundaries for computing mean and std.dev: (70, 330)
[M::mem_pestat] mean and std.dev: (200.76, 36.38)
[M::mem_pestat] low and high boundaries for proper pairs: (18, 382)
[M::mem_pestat] skip orientation RF as there are not enough pairs
[M::mem_pestat] skip orientation RR as there are not enough pairs
[M::mem_process_seqs] Processed 645350 reads in 805.622 CPU sec, 103.369 real sec
[M::process] 0 single-end sequences; 645490 paired-end sequences
[M::process] read 645524 sequences (80000021 bp)...
[M::mem_pestat] # candidate unique pairs for (FF, FR, RF, RR): (0, 244765, 2, 0)
[M::mem_pestat] skip orientation FF as there are not enough pairs
[M::mem_pestat] analyzing insert size distribution for orientation FR...
[M::mem_pestat] (25, 50, 75) percentile: (174, 198, 226)
[M::mem_pestat] low and high boundaries for computing mean and std.dev: (70, 330)
[M::mem_pestat] mean and std.dev: (200.82, 36.49)
[M::mem_pestat] low and high boundaries for proper pairs: (18, 382)
[M::mem_pestat] skip orientation RF as there are not enough pairs
[M::mem_pestat] skip orientation RR as there are not enough pairs
[M::mem_process_seqs] Processed 645490 reads in 816.417 CPU sec, 104.686 real sec
[M::process] 0 single-end sequences; 645524 paired-end sequences
[M::process] read 645844 sequences (80000080 bp)...
[M::mem_pestat] # candidate unique pairs for (FF, FR, RF, RR): (0, 243847, 8, 0)
[M::mem_pestat] skip orientation FF as there are not enough pairs
[M::mem_pestat] analyzing insert size distribution for orientation FR...
[M::mem_pestat] (25, 50, 75) percentile: (174, 198, 226)
[M::mem_pestat] low and high boundaries for computing mean and std.dev: (70, 330)
[M::mem_pestat] mean and std.dev: (200.68, 36.49)
[M::mem_pestat] low and high boundaries for proper pairs: (18, 382)
[M::mem_pestat] skip orientation RF as there are not enough pairs
[M::mem_pestat] skip orientation RR as there are not enough pairs
[M::mem_process_seqs] Processed 645524 reads in 836.808 CPU sec, 107.253 real sec
[M::process] 0 single-end sequences; 645844 paired-end sequences
[M::process] read 645772 sequences (80000037 bp)...
[M::mem_pestat] # candidate unique pairs for (FF, FR, RF, RR): (0, 243056, 5, 0)
[M::mem_pestat] skip orientation FF as there are not enough pairs
[M::mem_pestat] analyzing insert size distribution for orientation FR...
[M::mem_pestat] (25, 50, 75) percentile: (174, 198, 226)
[M::mem_pestat] low and high boundaries for computing mean and std.dev: (70, 330)
[M::mem_pestat] mean and std.dev: (200.58, 36.46)
[M::mem_pestat] low and high boundaries for proper pairs: (18, 382)
[M::mem_pestat] skip orientation RF as there are not enough pairs
[M::mem_pestat] skip orientation RR as there are not enough pairs
[M::mem_process_seqs] Processed 645844 reads in 855.217 CPU sec, 109.560 real sec
[M::process] 0 single-end sequences; 645772 paired-end sequences
[M::process] read 645518 sequences (80000181 bp)...
[M::mem_pestat] # candidate unique pairs for (FF, FR, RF, RR): (0, 242807, 1, 0)
[M::mem_pestat] skip orientation FF as there are not enough pairs
[M::mem_pestat] analyzing insert size distribution for orientation FR...
[M::mem_pestat] (25, 50, 75) percentile: (174, 198, 226)
[M::mem_pestat] low and high boundaries for computing mean and std.dev: (70, 330)
[M::mem_pestat] mean and std.dev: (200.57, 36.47)
[M::mem_pestat] low and high boundaries for proper pairs: (18, 382)
[M::mem_pestat] skip orientation RF as there are not enough pairs
[M::mem_pestat] skip orientation RR as there are not enough pairs
[M::mem_process_seqs] Processed 645772 reads in 849.558 CPU sec, 108.841 real sec
[M::process] 0 single-end sequences; 645518 paired-end sequences
[M::process] read 645496 sequences (80000200 bp)...
[M::mem_pestat] # candidate unique pairs for (FF, FR, RF, RR): (0, 245112, 5, 0)
[M::mem_pestat] skip orientation FF as there are not enough pairs
[M::mem_pestat] analyzing insert size distribution for orientation FR...
[M::mem_pestat] (25, 50, 75) percentile: (174, 198, 227)
[M::mem_pestat] low and high boundaries for computing mean and std.dev: (68, 333)
[M::mem_pestat] mean and std.dev: (201.09, 36.36)
[M::mem_pestat] low and high boundaries for proper pairs: (15, 386)
[M::mem_pestat] skip orientation RF as there are not enough pairs
[M::mem_pestat] skip orientation RR as there are not enough pairs
[M::mem_process_seqs] Processed 645518 reads in 811.766 CPU sec, 104.145 real sec
[M::process] 0 single-end sequences; 645496 paired-end sequences
[M::process] read 645400 sequences (80000186 bp)...
[M::mem_pestat] # candidate unique pairs for (FF, FR, RF, RR): (0, 244570, 8, 0)
[M::mem_pestat] skip orientation FF as there are not enough pairs
[M::mem_pestat] analyzing insert size distribution for orientation FR...
[M::mem_pestat] (25, 50, 75) percentile: (174, 198, 227)
[M::mem_pestat] low and high boundaries for computing mean and std.dev: (68, 333)
[M::mem_pestat] mean and std.dev: (201.13, 36.44)
[M::mem_pestat] low and high boundaries for proper pairs: (15, 386)
[M::mem_pestat] skip orientation RF as there are not enough pairs
[M::mem_pestat] skip orientation RR as there are not enough pairs
[M::mem_process_seqs] Processed 645496 reads in 816.524 CPU sec, 104.720 real sec
[M::process] 0 single-end sequences; 645400 paired-end sequences
[M::process] read 645578 sequences (80000179 bp)...
[M::mem_pestat] # candidate unique pairs for (FF, FR, RF, RR): (0, 244884, 3, 0)
[M::mem_pestat] skip orientation FF as there are not enough pairs
[M::mem_pestat] analyzing insert size distribution for orientation FR...
[M::mem_pestat] (25, 50, 75) percentile: (174, 198, 226)
[M::mem_pestat] low and high boundaries for computing mean and std.dev: (70, 330)
[M::mem_pestat] mean and std.dev: (200.85, 36.48)
[M::mem_pestat] low and high boundaries for proper pairs: (18, 382)
[M::mem_pestat] skip orientation RF as there are not enough pairs
[M::mem_pestat] skip orientation RR as there are not enough pairs
[M::mem_process_seqs] Processed 645400 reads in 811.600 CPU sec, 104.120 real sec
[M::process] 0 single-end sequences; 645578 paired-end sequences
[M::process] read 645632 sequences (80000156 bp)...
[M::mem_pestat] # candidate unique pairs for (FF, FR, RF, RR): (0, 243898, 9, 0)
[M::mem_pestat] skip orientation FF as there are not enough pairs
[M::mem_pestat] analyzing insert size distribution for orientation FR...
[M::mem_pestat] (25, 50, 75) percentile: (174, 198, 226)
[M::mem_pestat] low and high boundaries for computing mean and std.dev: (70, 330)
[M::mem_pestat] mean and std.dev: (200.75, 36.45)
[M::mem_pestat] low and high boundaries for proper pairs: (18, 382)
[M::mem_pestat] skip orientation RF as there are not enough pairs
[M::mem_pestat] skip orientation RR as there are not enough pairs
[M::mem_process_seqs] Processed 645578 reads in 836.533 CPU sec, 107.236 real sec
[M::process] 0 single-end sequences; 645632 paired-end sequences
[M::process] read 645844 sequences (80000169 bp)...
[M::mem_pestat] # candidate unique pairs for (FF, FR, RF, RR): (0, 242875, 4, 0)
[M::mem_pestat] skip orientation FF as there are not enough pairs
[M::mem_pestat] analyzing insert size distribution for orientation FR...
[M::mem_pestat] (25, 50, 75) percentile: (174, 198, 226)
[M::mem_pestat] low and high boundaries for computing mean and std.dev: (70, 330)
[M::mem_pestat] mean and std.dev: (200.68, 36.47)
[M::mem_pestat] low and high boundaries for proper pairs: (18, 382)
[M::mem_pestat] skip orientation RF as there are not enough pairs
[M::mem_pestat] skip orientation RR as there are not enough pairs
[M::mem_process_seqs] Processed 645632 reads in 856.090 CPU sec, 109.670 real sec
[M::process] 0 single-end sequences; 645844 paired-end sequences
[M::process] read 645788 sequences (80000162 bp)...
[M::mem_pestat] # candidate unique pairs for (FF, FR, RF, RR): (0, 242244, 5, 0)
[M::mem_pestat] skip orientation FF as there are not enough pairs
[M::mem_pestat] analyzing insert size distribution for orientation FR...
[M::mem_pestat] (25, 50, 75) percentile: (174, 198, 226)
[M::mem_pestat] low and high boundaries for computing mean and std.dev: (70, 330)
[M::mem_pestat] mean and std.dev: (200.79, 36.38)
[M::mem_pestat] low and high boundaries for proper pairs: (18, 382)
[M::mem_pestat] skip orientation RF as there are not enough pairs
[M::mem_pestat] skip orientation RR as there are not enough pairs
[M::mem_process_seqs] Processed 645844 reads in 868.357 CPU sec, 111.226 real sec
[M::process] 0 single-end sequences; 645788 paired-end sequences
[M::process] read 645832 sequences (80000177 bp)...
[M::mem_pestat] # candidate unique pairs for (FF, FR, RF, RR): (0, 241856, 4, 0)
[M::mem_pestat] skip orientation FF as there are not enough pairs
[M::mem_pestat] analyzing insert size distribution for orientation FR...
[M::mem_pestat] (25, 50, 75) percentile: (174, 198, 226)
[M::mem_pestat] low and high boundaries for computing mean and std.dev: (70, 330)
[M::mem_pestat] mean and std.dev: (200.60, 36.47)
[M::mem_pestat] low and high boundaries for proper pairs: (18, 382)
[M::mem_pestat] skip orientation RF as there are not enough pairs
[M::mem_pestat] skip orientation RR as there are not enough pairs
[M::mem_process_seqs] Processed 645788 reads in 865.123 CPU sec, 110.859 real sec
[M::process] 0 single-end sequences; 645832 paired-end sequences
[M::process] read 645708 sequences (80000110 bp)...
[M::mem_pestat] # candidate unique pairs for (FF, FR, RF, RR): (0, 244045, 2, 0)
[M::mem_pestat] skip orientation FF as there are not enough pairs
[M::mem_pestat] analyzing insert size distribution for orientation FR...
[M::mem_pestat] (25, 50, 75) percentile: (174, 198, 227)
[M::mem_pestat] low and high boundaries for computing mean and std.dev: (68, 333)
[M::mem_pestat] mean and std.dev: (201.06, 36.47)
[M::mem_pestat] low and high boundaries for proper pairs: (15, 386)
[M::mem_pestat] skip orientation RF as there are not enough pairs
[M::mem_pestat] skip orientation RR as there are not enough pairs
[M::mem_process_seqs] Processed 645832 reads in 840.149 CPU sec, 107.681 real sec
[M::process] 0 single-end sequences; 645708 paired-end sequences
[M::process] read 645542 sequences (80000065 bp)...
[M::mem_pestat] # candidate unique pairs for (FF, FR, RF, RR): (0, 243685, 2, 0)
[M::mem_pestat] skip orientation FF as there are not enough pairs
[M::mem_pestat] analyzing insert size distribution for orientation FR...
[M::mem_pestat] (25, 50, 75) percentile: (174, 198, 226)
[M::mem_pestat] low and high boundaries for computing mean and std.dev: (70, 330)
[M::mem_pestat] mean and std.dev: (200.96, 36.45)
[M::mem_pestat] low and high boundaries for proper pairs: (18, 382)
[M::mem_pestat] skip orientation RF as there are not enough pairs
[M::mem_pestat] skip orientation RR as there are not enough pairs
[M::mem_process_seqs] Processed 645708 reads in 835.422 CPU sec, 107.100 real sec
[M::process] 0 single-end sequences; 645542 paired-end sequences
[M::process] read 645710 sequences (80000214 bp)...
[M::mem_pestat] # candidate unique pairs for (FF, FR, RF, RR): (0, 243407, 8, 0)
[M::mem_pestat] skip orientation FF as there are not enough pairs
[M::mem_pestat] analyzing insert size distribution for orientation FR...
[M::mem_pestat] (25, 50, 75) percentile: (174, 198, 226)
[M::mem_pestat] low and high boundaries for computing mean and std.dev: (70, 330)
[M::mem_pestat] mean and std.dev: (200.86, 36.49)
[M::mem_pestat] low and high boundaries for proper pairs: (18, 382)
[M::mem_pestat] skip orientation RF as there are not enough pairs
[M::mem_pestat] skip orientation RR as there are not enough pairs
[M::mem_process_seqs] Processed 645542 reads in 837.174 CPU sec, 107.347 real sec
[M::process] 0 single-end sequences; 645710 paired-end sequences
[M::process] read 645760 sequences (80000166 bp)...
[M::mem_pestat] # candidate unique pairs for (FF, FR, RF, RR): (0, 242442, 6, 0)
[M::mem_pestat] skip orientation FF as there are not enough pairs
[M::mem_pestat] analyzing insert size distribution for orientation FR...
[M::mem_pestat] (25, 50, 75) percentile: (174, 198, 226)
[M::mem_pestat] low and high boundaries for computing mean and std.dev: (70, 330)
[M::mem_pestat] mean and std.dev: (200.77, 36.49)
[M::mem_pestat] low and high boundaries for proper pairs: (18, 382)
[M::mem_pestat] skip orientation RF as there are not enough pairs
[M::mem_pestat] skip orientation RR as there are not enough pairs
[M::mem_process_seqs] Processed 645710 reads in 859.035 CPU sec, 110.113 real sec
[M::process] 0 single-end sequences; 645760 paired-end sequences
[M::process] read 646012 sequences (80000052 bp)...
[M::mem_pestat] # candidate unique pairs for (FF, FR, RF, RR): (0, 241248, 5, 0)
[M::mem_pestat] skip orientation FF as there are not enough pairs
[M::mem_pestat] analyzing insert size distribution for orientation FR...
[M::mem_pestat] (25, 50, 75) percentile: (174, 198, 226)
[M::mem_pestat] low and high boundaries for computing mean and std.dev: (70, 330)
[M::mem_pestat] mean and std.dev: (200.60, 36.39)
[M::mem_pestat] low and high boundaries for proper pairs: (18, 382)
[M::mem_pestat] skip orientation RF as there are not enough pairs
[M::mem_pestat] skip orientation RR as there are not enough pairs
[M::mem_process_seqs] Processed 645760 reads in 888.956 CPU sec, 113.834 real sec
[M::process] 0 single-end sequences; 646012 paired-end sequences
[M::process] read 645744 sequences (80000005 bp)...
[M::mem_pestat] # candidate unique pairs for (FF, FR, RF, RR): (0, 240061, 4, 0)
[M::mem_pestat] skip orientation FF as there are not enough pairs
[M::mem_pestat] analyzing insert size distribution for orientation FR...
[M::mem_pestat] (25, 50, 75) percentile: (174, 198, 226)
[M::mem_pestat] low and high boundaries for computing mean and std.dev: (70, 330)
[M::mem_pestat] mean and std.dev: (200.53, 36.45)
[M::mem_pestat] low and high boundaries for proper pairs: (18, 382)
[M::mem_pestat] skip orientation RF as there are not enough pairs
[M::mem_pestat] skip orientation RR as there are not enough pairs
[M::mem_process_seqs] Processed 646012 reads in 893.942 CPU sec, 114.477 real sec
[M::process] 0 single-end sequences; 645744 paired-end sequences
[M::process] read 645674 sequences (80000164 bp)...
[M::mem_pestat] # candidate unique pairs for (FF, FR, RF, RR): (0, 242329, 2, 0)
[M::mem_pestat] skip orientation FF as there are not enough pairs
[M::mem_pestat] analyzing insert size distribution for orientation FR...
[M::mem_pestat] (25, 50, 75) percentile: (174, 198, 226)
[M::mem_pestat] low and high boundaries for computing mean and std.dev: (70, 330)
[M::mem_pestat] mean and std.dev: (200.76, 36.41)
[M::mem_pestat] low and high boundaries for proper pairs: (18, 382)
[M::mem_pestat] skip orientation RF as there are not enough pairs
[M::mem_pestat] skip orientation RR as there are not enough pairs
[M::mem_process_seqs] Processed 645744 reads in 859.506 CPU sec, 110.142 real sec
[M::process] 0 single-end sequences; 645674 paired-end sequences
[M::process] read 645518 sequences (80000008 bp)...
[M::mem_pestat] # candidate unique pairs for (FF, FR, RF, RR): (0, 245296, 4, 0)
[M::mem_pestat] skip orientation FF as there are not enough pairs
[M::mem_pestat] analyzing insert size distribution for orientation FR...
[M::mem_pestat] (25, 50, 75) percentile: (174, 198, 227)
[M::mem_pestat] low and high boundaries for computing mean and std.dev: (68, 333)
[M::mem_pestat] mean and std.dev: (201.15, 36.46)
[M::mem_pestat] low and high boundaries for proper pairs: (15, 386)
[M::mem_pestat] skip orientation RF as there are not enough pairs
[M::mem_pestat] skip orientation RR as there are not enough pairs
[M::mem_process_seqs] Processed 645674 reads in 835.735 CPU sec, 107.232 real sec
[M::process] 0 single-end sequences; 645518 paired-end sequences
[M::process] read 645390 sequences (80000019 bp)...
[M::mem_pestat] # candidate unique pairs for (FF, FR, RF, RR): (0, 244995, 6, 0)
[M::mem_pestat] skip orientation FF as there are not enough pairs
[M::mem_pestat] analyzing insert size distribution for orientation FR...
[M::mem_pestat] (25, 50, 75) percentile: (174, 198, 226)
[M::mem_pestat] low and high boundaries for computing mean and std.dev: (70, 330)
[M::mem_pestat] mean and std.dev: (200.94, 36.39)
[M::mem_pestat] low and high boundaries for proper pairs: (18, 382)
[M::mem_pestat] skip orientation RF as there are not enough pairs
[M::mem_pestat] skip orientation RR as there are not enough pairs
[M::mem_process_seqs] Processed 645518 reads in 811.785 CPU sec, 104.149 real sec
[M::process] 0 single-end sequences; 645390 paired-end sequences
[M::process] read 645528 sequences (80000213 bp)...
[M::mem_pestat] # candidate unique pairs for (FF, FR, RF, RR): (0, 243913, 1, 0)
[M::mem_pestat] skip orientation FF as there are not enough pairs
[M::mem_pestat] analyzing insert size distribution for orientation FR...
[M::mem_pestat] (25, 50, 75) percentile: (174, 198, 226)
[M::mem_pestat] low and high boundaries for computing mean and std.dev: (70, 330)
[M::mem_pestat] mean and std.dev: (200.87, 36.41)
[M::mem_pestat] low and high boundaries for proper pairs: (18, 382)
[M::mem_pestat] skip orientation RF as there are not enough pairs
[M::mem_pestat] skip orientation RR as there are not enough pairs
[M::mem_process_seqs] Processed 645390 reads in 836.813 CPU sec, 107.252 real sec
[M::process] 0 single-end sequences; 645528 paired-end sequences
[M::process] read 645684 sequences (80000001 bp)...
[M::mem_pestat] # candidate unique pairs for (FF, FR, RF, RR): (0, 242905, 2, 0)
[M::mem_pestat] skip orientation FF as there are not enough pairs
[M::mem_pestat] analyzing insert size distribution for orientation FR...
[M::mem_pestat] (25, 50, 75) percentile: (174, 198, 226)
[M::mem_pestat] low and high boundaries for computing mean and std.dev: (70, 330)
[M::mem_pestat] mean and std.dev: (200.75, 36.47)
[M::mem_pestat] low and high boundaries for proper pairs: (18, 382)
[M::mem_pestat] skip orientation RF as there are not enough pairs
[M::mem_pestat] skip orientation RR as there are not enough pairs
[M::mem_process_seqs] Processed 645528 reads in 854.189 CPU sec, 109.463 real sec
[M::process] 0 single-end sequences; 645684 paired-end sequences
[M::process] read 646052 sequences (80000120 bp)...
[M::mem_pestat] # candidate unique pairs for (FF, FR, RF, RR): (0, 241600, 3, 0)
[M::mem_pestat] skip orientation FF as there are not enough pairs
[M::mem_pestat] analyzing insert size distribution for orientation FR...
[M::mem_pestat] (25, 50, 75) percentile: (174, 198, 226)
[M::mem_pestat] low and high boundaries for computing mean and std.dev: (70, 330)
[M::mem_pestat] mean and std.dev: (200.58, 36.43)
[M::mem_pestat] low and high boundaries for proper pairs: (18, 382)
[M::mem_pestat] skip orientation RF as there are not enough pairs
[M::mem_pestat] skip orientation RR as there are not enough pairs
[M::mem_process_seqs] Processed 645684 reads in 873.979 CPU sec, 111.914 real sec
[M::process] 0 single-end sequences; 646052 paired-end sequences
[M::process] read 646406 sequences (80000112 bp)...
[M::mem_pestat] # candidate unique pairs for (FF, FR, RF, RR): (0, 242497, 2, 0)
[M::mem_pestat] skip orientation FF as there are not enough pairs
[M::mem_pestat] analyzing insert size distribution for orientation FR...
[M::mem_pestat] (25, 50, 75) percentile: (174, 197, 226)
[M::mem_pestat] low and high boundaries for computing mean and std.dev: (70, 330)
[M::mem_pestat] mean and std.dev: (200.61, 36.42)
[M::mem_pestat] low and high boundaries for proper pairs: (18, 382)
[M::mem_pestat] skip orientation RF as there are not enough pairs
[M::mem_pestat] skip orientation RR as there are not enough pairs
[M::mem_process_seqs] Processed 646052 reads in 860.992 CPU sec, 110.307 real sec
[M::process] 0 single-end sequences; 646406 paired-end sequences
[M::process] read 645890 sequences (80000086 bp)...
[M::mem_pestat] # candidate unique pairs for (FF, FR, RF, RR): (0, 244032, 4, 0)
[M::mem_pestat] skip orientation FF as there are not enough pairs
[M::mem_pestat] analyzing insert size distribution for orientation FR...
[M::mem_pestat] (25, 50, 75) percentile: (174, 198, 226)
[M::mem_pestat] low and high boundaries for computing mean and std.dev: (70, 330)
[M::mem_pestat] mean and std.dev: (200.71, 36.41)
[M::mem_pestat] low and high boundaries for proper pairs: (18, 382)
[M::mem_pestat] skip orientation RF as there are not enough pairs
[M::mem_pestat] skip orientation RR as there are not enough pairs
[M::mem_process_seqs] Processed 646406 reads in 930.751 CPU sec, 119.023 real sec
[M::process] 0 single-end sequences; 645890 paired-end sequences
[M::process] read 645676 sequences (80000134 bp)...
[M::mem_pestat] # candidate unique pairs for (FF, FR, RF, RR): (0, 244328, 3, 0)
[M::mem_pestat] skip orientation FF as there are not enough pairs
[M::mem_pestat] analyzing insert size distribution for orientation FR...
[M::mem_pestat] (25, 50, 75) percentile: (174, 198, 227)
[M::mem_pestat] low and high boundaries for computing mean and std.dev: (68, 333)
[M::mem_pestat] mean and std.dev: (201.00, 36.49)
[M::mem_pestat] low and high boundaries for proper pairs: (15, 386)
[M::mem_pestat] skip orientation RF as there are not enough pairs
[M::mem_pestat] skip orientation RR as there are not enough pairs
[M::mem_process_seqs] Processed 645890 reads in 863.895 CPU sec, 110.658 real sec
[M::process] 0 single-end sequences; 645676 paired-end sequences
[M::process] read 645618 sequences (80000210 bp)...
[M::mem_pestat] # candidate unique pairs for (FF, FR, RF, RR): (0, 243951, 5, 0)
[M::mem_pestat] skip orientation FF as there are not enough pairs
[M::mem_pestat] analyzing insert size distribution for orientation FR...
[M::mem_pestat] (25, 50, 75) percentile: (174, 198, 226)
[M::mem_pestat] low and high boundaries for computing mean and std.dev: (70, 330)
[M::mem_pestat] mean and std.dev: (200.89, 36.49)
[M::mem_pestat] low and high boundaries for proper pairs: (18, 382)
[M::mem_pestat] skip orientation RF as there are not enough pairs
[M::mem_pestat] skip orientation RR as there are not enough pairs
[M::mem_process_seqs] Processed 645676 reads in 832.633 CPU sec, 106.775 real sec
[M::process] 0 single-end sequences; 645618 paired-end sequences
[M::process] read 645748 sequences (80000085 bp)...
[M::mem_pestat] # candidate unique pairs for (FF, FR, RF, RR): (0, 242599, 4, 0)
[M::mem_pestat] skip orientation FF as there are not enough pairs
[M::mem_pestat] analyzing insert size distribution for orientation FR...
[M::mem_pestat] (25, 50, 75) percentile: (174, 198, 227)
[M::mem_pestat] low and high boundaries for computing mean and std.dev: (68, 333)
[M::mem_pestat] mean and std.dev: (200.97, 36.49)
[M::mem_pestat] low and high boundaries for proper pairs: (15, 386)
[M::mem_pestat] skip orientation RF as there are not enough pairs
[M::mem_pestat] skip orientation RR as there are not enough pairs
[M::mem_process_seqs] Processed 645618 reads in 855.685 CPU sec, 109.638 real sec
[M::process] 0 single-end sequences; 645748 paired-end sequences
[M::process] read 645986 sequences (80000145 bp)...
[M::mem_pestat] # candidate unique pairs for (FF, FR, RF, RR): (0, 241903, 3, 0)
[M::mem_pestat] skip orientation FF as there are not enough pairs
[M::mem_pestat] analyzing insert size distribution for orientation FR...
[M::mem_pestat] (25, 50, 75) percentile: (174, 198, 226)
[M::mem_pestat] low and high boundaries for computing mean and std.dev: (70, 330)
[M::mem_pestat] mean and std.dev: (200.63, 36.45)
[M::mem_pestat] low and high boundaries for proper pairs: (18, 382)
[M::mem_pestat] skip orientation RF as there are not enough pairs
[M::mem_pestat] skip orientation RR as there are not enough pairs
[M::mem_process_seqs] Processed 645748 reads in 879.493 CPU sec, 112.597 real sec
[M::process] 0 single-end sequences; 645986 paired-end sequences
[M::process] read 646060 sequences (80000124 bp)...
[M::mem_pestat] # candidate unique pairs for (FF, FR, RF, RR): (0, 241693, 5, 0)
[M::mem_pestat] skip orientation FF as there are not enough pairs
[M::mem_pestat] analyzing insert size distribution for orientation FR...
[M::mem_pestat] (25, 50, 75) percentile: (174, 198, 226)
[M::mem_pestat] low and high boundaries for computing mean and std.dev: (70, 330)
[M::mem_pestat] mean and std.dev: (200.71, 36.50)
[M::mem_pestat] low and high boundaries for proper pairs: (18, 382)
[M::mem_pestat] skip orientation RF as there are not enough pairs
[M::mem_pestat] skip orientation RR as there are not enough pairs
[M::mem_process_seqs] Processed 645986 reads in 890.821 CPU sec, 114.030 real sec
[M::process] 0 single-end sequences; 646060 paired-end sequences
[M::process] read 645580 sequences (80000054 bp)...
[M::mem_pestat] # candidate unique pairs for (FF, FR, RF, RR): (0, 241089, 5, 0)
[M::mem_pestat] skip orientation FF as there are not enough pairs
[M::mem_pestat] analyzing insert size distribution for orientation FR...
[M::mem_pestat] (25, 50, 75) percentile: (174, 198, 226)
[M::mem_pestat] low and high boundaries for computing mean and std.dev: (70, 330)
[M::mem_pestat] mean and std.dev: (200.54, 36.48)
[M::mem_pestat] low and high boundaries for proper pairs: (18, 382)
[M::mem_pestat] skip orientation RF as there are not enough pairs
[M::mem_pestat] skip orientation RR as there are not enough pairs
[M::mem_process_seqs] Processed 646060 reads in 882.505 CPU sec, 113.030 real sec
[M::process] 0 single-end sequences; 645580 paired-end sequences
[M::process] read 645696 sequences (80000123 bp)...
[M::mem_pestat] # candidate unique pairs for (FF, FR, RF, RR): (0, 244484, 2, 0)
[M::mem_pestat] skip orientation FF as there are not enough pairs
[M::mem_pestat] analyzing insert size distribution for orientation FR...
[M::mem_pestat] (25, 50, 75) percentile: (174, 198, 227)
[M::mem_pestat] low and high boundaries for computing mean and std.dev: (68, 333)
[M::mem_pestat] mean and std.dev: (201.12, 36.46)
[M::mem_pestat] low and high boundaries for proper pairs: (15, 386)
[M::mem_pestat] skip orientation RF as there are not enough pairs
[M::mem_pestat] skip orientation RR as there are not enough pairs
[M::mem_process_seqs] Processed 645580 reads in 817.792 CPU sec, 104.919 real sec
[M::process] 0 single-end sequences; 645696 paired-end sequences
[M::process] read 645608 sequences (80000244 bp)...
[M::mem_pestat] # candidate unique pairs for (FF, FR, RF, RR): (0, 244268, 5, 0)
[M::mem_pestat] skip orientation FF as there are not enough pairs
[M::mem_pestat] analyzing insert size distribution for orientation FR...
[M::mem_pestat] (25, 50, 75) percentile: (174, 198, 226)
[M::mem_pestat] low and high boundaries for computing mean and std.dev: (70, 330)
[M::mem_pestat] mean and std.dev: (200.98, 36.40)
[M::mem_pestat] low and high boundaries for proper pairs: (18, 382)
[M::mem_pestat] skip orientation RF as there are not enough pairs
[M::mem_pestat] skip orientation RR as there are not enough pairs
[M::mem_process_seqs] Processed 645696 reads in 824.108 CPU sec, 105.705 real sec
[M::process] 0 single-end sequences; 645608 paired-end sequences
[M::process] read 645728 sequences (80000222 bp)...
[M::mem_pestat] # candidate unique pairs for (FF, FR, RF, RR): (0, 244213, 1, 0)
[M::mem_pestat] skip orientation FF as there are not enough pairs
[M::mem_pestat] analyzing insert size distribution for orientation FR...
[M::mem_pestat] (25, 50, 75) percentile: (174, 198, 227)
[M::mem_pestat] low and high boundaries for computing mean and std.dev: (68, 333)
[M::mem_pestat] mean and std.dev: (201.00, 36.47)
[M::mem_pestat] low and high boundaries for proper pairs: (15, 386)
[M::mem_pestat] skip orientation RF as there are not enough pairs
[M::mem_pestat] skip orientation RR as there are not enough pairs
[M::mem_process_seqs] Processed 645608 reads in 821.212 CPU sec, 105.340 real sec
[M::process] 0 single-end sequences; 645728 paired-end sequences
[M::process] read 645744 sequences (80000040 bp)...
[M::mem_pestat] # candidate unique pairs for (FF, FR, RF, RR): (0, 243417, 3, 0)
[M::mem_pestat] skip orientation FF as there are not enough pairs
[M::mem_pestat] analyzing insert size distribution for orientation FR...
[M::mem_pestat] (25, 50, 75) percentile: (174, 198, 226)
[M::mem_pestat] low and high boundaries for computing mean and std.dev: (70, 330)
[M::mem_pestat] mean and std.dev: (200.90, 36.50)
[M::mem_pestat] low and high boundaries for proper pairs: (18, 382)
[M::mem_pestat] skip orientation RF as there are not enough pairs
[M::mem_pestat] skip orientation RR as there are not enough pairs
[M::mem_process_seqs] Processed 645728 reads in 848.378 CPU sec, 108.716 real sec
[M::process] 0 single-end sequences; 645744 paired-end sequences
[M::process] read 645964 sequences (80000068 bp)...
[M::mem_pestat] # candidate unique pairs for (FF, FR, RF, RR): (0, 242263, 4, 1)
[M::mem_pestat] skip orientation FF as there are not enough pairs
[M::mem_pestat] analyzing insert size distribution for orientation FR...
[M::mem_pestat] (25, 50, 75) percentile: (174, 198, 226)
[M::mem_pestat] low and high boundaries for computing mean and std.dev: (70, 330)
[M::mem_pestat] mean and std.dev: (200.80, 36.49)
[M::mem_pestat] low and high boundaries for proper pairs: (18, 382)
[M::mem_pestat] skip orientation RF as there are not enough pairs
[M::mem_pestat] skip orientation RR as there are not enough pairs
[M::mem_process_seqs] Processed 645744 reads in 863.467 CPU sec, 110.631 real sec
[M::process] 0 single-end sequences; 645964 paired-end sequences
[M::process] read 645834 sequences (80000066 bp)...
[M::mem_pestat] # candidate unique pairs for (FF, FR, RF, RR): (0, 241957, 3, 0)
[M::mem_pestat] skip orientation FF as there are not enough pairs
[M::mem_pestat] analyzing insert size distribution for orientation FR...
[M::mem_pestat] (25, 50, 75) percentile: (174, 198, 226)
[M::mem_pestat] low and high boundaries for computing mean and std.dev: (70, 330)
[M::mem_pestat] mean and std.dev: (200.54, 36.41)
[M::mem_pestat] low and high boundaries for proper pairs: (18, 382)
[M::mem_pestat] skip orientation RF as there are not enough pairs
[M::mem_pestat] skip orientation RR as there are not enough pairs
[M::mem_process_seqs] Processed 645964 reads in 874.770 CPU sec, 112.044 real sec
[M::process] 0 single-end sequences; 645834 paired-end sequences
[M::process] read 645546 sequences (80000137 bp)...
[M::mem_pestat] # candidate unique pairs for (FF, FR, RF, RR): (0, 241539, 3, 0)
[M::mem_pestat] skip orientation FF as there are not enough pairs
[M::mem_pestat] analyzing insert size distribution for orientation FR...
[M::mem_pestat] (25, 50, 75) percentile: (174, 198, 226)
[M::mem_pestat] low and high boundaries for computing mean and std.dev: (70, 330)
[M::mem_pestat] mean and std.dev: (200.70, 36.39)
[M::mem_pestat] low and high boundaries for proper pairs: (18, 382)
[M::mem_pestat] skip orientation RF as there are not enough pairs
[M::mem_pestat] skip orientation RR as there are not enough pairs
[M::mem_process_seqs] Processed 645834 reads in 866.340 CPU sec, 110.972 real sec
[M::process] 0 single-end sequences; 645546 paired-end sequences
[M::process] read 645510 sequences (80000113 bp)...
[M::mem_pestat] # candidate unique pairs for (FF, FR, RF, RR): (0, 245563, 5, 0)
[M::mem_pestat] skip orientation FF as there are not enough pairs
[M::mem_pestat] analyzing insert size distribution for orientation FR...
[M::mem_pestat] (25, 50, 75) percentile: (174, 198, 226)
[M::mem_pestat] low and high boundaries for computing mean and std.dev: (70, 330)
[M::mem_pestat] mean and std.dev: (201.03, 36.37)
[M::mem_pestat] low and high boundaries for proper pairs: (18, 382)
[M::mem_pestat] skip orientation RF as there are not enough pairs
[M::mem_pestat] skip orientation RR as there are not enough pairs
[M::mem_process_seqs] Processed 645546 reads in 792.561 CPU sec, 101.864 real sec
[M::process] 0 single-end sequences; 645510 paired-end sequences
[M::process] read 645420 sequences (80000011 bp)...
[M::mem_pestat] # candidate unique pairs for (FF, FR, RF, RR): (0, 245514, 2, 0)
[M::mem_pestat] skip orientation FF as there are not enough pairs
[M::mem_pestat] analyzing insert size distribution for orientation FR...
[M::mem_pestat] (25, 50, 75) percentile: (174, 198, 227)
[M::mem_pestat] low and high boundaries for computing mean and std.dev: (68, 333)
[M::mem_pestat] mean and std.dev: (201.06, 36.39)
[M::mem_pestat] low and high boundaries for proper pairs: (15, 386)
[M::mem_pestat] skip orientation RF as there are not enough pairs
[M::mem_pestat] skip orientation RR as there are not enough pairs
[M::mem_process_seqs] Processed 645510 reads in 804.566 CPU sec, 103.239 real sec
[M::process] 0 single-end sequences; 645420 paired-end sequences
[M::process] read 645544 sequences (80000136 bp)...
[M::mem_pestat] # candidate unique pairs for (FF, FR, RF, RR): (0, 244599, 3, 0)
[M::mem_pestat] skip orientation FF as there are not enough pairs
[M::mem_pestat] analyzing insert size distribution for orientation FR...
[M::mem_pestat] (25, 50, 75) percentile: (174, 198, 226)
[M::mem_pestat] low and high boundaries for computing mean and std.dev: (70, 330)
[M::mem_pestat] mean and std.dev: (200.93, 36.53)
[M::mem_pestat] low and high boundaries for proper pairs: (18, 382)
[M::mem_pestat] skip orientation RF as there are not enough pairs
[M::mem_pestat] skip orientation RR as there are not enough pairs
[M::mem_process_seqs] Processed 645420 reads in 812.789 CPU sec, 104.264 real sec
[M::process] 0 single-end sequences; 645544 paired-end sequences
[M::process] read 645606 sequences (80000006 bp)...
[M::mem_pestat] # candidate unique pairs for (FF, FR, RF, RR): (0, 243989, 1, 0)
[M::mem_pestat] skip orientation FF as there are not enough pairs
[M::mem_pestat] analyzing insert size distribution for orientation FR...
[M::mem_pestat] (25, 50, 75) percentile: (174, 198, 227)
[M::mem_pestat] low and high boundaries for computing mean and std.dev: (68, 333)
[M::mem_pestat] mean and std.dev: (200.94, 36.54)
[M::mem_pestat] low and high boundaries for proper pairs: (15, 386)
[M::mem_pestat] skip orientation RF as there are not enough pairs
[M::mem_pestat] skip orientation RR as there are not enough pairs
[M::mem_process_seqs] Processed 645544 reads in 833.111 CPU sec, 106.794 real sec
[M::process] 0 single-end sequences; 645606 paired-end sequences
[M::process] read 645952 sequences (80000105 bp)...
[M::mem_pestat] # candidate unique pairs for (FF, FR, RF, RR): (0, 243725, 2, 0)
[M::mem_pestat] skip orientation FF as there are not enough pairs
[M::mem_pestat] analyzing insert size distribution for orientation FR...
[M::mem_pestat] (25, 50, 75) percentile: (174, 198, 226)
[M::mem_pestat] low and high boundaries for computing mean and std.dev: (70, 330)
[M::mem_pestat] mean and std.dev: (200.69, 36.41)
[M::mem_pestat] low and high boundaries for proper pairs: (18, 382)
[M::mem_pestat] skip orientation RF as there are not enough pairs
[M::mem_pestat] skip orientation RR as there are not enough pairs
[M::mem_process_seqs] Processed 645606 reads in 843.327 CPU sec, 108.076 real sec
[M::process] 0 single-end sequences; 645952 paired-end sequences
[M::process] read 645884 sequences (80000101 bp)...
[M::mem_pestat] # candidate unique pairs for (FF, FR, RF, RR): (0, 242673, 2, 0)
[M::mem_pestat] skip orientation FF as there are not enough pairs
[M::mem_pestat] analyzing insert size distribution for orientation FR...
[M::mem_pestat] (25, 50, 75) percentile: (174, 198, 226)
[M::mem_pestat] low and high boundaries for computing mean and std.dev: (70, 330)
[M::mem_pestat] mean and std.dev: (200.62, 36.42)
[M::mem_pestat] low and high boundaries for proper pairs: (18, 382)
[M::mem_pestat] skip orientation RF as there are not enough pairs
[M::mem_pestat] skip orientation RR as there are not enough pairs
[M::mem_process_seqs] Processed 645952 reads in 856.823 CPU sec, 109.775 real sec
[M::process] 0 single-end sequences; 645884 paired-end sequences
[M::process] read 645528 sequences (80000184 bp)...
[M::mem_pestat] # candidate unique pairs for (FF, FR, RF, RR): (0, 242718, 4, 0)
[M::mem_pestat] skip orientation FF as there are not enough pairs
[M::mem_pestat] analyzing insert size distribution for orientation FR...
[M::mem_pestat] (25, 50, 75) percentile: (174, 198, 226)
[M::mem_pestat] low and high boundaries for computing mean and std.dev: (70, 330)
[M::mem_pestat] mean and std.dev: (200.57, 36.38)
[M::mem_pestat] low and high boundaries for proper pairs: (18, 382)
[M::mem_pestat] skip orientation RF as there are not enough pairs
[M::mem_pestat] skip orientation RR as there are not enough pairs
[M::mem_process_seqs] Processed 645884 reads in 848.870 CPU sec, 108.776 real sec
[M::process] 0 single-end sequences; 645528 paired-end sequences
[M::process] read 645544 sequences (80000161 bp)...
[M::mem_pestat] # candidate unique pairs for (FF, FR, RF, RR): (0, 245255, 4, 0)
[M::mem_pestat] skip orientation FF as there are not enough pairs
[M::mem_pestat] analyzing insert size distribution for orientation FR...
[M::mem_pestat] (25, 50, 75) percentile: (174, 198, 227)
[M::mem_pestat] low and high boundaries for computing mean and std.dev: (68, 333)
[M::mem_pestat] mean and std.dev: (201.20, 36.52)
[M::mem_pestat] low and high boundaries for proper pairs: (15, 386)
[M::mem_pestat] skip orientation RF as there are not enough pairs
[M::mem_pestat] skip orientation RR as there are not enough pairs
[M::mem_process_seqs] Processed 645528 reads in 799.120 CPU sec, 102.566 real sec
[M::process] 0 single-end sequences; 645544 paired-end sequences
[M::process] read 645502 sequences (80000163 bp)...
[M::mem_pestat] # candidate unique pairs for (FF, FR, RF, RR): (0, 244526, 7, 0)
[M::mem_pestat] skip orientation FF as there are not enough pairs
[M::mem_pestat] analyzing insert size distribution for orientation FR...
[M::mem_pestat] (25, 50, 75) percentile: (174, 198, 227)
[M::mem_pestat] low and high boundaries for computing mean and std.dev: (68, 333)
[M::mem_pestat] mean and std.dev: (201.07, 36.47)
[M::mem_pestat] low and high boundaries for proper pairs: (15, 386)
[M::mem_pestat] skip orientation RF as there are not enough pairs
[M::mem_pestat] skip orientation RR as there are not enough pairs
[M::mem_process_seqs] Processed 645544 reads in 808.788 CPU sec, 103.791 real sec
[M::process] 0 single-end sequences; 645502 paired-end sequences
[M::process] read 645566 sequences (80000082 bp)...
[M::mem_pestat] # candidate unique pairs for (FF, FR, RF, RR): (0, 244918, 3, 0)
[M::mem_pestat] skip orientation FF as there are not enough pairs
[M::mem_pestat] analyzing insert size distribution for orientation FR...
[M::mem_pestat] (25, 50, 75) percentile: (174, 198, 227)
[M::mem_pestat] low and high boundaries for computing mean and std.dev: (68, 333)
[M::mem_pestat] mean and std.dev: (200.97, 36.46)
[M::mem_pestat] low and high boundaries for proper pairs: (15, 386)
[M::mem_pestat] skip orientation RF as there are not enough pairs
[M::mem_pestat] skip orientation RR as there are not enough pairs
[M::mem_process_seqs] Processed 645502 reads in 817.082 CPU sec, 104.890 real sec
[M::process] 0 single-end sequences; 645566 paired-end sequences
[M::process] read 645718 sequences (80000204 bp)...
[M::mem_pestat] # candidate unique pairs for (FF, FR, RF, RR): (0, 244247, 5, 0)
[M::mem_pestat] skip orientation FF as there are not enough pairs
[M::mem_pestat] analyzing insert size distribution for orientation FR...
[M::mem_pestat] (25, 50, 75) percentile: (174, 198, 227)
[M::mem_pestat] low and high boundaries for computing mean and std.dev: (68, 333)
[M::mem_pestat] mean and std.dev: (200.98, 36.54)
[M::mem_pestat] low and high boundaries for proper pairs: (15, 386)
[M::mem_pestat] skip orientation RF as there are not enough pairs
[M::mem_pestat] skip orientation RR as there are not enough pairs
[M::mem_process_seqs] Processed 645566 reads in 832.314 CPU sec, 106.727 real sec
[M::process] 0 single-end sequences; 645718 paired-end sequences
[M::process] read 646026 sequences (80000111 bp)...
[M::mem_pestat] # candidate unique pairs for (FF, FR, RF, RR): (0, 243063, 1, 0)
[M::mem_pestat] skip orientation FF as there are not enough pairs
[M::mem_pestat] analyzing insert size distribution for orientation FR...
[M::mem_pestat] (25, 50, 75) percentile: (174, 198, 226)
[M::mem_pestat] low and high boundaries for computing mean and std.dev: (70, 330)
[M::mem_pestat] mean and std.dev: (200.77, 36.46)
[M::mem_pestat] low and high boundaries for proper pairs: (18, 382)
[M::mem_pestat] skip orientation RF as there are not enough pairs
[M::mem_pestat] skip orientation RR as there are not enough pairs
[M::mem_process_seqs] Processed 645718 reads in 853.897 CPU sec, 109.413 real sec
[M::process] 0 single-end sequences; 646026 paired-end sequences
[M::process] read 645968 sequences (80000173 bp)...
[M::mem_pestat] # candidate unique pairs for (FF, FR, RF, RR): (0, 241736, 3, 0)
[M::mem_pestat] skip orientation FF as there are not enough pairs
[M::mem_pestat] analyzing insert size distribution for orientation FR...
[M::mem_pestat] (25, 50, 75) percentile: (174, 198, 226)
[M::mem_pestat] low and high boundaries for computing mean and std.dev: (70, 330)
[M::mem_pestat] mean and std.dev: (200.65, 36.49)
[M::mem_pestat] low and high boundaries for proper pairs: (18, 382)
[M::mem_pestat] skip orientation RF as there are not enough pairs
[M::mem_pestat] skip orientation RR as there are not enough pairs
[M::mem_process_seqs] Processed 646026 reads in 869.686 CPU sec, 111.377 real sec
[M::process] 0 single-end sequences; 645968 paired-end sequences
[M::process] read 645812 sequences (80000060 bp)...
[M::mem_pestat] # candidate unique pairs for (FF, FR, RF, RR): (0, 241591, 7, 0)
[M::mem_pestat] skip orientation FF as there are not enough pairs
[M::mem_pestat] analyzing insert size distribution for orientation FR...
[M::mem_pestat] (25, 50, 75) percentile: (174, 198, 226)
[M::mem_pestat] low and high boundaries for computing mean and std.dev: (70, 330)
[M::mem_pestat] mean and std.dev: (200.54, 36.47)
[M::mem_pestat] low and high boundaries for proper pairs: (18, 382)
[M::mem_pestat] skip orientation RF as there are not enough pairs
[M::mem_pestat] skip orientation RR as there are not enough pairs
[M::mem_process_seqs] Processed 645968 reads in 874.036 CPU sec, 111.908 real sec
[M::process] 0 single-end sequences; 645812 paired-end sequences
[M::process] read 645718 sequences (80000003 bp)...
[M::mem_pestat] # candidate unique pairs for (FF, FR, RF, RR): (0, 243745, 2, 0)
[M::mem_pestat] skip orientation FF as there are not enough pairs
[M::mem_pestat] analyzing insert size distribution for orientation FR...
[M::mem_pestat] (25, 50, 75) percentile: (174, 198, 227)
[M::mem_pestat] low and high boundaries for computing mean and std.dev: (68, 333)
[M::mem_pestat] mean and std.dev: (201.21, 36.47)
[M::mem_pestat] low and high boundaries for proper pairs: (15, 386)
[M::mem_pestat] skip orientation RF as there are not enough pairs
[M::mem_pestat] skip orientation RR as there are not enough pairs
[M::mem_process_seqs] Processed 645812 reads in 837.740 CPU sec, 107.388 real sec
[M::process] 0 single-end sequences; 645718 paired-end sequences
[M::process] read 645640 sequences (80000173 bp)...
[M::mem_pestat] # candidate unique pairs for (FF, FR, RF, RR): (0, 243747, 5, 0)
[M::mem_pestat] skip orientation FF as there are not enough pairs
[M::mem_pestat] analyzing insert size distribution for orientation FR...
[M::mem_pestat] (25, 50, 75) percentile: (174, 198, 227)
[M::mem_pestat] low and high boundaries for computing mean and std.dev: (68, 333)
[M::mem_pestat] mean and std.dev: (201.06, 36.42)
[M::mem_pestat] low and high boundaries for proper pairs: (15, 386)
[M::mem_pestat] skip orientation RF as there are not enough pairs
[M::mem_pestat] skip orientation RR as there are not enough pairs
[M::mem_process_seqs] Processed 645718 reads in 846.889 CPU sec, 108.534 real sec
[M::process] 0 single-end sequences; 645640 paired-end sequences
[M::process] read 645682 sequences (80000038 bp)...
[M::mem_pestat] # candidate unique pairs for (FF, FR, RF, RR): (0, 243298, 5, 0)
[M::mem_pestat] skip orientation FF as there are not enough pairs
[M::mem_pestat] analyzing insert size distribution for orientation FR...
[M::mem_pestat] (25, 50, 75) percentile: (174, 198, 226)
[M::mem_pestat] low and high boundaries for computing mean and std.dev: (70, 330)
[M::mem_pestat] mean and std.dev: (200.91, 36.42)
[M::mem_pestat] low and high boundaries for proper pairs: (18, 382)
[M::mem_pestat] skip orientation RF as there are not enough pairs
[M::mem_pestat] skip orientation RR as there are not enough pairs
[M::mem_process_seqs] Processed 645640 reads in 850.299 CPU sec, 108.953 real sec
[M::process] 0 single-end sequences; 645682 paired-end sequences
[M::process] read 645882 sequences (80000189 bp)...
[M::mem_pestat] # candidate unique pairs for (FF, FR, RF, RR): (0, 241782, 5, 0)
[M::mem_pestat] skip orientation FF as there are not enough pairs
[M::mem_pestat] analyzing insert size distribution for orientation FR...
[M::mem_pestat] (25, 50, 75) percentile: (174, 198, 226)
[M::mem_pestat] low and high boundaries for computing mean and std.dev: (70, 330)
[M::mem_pestat] mean and std.dev: (200.83, 36.47)
[M::mem_pestat] low and high boundaries for proper pairs: (18, 382)
[M::mem_pestat] skip orientation RF as there are not enough pairs
[M::mem_pestat] skip orientation RR as there are not enough pairs
[M::mem_process_seqs] Processed 645682 reads in 865.056 CPU sec, 110.817 real sec
[M::process] 0 single-end sequences; 645882 paired-end sequences
[M::process] read 646286 sequences (80000117 bp)...
[M::mem_pestat] # candidate unique pairs for (FF, FR, RF, RR): (0, 240649, 2, 0)
[M::mem_pestat] skip orientation FF as there are not enough pairs
[M::mem_pestat] analyzing insert size distribution for orientation FR...
[M::mem_pestat] (25, 50, 75) percentile: (174, 198, 226)
[M::mem_pestat] low and high boundaries for computing mean and std.dev: (70, 330)
[M::mem_pestat] mean and std.dev: (200.72, 36.42)
[M::mem_pestat] low and high boundaries for proper pairs: (18, 382)
[M::mem_pestat] skip orientation RF as there are not enough pairs
[M::mem_pestat] skip orientation RR as there are not enough pairs
[M::mem_process_seqs] Processed 645882 reads in 891.280 CPU sec, 114.082 real sec
[M::process] 0 single-end sequences; 646286 paired-end sequences
[M::process] read 645874 sequences (80000039 bp)...
[M::mem_pestat] # candidate unique pairs for (FF, FR, RF, RR): (0, 240269, 4, 0)
[M::mem_pestat] skip orientation FF as there are not enough pairs
[M::mem_pestat] analyzing insert size distribution for orientation FR...
[M::mem_pestat] (25, 50, 75) percentile: (174, 198, 226)
[M::mem_pestat] low and high boundaries for computing mean and std.dev: (70, 330)
[M::mem_pestat] mean and std.dev: (200.68, 36.57)
[M::mem_pestat] low and high boundaries for proper pairs: (18, 382)
[M::mem_pestat] skip orientation RF as there are not enough pairs
[M::mem_pestat] skip orientation RR as there are not enough pairs
[M::mem_process_seqs] Processed 646286 reads in 897.789 CPU sec, 114.900 real sec
[M::process] 0 single-end sequences; 645874 paired-end sequences
[M::process] read 645726 sequences (80000042 bp)...
[M::mem_pestat] # candidate unique pairs for (FF, FR, RF, RR): (0, 242839, 5, 0)
[M::mem_pestat] skip orientation FF as there are not enough pairs
[M::mem_pestat] analyzing insert size distribution for orientation FR...
[M::mem_pestat] (25, 50, 75) percentile: (174, 198, 226)
[M::mem_pestat] low and high boundaries for computing mean and std.dev: (70, 330)
[M::mem_pestat] mean and std.dev: (200.73, 36.45)
[M::mem_pestat] low and high boundaries for proper pairs: (18, 382)
[M::mem_pestat] skip orientation RF as there are not enough pairs
[M::mem_pestat] skip orientation RR as there are not enough pairs
[M::mem_process_seqs] Processed 645874 reads in 846.919 CPU sec, 108.536 real sec
[M::process] 0 single-end sequences; 645726 paired-end sequences
[M::process] read 645570 sequences (80000160 bp)...
[M::mem_pestat] # candidate unique pairs for (FF, FR, RF, RR): (0, 244888, 3, 0)
[M::mem_pestat] skip orientation FF as there are not enough pairs
[M::mem_pestat] analyzing insert size distribution for orientation FR...
[M::mem_pestat] (25, 50, 75) percentile: (174, 198, 226)
[M::mem_pestat] low and high boundaries for computing mean and std.dev: (70, 330)
[M::mem_pestat] mean and std.dev: (201.00, 36.39)
[M::mem_pestat] low and high boundaries for proper pairs: (18, 382)
[M::mem_pestat] skip orientation RF as there are not enough pairs
[M::mem_pestat] skip orientation RR as there are not enough pairs
[M::mem_process_seqs] Processed 645726 reads in 814.572 CPU sec, 104.475 real sec
[M::process] 0 single-end sequences; 645570 paired-end sequences
[M::process] read 645516 sequences (80000063 bp)...
[M::mem_pestat] # candidate unique pairs for (FF, FR, RF, RR): (0, 244485, 4, 0)
[M::mem_pestat] skip orientation FF as there are not enough pairs
[M::mem_pestat] analyzing insert size distribution for orientation FR...
[M::mem_pestat] (25, 50, 75) percentile: (174, 198, 226)
[M::mem_pestat] low and high boundaries for computing mean and std.dev: (70, 330)
[M::mem_pestat] mean and std.dev: (200.79, 36.50)
[M::mem_pestat] low and high boundaries for proper pairs: (18, 382)
[M::mem_pestat] skip orientation RF as there are not enough pairs
[M::mem_pestat] skip orientation RR as there are not enough pairs
[M::mem_process_seqs] Processed 645570 reads in 824.852 CPU sec, 105.786 real sec
[M::process] 0 single-end sequences; 645516 paired-end sequences
[M::process] read 645682 sequences (80000164 bp)...
[M::mem_pestat] # candidate unique pairs for (FF, FR, RF, RR): (0, 243481, 9, 0)
[M::mem_pestat] skip orientation FF as there are not enough pairs
[M::mem_pestat] analyzing insert size distribution for orientation FR...
[M::mem_pestat] (25, 50, 75) percentile: (174, 198, 226)
[M::mem_pestat] low and high boundaries for computing mean and std.dev: (70, 330)
[M::mem_pestat] mean and std.dev: (200.82, 36.39)
[M::mem_pestat] low and high boundaries for proper pairs: (18, 382)
[M::mem_pestat] skip orientation RF as there are not enough pairs
[M::mem_pestat] skip orientation RR as there are not enough pairs
[M::mem_process_seqs] Processed 645516 reads in 855.137 CPU sec, 109.556 real sec
[M::process] 0 single-end sequences; 645682 paired-end sequences
[M::process] read 646086 sequences (80000184 bp)...
[M::mem_pestat] # candidate unique pairs for (FF, FR, RF, RR): (0, 242702, 6, 0)
[M::mem_pestat] skip orientation FF as there are not enough pairs
[M::mem_pestat] analyzing insert size distribution for orientation FR...
[M::mem_pestat] (25, 50, 75) percentile: (174, 198, 226)
[M::mem_pestat] low and high boundaries for computing mean and std.dev: (70, 330)
[M::mem_pestat] mean and std.dev: (200.57, 36.39)
[M::mem_pestat] low and high boundaries for proper pairs: (18, 382)
[M::mem_pestat] skip orientation RF as there are not enough pairs
[M::mem_pestat] skip orientation RR as there are not enough pairs
[M::mem_process_seqs] Processed 645682 reads in 893.629 CPU sec, 114.380 real sec
[M::process] 0 single-end sequences; 646086 paired-end sequences
[M::process] read 646484 sequences (80000184 bp)...
[M::mem_pestat] # candidate unique pairs for (FF, FR, RF, RR): (0, 242276, 5, 0)
[M::mem_pestat] skip orientation FF as there are not enough pairs
[M::mem_pestat] analyzing insert size distribution for orientation FR...
[M::mem_pestat] (25, 50, 75) percentile: (174, 198, 226)
[M::mem_pestat] low and high boundaries for computing mean and std.dev: (70, 330)
[M::mem_pestat] mean and std.dev: (200.67, 36.45)
[M::mem_pestat] low and high boundaries for proper pairs: (18, 382)
[M::mem_pestat] skip orientation RF as there are not enough pairs
[M::mem_pestat] skip orientation RR as there are not enough pairs
[M::mem_process_seqs] Processed 646086 reads in 896.384 CPU sec, 114.763 real sec
[M::process] 0 single-end sequences; 646484 paired-end sequences
[M::process] read 645932 sequences (80000245 bp)...
[M::mem_pestat] # candidate unique pairs for (FF, FR, RF, RR): (0, 242141, 6, 0)
[M::mem_pestat] skip orientation FF as there are not enough pairs
[M::mem_pestat] analyzing insert size distribution for orientation FR...
[M::mem_pestat] (25, 50, 75) percentile: (174, 198, 226)
[M::mem_pestat] low and high boundaries for computing mean and std.dev: (70, 330)
[M::mem_pestat] mean and std.dev: (200.62, 36.44)
[M::mem_pestat] low and high boundaries for proper pairs: (18, 382)
[M::mem_pestat] skip orientation RF as there are not enough pairs
[M::mem_pestat] skip orientation RR as there are not enough pairs
[M::mem_process_seqs] Processed 646484 reads in 886.517 CPU sec, 113.506 real sec
[M::process] 0 single-end sequences; 645932 paired-end sequences
[M::process] read 645924 sequences (80000163 bp)...
[M::mem_pestat] # candidate unique pairs for (FF, FR, RF, RR): (0, 243151, 4, 0)
[M::mem_pestat] skip orientation FF as there are not enough pairs
[M::mem_pestat] analyzing insert size distribution for orientation FR...
[M::mem_pestat] (25, 50, 75) percentile: (174, 198, 226)
[M::mem_pestat] low and high boundaries for computing mean and std.dev: (70, 330)
[M::mem_pestat] mean and std.dev: (201.01, 36.51)
[M::mem_pestat] low and high boundaries for proper pairs: (18, 382)
[M::mem_pestat] skip orientation RF as there are not enough pairs
[M::mem_pestat] skip orientation RR as there are not enough pairs
[M::mem_process_seqs] Processed 645932 reads in 1024.694 CPU sec, 130.820 real sec
[M::process] 0 single-end sequences; 645924 paired-end sequences
[M::process] read 645634 sequences (80000168 bp)...
[M::mem_pestat] # candidate unique pairs for (FF, FR, RF, RR): (0, 244533, 6, 0)
[M::mem_pestat] skip orientation FF as there are not enough pairs
[M::mem_pestat] analyzing insert size distribution for orientation FR...
[M::mem_pestat] (25, 50, 75) percentile: (174, 198, 226)
[M::mem_pestat] low and high boundaries for computing mean and std.dev: (70, 330)
[M::mem_pestat] mean and std.dev: (200.83, 36.40)
[M::mem_pestat] low and high boundaries for proper pairs: (18, 382)
[M::mem_pestat] skip orientation RF as there are not enough pairs
[M::mem_pestat] skip orientation RR as there are not enough pairs
[M::mem_process_seqs] Processed 645924 reads in 856.237 CPU sec, 109.734 real sec
[M::process] 0 single-end sequences; 645634 paired-end sequences
[M::process] read 645730 sequences (80000169 bp)...
[M::mem_pestat] # candidate unique pairs for (FF, FR, RF, RR): (0, 244036, 2, 0)
[M::mem_pestat] skip orientation FF as there are not enough pairs
[M::mem_pestat] analyzing insert size distribution for orientation FR...
[M::mem_pestat] (25, 50, 75) percentile: (174, 198, 226)
[M::mem_pestat] low and high boundaries for computing mean and std.dev: (70, 330)
[M::mem_pestat] mean and std.dev: (200.77, 36.46)
[M::mem_pestat] low and high boundaries for proper pairs: (18, 382)
[M::mem_pestat] skip orientation RF as there are not enough pairs
[M::mem_pestat] skip orientation RR as there are not enough pairs
[M::mem_process_seqs] Processed 645634 reads in 867.023 CPU sec, 111.322 real sec
[M::process] 0 single-end sequences; 645730 paired-end sequences
[M::process] read 646042 sequences (80000065 bp)...
[M::mem_pestat] # candidate unique pairs for (FF, FR, RF, RR): (0, 242354, 5, 0)
[M::mem_pestat] skip orientation FF as there are not enough pairs
[M::mem_pestat] analyzing insert size distribution for orientation FR...
[M::mem_pestat] (25, 50, 75) percentile: (174, 198, 226)
[M::mem_pestat] low and high boundaries for computing mean and std.dev: (70, 330)
[M::mem_pestat] mean and std.dev: (200.82, 36.48)
[M::mem_pestat] low and high boundaries for proper pairs: (18, 382)
[M::mem_pestat] skip orientation RF as there are not enough pairs
[M::mem_pestat] skip orientation RR as there are not enough pairs
[M::mem_process_seqs] Processed 645730 reads in 902.462 CPU sec, 115.506 real sec
[M::process] 0 single-end sequences; 646042 paired-end sequences
[M::process] read 646604 sequences (80000038 bp)...
[M::mem_pestat] # candidate unique pairs for (FF, FR, RF, RR): (0, 242256, 7, 0)
[M::mem_pestat] skip orientation FF as there are not enough pairs
[M::mem_pestat] analyzing insert size distribution for orientation FR...
[M::mem_pestat] (25, 50, 75) percentile: (174, 198, 226)
[M::mem_pestat] low and high boundaries for computing mean and std.dev: (70, 330)
[M::mem_pestat] mean and std.dev: (200.64, 36.49)
[M::mem_pestat] low and high boundaries for proper pairs: (18, 382)
[M::mem_pestat] skip orientation RF as there are not enough pairs
[M::mem_pestat] skip orientation RR as there are not enough pairs
[M::mem_process_seqs] Processed 646042 reads in 930.762 CPU sec, 119.066 real sec
[M::process] 0 single-end sequences; 646604 paired-end sequences
[M::process] read 646176 sequences (80000162 bp)...
[M::mem_pestat] # candidate unique pairs for (FF, FR, RF, RR): (0, 241051, 4, 0)
[M::mem_pestat] skip orientation FF as there are not enough pairs
[M::mem_pestat] analyzing insert size distribution for orientation FR...
[M::mem_pestat] (25, 50, 75) percentile: (174, 198, 226)
[M::mem_pestat] low and high boundaries for computing mean and std.dev: (70, 330)
[M::mem_pestat] mean and std.dev: (200.59, 36.48)
[M::mem_pestat] low and high boundaries for proper pairs: (18, 382)
[M::mem_pestat] skip orientation RF as there are not enough pairs
[M::mem_pestat] skip orientation RR as there are not enough pairs
[M::mem_process_seqs] Processed 646604 reads in 985.592 CPU sec, 125.926 real sec
[M::process] 0 single-end sequences; 646176 paired-end sequences
[M::process] read 645544 sequences (80000188 bp)...
[M::mem_pestat] # candidate unique pairs for (FF, FR, RF, RR): (0, 243499, 4, 0)
[M::mem_pestat] skip orientation FF as there are not enough pairs
[M::mem_pestat] analyzing insert size distribution for orientation FR...
[M::mem_pestat] (25, 50, 75) percentile: (174, 198, 226)
[M::mem_pestat] low and high boundaries for computing mean and std.dev: (70, 330)
[M::mem_pestat] mean and std.dev: (200.90, 36.49)
[M::mem_pestat] low and high boundaries for proper pairs: (18, 382)
[M::mem_pestat] skip orientation RF as there are not enough pairs
[M::mem_pestat] skip orientation RR as there are not enough pairs
[M::mem_process_seqs] Processed 646176 reads in 851.702 CPU sec, 109.128 real sec
[M::process] 0 single-end sequences; 645544 paired-end sequences
[M::process] read 645472 sequences (80000138 bp)...
[M::mem_pestat] # candidate unique pairs for (FF, FR, RF, RR): (0, 244937, 1, 0)
[M::mem_pestat] skip orientation FF as there are not enough pairs
[M::mem_pestat] analyzing insert size distribution for orientation FR...
[M::mem_pestat] (25, 50, 75) percentile: (174, 198, 227)
[M::mem_pestat] low and high boundaries for computing mean and std.dev: (68, 333)
[M::mem_pestat] mean and std.dev: (201.17, 36.40)
[M::mem_pestat] low and high boundaries for proper pairs: (15, 386)
[M::mem_pestat] skip orientation RF as there are not enough pairs
[M::mem_pestat] skip orientation RR as there are not enough pairs
[M::mem_process_seqs] Processed 645544 reads in 812.006 CPU sec, 104.209 real sec
[M::process] 0 single-end sequences; 645472 paired-end sequences
[M::process] read 645544 sequences (80000099 bp)...
[M::mem_pestat] # candidate unique pairs for (FF, FR, RF, RR): (0, 244810, 3, 0)
[M::mem_pestat] skip orientation FF as there are not enough pairs
[M::mem_pestat] analyzing insert size distribution for orientation FR...
[M::mem_pestat] (25, 50, 75) percentile: (174, 198, 227)
[M::mem_pestat] low and high boundaries for computing mean and std.dev: (68, 333)
[M::mem_pestat] mean and std.dev: (201.13, 36.48)
[M::mem_pestat] low and high boundaries for proper pairs: (15, 386)
[M::mem_pestat] skip orientation RF as there are not enough pairs
[M::mem_pestat] skip orientation RR as there are not enough pairs
[M::mem_process_seqs] Processed 645472 reads in 805.091 CPU sec, 103.268 real sec
[M::process] 0 single-end sequences; 645544 paired-end sequences
[M::process] read 645574 sequences (80000018 bp)...
[M::mem_pestat] # candidate unique pairs for (FF, FR, RF, RR): (0, 244530, 4, 0)
[M::mem_pestat] skip orientation FF as there are not enough pairs
[M::mem_pestat] analyzing insert size distribution for orientation FR...
[M::mem_pestat] (25, 50, 75) percentile: (174, 198, 226)
[M::mem_pestat] low and high boundaries for computing mean and std.dev: (70, 330)
[M::mem_pestat] mean and std.dev: (200.87, 36.53)
[M::mem_pestat] low and high boundaries for proper pairs: (18, 382)
[M::mem_pestat] skip orientation RF as there are not enough pairs
[M::mem_pestat] skip orientation RR as there are not enough pairs
[M::mem_process_seqs] Processed 645544 reads in 814.541 CPU sec, 104.476 real sec
[M::process] 0 single-end sequences; 645574 paired-end sequences
[M::process] read 645752 sequences (80000085 bp)...
[M::mem_pestat] # candidate unique pairs for (FF, FR, RF, RR): (0, 243769, 2, 0)
[M::mem_pestat] skip orientation FF as there are not enough pairs
[M::mem_pestat] analyzing insert size distribution for orientation FR...
[M::mem_pestat] (25, 50, 75) percentile: (174, 198, 226)
[M::mem_pestat] low and high boundaries for computing mean and std.dev: (70, 330)
[M::mem_pestat] mean and std.dev: (200.80, 36.54)
[M::mem_pestat] low and high boundaries for proper pairs: (18, 382)
[M::mem_pestat] skip orientation RF as there are not enough pairs
[M::mem_pestat] skip orientation RR as there are not enough pairs
[M::mem_process_seqs] Processed 645574 reads in 835.692 CPU sec, 107.099 real sec
[M::process] 0 single-end sequences; 645752 paired-end sequences
[M::process] read 645968 sequences (80000082 bp)...
[M::mem_pestat] # candidate unique pairs for (FF, FR, RF, RR): (0, 242798, 3, 0)
[M::mem_pestat] skip orientation FF as there are not enough pairs
[M::mem_pestat] analyzing insert size distribution for orientation FR...
[M::mem_pestat] (25, 50, 75) percentile: (174, 198, 226)
[M::mem_pestat] low and high boundaries for computing mean and std.dev: (70, 330)
[M::mem_pestat] mean and std.dev: (200.80, 36.48)
[M::mem_pestat] low and high boundaries for proper pairs: (18, 382)
[M::mem_pestat] skip orientation RF as there are not enough pairs
[M::mem_pestat] skip orientation RR as there are not enough pairs
[M::mem_process_seqs] Processed 645752 reads in 861.190 CPU sec, 110.336 real sec
[M::process] 0 single-end sequences; 645968 paired-end sequences
[M::process] read 645652 sequences (80000227 bp)...
[M::mem_pestat] # candidate unique pairs for (FF, FR, RF, RR): (0, 241644, 1, 0)
[M::mem_pestat] skip orientation FF as there are not enough pairs
[M::mem_pestat] analyzing insert size distribution for orientation FR...
[M::mem_pestat] (25, 50, 75) percentile: (174, 198, 226)
[M::mem_pestat] low and high boundaries for computing mean and std.dev: (70, 330)
[M::mem_pestat] mean and std.dev: (200.59, 36.40)
[M::mem_pestat] low and high boundaries for proper pairs: (18, 382)
[M::mem_pestat] skip orientation RF as there are not enough pairs
[M::mem_pestat] skip orientation RR as there are not enough pairs
[M::mem_process_seqs] Processed 645968 reads in 867.055 CPU sec, 111.039 real sec
[M::process] 0 single-end sequences; 645652 paired-end sequences
[M::process] read 645434 sequences (80000087 bp)...
[M::mem_pestat] # candidate unique pairs for (FF, FR, RF, RR): (0, 243348, 6, 0)
[M::mem_pestat] skip orientation FF as there are not enough pairs
[M::mem_pestat] analyzing insert size distribution for orientation FR...
[M::mem_pestat] (25, 50, 75) percentile: (174, 198, 226)
[M::mem_pestat] low and high boundaries for computing mean and std.dev: (70, 330)
[M::mem_pestat] mean and std.dev: (200.87, 36.45)
[M::mem_pestat] low and high boundaries for proper pairs: (18, 382)
[M::mem_pestat] skip orientation RF as there are not enough pairs
[M::mem_pestat] skip orientation RR as there are not enough pairs
[M::mem_process_seqs] Processed 645652 reads in 832.577 CPU sec, 106.729 real sec
[M::process] 0 single-end sequences; 645434 paired-end sequences
[M::process] read 645326 sequences (80000184 bp)...
[M::mem_pestat] # candidate unique pairs for (FF, FR, RF, RR): (0, 245255, 1, 0)
[M::mem_pestat] skip orientation FF as there are not enough pairs
[M::mem_pestat] analyzing insert size distribution for orientation FR...
[M::mem_pestat] (25, 50, 75) percentile: (174, 198, 227)
[M::mem_pestat] low and high boundaries for computing mean and std.dev: (68, 333)
[M::mem_pestat] mean and std.dev: (201.03, 36.47)
[M::mem_pestat] low and high boundaries for proper pairs: (15, 386)
[M::mem_pestat] skip orientation RF as there are not enough pairs
[M::mem_pestat] skip orientation RR as there are not enough pairs
[M::mem_process_seqs] Processed 645434 reads in 793.713 CPU sec, 101.877 real sec
[M::process] 0 single-end sequences; 645326 paired-end sequences
[M::process] read 645368 sequences (80000226 bp)...
[M::mem_pestat] # candidate unique pairs for (FF, FR, RF, RR): (0, 245363, 2, 0)
[M::mem_pestat] skip orientation FF as there are not enough pairs
[M::mem_pestat] analyzing insert size distribution for orientation FR...
[M::mem_pestat] (25, 50, 75) percentile: (174, 198, 227)
[M::mem_pestat] low and high boundaries for computing mean and std.dev: (68, 333)
[M::mem_pestat] mean and std.dev: (201.00, 36.43)
[M::mem_pestat] low and high boundaries for proper pairs: (15, 386)
[M::mem_pestat] skip orientation RF as there are not enough pairs
[M::mem_pestat] skip orientation RR as there are not enough pairs
[M::mem_process_seqs] Processed 645326 reads in 799.956 CPU sec, 102.664 real sec
[M::process] 0 single-end sequences; 645368 paired-end sequences
[M::process] read 645472 sequences (80000010 bp)...
[M::mem_pestat] # candidate unique pairs for (FF, FR, RF, RR): (0, 244669, 3, 0)
[M::mem_pestat] skip orientation FF as there are not enough pairs
[M::mem_pestat] analyzing insert size distribution for orientation FR...
[M::mem_pestat] (25, 50, 75) percentile: (174, 198, 226)
[M::mem_pestat] low and high boundaries for computing mean and std.dev: (70, 330)
[M::mem_pestat] mean and std.dev: (200.89, 36.43)
[M::mem_pestat] low and high boundaries for proper pairs: (18, 382)
[M::mem_pestat] skip orientation RF as there are not enough pairs
[M::mem_pestat] skip orientation RR as there are not enough pairs
[M::mem_process_seqs] Processed 645368 reads in 814.611 CPU sec, 104.507 real sec
[M::process] 0 single-end sequences; 645472 paired-end sequences
[M::process] read 645712 sequences (80000149 bp)...
[M::mem_pestat] # candidate unique pairs for (FF, FR, RF, RR): (0, 243850, 4, 0)
[M::mem_pestat] skip orientation FF as there are not enough pairs
[M::mem_pestat] analyzing insert size distribution for orientation FR...
[M::mem_pestat] (25, 50, 75) percentile: (174, 198, 226)
[M::mem_pestat] low and high boundaries for computing mean and std.dev: (70, 330)
[M::mem_pestat] mean and std.dev: (200.67, 36.44)
[M::mem_pestat] low and high boundaries for proper pairs: (18, 382)
[M::mem_pestat] skip orientation RF as there are not enough pairs
[M::mem_pestat] skip orientation RR as there are not enough pairs
[M::mem_process_seqs] Processed 645472 reads in 828.917 CPU sec, 106.291 real sec
[M::process] 0 single-end sequences; 645712 paired-end sequences
[M::process] read 645982 sequences (80000136 bp)...
[M::mem_pestat] # candidate unique pairs for (FF, FR, RF, RR): (0, 242945, 1, 0)
[M::mem_pestat] skip orientation FF as there are not enough pairs
[M::mem_pestat] analyzing insert size distribution for orientation FR...
[M::mem_pestat] (25, 50, 75) percentile: (174, 198, 226)
[M::mem_pestat] low and high boundaries for computing mean and std.dev: (70, 330)
[M::mem_pestat] mean and std.dev: (200.72, 36.39)
[M::mem_pestat] low and high boundaries for proper pairs: (18, 382)
[M::mem_pestat] skip orientation RF as there are not enough pairs
[M::mem_pestat] skip orientation RR as there are not enough pairs
[M::mem_process_seqs] Processed 645712 reads in 853.730 CPU sec, 109.390 real sec
[M::process] 0 single-end sequences; 645982 paired-end sequences
[M::process] read 645588 sequences (80000037 bp)...
[M::mem_pestat] # candidate unique pairs for (FF, FR, RF, RR): (0, 242622, 6, 0)
[M::mem_pestat] skip orientation FF as there are not enough pairs
[M::mem_pestat] analyzing insert size distribution for orientation FR...
[M::mem_pestat] (25, 50, 75) percentile: (174, 198, 226)
[M::mem_pestat] low and high boundaries for computing mean and std.dev: (70, 330)
[M::mem_pestat] mean and std.dev: (200.55, 36.43)
[M::mem_pestat] low and high boundaries for proper pairs: (18, 382)
[M::mem_pestat] skip orientation RF as there are not enough pairs
[M::mem_pestat] skip orientation RR as there are not enough pairs
[M::mem_process_seqs] Processed 645982 reads in 857.347 CPU sec, 109.852 real sec
[M::process] 0 single-end sequences; 645588 paired-end sequences
[M::process] read 645512 sequences (80000061 bp)...
[M::mem_pestat] # candidate unique pairs for (FF, FR, RF, RR): (0, 243287, 4, 0)
[M::mem_pestat] skip orientation FF as there are not enough pairs
[M::mem_pestat] analyzing insert size distribution for orientation FR...
[M::mem_pestat] (25, 50, 75) percentile: (174, 198, 226)
[M::mem_pestat] low and high boundaries for computing mean and std.dev: (70, 330)
[M::mem_pestat] mean and std.dev: (200.71, 36.41)
[M::mem_pestat] low and high boundaries for proper pairs: (18, 382)
[M::mem_pestat] skip orientation RF as there are not enough pairs
[M::mem_pestat] skip orientation RR as there are not enough pairs
[M::mem_process_seqs] Processed 645588 reads in 834.296 CPU sec, 106.924 real sec
[M::process] 0 single-end sequences; 645512 paired-end sequences
[M::process] read 645374 sequences (80000088 bp)...
[M::mem_pestat] # candidate unique pairs for (FF, FR, RF, RR): (0, 244841, 6, 0)
[M::mem_pestat] skip orientation FF as there are not enough pairs
[M::mem_pestat] analyzing insert size distribution for orientation FR...
[M::mem_pestat] (25, 50, 75) percentile: (174, 198, 227)
[M::mem_pestat] low and high boundaries for computing mean and std.dev: (68, 333)
[M::mem_pestat] mean and std.dev: (201.17, 36.50)
[M::mem_pestat] low and high boundaries for proper pairs: (15, 386)
[M::mem_pestat] skip orientation RF as there are not enough pairs
[M::mem_pestat] skip orientation RR as there are not enough pairs
[M::mem_process_seqs] Processed 645512 reads in 802.581 CPU sec, 103.030 real sec
[M::process] 0 single-end sequences; 645374 paired-end sequences
[M::process] read 645502 sequences (80000059 bp)...
[M::mem_pestat] # candidate unique pairs for (FF, FR, RF, RR): (0, 244962, 6, 0)
[M::mem_pestat] skip orientation FF as there are not enough pairs
[M::mem_pestat] analyzing insert size distribution for orientation FR...
[M::mem_pestat] (25, 50, 75) percentile: (174, 198, 227)
[M::mem_pestat] low and high boundaries for computing mean and std.dev: (68, 333)
[M::mem_pestat] mean and std.dev: (201.05, 36.48)
[M::mem_pestat] low and high boundaries for proper pairs: (15, 386)
[M::mem_pestat] skip orientation RF as there are not enough pairs
[M::mem_pestat] skip orientation RR as there are not enough pairs
[M::mem_process_seqs] Processed 645374 reads in 811.151 CPU sec, 104.131 real sec
[M::process] 0 single-end sequences; 645502 paired-end sequences
[M::process] read 645522 sequences (80000075 bp)...
[M::mem_pestat] # candidate unique pairs for (FF, FR, RF, RR): (0, 244060, 2, 0)
[M::mem_pestat] skip orientation FF as there are not enough pairs
[M::mem_pestat] analyzing insert size distribution for orientation FR...
[M::mem_pestat] (25, 50, 75) percentile: (174, 198, 227)
[M::mem_pestat] low and high boundaries for computing mean and std.dev: (68, 333)
[M::mem_pestat] mean and std.dev: (200.94, 36.47)
[M::mem_pestat] low and high boundaries for proper pairs: (15, 386)
[M::mem_pestat] skip orientation RF as there are not enough pairs
[M::mem_pestat] skip orientation RR as there are not enough pairs
[M::mem_process_seqs] Processed 645502 reads in 829.633 CPU sec, 106.389 real sec
[M::process] 0 single-end sequences; 645522 paired-end sequences
[M::process] read 645712 sequences (80000210 bp)...
[M::mem_pestat] # candidate unique pairs for (FF, FR, RF, RR): (0, 242877, 8, 0)
[M::mem_pestat] skip orientation FF as there are not enough pairs
[M::mem_pestat] analyzing insert size distribution for orientation FR...
[M::mem_pestat] (25, 50, 75) percentile: (174, 198, 226)
[M::mem_pestat] low and high boundaries for computing mean and std.dev: (70, 330)
[M::mem_pestat] mean and std.dev: (200.84, 36.34)
[M::mem_pestat] low and high boundaries for proper pairs: (18, 382)
[M::mem_pestat] skip orientation RF as there are not enough pairs
[M::mem_pestat] skip orientation RR as there are not enough pairs
[M::mem_process_seqs] Processed 645522 reads in 854.559 CPU sec, 109.481 real sec
[M::process] 0 single-end sequences; 645712 paired-end sequences
[M::process] read 646010 sequences (80000148 bp)...
[M::mem_pestat] # candidate unique pairs for (FF, FR, RF, RR): (0, 242461, 5, 0)
[M::mem_pestat] skip orientation FF as there are not enough pairs
[M::mem_pestat] analyzing insert size distribution for orientation FR...
[M::mem_pestat] (25, 50, 75) percentile: (174, 198, 226)
[M::mem_pestat] low and high boundaries for computing mean and std.dev: (70, 330)
[M::mem_pestat] mean and std.dev: (200.71, 36.52)
[M::mem_pestat] low and high boundaries for proper pairs: (18, 382)
[M::mem_pestat] skip orientation RF as there are not enough pairs
[M::mem_pestat] skip orientation RR as there are not enough pairs
[M::mem_process_seqs] Processed 645712 reads in 866.034 CPU sec, 111.356 real sec
[M::process] 0 single-end sequences; 646010 paired-end sequences
[M::process] read 645704 sequences (80000026 bp)...
[M::mem_pestat] # candidate unique pairs for (FF, FR, RF, RR): (0, 241082, 3, 0)
[M::mem_pestat] skip orientation FF as there are not enough pairs
[M::mem_pestat] analyzing insert size distribution for orientation FR...
[M::mem_pestat] (25, 50, 75) percentile: (174, 198, 226)
[M::mem_pestat] low and high boundaries for computing mean and std.dev: (70, 330)
[M::mem_pestat] mean and std.dev: (200.74, 36.54)
[M::mem_pestat] low and high boundaries for proper pairs: (18, 382)
[M::mem_pestat] skip orientation RF as there are not enough pairs
[M::mem_pestat] skip orientation RR as there are not enough pairs
[M::mem_process_seqs] Processed 646010 reads in 882.065 CPU sec, 112.935 real sec
[M::process] 0 single-end sequences; 645704 paired-end sequences
[M::process] read 645612 sequences (80000038 bp)...
[M::mem_pestat] # candidate unique pairs for (FF, FR, RF, RR): (0, 242501, 0, 0)
[M::mem_pestat] skip orientation FF as there are not enough pairs
[M::mem_pestat] analyzing insert size distribution for orientation FR...
[M::mem_pestat] (25, 50, 75) percentile: (174, 198, 226)
[M::mem_pestat] low and high boundaries for computing mean and std.dev: (70, 330)
[M::mem_pestat] mean and std.dev: (200.83, 36.61)
[M::mem_pestat] low and high boundaries for proper pairs: (18, 382)
[M::mem_pestat] skip orientation RF as there are not enough pairs
[M::mem_pestat] skip orientation RR as there are not enough pairs
[M::mem_process_seqs] Processed 645704 reads in 857.805 CPU sec, 109.892 real sec
[M::process] 0 single-end sequences; 645612 paired-end sequences
[M::process] read 645532 sequences (80000229 bp)...
[M::mem_pestat] # candidate unique pairs for (FF, FR, RF, RR): (0, 244467, 4, 0)
[M::mem_pestat] skip orientation FF as there are not enough pairs
[M::mem_pestat] analyzing insert size distribution for orientation FR...
[M::mem_pestat] (25, 50, 75) percentile: (174, 198, 227)
[M::mem_pestat] low and high boundaries for computing mean and std.dev: (68, 333)
[M::mem_pestat] mean and std.dev: (201.12, 36.52)
[M::mem_pestat] low and high boundaries for proper pairs: (15, 386)
[M::mem_pestat] skip orientation RF as there are not enough pairs
[M::mem_pestat] skip orientation RR as there are not enough pairs
[M::mem_process_seqs] Processed 645612 reads in 828.608 CPU sec, 106.252 real sec
[M::process] 0 single-end sequences; 645532 paired-end sequences
[M::process] read 645524 sequences (80000030 bp)...
[M::mem_pestat] # candidate unique pairs for (FF, FR, RF, RR): (0, 244112, 2, 0)
[M::mem_pestat] skip orientation FF as there are not enough pairs
[M::mem_pestat] analyzing insert size distribution for orientation FR...
[M::mem_pestat] (25, 50, 75) percentile: (174, 198, 227)
[M::mem_pestat] low and high boundaries for computing mean and std.dev: (68, 333)
[M::mem_pestat] mean and std.dev: (201.03, 36.54)
[M::mem_pestat] low and high boundaries for proper pairs: (15, 386)
[M::mem_pestat] skip orientation RF as there are not enough pairs
[M::mem_pestat] skip orientation RR as there are not enough pairs
[M::mem_process_seqs] Processed 645532 reads in 831.502 CPU sec, 106.583 real sec
[M::process] 0 single-end sequences; 645524 paired-end sequences
[M::process] read 645608 sequences (80000113 bp)...
[M::mem_pestat] # candidate unique pairs for (FF, FR, RF, RR): (0, 243831, 8, 0)
[M::mem_pestat] skip orientation FF as there are not enough pairs
[M::mem_pestat] analyzing insert size distribution for orientation FR...
[M::mem_pestat] (25, 50, 75) percentile: (174, 198, 226)
[M::mem_pestat] low and high boundaries for computing mean and std.dev: (70, 330)
[M::mem_pestat] mean and std.dev: (200.85, 36.44)
[M::mem_pestat] low and high boundaries for proper pairs: (18, 382)
[M::mem_pestat] skip orientation RF as there are not enough pairs
[M::mem_pestat] skip orientation RR as there are not enough pairs
[M::mem_process_seqs] Processed 645524 reads in 842.974 CPU sec, 108.056 real sec
[M::process] 0 single-end sequences; 645608 paired-end sequences
[M::process] read 645988 sequences (80000028 bp)...
[M::mem_pestat] # candidate unique pairs for (FF, FR, RF, RR): (0, 242124, 7, 0)
[M::mem_pestat] skip orientation FF as there are not enough pairs
[M::mem_pestat] analyzing insert size distribution for orientation FR...
[M::mem_pestat] (25, 50, 75) percentile: (174, 198, 226)
[M::mem_pestat] low and high boundaries for computing mean and std.dev: (70, 330)
[M::mem_pestat] mean and std.dev: (200.71, 36.49)
[M::mem_pestat] low and high boundaries for proper pairs: (18, 382)
[M::mem_pestat] skip orientation RF as there are not enough pairs
[M::mem_pestat] skip orientation RR as there are not enough pairs
[M::mem_process_seqs] Processed 645608 reads in 865.457 CPU sec, 110.861 real sec
[M::process] 0 single-end sequences; 645988 paired-end sequences
[M::process] read 646408 sequences (80000119 bp)...
[M::mem_pestat] # candidate unique pairs for (FF, FR, RF, RR): (0, 241673, 3, 0)
[M::mem_pestat] skip orientation FF as there are not enough pairs
[M::mem_pestat] analyzing insert size distribution for orientation FR...
[M::mem_pestat] (25, 50, 75) percentile: (174, 198, 226)
[M::mem_pestat] low and high boundaries for computing mean and std.dev: (70, 330)
[M::mem_pestat] mean and std.dev: (200.62, 36.43)
[M::mem_pestat] low and high boundaries for proper pairs: (18, 382)
[M::mem_pestat] skip orientation RF as there are not enough pairs
[M::mem_pestat] skip orientation RR as there are not enough pairs
[M::mem_process_seqs] Processed 645988 reads in 881.724 CPU sec, 112.910 real sec
[M::process] 0 single-end sequences; 646408 paired-end sequences
[M::process] read 645676 sequences (80000176 bp)...
[M::mem_pestat] # candidate unique pairs for (FF, FR, RF, RR): (0, 241732, 3, 0)
[M::mem_pestat] skip orientation FF as there are not enough pairs
[M::mem_pestat] analyzing insert size distribution for orientation FR...
[M::mem_pestat] (25, 50, 75) percentile: (174, 198, 226)
[M::mem_pestat] low and high boundaries for computing mean and std.dev: (70, 330)
[M::mem_pestat] mean and std.dev: (200.59, 36.51)
[M::mem_pestat] low and high boundaries for proper pairs: (18, 382)
[M::mem_pestat] skip orientation RF as there are not enough pairs
[M::mem_pestat] skip orientation RR as there are not enough pairs
[M::mem_process_seqs] Processed 646408 reads in 872.828 CPU sec, 111.778 real sec
[M::process] 0 single-end sequences; 645676 paired-end sequences
[M::process] read 645408 sequences (80000225 bp)...
[M::mem_pestat] # candidate unique pairs for (FF, FR, RF, RR): (0, 244151, 2, 0)
[M::mem_pestat] skip orientation FF as there are not enough pairs
[M::mem_pestat] analyzing insert size distribution for orientation FR...
[M::mem_pestat] (25, 50, 75) percentile: (174, 198, 226)
[M::mem_pestat] low and high boundaries for computing mean and std.dev: (70, 330)
[M::mem_pestat] mean and std.dev: (200.94, 36.45)
[M::mem_pestat] low and high boundaries for proper pairs: (18, 382)
[M::mem_pestat] skip orientation RF as there are not enough pairs
[M::mem_pestat] skip orientation RR as there are not enough pairs
[M::mem_process_seqs] Processed 645676 reads in 824.487 CPU sec, 105.723 real sec
[M::process] 0 single-end sequences; 645408 paired-end sequences
[M::process] read 645374 sequences (80000111 bp)...
[M::mem_pestat] # candidate unique pairs for (FF, FR, RF, RR): (0, 244323, 3, 0)
[M::mem_pestat] skip orientation FF as there are not enough pairs
[M::mem_pestat] analyzing insert size distribution for orientation FR...
[M::mem_pestat] (25, 50, 75) percentile: (174, 198, 226)
[M::mem_pestat] low and high boundaries for computing mean and std.dev: (70, 330)
[M::mem_pestat] mean and std.dev: (200.89, 36.48)
[M::mem_pestat] low and high boundaries for proper pairs: (18, 382)
[M::mem_pestat] skip orientation RF as there are not enough pairs
[M::mem_pestat] skip orientation RR as there are not enough pairs
[M::mem_process_seqs] Processed 645408 reads in 832.368 CPU sec, 106.681 real sec
[M::process] 0 single-end sequences; 645374 paired-end sequences
[M::process] read 645428 sequences (80000008 bp)...
[M::mem_pestat] # candidate unique pairs for (FF, FR, RF, RR): (0, 244339, 5, 0)
[M::mem_pestat] skip orientation FF as there are not enough pairs
[M::mem_pestat] analyzing insert size distribution for orientation FR...
[M::mem_pestat] (25, 50, 75) percentile: (174, 198, 226)
[M::mem_pestat] low and high boundaries for computing mean and std.dev: (70, 330)
[M::mem_pestat] mean and std.dev: (200.87, 36.45)
[M::mem_pestat] low and high boundaries for proper pairs: (18, 382)
[M::mem_pestat] skip orientation RF as there are not enough pairs
[M::mem_pestat] skip orientation RR as there are not enough pairs
[M::mem_process_seqs] Processed 645374 reads in 826.346 CPU sec, 105.939 real sec
[M::process] 0 single-end sequences; 645428 paired-end sequences
[M::process] read 645616 sequences (80000033 bp)...
[M::mem_pestat] # candidate unique pairs for (FF, FR, RF, RR): (0, 243216, 2, 0)
[M::mem_pestat] skip orientation FF as there are not enough pairs
[M::mem_pestat] analyzing insert size distribution for orientation FR...
[M::mem_pestat] (25, 50, 75) percentile: (174, 198, 226)
[M::mem_pestat] low and high boundaries for computing mean and std.dev: (70, 330)
[M::mem_pestat] mean and std.dev: (200.88, 36.42)
[M::mem_pestat] low and high boundaries for proper pairs: (18, 382)
[M::mem_pestat] skip orientation RF as there are not enough pairs
[M::mem_pestat] skip orientation RR as there are not enough pairs
[M::mem_process_seqs] Processed 645428 reads in 858.441 CPU sec, 110.054 real sec
[M::process] 0 single-end sequences; 645616 paired-end sequences
[M::process] read 646038 sequences (80000047 bp)...
[M::mem_pestat] # candidate unique pairs for (FF, FR, RF, RR): (0, 241995, 3, 0)
[M::mem_pestat] skip orientation FF as there are not enough pairs
[M::mem_pestat] analyzing insert size distribution for orientation FR...
[M::mem_pestat] (25, 50, 75) percentile: (174, 198, 226)
[M::mem_pestat] low and high boundaries for computing mean and std.dev: (70, 330)
[M::mem_pestat] mean and std.dev: (200.70, 36.46)
[M::mem_pestat] low and high boundaries for proper pairs: (18, 382)
[M::mem_pestat] skip orientation RF as there are not enough pairs
[M::mem_pestat] skip orientation RR as there are not enough pairs
[M::mem_process_seqs] Processed 645616 reads in 912.971 CPU sec, 116.829 real sec
[M::process] 0 single-end sequences; 646038 paired-end sequences
[M::process] read 646214 sequences (80000107 bp)...
[M::mem_pestat] # candidate unique pairs for (FF, FR, RF, RR): (0, 241878, 0, 0)
[M::mem_pestat] skip orientation FF as there are not enough pairs
[M::mem_pestat] analyzing insert size distribution for orientation FR...
[M::mem_pestat] (25, 50, 75) percentile: (174, 198, 226)
[M::mem_pestat] low and high boundaries for computing mean and std.dev: (70, 330)
[M::mem_pestat] mean and std.dev: (200.53, 36.38)
[M::mem_pestat] low and high boundaries for proper pairs: (18, 382)
[M::mem_pestat] skip orientation RF as there are not enough pairs
[M::mem_pestat] skip orientation RR as there are not enough pairs
[M::mem_process_seqs] Processed 646038 reads in 896.857 CPU sec, 114.783 real sec
[M::process] 0 single-end sequences; 646214 paired-end sequences
[M::process] read 645646 sequences (80000090 bp)...
[M::mem_pestat] # candidate unique pairs for (FF, FR, RF, RR): (0, 243080, 6, 0)
[M::mem_pestat] skip orientation FF as there are not enough pairs
[M::mem_pestat] analyzing insert size distribution for orientation FR...
[M::mem_pestat] (25, 50, 75) percentile: (174, 198, 226)
[M::mem_pestat] low and high boundaries for computing mean and std.dev: (70, 330)
[M::mem_pestat] mean and std.dev: (200.56, 36.39)
[M::mem_pestat] low and high boundaries for proper pairs: (18, 382)
[M::mem_pestat] skip orientation RF as there are not enough pairs
[M::mem_pestat] skip orientation RR as there are not enough pairs
[M::mem_process_seqs] Processed 646214 reads in 880.392 CPU sec, 112.769 real sec
[M::process] 0 single-end sequences; 645646 paired-end sequences
[M::process] read 645608 sequences (80000091 bp)...
[M::mem_pestat] # candidate unique pairs for (FF, FR, RF, RR): (0, 243746, 4, 0)
[M::mem_pestat] skip orientation FF as there are not enough pairs
[M::mem_pestat] analyzing insert size distribution for orientation FR...
[M::mem_pestat] (25, 50, 75) percentile: (174, 198, 227)
[M::mem_pestat] low and high boundaries for computing mean and std.dev: (68, 333)
[M::mem_pestat] mean and std.dev: (201.13, 36.46)
[M::mem_pestat] low and high boundaries for proper pairs: (15, 386)
[M::mem_pestat] skip orientation RF as there are not enough pairs
[M::mem_pestat] skip orientation RR as there are not enough pairs
[M::mem_process_seqs] Processed 645646 reads in 936.988 CPU sec, 119.797 real sec
[M::process] 0 single-end sequences; 645608 paired-end sequences
[M::process] read 645522 sequences (80000075 bp)...
[M::mem_pestat] # candidate unique pairs for (FF, FR, RF, RR): (0, 244106, 2, 0)
[M::mem_pestat] skip orientation FF as there are not enough pairs
[M::mem_pestat] analyzing insert size distribution for orientation FR...
[M::mem_pestat] (25, 50, 75) percentile: (174, 198, 227)
[M::mem_pestat] low and high boundaries for computing mean and std.dev: (68, 333)
[M::mem_pestat] mean and std.dev: (201.10, 36.42)
[M::mem_pestat] low and high boundaries for proper pairs: (15, 386)
[M::mem_pestat] skip orientation RF as there are not enough pairs
[M::mem_pestat] skip orientation RR as there are not enough pairs
[M::mem_process_seqs] Processed 645608 reads in 851.715 CPU sec, 109.128 real sec
[M::process] 0 single-end sequences; 645522 paired-end sequences
[M::process] read 645662 sequences (80000140 bp)...
[M::mem_pestat] # candidate unique pairs for (FF, FR, RF, RR): (0, 243363, 4, 0)
[M::mem_pestat] skip orientation FF as there are not enough pairs
[M::mem_pestat] analyzing insert size distribution for orientation FR...
[M::mem_pestat] (25, 50, 75) percentile: (174, 198, 226)
[M::mem_pestat] low and high boundaries for computing mean and std.dev: (70, 330)
[M::mem_pestat] mean and std.dev: (200.89, 36.36)
[M::mem_pestat] low and high boundaries for proper pairs: (18, 382)
[M::mem_pestat] skip orientation RF as there are not enough pairs
[M::mem_pestat] skip orientation RR as there are not enough pairs
[M::mem_process_seqs] Processed 645522 reads in 856.178 CPU sec, 109.698 real sec
[M::process] 0 single-end sequences; 645662 paired-end sequences
[M::process] read 645938 sequences (80000036 bp)...
[M::mem_pestat] # candidate unique pairs for (FF, FR, RF, RR): (0, 242117, 4, 0)
[M::mem_pestat] skip orientation FF as there are not enough pairs
[M::mem_pestat] analyzing insert size distribution for orientation FR...
[M::mem_pestat] (25, 50, 75) percentile: (174, 198, 226)
[M::mem_pestat] low and high boundaries for computing mean and std.dev: (70, 330)
[M::mem_pestat] mean and std.dev: (200.85, 36.42)
[M::mem_pestat] low and high boundaries for proper pairs: (18, 382)
[M::mem_pestat] skip orientation RF as there are not enough pairs
[M::mem_pestat] skip orientation RR as there are not enough pairs
[M::mem_process_seqs] Processed 645662 reads in 915.633 CPU sec, 117.157 real sec
[M::process] 0 single-end sequences; 645938 paired-end sequences
[M::process] read 646816 sequences (80000200 bp)...
[M::mem_pestat] # candidate unique pairs for (FF, FR, RF, RR): (0, 241015, 2, 0)
[M::mem_pestat] skip orientation FF as there are not enough pairs
[M::mem_pestat] analyzing insert size distribution for orientation FR...
[M::mem_pestat] (25, 50, 75) percentile: (174, 198, 226)
[M::mem_pestat] low and high boundaries for computing mean and std.dev: (70, 330)
[M::mem_pestat] mean and std.dev: (200.84, 36.42)
[M::mem_pestat] low and high boundaries for proper pairs: (18, 382)
[M::mem_pestat] skip orientation RF as there are not enough pairs
[M::mem_pestat] skip orientation RR as there are not enough pairs
[M::mem_process_seqs] Processed 645938 reads in 997.003 CPU sec, 127.312 real sec
[M::process] 0 single-end sequences; 646816 paired-end sequences
[M::process] read 645796 sequences (80000168 bp)...
[M::mem_pestat] # candidate unique pairs for (FF, FR, RF, RR): (0, 241610, 4, 0)
[M::mem_pestat] skip orientation FF as there are not enough pairs
[M::mem_pestat] analyzing insert size distribution for orientation FR...
[M::mem_pestat] (25, 50, 75) percentile: (174, 198, 226)
[M::mem_pestat] low and high boundaries for computing mean and std.dev: (70, 330)
[M::mem_pestat] mean and std.dev: (200.63, 36.40)
[M::mem_pestat] low and high boundaries for proper pairs: (18, 382)
[M::mem_pestat] skip orientation RF as there are not enough pairs
[M::mem_pestat] skip orientation RR as there are not enough pairs
[M::mem_process_seqs] Processed 646816 reads in 894.489 CPU sec, 114.525 real sec
[M::process] 0 single-end sequences; 645796 paired-end sequences
[M::process] read 645600 sequences (80000114 bp)...
[M::mem_pestat] # candidate unique pairs for (FF, FR, RF, RR): (0, 243910, 2, 0)
[M::mem_pestat] skip orientation FF as there are not enough pairs
[M::mem_pestat] analyzing insert size distribution for orientation FR...
[M::mem_pestat] (25, 50, 75) percentile: (174, 198, 227)
[M::mem_pestat] low and high boundaries for computing mean and std.dev: (68, 333)
[M::mem_pestat] mean and std.dev: (201.06, 36.57)
[M::mem_pestat] low and high boundaries for proper pairs: (15, 386)
[M::mem_pestat] skip orientation RF as there are not enough pairs
[M::mem_pestat] skip orientation RR as there are not enough pairs
[M::mem_process_seqs] Processed 645796 reads in 823.140 CPU sec, 105.530 real sec
[M::process] 0 single-end sequences; 645600 paired-end sequences
[M::process] read 645552 sequences (80000034 bp)...
[M::mem_pestat] # candidate unique pairs for (FF, FR, RF, RR): (0, 245044, 1, 0)
[M::mem_pestat] skip orientation FF as there are not enough pairs
[M::mem_pestat] analyzing insert size distribution for orientation FR...
[M::mem_pestat] (25, 50, 75) percentile: (174, 198, 227)
[M::mem_pestat] low and high boundaries for computing mean and std.dev: (68, 333)
[M::mem_pestat] mean and std.dev: (201.08, 36.46)
[M::mem_pestat] low and high boundaries for proper pairs: (15, 386)
[M::mem_pestat] skip orientation RF as there are not enough pairs
[M::mem_pestat] skip orientation RR as there are not enough pairs
[M::mem_process_seqs] Processed 645600 reads in 807.128 CPU sec, 103.565 real sec
[M::process] 0 single-end sequences; 645552 paired-end sequences
[M::process] read 645548 sequences (80000156 bp)...
[M::mem_pestat] # candidate unique pairs for (FF, FR, RF, RR): (0, 244656, 2, 0)
[M::mem_pestat] skip orientation FF as there are not enough pairs
[M::mem_pestat] analyzing insert size distribution for orientation FR...
[M::mem_pestat] (25, 50, 75) percentile: (174, 198, 227)
[M::mem_pestat] low and high boundaries for computing mean and std.dev: (68, 333)
[M::mem_pestat] mean and std.dev: (200.98, 36.48)
[M::mem_pestat] low and high boundaries for proper pairs: (15, 386)
[M::mem_pestat] skip orientation RF as there are not enough pairs
[M::mem_pestat] skip orientation RR as there are not enough pairs
[M::mem_process_seqs] Processed 645552 reads in 810.600 CPU sec, 103.999 real sec
[M::process] 0 single-end sequences; 645548 paired-end sequences
[M::process] read 645634 sequences (80000169 bp)...
[M::mem_pestat] # candidate unique pairs for (FF, FR, RF, RR): (0, 243727, 3, 0)
[M::mem_pestat] skip orientation FF as there are not enough pairs
[M::mem_pestat] analyzing insert size distribution for orientation FR...
[M::mem_pestat] (25, 50, 75) percentile: (174, 198, 226)
[M::mem_pestat] low and high boundaries for computing mean and std.dev: (70, 330)
[M::mem_pestat] mean and std.dev: (200.86, 36.49)
[M::mem_pestat] low and high boundaries for proper pairs: (18, 382)
[M::mem_pestat] skip orientation RF as there are not enough pairs
[M::mem_pestat] skip orientation RR as there are not enough pairs
[M::mem_process_seqs] Processed 645548 reads in 829.728 CPU sec, 106.383 real sec
[M::process] 0 single-end sequences; 645634 paired-end sequences
[M::process] read 645902 sequences (80000176 bp)...
[M::mem_pestat] # candidate unique pairs for (FF, FR, RF, RR): (0, 243443, 3, 0)
[M::mem_pestat] skip orientation FF as there are not enough pairs
[M::mem_pestat] analyzing insert size distribution for orientation FR...
[M::mem_pestat] (25, 50, 75) percentile: (174, 198, 226)
[M::mem_pestat] low and high boundaries for computing mean and std.dev: (70, 330)
[M::mem_pestat] mean and std.dev: (200.72, 36.41)
[M::mem_pestat] low and high boundaries for proper pairs: (18, 382)
[M::mem_pestat] skip orientation RF as there are not enough pairs
[M::mem_pestat] skip orientation RR as there are not enough pairs
[M::mem_process_seqs] Processed 645634 reads in 844.760 CPU sec, 108.271 real sec
[M::process] 0 single-end sequences; 645902 paired-end sequences
[M::process] read 646004 sequences (80000102 bp)...
[M::mem_pestat] # candidate unique pairs for (FF, FR, RF, RR): (0, 241876, 2, 0)
[M::mem_pestat] skip orientation FF as there are not enough pairs
[M::mem_pestat] analyzing insert size distribution for orientation FR...
[M::mem_pestat] (25, 50, 75) percentile: (174, 198, 226)
[M::mem_pestat] low and high boundaries for computing mean and std.dev: (70, 330)
[M::mem_pestat] mean and std.dev: (200.65, 36.50)
[M::mem_pestat] low and high boundaries for proper pairs: (18, 382)
[M::mem_pestat] skip orientation RF as there are not enough pairs
[M::mem_pestat] skip orientation RR as there are not enough pairs
[M::mem_process_seqs] Processed 645902 reads in 867.868 CPU sec, 111.154 real sec
[M::process] 0 single-end sequences; 646004 paired-end sequences
[M::process] read 645710 sequences (80000049 bp)...
[M::mem_pestat] # candidate unique pairs for (FF, FR, RF, RR): (0, 241817, 7, 0)
[M::mem_pestat] skip orientation FF as there are not enough pairs
[M::mem_pestat] analyzing insert size distribution for orientation FR...
[M::mem_pestat] (25, 50, 75) percentile: (174, 197, 226)
[M::mem_pestat] low and high boundaries for computing mean and std.dev: (70, 330)
[M::mem_pestat] mean and std.dev: (200.52, 36.44)
[M::mem_pestat] low and high boundaries for proper pairs: (18, 382)
[M::mem_pestat] skip orientation RF as there are not enough pairs
[M::mem_pestat] skip orientation RR as there are not enough pairs
[M::mem_process_seqs] Processed 646004 reads in 865.814 CPU sec, 110.942 real sec
[M::process] 0 single-end sequences; 645710 paired-end sequences
[M::process] read 645560 sequences (80000149 bp)...
[M::mem_pestat] # candidate unique pairs for (FF, FR, RF, RR): (0, 244700, 3, 0)
[M::mem_pestat] skip orientation FF as there are not enough pairs
[M::mem_pestat] analyzing insert size distribution for orientation FR...
[M::mem_pestat] (25, 50, 75) percentile: (174, 198, 226)
[M::mem_pestat] low and high boundaries for computing mean and std.dev: (70, 330)
[M::mem_pestat] mean and std.dev: (200.87, 36.48)
[M::mem_pestat] low and high boundaries for proper pairs: (18, 382)
[M::mem_pestat] skip orientation RF as there are not enough pairs
[M::mem_pestat] skip orientation RR as there are not enough pairs
[M::mem_process_seqs] Processed 645710 reads in 807.064 CPU sec, 103.508 real sec
[M::process] 0 single-end sequences; 645560 paired-end sequences
[M::process] read 645496 sequences (80000132 bp)...
[M::mem_pestat] # candidate unique pairs for (FF, FR, RF, RR): (0, 245826, 3, 0)
[M::mem_pestat] skip orientation FF as there are not enough pairs
[M::mem_pestat] analyzing insert size distribution for orientation FR...
[M::mem_pestat] (25, 50, 75) percentile: (174, 198, 226)
[M::mem_pestat] low and high boundaries for computing mean and std.dev: (70, 330)
[M::mem_pestat] mean and std.dev: (200.89, 36.41)
[M::mem_pestat] low and high boundaries for proper pairs: (18, 382)
[M::mem_pestat] skip orientation RF as there are not enough pairs
[M::mem_pestat] skip orientation RR as there are not enough pairs
[M::mem_process_seqs] Processed 645560 reads in 791.958 CPU sec, 101.699 real sec
[M::process] 0 single-end sequences; 645496 paired-end sequences
[M::process] read 645588 sequences (80000223 bp)...
[M::mem_pestat] # candidate unique pairs for (FF, FR, RF, RR): (0, 246007, 3, 0)
[M::mem_pestat] skip orientation FF as there are not enough pairs
[M::mem_pestat] analyzing insert size distribution for orientation FR...
[M::mem_pestat] (25, 50, 75) percentile: (174, 198, 226)
[M::mem_pestat] low and high boundaries for computing mean and std.dev: (70, 330)
[M::mem_pestat] mean and std.dev: (200.90, 36.48)
[M::mem_pestat] low and high boundaries for proper pairs: (18, 382)
[M::mem_pestat] skip orientation RF as there are not enough pairs
[M::mem_pestat] skip orientation RR as there are not enough pairs
[M::mem_process_seqs] Processed 645496 reads in 792.205 CPU sec, 101.677 real sec
[M::process] 0 single-end sequences; 645588 paired-end sequences
[M::process] read 645648 sequences (80000135 bp)...
[M::mem_pestat] # candidate unique pairs for (FF, FR, RF, RR): (0, 244966, 1, 0)
[M::mem_pestat] skip orientation FF as there are not enough pairs
[M::mem_pestat] analyzing insert size distribution for orientation FR...
[M::mem_pestat] (25, 50, 75) percentile: (174, 198, 226)
[M::mem_pestat] low and high boundaries for computing mean and std.dev: (70, 330)
[M::mem_pestat] mean and std.dev: (200.65, 36.47)
[M::mem_pestat] low and high boundaries for proper pairs: (18, 382)
[M::mem_pestat] skip orientation RF as there are not enough pairs
[M::mem_pestat] skip orientation RR as there are not enough pairs
[M::mem_process_seqs] Processed 645588 reads in 811.444 CPU sec, 104.089 real sec
[M::process] 0 single-end sequences; 645648 paired-end sequences
[M::process] read 645880 sequences (80000240 bp)...
[M::mem_pestat] # candidate unique pairs for (FF, FR, RF, RR): (0, 243595, 4, 0)
[M::mem_pestat] skip orientation FF as there are not enough pairs
[M::mem_pestat] analyzing insert size distribution for orientation FR...
[M::mem_pestat] (25, 50, 75) percentile: (174, 198, 226)
[M::mem_pestat] low and high boundaries for computing mean and std.dev: (70, 330)
[M::mem_pestat] mean and std.dev: (200.64, 36.44)
[M::mem_pestat] low and high boundaries for proper pairs: (18, 382)
[M::mem_pestat] skip orientation RF as there are not enough pairs
[M::mem_pestat] skip orientation RR as there are not enough pairs
[M::mem_process_seqs] Processed 645648 reads in 842.088 CPU sec, 109.341 real sec
[M::process] 0 single-end sequences; 645880 paired-end sequences
[M::process] read 646176 sequences (80000102 bp)...
[M::mem_pestat] # candidate unique pairs for (FF, FR, RF, RR): (0, 242610, 8, 0)
[M::mem_pestat] skip orientation FF as there are not enough pairs
[M::mem_pestat] analyzing insert size distribution for orientation FR...
[M::mem_pestat] (25, 50, 75) percentile: (174, 198, 226)
[M::mem_pestat] low and high boundaries for computing mean and std.dev: (70, 330)
[M::mem_pestat] mean and std.dev: (200.66, 36.41)
[M::mem_pestat] low and high boundaries for proper pairs: (18, 382)
[M::mem_pestat] skip orientation RF as there are not enough pairs
[M::mem_pestat] skip orientation RR as there are not enough pairs
[M::mem_process_seqs] Processed 645880 reads in 856.277 CPU sec, 110.158 real sec
[M::process] 0 single-end sequences; 646176 paired-end sequences
[M::process] read 645628 sequences (80000130 bp)...
[M::mem_pestat] # candidate unique pairs for (FF, FR, RF, RR): (0, 242492, 4, 0)
[M::mem_pestat] skip orientation FF as there are not enough pairs
[M::mem_pestat] analyzing insert size distribution for orientation FR...
[M::mem_pestat] (25, 50, 75) percentile: (174, 198, 226)
[M::mem_pestat] low and high boundaries for computing mean and std.dev: (70, 330)
[M::mem_pestat] mean and std.dev: (200.61, 36.45)
[M::mem_pestat] low and high boundaries for proper pairs: (18, 382)
[M::mem_pestat] skip orientation RF as there are not enough pairs
[M::mem_pestat] skip orientation RR as there are not enough pairs
[M::mem_process_seqs] Processed 646176 reads in 859.779 CPU sec, 110.172 real sec
[M::process] 0 single-end sequences; 645628 paired-end sequences
[M::process] read 645550 sequences (80000003 bp)...
[M::mem_pestat] # candidate unique pairs for (FF, FR, RF, RR): (0, 244131, 3, 0)
[M::mem_pestat] skip orientation FF as there are not enough pairs
[M::mem_pestat] analyzing insert size distribution for orientation FR...
[M::mem_pestat] (25, 50, 75) percentile: (174, 198, 227)
[M::mem_pestat] low and high boundaries for computing mean and std.dev: (68, 333)
[M::mem_pestat] mean and std.dev: (201.03, 36.45)
[M::mem_pestat] low and high boundaries for proper pairs: (15, 386)
[M::mem_pestat] skip orientation RF as there are not enough pairs
[M::mem_pestat] skip orientation RR as there are not enough pairs
[M::mem_process_seqs] Processed 645628 reads in 815.438 CPU sec, 104.588 real sec
[M::process] 0 single-end sequences; 645550 paired-end sequences
[M::process] read 645540 sequences (80000189 bp)...
[M::mem_pestat] # candidate unique pairs for (FF, FR, RF, RR): (0, 244717, 5, 0)
[M::mem_pestat] skip orientation FF as there are not enough pairs
[M::mem_pestat] analyzing insert size distribution for orientation FR...
[M::mem_pestat] (25, 50, 75) percentile: (174, 198, 227)
[M::mem_pestat] low and high boundaries for computing mean and std.dev: (68, 333)
[M::mem_pestat] mean and std.dev: (201.19, 36.54)
[M::mem_pestat] low and high boundaries for proper pairs: (15, 386)
[M::mem_pestat] skip orientation RF as there are not enough pairs
[M::mem_pestat] skip orientation RR as there are not enough pairs
[M::mem_process_seqs] Processed 645550 reads in 806.837 CPU sec, 103.540 real sec
[M::process] 0 single-end sequences; 645540 paired-end sequences
[M::process] read 645644 sequences (80000041 bp)...
[M::mem_pestat] # candidate unique pairs for (FF, FR, RF, RR): (0, 244357, 3, 0)
[M::mem_pestat] skip orientation FF as there are not enough pairs
[M::mem_pestat] analyzing insert size distribution for orientation FR...
[M::mem_pestat] (25, 50, 75) percentile: (174, 198, 227)
[M::mem_pestat] low and high boundaries for computing mean and std.dev: (68, 333)
[M::mem_pestat] mean and std.dev: (201.17, 36.48)
[M::mem_pestat] low and high boundaries for proper pairs: (15, 386)
[M::mem_pestat] skip orientation RF as there are not enough pairs
[M::mem_pestat] skip orientation RR as there are not enough pairs
[M::mem_process_seqs] Processed 645540 reads in 819.852 CPU sec, 105.160 real sec
[M::process] 0 single-end sequences; 645644 paired-end sequences
[M::process] read 645734 sequences (80000169 bp)...
[M::mem_pestat] # candidate unique pairs for (FF, FR, RF, RR): (0, 244415, 5, 0)
[M::mem_pestat] skip orientation FF as there are not enough pairs
[M::mem_pestat] analyzing insert size distribution for orientation FR...
[M::mem_pestat] (25, 50, 75) percentile: (174, 198, 227)
[M::mem_pestat] low and high boundaries for computing mean and std.dev: (68, 333)
[M::mem_pestat] mean and std.dev: (201.08, 36.48)
[M::mem_pestat] low and high boundaries for proper pairs: (15, 386)
[M::mem_pestat] skip orientation RF as there are not enough pairs
[M::mem_pestat] skip orientation RR as there are not enough pairs
[M::mem_process_seqs] Processed 645644 reads in 828.705 CPU sec, 106.267 real sec
[M::process] 0 single-end sequences; 645734 paired-end sequences
[M::process] read 645932 sequences (80000086 bp)...
[M::mem_pestat] # candidate unique pairs for (FF, FR, RF, RR): (0, 243068, 3, 0)
[M::mem_pestat] skip orientation FF as there are not enough pairs
[M::mem_pestat] analyzing insert size distribution for orientation FR...
[M::mem_pestat] (25, 50, 75) percentile: (174, 198, 226)
[M::mem_pestat] low and high boundaries for computing mean and std.dev: (70, 330)
[M::mem_pestat] mean and std.dev: (200.93, 36.49)
[M::mem_pestat] low and high boundaries for proper pairs: (18, 382)
[M::mem_pestat] skip orientation RF as there are not enough pairs
[M::mem_pestat] skip orientation RR as there are not enough pairs
[M::mem_process_seqs] Processed 645734 reads in 852.956 CPU sec, 109.310 real sec
[M::process] 0 single-end sequences; 645932 paired-end sequences
[M::process] read 646058 sequences (80000174 bp)...
[M::mem_pestat] # candidate unique pairs for (FF, FR, RF, RR): (0, 241948, 2, 0)
[M::mem_pestat] skip orientation FF as there are not enough pairs
[M::mem_pestat] analyzing insert size distribution for orientation FR...
[M::mem_pestat] (25, 50, 75) percentile: (174, 198, 226)
[M::mem_pestat] low and high boundaries for computing mean and std.dev: (70, 330)
[M::mem_pestat] mean and std.dev: (200.83, 36.47)
[M::mem_pestat] low and high boundaries for proper pairs: (18, 382)
[M::mem_pestat] skip orientation RF as there are not enough pairs
[M::mem_pestat] skip orientation RR as there are not enough pairs
[M::mem_process_seqs] Processed 645932 reads in 868.783 CPU sec, 111.291 real sec
[M::process] 0 single-end sequences; 646058 paired-end sequences
[M::process] read 645752 sequences (80000227 bp)...
[M::mem_pestat] # candidate unique pairs for (FF, FR, RF, RR): (0, 241411, 4, 1)
[M::mem_pestat] skip orientation FF as there are not enough pairs
[M::mem_pestat] analyzing insert size distribution for orientation FR...
[M::mem_pestat] (25, 50, 75) percentile: (174, 198, 226)
[M::mem_pestat] low and high boundaries for computing mean and std.dev: (70, 330)
[M::mem_pestat] mean and std.dev: (200.72, 36.51)
[M::mem_pestat] low and high boundaries for proper pairs: (18, 382)
[M::mem_pestat] skip orientation RF as there are not enough pairs
[M::mem_pestat] skip orientation RR as there are not enough pairs
[M::mem_process_seqs] Processed 646058 reads in 870.081 CPU sec, 111.426 real sec
[M::process] 0 single-end sequences; 645752 paired-end sequences
[M::process] read 645754 sequences (80000031 bp)...
[M::mem_pestat] # candidate unique pairs for (FF, FR, RF, RR): (0, 244241, 4, 0)
[M::mem_pestat] skip orientation FF as there are not enough pairs
[M::mem_pestat] analyzing insert size distribution for orientation FR...
[M::mem_pestat] (25, 50, 75) percentile: (174, 198, 226)
[M::mem_pestat] low and high boundaries for computing mean and std.dev: (70, 330)
[M::mem_pestat] mean and std.dev: (200.93, 36.39)
[M::mem_pestat] low and high boundaries for proper pairs: (18, 382)
[M::mem_pestat] skip orientation RF as there are not enough pairs
[M::mem_pestat] skip orientation RR as there are not enough pairs
[M::mem_process_seqs] Processed 645752 reads in 827.696 CPU sec, 106.126 real sec
[M::process] 0 single-end sequences; 645754 paired-end sequences
[M::process] read 645594 sequences (80000077 bp)...
[M::mem_pestat] # candidate unique pairs for (FF, FR, RF, RR): (0, 244503, 3, 0)
[M::mem_pestat] skip orientation FF as there are not enough pairs
[M::mem_pestat] analyzing insert size distribution for orientation FR...
[M::mem_pestat] (25, 50, 75) percentile: (174, 198, 226)
[M::mem_pestat] low and high boundaries for computing mean and std.dev: (70, 330)
[M::mem_pestat] mean and std.dev: (200.94, 36.41)
[M::mem_pestat] low and high boundaries for proper pairs: (18, 382)
[M::mem_pestat] skip orientation RF as there are not enough pairs
[M::mem_pestat] skip orientation RR as there are not enough pairs
[M::mem_process_seqs] Processed 645754 reads in 820.369 CPU sec, 105.210 real sec
[M::process] 0 single-end sequences; 645594 paired-end sequences
[M::process] read 645664 sequences (80000149 bp)...
[M::mem_pestat] # candidate unique pairs for (FF, FR, RF, RR): (0, 243593, 2, 0)
[M::mem_pestat] skip orientation FF as there are not enough pairs
[M::mem_pestat] analyzing insert size distribution for orientation FR...
[M::mem_pestat] (25, 50, 75) percentile: (174, 198, 226)
[M::mem_pestat] low and high boundaries for computing mean and std.dev: (70, 330)
[M::mem_pestat] mean and std.dev: (200.90, 36.48)
[M::mem_pestat] low and high boundaries for proper pairs: (18, 382)
[M::mem_pestat] skip orientation RF as there are not enough pairs
[M::mem_pestat] skip orientation RR as there are not enough pairs
[M::mem_process_seqs] Processed 645594 reads in 839.414 CPU sec, 107.582 real sec
[M::process] 0 single-end sequences; 645664 paired-end sequences
[M::process] read 645726 sequences (80000234 bp)...
[M::mem_pestat] # candidate unique pairs for (FF, FR, RF, RR): (0, 242743, 4, 0)
[M::mem_pestat] skip orientation FF as there are not enough pairs
[M::mem_pestat] analyzing insert size distribution for orientation FR...
[M::mem_pestat] (25, 50, 75) percentile: (174, 198, 226)
[M::mem_pestat] low and high boundaries for computing mean and std.dev: (70, 330)
[M::mem_pestat] mean and std.dev: (200.79, 36.42)
[M::mem_pestat] low and high boundaries for proper pairs: (18, 382)
[M::mem_pestat] skip orientation RF as there are not enough pairs
[M::mem_pestat] skip orientation RR as there are not enough pairs
[M::mem_process_seqs] Processed 645664 reads in 854.401 CPU sec, 109.475 real sec
[M::process] 0 single-end sequences; 645726 paired-end sequences
[M::process] read 646148 sequences (80000071 bp)...
[M::mem_pestat] # candidate unique pairs for (FF, FR, RF, RR): (0, 241184, 4, 0)
[M::mem_pestat] skip orientation FF as there are not enough pairs
[M::mem_pestat] analyzing insert size distribution for orientation FR...
[M::mem_pestat] (25, 50, 75) percentile: (174, 198, 226)
[M::mem_pestat] low and high boundaries for computing mean and std.dev: (70, 330)
[M::mem_pestat] mean and std.dev: (200.64, 36.39)
[M::mem_pestat] low and high boundaries for proper pairs: (18, 382)
[M::mem_pestat] skip orientation RF as there are not enough pairs
[M::mem_pestat] skip orientation RR as there are not enough pairs
[M::mem_process_seqs] Processed 645726 reads in 880.826 CPU sec, 112.782 real sec
[M::process] 0 single-end sequences; 646148 paired-end sequences
[M::process] read 646200 sequences (80000122 bp)...
[M::mem_pestat] # candidate unique pairs for (FF, FR, RF, RR): (0, 240358, 3, 0)
[M::mem_pestat] skip orientation FF as there are not enough pairs
[M::mem_pestat] analyzing insert size distribution for orientation FR...
[M::mem_pestat] (25, 50, 75) percentile: (174, 198, 226)
[M::mem_pestat] low and high boundaries for computing mean and std.dev: (70, 330)
[M::mem_pestat] mean and std.dev: (200.75, 36.49)
[M::mem_pestat] low and high boundaries for proper pairs: (18, 382)
[M::mem_pestat] skip orientation RF as there are not enough pairs
[M::mem_pestat] skip orientation RR as there are not enough pairs
[M::mem_process_seqs] Processed 646148 reads in 896.630 CPU sec, 114.764 real sec
[M::process] 0 single-end sequences; 646200 paired-end sequences
[M::process] read 645500 sequences (80000213 bp)...
[M::mem_pestat] # candidate unique pairs for (FF, FR, RF, RR): (0, 240201, 3, 0)
[M::mem_pestat] skip orientation FF as there are not enough pairs
[M::mem_pestat] analyzing insert size distribution for orientation FR...
[M::mem_pestat] (25, 50, 75) percentile: (174, 198, 226)
[M::mem_pestat] low and high boundaries for computing mean and std.dev: (70, 330)
[M::mem_pestat] mean and std.dev: (200.53, 36.41)
[M::mem_pestat] low and high boundaries for proper pairs: (18, 382)
[M::mem_pestat] skip orientation RF as there are not enough pairs
[M::mem_pestat] skip orientation RR as there are not enough pairs
[M::mem_process_seqs] Processed 646200 reads in 891.303 CPU sec, 114.126 real sec
[M::process] 0 single-end sequences; 645500 paired-end sequences
[M::process] read 645532 sequences (80000211 bp)...
[M::mem_pestat] # candidate unique pairs for (FF, FR, RF, RR): (0, 244621, 1, 0)
[M::mem_pestat] skip orientation FF as there are not enough pairs
[M::mem_pestat] analyzing insert size distribution for orientation FR...
[M::mem_pestat] (25, 50, 75) percentile: (174, 198, 226)
[M::mem_pestat] low and high boundaries for computing mean and std.dev: (70, 330)
[M::mem_pestat] mean and std.dev: (200.95, 36.54)
[M::mem_pestat] low and high boundaries for proper pairs: (18, 382)
[M::mem_pestat] skip orientation RF as there are not enough pairs
[M::mem_pestat] skip orientation RR as there are not enough pairs
[M::mem_process_seqs] Processed 645500 reads in 813.965 CPU sec, 104.449 real sec
[M::process] 0 single-end sequences; 645532 paired-end sequences
[M::process] read 645572 sequences (80000199 bp)...
[M::mem_pestat] # candidate unique pairs for (FF, FR, RF, RR): (0, 245019, 2, 0)
[M::mem_pestat] skip orientation FF as there are not enough pairs
[M::mem_pestat] analyzing insert size distribution for orientation FR...
[M::mem_pestat] (25, 50, 75) percentile: (174, 198, 226)
[M::mem_pestat] low and high boundaries for computing mean and std.dev: (70, 330)
[M::mem_pestat] mean and std.dev: (200.83, 36.47)
[M::mem_pestat] low and high boundaries for proper pairs: (18, 382)
[M::mem_pestat] skip orientation RF as there are not enough pairs
[M::mem_pestat] skip orientation RR as there are not enough pairs
[M::mem_process_seqs] Processed 645532 reads in 824.779 CPU sec, 105.749 real sec
[M::process] 0 single-end sequences; 645572 paired-end sequences
[M::process] read 645642 sequences (80000213 bp)...
[M::mem_pestat] # candidate unique pairs for (FF, FR, RF, RR): (0, 243999, 3, 0)
[M::mem_pestat] skip orientation FF as there are not enough pairs
[M::mem_pestat] analyzing insert size distribution for orientation FR...
[M::mem_pestat] (25, 50, 75) percentile: (174, 198, 226)
[M::mem_pestat] low and high boundaries for computing mean and std.dev: (70, 330)
[M::mem_pestat] mean and std.dev: (200.91, 36.43)
[M::mem_pestat] low and high boundaries for proper pairs: (18, 382)
[M::mem_pestat] skip orientation RF as there are not enough pairs
[M::mem_pestat] skip orientation RR as there are not enough pairs
[M::mem_process_seqs] Processed 645572 reads in 824.234 CPU sec, 105.749 real sec
[M::process] 0 single-end sequences; 645642 paired-end sequences
[M::process] read 645788 sequences (80000166 bp)...
[M::mem_pestat] # candidate unique pairs for (FF, FR, RF, RR): (0, 243054, 2, 0)
[M::mem_pestat] skip orientation FF as there are not enough pairs
[M::mem_pestat] analyzing insert size distribution for orientation FR...
[M::mem_pestat] (25, 50, 75) percentile: (174, 198, 226)
[M::mem_pestat] low and high boundaries for computing mean and std.dev: (70, 330)
[M::mem_pestat] mean and std.dev: (200.70, 36.41)
[M::mem_pestat] low and high boundaries for proper pairs: (18, 382)
[M::mem_pestat] skip orientation RF as there are not enough pairs
[M::mem_pestat] skip orientation RR as there are not enough pairs
[M::mem_process_seqs] Processed 645642 reads in 853.225 CPU sec, 109.309 real sec
[M::process] 0 single-end sequences; 645788 paired-end sequences
[M::process] read 646312 sequences (80000161 bp)...
[M::mem_pestat] # candidate unique pairs for (FF, FR, RF, RR): (0, 242144, 4, 0)
[M::mem_pestat] skip orientation FF as there are not enough pairs
[M::mem_pestat] analyzing insert size distribution for orientation FR...
[M::mem_pestat] (25, 50, 75) percentile: (174, 198, 226)
[M::mem_pestat] low and high boundaries for computing mean and std.dev: (70, 330)
[M::mem_pestat] mean and std.dev: (200.57, 36.39)
[M::mem_pestat] low and high boundaries for proper pairs: (18, 382)
[M::mem_pestat] skip orientation RF as there are not enough pairs
[M::mem_pestat] skip orientation RR as there are not enough pairs
[M::mem_process_seqs] Processed 645788 reads in 872.560 CPU sec, 111.761 real sec
[M::process] 0 single-end sequences; 646312 paired-end sequences
[M::process] read 646376 sequences (80000187 bp)...
[M::mem_pestat] # candidate unique pairs for (FF, FR, RF, RR): (0, 241233, 3, 0)
[M::mem_pestat] skip orientation FF as there are not enough pairs
[M::mem_pestat] analyzing insert size distribution for orientation FR...
[M::mem_pestat] (25, 50, 75) percentile: (174, 198, 226)
[M::mem_pestat] low and high boundaries for computing mean and std.dev: (70, 330)
[M::mem_pestat] mean and std.dev: (200.63, 36.50)
[M::mem_pestat] low and high boundaries for proper pairs: (18, 382)
[M::mem_pestat] skip orientation RF as there are not enough pairs
[M::mem_pestat] skip orientation RR as there are not enough pairs
[M::mem_process_seqs] Processed 646312 reads in 880.930 CPU sec, 112.787 real sec
[M::process] 0 single-end sequences; 646376 paired-end sequences
[M::process] read 645844 sequences (80000129 bp)...
[M::mem_pestat] # candidate unique pairs for (FF, FR, RF, RR): (0, 242924, 1, 0)
[M::mem_pestat] skip orientation FF as there are not enough pairs
[M::mem_pestat] analyzing insert size distribution for orientation FR...
[M::mem_pestat] (25, 50, 75) percentile: (174, 198, 226)
[M::mem_pestat] low and high boundaries for computing mean and std.dev: (70, 330)
[M::mem_pestat] mean and std.dev: (200.58, 36.38)
[M::mem_pestat] low and high boundaries for proper pairs: (18, 382)
[M::mem_pestat] skip orientation RF as there are not enough pairs
[M::mem_pestat] skip orientation RR as there are not enough pairs
[M::mem_process_seqs] Processed 646376 reads in 959.486 CPU sec, 122.680 real sec
[M::process] 0 single-end sequences; 645844 paired-end sequences
[M::process] read 645632 sequences (80000162 bp)...
[M::mem_pestat] # candidate unique pairs for (FF, FR, RF, RR): (0, 243577, 5, 0)
[M::mem_pestat] skip orientation FF as there are not enough pairs
[M::mem_pestat] analyzing insert size distribution for orientation FR...
[M::mem_pestat] (25, 50, 75) percentile: (174, 198, 227)
[M::mem_pestat] low and high boundaries for computing mean and std.dev: (68, 333)
[M::mem_pestat] mean and std.dev: (201.27, 36.55)
[M::mem_pestat] low and high boundaries for proper pairs: (15, 386)
[M::mem_pestat] skip orientation RF as there are not enough pairs
[M::mem_pestat] skip orientation RR as there are not enough pairs
[M::mem_process_seqs] Processed 645844 reads in 955.149 CPU sec, 122.103 real sec
[M::process] 0 single-end sequences; 645632 paired-end sequences
[M::process] read 645654 sequences (80000034 bp)...
[M::mem_pestat] # candidate unique pairs for (FF, FR, RF, RR): (0, 243610, 3, 0)
[M::mem_pestat] skip orientation FF as there are not enough pairs
[M::mem_pestat] analyzing insert size distribution for orientation FR...
[M::mem_pestat] (25, 50, 75) percentile: (174, 198, 226)
[M::mem_pestat] low and high boundaries for computing mean and std.dev: (70, 330)
[M::mem_pestat] mean and std.dev: (200.96, 36.45)
[M::mem_pestat] low and high boundaries for proper pairs: (18, 382)
[M::mem_pestat] skip orientation RF as there are not enough pairs
[M::mem_pestat] skip orientation RR as there are not enough pairs
[M::mem_process_seqs] Processed 645632 reads in 871.037 CPU sec, 111.588 real sec
[M::process] 0 single-end sequences; 645654 paired-end sequences
[M::process] read 645746 sequences (80000083 bp)...
[M::mem_pestat] # candidate unique pairs for (FF, FR, RF, RR): (0, 243567, 3, 0)
[M::mem_pestat] skip orientation FF as there are not enough pairs
[M::mem_pestat] analyzing insert size distribution for orientation FR...
[M::mem_pestat] (25, 50, 75) percentile: (174, 198, 226)
[M::mem_pestat] low and high boundaries for computing mean and std.dev: (70, 330)
[M::mem_pestat] mean and std.dev: (200.83, 36.48)
[M::mem_pestat] low and high boundaries for proper pairs: (18, 382)
[M::mem_pestat] skip orientation RF as there are not enough pairs
[M::mem_pestat] skip orientation RR as there are not enough pairs
[M::mem_process_seqs] Processed 645654 reads in 862.143 CPU sec, 110.423 real sec
[M::process] 0 single-end sequences; 645746 paired-end sequences
[M::process] read 646122 sequences (80000046 bp)...
[M::mem_pestat] # candidate unique pairs for (FF, FR, RF, RR): (0, 242141, 4, 0)
[M::mem_pestat] skip orientation FF as there are not enough pairs
[M::mem_pestat] analyzing insert size distribution for orientation FR...
[M::mem_pestat] (25, 50, 75) percentile: (174, 198, 226)
[M::mem_pestat] low and high boundaries for computing mean and std.dev: (70, 330)
[M::mem_pestat] mean and std.dev: (200.67, 36.36)
[M::mem_pestat] low and high boundaries for proper pairs: (18, 382)
[M::mem_pestat] skip orientation RF as there are not enough pairs
[M::mem_pestat] skip orientation RR as there are not enough pairs
[M::mem_process_seqs] Processed 645746 reads in 891.613 CPU sec, 114.144 real sec
[M::process] 0 single-end sequences; 646122 paired-end sequences
[M::process] read 646878 sequences (80000145 bp)...
[M::mem_pestat] # candidate unique pairs for (FF, FR, RF, RR): (0, 241423, 4, 0)
[M::mem_pestat] skip orientation FF as there are not enough pairs
[M::mem_pestat] analyzing insert size distribution for orientation FR...
[M::mem_pestat] (25, 50, 75) percentile: (174, 198, 226)
[M::mem_pestat] low and high boundaries for computing mean and std.dev: (70, 330)
[M::mem_pestat] mean and std.dev: (200.61, 36.51)
[M::mem_pestat] low and high boundaries for proper pairs: (18, 382)
[M::mem_pestat] skip orientation RF as there are not enough pairs
[M::mem_pestat] skip orientation RR as there are not enough pairs
[M::mem_process_seqs] Processed 646122 reads in 888.760 CPU sec, 113.780 real sec
[M::process] 0 single-end sequences; 646878 paired-end sequences
[M::process] read 646372 sequences (80000220 bp)...
[M::mem_pestat] # candidate unique pairs for (FF, FR, RF, RR): (0, 241522, 4, 0)
[M::mem_pestat] skip orientation FF as there are not enough pairs
[M::mem_pestat] analyzing insert size distribution for orientation FR...
[M::mem_pestat] (25, 50, 75) percentile: (174, 198, 226)
[M::mem_pestat] low and high boundaries for computing mean and std.dev: (70, 330)
[M::mem_pestat] mean and std.dev: (200.62, 36.47)
[M::mem_pestat] low and high boundaries for proper pairs: (18, 382)
[M::mem_pestat] skip orientation RF as there are not enough pairs
[M::mem_pestat] skip orientation RR as there are not enough pairs
[M::mem_process_seqs] Processed 646878 reads in 880.961 CPU sec, 112.842 real sec
[M::process] 0 single-end sequences; 646372 paired-end sequences
[M::process] read 646042 sequences (80000159 bp)...
[M::mem_pestat] # candidate unique pairs for (FF, FR, RF, RR): (0, 244856, 6, 0)
[M::mem_pestat] skip orientation FF as there are not enough pairs
[M::mem_pestat] analyzing insert size distribution for orientation FR...
[M::mem_pestat] (25, 50, 75) percentile: (174, 198, 226)
[M::mem_pestat] low and high boundaries for computing mean and std.dev: (70, 330)
[M::mem_pestat] mean and std.dev: (200.92, 36.47)
[M::mem_pestat] low and high boundaries for proper pairs: (18, 382)
[M::mem_pestat] skip orientation RF as there are not enough pairs
[M::mem_pestat] skip orientation RR as there are not enough pairs
[M::mem_process_seqs] Processed 646372 reads in 804.906 CPU sec, 103.329 real sec
[M::process] 0 single-end sequences; 646042 paired-end sequences
[M::process] read 646140 sequences (80000063 bp)...
[M::mem_pestat] # candidate unique pairs for (FF, FR, RF, RR): (0, 245379, 3, 0)
[M::mem_pestat] skip orientation FF as there are not enough pairs
[M::mem_pestat] analyzing insert size distribution for orientation FR...
[M::mem_pestat] (25, 50, 75) percentile: (174, 198, 226)
[M::mem_pestat] low and high boundaries for computing mean and std.dev: (70, 330)
[M::mem_pestat] mean and std.dev: (200.95, 36.46)
[M::mem_pestat] low and high boundaries for proper pairs: (18, 382)
[M::mem_pestat] skip orientation RF as there are not enough pairs
[M::mem_pestat] skip orientation RR as there are not enough pairs
[M::mem_process_seqs] Processed 646042 reads in 804.330 CPU sec, 103.192 real sec
[M::process] 0 single-end sequences; 646140 paired-end sequences
[M::process] read 645956 sequences (80000156 bp)...
[M::mem_pestat] # candidate unique pairs for (FF, FR, RF, RR): (0, 244934, 3, 0)
[M::mem_pestat] skip orientation FF as there are not enough pairs
[M::mem_pestat] analyzing insert size distribution for orientation FR...
[M::mem_pestat] (25, 50, 75) percentile: (174, 198, 227)
[M::mem_pestat] low and high boundaries for computing mean and std.dev: (68, 333)
[M::mem_pestat] mean and std.dev: (200.95, 36.50)
[M::mem_pestat] low and high boundaries for proper pairs: (15, 386)
[M::mem_pestat] skip orientation RF as there are not enough pairs
[M::mem_pestat] skip orientation RR as there are not enough pairs
[M::mem_process_seqs] Processed 646140 reads in 814.405 CPU sec, 104.457 real sec
[M::process] 0 single-end sequences; 645956 paired-end sequences
[M::process] read 645834 sequences (80000101 bp)...
[M::mem_pestat] # candidate unique pairs for (FF, FR, RF, RR): (0, 244012, 7, 0)
[M::mem_pestat] skip orientation FF as there are not enough pairs
[M::mem_pestat] analyzing insert size distribution for orientation FR...
[M::mem_pestat] (25, 50, 75) percentile: (174, 198, 226)
[M::mem_pestat] low and high boundaries for computing mean and std.dev: (70, 330)
[M::mem_pestat] mean and std.dev: (200.95, 36.52)
[M::mem_pestat] low and high boundaries for proper pairs: (18, 382)
[M::mem_pestat] skip orientation RF as there are not enough pairs
[M::mem_pestat] skip orientation RR as there are not enough pairs
[M::mem_process_seqs] Processed 645956 reads in 829.361 CPU sec, 107.301 real sec
[M::process] 0 single-end sequences; 645834 paired-end sequences
[M::process] read 646078 sequences (80000177 bp)...
[M::mem_pestat] # candidate unique pairs for (FF, FR, RF, RR): (0, 243667, 6, 0)
[M::mem_pestat] skip orientation FF as there are not enough pairs
[M::mem_pestat] analyzing insert size distribution for orientation FR...
[M::mem_pestat] (25, 50, 75) percentile: (174, 198, 226)
[M::mem_pestat] low and high boundaries for computing mean and std.dev: (70, 330)
[M::mem_pestat] mean and std.dev: (200.76, 36.38)
[M::mem_pestat] low and high boundaries for proper pairs: (18, 382)
[M::mem_pestat] skip orientation RF as there are not enough pairs
[M::mem_pestat] skip orientation RR as there are not enough pairs
[M::mem_process_seqs] Processed 645834 reads in 852.424 CPU sec, 109.276 real sec
[M::process] 0 single-end sequences; 646078 paired-end sequences
[M::process] read 646186 sequences (80000221 bp)...
[M::mem_pestat] # candidate unique pairs for (FF, FR, RF, RR): (0, 242088, 3, 0)
[M::mem_pestat] skip orientation FF as there are not enough pairs
[M::mem_pestat] analyzing insert size distribution for orientation FR...
[M::mem_pestat] (25, 50, 75) percentile: (174, 198, 226)
[M::mem_pestat] low and high boundaries for computing mean and std.dev: (70, 330)
[M::mem_pestat] mean and std.dev: (200.60, 36.47)
[M::mem_pestat] low and high boundaries for proper pairs: (18, 382)
[M::mem_pestat] skip orientation RF as there are not enough pairs
[M::mem_pestat] skip orientation RR as there are not enough pairs
[M::mem_process_seqs] Processed 646078 reads in 863.648 CPU sec, 110.657 real sec
[M::process] 0 single-end sequences; 646186 paired-end sequences
[M::process] read 646714 sequences (80000213 bp)...
[M::mem_pestat] # candidate unique pairs for (FF, FR, RF, RR): (0, 241373, 7, 0)
[M::mem_pestat] skip orientation FF as there are not enough pairs
[M::mem_pestat] analyzing insert size distribution for orientation FR...
[M::mem_pestat] (25, 50, 75) percentile: (174, 198, 226)
[M::mem_pestat] low and high boundaries for computing mean and std.dev: (70, 330)
[M::mem_pestat] mean and std.dev: (200.64, 36.48)
[M::mem_pestat] low and high boundaries for proper pairs: (18, 382)
[M::mem_pestat] skip orientation RF as there are not enough pairs
[M::mem_pestat] skip orientation RR as there are not enough pairs
[M::mem_process_seqs] Processed 646186 reads in 873.642 CPU sec, 111.894 real sec
[M::process] 0 single-end sequences; 646714 paired-end sequences
[M::process] read 646662 sequences (80000022 bp)...
[M::mem_pestat] # candidate unique pairs for (FF, FR, RF, RR): (0, 245348, 6, 0)
[M::mem_pestat] skip orientation FF as there are not enough pairs
[M::mem_pestat] analyzing insert size distribution for orientation FR...
[M::mem_pestat] (25, 50, 75) percentile: (174, 198, 226)
[M::mem_pestat] low and high boundaries for computing mean and std.dev: (70, 330)
[M::mem_pestat] mean and std.dev: (200.97, 36.46)
[M::mem_pestat] low and high boundaries for proper pairs: (18, 382)
[M::mem_pestat] skip orientation RF as there are not enough pairs
[M::mem_pestat] skip orientation RR as there are not enough pairs
[M::mem_process_seqs] Processed 646714 reads in 794.602 CPU sec, 105.562 real sec
[M::process] 0 single-end sequences; 646662 paired-end sequences
[M::process] read 646852 sequences (80000191 bp)...
[M::mem_pestat] # candidate unique pairs for (FF, FR, RF, RR): (0, 245744, 3, 0)
[M::mem_pestat] skip orientation FF as there are not enough pairs
[M::mem_pestat] analyzing insert size distribution for orientation FR...
[M::mem_pestat] (25, 50, 75) percentile: (174, 198, 227)
[M::mem_pestat] low and high boundaries for computing mean and std.dev: (68, 333)
[M::mem_pestat] mean and std.dev: (201.02, 36.45)
[M::mem_pestat] low and high boundaries for proper pairs: (15, 386)
[M::mem_pestat] skip orientation RF as there are not enough pairs
[M::mem_pestat] skip orientation RR as there are not enough pairs
[M::mem_process_seqs] Processed 646662 reads in 791.852 CPU sec, 101.711 real sec
[M::process] 0 single-end sequences; 646852 paired-end sequences
[M::process] read 646494 sequences (80000174 bp)...
[M::mem_pestat] # candidate unique pairs for (FF, FR, RF, RR): (0, 245457, 5, 0)
[M::mem_pestat] skip orientation FF as there are not enough pairs
[M::mem_pestat] analyzing insert size distribution for orientation FR...
[M::mem_pestat] (25, 50, 75) percentile: (174, 198, 226)
[M::mem_pestat] low and high boundaries for computing mean and std.dev: (70, 330)
[M::mem_pestat] mean and std.dev: (200.88, 36.42)
[M::mem_pestat] low and high boundaries for proper pairs: (18, 382)
[M::mem_pestat] skip orientation RF as there are not enough pairs
[M::mem_pestat] skip orientation RR as there are not enough pairs
[M::mem_process_seqs] Processed 646852 reads in 791.337 CPU sec, 101.597 real sec
[M::process] 0 single-end sequences; 646494 paired-end sequences
[M::process] read 645874 sequences (80000099 bp)...
[M::mem_pestat] # candidate unique pairs for (FF, FR, RF, RR): (0, 245050, 0, 0)
[M::mem_pestat] skip orientation FF as there are not enough pairs
[M::mem_pestat] analyzing insert size distribution for orientation FR...
[M::mem_pestat] (25, 50, 75) percentile: (174, 198, 226)
[M::mem_pestat] low and high boundaries for computing mean and std.dev: (70, 330)
[M::mem_pestat] mean and std.dev: (200.88, 36.45)
[M::mem_pestat] low and high boundaries for proper pairs: (18, 382)
[M::mem_pestat] skip orientation RF as there are not enough pairs
[M::mem_pestat] skip orientation RR as there are not enough pairs
[M::mem_process_seqs] Processed 646494 reads in 815.209 CPU sec, 104.598 real sec
[M::process] 0 single-end sequences; 645874 paired-end sequences
[M::process] read 646190 sequences (80000165 bp)...
[M::mem_pestat] # candidate unique pairs for (FF, FR, RF, RR): (0, 243885, 1, 0)
[M::mem_pestat] skip orientation FF as there are not enough pairs
[M::mem_pestat] analyzing insert size distribution for orientation FR...
[M::mem_pestat] (25, 50, 75) percentile: (174, 198, 226)
[M::mem_pestat] low and high boundaries for computing mean and std.dev: (70, 330)
[M::mem_pestat] mean and std.dev: (200.71, 36.46)
[M::mem_pestat] low and high boundaries for proper pairs: (18, 382)
[M::mem_pestat] skip orientation RF as there are not enough pairs
[M::mem_pestat] skip orientation RR as there are not enough pairs
[M::mem_process_seqs] Processed 645874 reads in 842.202 CPU sec, 108.168 real sec
[M::process] 0 single-end sequences; 646190 paired-end sequences
[M::process] read 646470 sequences (80000184 bp)...
[M::mem_pestat] # candidate unique pairs for (FF, FR, RF, RR): (0, 242533, 7, 0)
[M::mem_pestat] skip orientation FF as there are not enough pairs
[M::mem_pestat] analyzing insert size distribution for orientation FR...
[M::mem_pestat] (25, 50, 75) percentile: (174, 198, 226)
[M::mem_pestat] low and high boundaries for computing mean and std.dev: (70, 330)
[M::mem_pestat] mean and std.dev: (200.61, 36.46)
[M::mem_pestat] low and high boundaries for proper pairs: (18, 382)
[M::mem_pestat] skip orientation RF as there are not enough pairs
[M::mem_pestat] skip orientation RR as there are not enough pairs
[M::mem_process_seqs] Processed 646190 reads in 854.676 CPU sec, 109.566 real sec
[M::process] 0 single-end sequences; 646470 paired-end sequences
[M::process] read 645400 sequences (80000160 bp)...
[M::mem_pestat] # candidate unique pairs for (FF, FR, RF, RR): (0, 242534, 1, 0)
[M::mem_pestat] skip orientation FF as there are not enough pairs
[M::mem_pestat] analyzing insert size distribution for orientation FR...
[M::mem_pestat] (25, 50, 75) percentile: (174, 198, 226)
[M::mem_pestat] low and high boundaries for computing mean and std.dev: (70, 330)
[M::mem_pestat] mean and std.dev: (200.46, 36.49)
[M::mem_pestat] low and high boundaries for proper pairs: (18, 382)
[M::mem_pestat] skip orientation RF as there are not enough pairs
[M::mem_pestat] skip orientation RR as there are not enough pairs
[M::mem_process_seqs] Processed 646470 reads in 860.096 CPU sec, 110.185 real sec
[M::process] 0 single-end sequences; 645400 paired-end sequences
[M::process] read 645404 sequences (80000171 bp)...
[M::mem_pestat] # candidate unique pairs for (FF, FR, RF, RR): (0, 244567, 4, 0)
[M::mem_pestat] skip orientation FF as there are not enough pairs
[M::mem_pestat] analyzing insert size distribution for orientation FR...
[M::mem_pestat] (25, 50, 75) percentile: (174, 198, 227)
[M::mem_pestat] low and high boundaries for computing mean and std.dev: (68, 333)
[M::mem_pestat] mean and std.dev: (200.95, 36.48)
[M::mem_pestat] low and high boundaries for proper pairs: (15, 386)
[M::mem_pestat] skip orientation RF as there are not enough pairs
[M::mem_pestat] skip orientation RR as there are not enough pairs
[M::mem_process_seqs] Processed 645400 reads in 812.586 CPU sec, 104.246 real sec
[M::process] 0 single-end sequences; 645404 paired-end sequences
[M::process] read 645374 sequences (80000098 bp)...
[M::mem_pestat] # candidate unique pairs for (FF, FR, RF, RR): (0, 244988, 4, 0)
[M::mem_pestat] skip orientation FF as there are not enough pairs
[M::mem_pestat] analyzing insert size distribution for orientation FR...
[M::mem_pestat] (25, 50, 75) percentile: (174, 198, 227)
[M::mem_pestat] low and high boundaries for computing mean and std.dev: (68, 333)
[M::mem_pestat] mean and std.dev: (201.12, 36.46)
[M::mem_pestat] low and high boundaries for proper pairs: (15, 386)
[M::mem_pestat] skip orientation RF as there are not enough pairs
[M::mem_pestat] skip orientation RR as there are not enough pairs
[M::mem_process_seqs] Processed 645404 reads in 807.282 CPU sec, 103.554 real sec
[M::process] 0 single-end sequences; 645374 paired-end sequences
[M::process] read 645466 sequences (80000202 bp)...
[M::mem_pestat] # candidate unique pairs for (FF, FR, RF, RR): (0, 244705, 2, 0)
[M::mem_pestat] skip orientation FF as there are not enough pairs
[M::mem_pestat] analyzing insert size distribution for orientation FR...
[M::mem_pestat] (25, 50, 75) percentile: (174, 198, 227)
[M::mem_pestat] low and high boundaries for computing mean and std.dev: (68, 333)
[M::mem_pestat] mean and std.dev: (201.06, 36.45)
[M::mem_pestat] low and high boundaries for proper pairs: (15, 386)
[M::mem_pestat] skip orientation RF as there are not enough pairs
[M::mem_pestat] skip orientation RR as there are not enough pairs
[M::mem_process_seqs] Processed 645374 reads in 808.283 CPU sec, 103.707 real sec
[M::process] 0 single-end sequences; 645466 paired-end sequences
[M::process] read 645502 sequences (80000144 bp)...
[M::mem_pestat] # candidate unique pairs for (FF, FR, RF, RR): (0, 244739, 4, 0)
[M::mem_pestat] skip orientation FF as there are not enough pairs
[M::mem_pestat] analyzing insert size distribution for orientation FR...
[M::mem_pestat] (25, 50, 75) percentile: (174, 198, 227)
[M::mem_pestat] low and high boundaries for computing mean and std.dev: (68, 333)
[M::mem_pestat] mean and std.dev: (201.01, 36.50)
[M::mem_pestat] low and high boundaries for proper pairs: (15, 386)
[M::mem_pestat] skip orientation RF as there are not enough pairs
[M::mem_pestat] skip orientation RR as there are not enough pairs
[M::mem_process_seqs] Processed 645466 reads in 827.104 CPU sec, 106.136 real sec
[M::process] 0 single-end sequences; 645502 paired-end sequences
[M::process] read 645828 sequences (80000072 bp)...
[M::mem_pestat] # candidate unique pairs for (FF, FR, RF, RR): (0, 243147, 6, 0)
[M::mem_pestat] skip orientation FF as there are not enough pairs
[M::mem_pestat] analyzing insert size distribution for orientation FR...
[M::mem_pestat] (25, 50, 75) percentile: (174, 198, 226)
[M::mem_pestat] low and high boundaries for computing mean and std.dev: (70, 330)
[M::mem_pestat] mean and std.dev: (200.82, 36.46)
[M::mem_pestat] low and high boundaries for proper pairs: (18, 382)
[M::mem_pestat] skip orientation RF as there are not enough pairs
[M::mem_pestat] skip orientation RR as there are not enough pairs
[M::mem_process_seqs] Processed 645502 reads in 846.604 CPU sec, 108.468 real sec
[M::process] 0 single-end sequences; 645828 paired-end sequences
[M::process] read 645968 sequences (80000106 bp)...
[M::mem_pestat] # candidate unique pairs for (FF, FR, RF, RR): (0, 242706, 2, 0)
[M::mem_pestat] skip orientation FF as there are not enough pairs
[M::mem_pestat] analyzing insert size distribution for orientation FR...
[M::mem_pestat] (25, 50, 75) percentile: (174, 198, 226)
[M::mem_pestat] low and high boundaries for computing mean and std.dev: (70, 330)
[M::mem_pestat] mean and std.dev: (200.75, 36.48)
[M::mem_pestat] low and high boundaries for proper pairs: (18, 382)
[M::mem_pestat] skip orientation RF as there are not enough pairs
[M::mem_pestat] skip orientation RR as there are not enough pairs
[M::mem_process_seqs] Processed 645828 reads in 858.942 CPU sec, 110.051 real sec
[M::process] 0 single-end sequences; 645968 paired-end sequences
[M::process] read 646788 sequences (80000073 bp)...
[M::mem_pestat] # candidate unique pairs for (FF, FR, RF, RR): (0, 241926, 3, 0)
[M::mem_pestat] skip orientation FF as there are not enough pairs
[M::mem_pestat] analyzing insert size distribution for orientation FR...
[M::mem_pestat] (25, 50, 75) percentile: (174, 198, 226)
[M::mem_pestat] low and high boundaries for computing mean and std.dev: (70, 330)
[M::mem_pestat] mean and std.dev: (200.70, 36.49)
[M::mem_pestat] low and high boundaries for proper pairs: (18, 382)
[M::mem_pestat] skip orientation RF as there are not enough pairs
[M::mem_pestat] skip orientation RR as there are not enough pairs
[M::mem_process_seqs] Processed 645968 reads in 867.615 CPU sec, 111.102 real sec
[M::process] 0 single-end sequences; 646788 paired-end sequences
[M::process] read 646538 sequences (80000088 bp)...
[M::mem_pestat] # candidate unique pairs for (FF, FR, RF, RR): (0, 244760, 6, 0)
[M::mem_pestat] skip orientation FF as there are not enough pairs
[M::mem_pestat] analyzing insert size distribution for orientation FR...
[M::mem_pestat] (25, 50, 75) percentile: (174, 198, 227)
[M::mem_pestat] low and high boundaries for computing mean and std.dev: (68, 333)
[M::mem_pestat] mean and std.dev: (201.03, 36.44)
[M::mem_pestat] low and high boundaries for proper pairs: (15, 386)
[M::mem_pestat] skip orientation RF as there are not enough pairs
[M::mem_pestat] skip orientation RR as there are not enough pairs
[M::mem_process_seqs] Processed 646788 reads in 816.776 CPU sec, 104.784 real sec
[M::process] 0 single-end sequences; 646538 paired-end sequences
[M::process] read 646220 sequences (80000110 bp)...
[M::mem_pestat] # candidate unique pairs for (FF, FR, RF, RR): (0, 244519, 2, 0)
[M::mem_pestat] skip orientation FF as there are not enough pairs
[M::mem_pestat] analyzing insert size distribution for orientation FR...
[M::mem_pestat] (25, 50, 75) percentile: (174, 198, 227)
[M::mem_pestat] low and high boundaries for computing mean and std.dev: (68, 333)
[M::mem_pestat] mean and std.dev: (201.11, 36.49)
[M::mem_pestat] low and high boundaries for proper pairs: (15, 386)
[M::mem_pestat] skip orientation RF as there are not enough pairs
[M::mem_pestat] skip orientation RR as there are not enough pairs
[M::mem_process_seqs] Processed 646538 reads in 818.897 CPU sec, 105.058 real sec
[M::process] 0 single-end sequences; 646220 paired-end sequences
[M::process] read 646194 sequences (80000040 bp)...
[M::mem_pestat] # candidate unique pairs for (FF, FR, RF, RR): (0, 244005, 0, 0)
[M::mem_pestat] skip orientation FF as there are not enough pairs
[M::mem_pestat] analyzing insert size distribution for orientation FR...
[M::mem_pestat] (25, 50, 75) percentile: (174, 198, 227)
[M::mem_pestat] low and high boundaries for computing mean and std.dev: (68, 333)
[M::mem_pestat] mean and std.dev: (200.90, 36.51)
[M::mem_pestat] low and high boundaries for proper pairs: (15, 386)
[M::mem_pestat] skip orientation RF as there are not enough pairs
[M::mem_pestat] skip orientation RR as there are not enough pairs
[M::mem_process_seqs] Processed 646220 reads in 846.784 CPU sec, 108.523 real sec
[M::process] 0 single-end sequences; 646194 paired-end sequences
[M::process] read 646004 sequences (80000231 bp)...
[M::mem_pestat] # candidate unique pairs for (FF, FR, RF, RR): (0, 242643, 5, 0)
[M::mem_pestat] skip orientation FF as there are not enough pairs
[M::mem_pestat] analyzing insert size distribution for orientation FR...
[M::mem_pestat] (25, 50, 75) percentile: (174, 198, 226)
[M::mem_pestat] low and high boundaries for computing mean and std.dev: (70, 330)
[M::mem_pestat] mean and std.dev: (200.77, 36.37)
[M::mem_pestat] low and high boundaries for proper pairs: (18, 382)
[M::mem_pestat] skip orientation RF as there are not enough pairs
[M::mem_pestat] skip orientation RR as there are not enough pairs
[M::mem_process_seqs] Processed 646194 reads in 865.694 CPU sec, 110.883 real sec
[M::process] 0 single-end sequences; 646004 paired-end sequences
[M::process] read 646426 sequences (80000196 bp)...
[M::mem_pestat] # candidate unique pairs for (FF, FR, RF, RR): (0, 241705, 4, 0)
[M::mem_pestat] skip orientation FF as there are not enough pairs
[M::mem_pestat] analyzing insert size distribution for orientation FR...
[M::mem_pestat] (25, 50, 75) percentile: (174, 198, 226)
[M::mem_pestat] low and high boundaries for computing mean and std.dev: (70, 330)
[M::mem_pestat] mean and std.dev: (200.65, 36.49)
[M::mem_pestat] low and high boundaries for proper pairs: (18, 382)
[M::mem_pestat] skip orientation RF as there are not enough pairs
[M::mem_pestat] skip orientation RR as there are not enough pairs
[M::mem_process_seqs] Processed 646004 reads in 884.015 CPU sec, 113.167 real sec
[M::process] 0 single-end sequences; 646426 paired-end sequences
[M::process] read 646866 sequences (80000220 bp)...
[M::mem_pestat] # candidate unique pairs for (FF, FR, RF, RR): (0, 240314, 2, 0)
[M::mem_pestat] skip orientation FF as there are not enough pairs
[M::mem_pestat] analyzing insert size distribution for orientation FR...
[M::mem_pestat] (25, 50, 75) percentile: (174, 197, 226)
[M::mem_pestat] low and high boundaries for computing mean and std.dev: (70, 330)
[M::mem_pestat] mean and std.dev: (200.46, 36.44)
[M::mem_pestat] low and high boundaries for proper pairs: (18, 382)
[M::mem_pestat] skip orientation RF as there are not enough pairs
[M::mem_pestat] skip orientation RR as there are not enough pairs
[M::mem_process_seqs] Processed 646426 reads in 900.398 CPU sec, 115.268 real sec
[M::process] 0 single-end sequences; 646866 paired-end sequences
[M::process] read 647000 sequences (80000122 bp)...
[M::mem_pestat] # candidate unique pairs for (FF, FR, RF, RR): (0, 240873, 5, 0)
[M::mem_pestat] skip orientation FF as there are not enough pairs
[M::mem_pestat] analyzing insert size distribution for orientation FR...
[M::mem_pestat] (25, 50, 75) percentile: (174, 197, 226)
[M::mem_pestat] low and high boundaries for computing mean and std.dev: (70, 330)
[M::mem_pestat] mean and std.dev: (200.42, 36.48)
[M::mem_pestat] low and high boundaries for proper pairs: (18, 382)
[M::mem_pestat] skip orientation RF as there are not enough pairs
[M::mem_pestat] skip orientation RR as there are not enough pairs
[M::mem_process_seqs] Processed 646866 reads in 883.154 CPU sec, 113.084 real sec
[M::process] 0 single-end sequences; 647000 paired-end sequences
[M::process] read 646900 sequences (80000010 bp)...
[M::mem_pestat] # candidate unique pairs for (FF, FR, RF, RR): (0, 245855, 3, 1)
[M::mem_pestat] skip orientation FF as there are not enough pairs
[M::mem_pestat] analyzing insert size distribution for orientation FR...
[M::mem_pestat] (25, 50, 75) percentile: (174, 198, 227)
[M::mem_pestat] low and high boundaries for computing mean and std.dev: (68, 333)
[M::mem_pestat] mean and std.dev: (201.06, 36.50)
[M::mem_pestat] low and high boundaries for proper pairs: (15, 386)
[M::mem_pestat] skip orientation RF as there are not enough pairs
[M::mem_pestat] skip orientation RR as there are not enough pairs
[M::mem_process_seqs] Processed 647000 reads in 803.794 CPU sec, 103.136 real sec
[M::process] 0 single-end sequences; 646900 paired-end sequences
[M::process] read 647070 sequences (80000063 bp)...
[M::mem_pestat] # candidate unique pairs for (FF, FR, RF, RR): (0, 245302, 3, 0)
[M::mem_pestat] skip orientation FF as there are not enough pairs
[M::mem_pestat] analyzing insert size distribution for orientation FR...
[M::mem_pestat] (25, 50, 75) percentile: (174, 198, 226)
[M::mem_pestat] low and high boundaries for computing mean and std.dev: (70, 330)
[M::mem_pestat] mean and std.dev: (200.95, 36.41)
[M::mem_pestat] low and high boundaries for proper pairs: (18, 382)
[M::mem_pestat] skip orientation RF as there are not enough pairs
[M::mem_pestat] skip orientation RR as there are not enough pairs
[M::mem_process_seqs] Processed 646900 reads in 811.268 CPU sec, 104.088 real sec
[M::process] 0 single-end sequences; 647070 paired-end sequences
[M::process] read 646658 sequences (80000161 bp)...
[M::mem_pestat] # candidate unique pairs for (FF, FR, RF, RR): (0, 244964, 5, 0)
[M::mem_pestat] skip orientation FF as there are not enough pairs
[M::mem_pestat] analyzing insert size distribution for orientation FR...
[M::mem_pestat] (25, 50, 75) percentile: (174, 198, 226)
[M::mem_pestat] low and high boundaries for computing mean and std.dev: (70, 330)
[M::mem_pestat] mean and std.dev: (200.99, 36.45)
[M::mem_pestat] low and high boundaries for proper pairs: (18, 382)
[M::mem_pestat] skip orientation RF as there are not enough pairs
[M::mem_pestat] skip orientation RR as there are not enough pairs
[M::mem_process_seqs] Processed 647070 reads in 825.284 CPU sec, 105.826 real sec
[M::process] 0 single-end sequences; 646658 paired-end sequences
[M::process] read 646380 sequences (80000210 bp)...
[M::mem_pestat] # candidate unique pairs for (FF, FR, RF, RR): (0, 243806, 3, 0)
[M::mem_pestat] skip orientation FF as there are not enough pairs
[M::mem_pestat] analyzing insert size distribution for orientation FR...
[M::mem_pestat] (25, 50, 75) percentile: (174, 198, 226)
[M::mem_pestat] low and high boundaries for computing mean and std.dev: (70, 330)
[M::mem_pestat] mean and std.dev: (200.81, 36.48)
[M::mem_pestat] low and high boundaries for proper pairs: (18, 382)
[M::mem_pestat] skip orientation RF as there are not enough pairs
[M::mem_pestat] skip orientation RR as there are not enough pairs
[M::mem_process_seqs] Processed 646658 reads in 837.310 CPU sec, 107.337 real sec
[M::process] 0 single-end sequences; 646380 paired-end sequences
[M::process] read 647432 sequences (80000087 bp)...
[M::mem_pestat] # candidate unique pairs for (FF, FR, RF, RR): (0, 242924, 9, 0)
[M::mem_pestat] skip orientation FF as there are not enough pairs
[M::mem_pestat] analyzing insert size distribution for orientation FR...
[M::mem_pestat] (25, 50, 75) percentile: (174, 198, 226)
[M::mem_pestat] low and high boundaries for computing mean and std.dev: (70, 330)
[M::mem_pestat] mean and std.dev: (200.65, 36.40)
[M::mem_pestat] low and high boundaries for proper pairs: (18, 382)
[M::mem_pestat] skip orientation RF as there are not enough pairs
[M::mem_pestat] skip orientation RR as there are not enough pairs
[M::mem_process_seqs] Processed 646380 reads in 863.383 CPU sec, 110.588 real sec
[M::process] 0 single-end sequences; 647432 paired-end sequences
[M::process] read 646846 sequences (80000196 bp)...
[M::mem_pestat] # candidate unique pairs for (FF, FR, RF, RR): (0, 241515, 4, 0)
[M::mem_pestat] skip orientation FF as there are not enough pairs
[M::mem_pestat] analyzing insert size distribution for orientation FR...
[M::mem_pestat] (25, 50, 75) percentile: (174, 198, 226)
[M::mem_pestat] low and high boundaries for computing mean and std.dev: (70, 330)
[M::mem_pestat] mean and std.dev: (200.56, 36.42)
[M::mem_pestat] low and high boundaries for proper pairs: (18, 382)
[M::mem_pestat] skip orientation RF as there are not enough pairs
[M::mem_pestat] skip orientation RR as there are not enough pairs
[M::mem_process_seqs] Processed 647432 reads in 918.339 CPU sec, 117.553 real sec
[M::process] 0 single-end sequences; 646846 paired-end sequences
[M::process] read 645864 sequences (80000232 bp)...
[M::mem_pestat] # candidate unique pairs for (FF, FR, RF, RR): (0, 242197, 5, 0)
[M::mem_pestat] skip orientation FF as there are not enough pairs
[M::mem_pestat] analyzing insert size distribution for orientation FR...
[M::mem_pestat] (25, 50, 75) percentile: (174, 198, 226)
[M::mem_pestat] low and high boundaries for computing mean and std.dev: (70, 330)
[M::mem_pestat] mean and std.dev: (200.78, 36.52)
[M::mem_pestat] low and high boundaries for proper pairs: (18, 382)
[M::mem_pestat] skip orientation RF as there are not enough pairs
[M::mem_pestat] skip orientation RR as there are not enough pairs
[M::mem_process_seqs] Processed 646846 reads in 1032.102 CPU sec, 131.994 real sec
[M::process] 0 single-end sequences; 645864 paired-end sequences
[M::process] read 645554 sequences (80000111 bp)...
[M::mem_pestat] # candidate unique pairs for (FF, FR, RF, RR): (0, 243459, 4, 0)
[M::mem_pestat] skip orientation FF as there are not enough pairs
[M::mem_pestat] analyzing insert size distribution for orientation FR...
[M::mem_pestat] (25, 50, 75) percentile: (174, 198, 227)
[M::mem_pestat] low and high boundaries for computing mean and std.dev: (68, 333)
[M::mem_pestat] mean and std.dev: (201.07, 36.44)
[M::mem_pestat] low and high boundaries for proper pairs: (15, 386)
[M::mem_pestat] skip orientation RF as there are not enough pairs
[M::mem_pestat] skip orientation RR as there are not enough pairs
[M::mem_process_seqs] Processed 645864 reads in 1019.458 CPU sec, 130.169 real sec
[M::process] 0 single-end sequences; 645554 paired-end sequences
[M::process] read 645604 sequences (80000079 bp)...
[M::mem_pestat] # candidate unique pairs for (FF, FR, RF, RR): (0, 243394, 5, 0)
[M::mem_pestat] skip orientation FF as there are not enough pairs
[M::mem_pestat] analyzing insert size distribution for orientation FR...
[M::mem_pestat] (25, 50, 75) percentile: (174, 198, 226)
[M::mem_pestat] low and high boundaries for computing mean and std.dev: (70, 330)
[M::mem_pestat] mean and std.dev: (201.01, 36.46)
[M::mem_pestat] low and high boundaries for proper pairs: (18, 382)
[M::mem_pestat] skip orientation RF as there are not enough pairs
[M::mem_pestat] skip orientation RR as there are not enough pairs
[M::mem_process_seqs] Processed 645554 reads in 853.384 CPU sec, 109.886 real sec
[M::process] 0 single-end sequences; 645604 paired-end sequences
[M::process] read 645676 sequences (80000052 bp)...
[M::mem_pestat] # candidate unique pairs for (FF, FR, RF, RR): (0, 243304, 3, 0)
[M::mem_pestat] skip orientation FF as there are not enough pairs
[M::mem_pestat] analyzing insert size distribution for orientation FR...
[M::mem_pestat] (25, 50, 75) percentile: (174, 198, 226)
[M::mem_pestat] low and high boundaries for computing mean and std.dev: (70, 330)
[M::mem_pestat] mean and std.dev: (200.92, 36.42)
[M::mem_pestat] low and high boundaries for proper pairs: (18, 382)
[M::mem_pestat] skip orientation RF as there are not enough pairs
[M::mem_pestat] skip orientation RR as there are not enough pairs
[M::mem_process_seqs] Processed 645604 reads in 848.471 CPU sec, 108.711 real sec
[M::process] 0 single-end sequences; 645676 paired-end sequences
[M::process] read 646166 sequences (80000011 bp)...
[M::mem_pestat] # candidate unique pairs for (FF, FR, RF, RR): (0, 242270, 3, 0)
[M::mem_pestat] skip orientation FF as there are not enough pairs
[M::mem_pestat] analyzing insert size distribution for orientation FR...
[M::mem_pestat] (25, 50, 75) percentile: (174, 198, 226)
[M::mem_pestat] low and high boundaries for computing mean and std.dev: (70, 330)
[M::mem_pestat] mean and std.dev: (200.81, 36.49)
[M::mem_pestat] low and high boundaries for proper pairs: (18, 382)
[M::mem_pestat] skip orientation RF as there are not enough pairs
[M::mem_pestat] skip orientation RR as there are not enough pairs
[M::mem_process_seqs] Processed 645676 reads in 898.512 CPU sec, 115.014 real sec
[M::process] 0 single-end sequences; 646166 paired-end sequences
[M::process] read 646300 sequences (80000132 bp)...
[M::mem_pestat] # candidate unique pairs for (FF, FR, RF, RR): (0, 241315, 3, 0)
[M::mem_pestat] skip orientation FF as there are not enough pairs
[M::mem_pestat] analyzing insert size distribution for orientation FR...
[M::mem_pestat] (25, 50, 75) percentile: (174, 198, 227)
[M::mem_pestat] low and high boundaries for computing mean and std.dev: (68, 333)
[M::mem_pestat] mean and std.dev: (200.92, 36.56)
[M::mem_pestat] low and high boundaries for proper pairs: (15, 386)
[M::mem_pestat] skip orientation RF as there are not enough pairs
[M::mem_pestat] skip orientation RR as there are not enough pairs
[M::mem_process_seqs] Processed 646166 reads in 980.367 CPU sec, 125.235 real sec
[M::process] 0 single-end sequences; 646300 paired-end sequences
[M::process] read 645492 sequences (80000161 bp)...
[M::mem_pestat] # candidate unique pairs for (FF, FR, RF, RR): (0, 239742, 4, 0)
[M::mem_pestat] skip orientation FF as there are not enough pairs
[M::mem_pestat] analyzing insert size distribution for orientation FR...
[M::mem_pestat] (25, 50, 75) percentile: (174, 198, 226)
[M::mem_pestat] low and high boundaries for computing mean and std.dev: (70, 330)
[M::mem_pestat] mean and std.dev: (200.69, 36.47)
[M::mem_pestat] low and high boundaries for proper pairs: (18, 382)
[M::mem_pestat] skip orientation RF as there are not enough pairs
[M::mem_pestat] skip orientation RR as there are not enough pairs
[M::mem_process_seqs] Processed 646300 reads in 1073.131 CPU sec, 136.960 real sec
[M::process] 0 single-end sequences; 645492 paired-end sequences
[M::process] read 645442 sequences (80000107 bp)...
[M::mem_pestat] # candidate unique pairs for (FF, FR, RF, RR): (0, 244303, 4, 0)
[M::mem_pestat] skip orientation FF as there are not enough pairs
[M::mem_pestat] analyzing insert size distribution for orientation FR...
[M::mem_pestat] (25, 50, 75) percentile: (174, 198, 227)
[M::mem_pestat] low and high boundaries for computing mean and std.dev: (68, 333)
[M::mem_pestat] mean and std.dev: (201.10, 36.50)
[M::mem_pestat] low and high boundaries for proper pairs: (15, 386)
[M::mem_pestat] skip orientation RF as there are not enough pairs
[M::mem_pestat] skip orientation RR as there are not enough pairs
[M::mem_process_seqs] Processed 645492 reads in 819.501 CPU sec, 105.118 real sec
[M::process] 0 single-end sequences; 645442 paired-end sequences
[M::process] read 645360 sequences (80000210 bp)...
[M::mem_pestat] # candidate unique pairs for (FF, FR, RF, RR): (0, 244908, 3, 0)
[M::mem_pestat] skip orientation FF as there are not enough pairs
[M::mem_pestat] analyzing insert size distribution for orientation FR...
[M::mem_pestat] (25, 50, 75) percentile: (174, 198, 227)
[M::mem_pestat] low and high boundaries for computing mean and std.dev: (68, 333)
[M::mem_pestat] mean and std.dev: (201.06, 36.37)
[M::mem_pestat] low and high boundaries for proper pairs: (15, 386)
[M::mem_pestat] skip orientation RF as there are not enough pairs
[M::mem_pestat] skip orientation RR as there are not enough pairs
[M::mem_process_seqs] Processed 645442 reads in 796.064 CPU sec, 102.180 real sec
[M::process] 0 single-end sequences; 645360 paired-end sequences
[M::process] read 645346 sequences (80000160 bp)...
[M::mem_pestat] # candidate unique pairs for (FF, FR, RF, RR): (0, 245268, 4, 0)
[M::mem_pestat] skip orientation FF as there are not enough pairs
[M::mem_pestat] analyzing insert size distribution for orientation FR...
[M::mem_pestat] (25, 50, 75) percentile: (174, 198, 227)
[M::mem_pestat] low and high boundaries for computing mean and std.dev: (68, 333)
[M::mem_pestat] mean and std.dev: (201.00, 36.44)
[M::mem_pestat] low and high boundaries for proper pairs: (15, 386)
[M::mem_pestat] skip orientation RF as there are not enough pairs
[M::mem_pestat] skip orientation RR as there are not enough pairs
[M::mem_process_seqs] Processed 645360 reads in 801.123 CPU sec, 102.886 real sec
[M::process] 0 single-end sequences; 645346 paired-end sequences
[M::process] read 645444 sequences (80000180 bp)...
[M::mem_pestat] # candidate unique pairs for (FF, FR, RF, RR): (0, 245218, 2, 0)
[M::mem_pestat] skip orientation FF as there are not enough pairs
[M::mem_pestat] analyzing insert size distribution for orientation FR...
[M::mem_pestat] (25, 50, 75) percentile: (174, 198, 226)
[M::mem_pestat] low and high boundaries for computing mean and std.dev: (70, 330)
[M::mem_pestat] mean and std.dev: (200.87, 36.51)
[M::mem_pestat] low and high boundaries for proper pairs: (18, 382)
[M::mem_pestat] skip orientation RF as there are not enough pairs
[M::mem_pestat] skip orientation RR as there are not enough pairs
[M::mem_process_seqs] Processed 645346 reads in 804.891 CPU sec, 103.258 real sec
[M::process] 0 single-end sequences; 645444 paired-end sequences
[M::process] read 645700 sequences (80000105 bp)...
[M::mem_pestat] # candidate unique pairs for (FF, FR, RF, RR): (0, 244710, 3, 0)
[M::mem_pestat] skip orientation FF as there are not enough pairs
[M::mem_pestat] analyzing insert size distribution for orientation FR...
[M::mem_pestat] (25, 50, 75) percentile: (174, 198, 226)
[M::mem_pestat] low and high boundaries for computing mean and std.dev: (70, 330)
[M::mem_pestat] mean and std.dev: (200.59, 36.48)
[M::mem_pestat] low and high boundaries for proper pairs: (18, 382)
[M::mem_pestat] skip orientation RF as there are not enough pairs
[M::mem_pestat] skip orientation RR as there are not enough pairs
[M::mem_process_seqs] Processed 645444 reads in 821.411 CPU sec, 105.347 real sec
[M::process] 0 single-end sequences; 645700 paired-end sequences
[M::process] read 645824 sequences (80000141 bp)...
[M::mem_pestat] # candidate unique pairs for (FF, FR, RF, RR): (0, 243987, 4, 0)
[M::mem_pestat] skip orientation FF as there are not enough pairs
[M::mem_pestat] analyzing insert size distribution for orientation FR...
[M::mem_pestat] (25, 50, 75) percentile: (174, 198, 226)
[M::mem_pestat] low and high boundaries for computing mean and std.dev: (70, 330)
[M::mem_pestat] mean and std.dev: (200.72, 36.39)
[M::mem_pestat] low and high boundaries for proper pairs: (18, 382)
[M::mem_pestat] skip orientation RF as there are not enough pairs
[M::mem_pestat] skip orientation RR as there are not enough pairs
[M::mem_process_seqs] Processed 645700 reads in 841.150 CPU sec, 107.820 real sec
[M::process] 0 single-end sequences; 645824 paired-end sequences
[M::process] read 645554 sequences (80000002 bp)...
[M::mem_pestat] # candidate unique pairs for (FF, FR, RF, RR): (0, 243618, 4, 0)
[M::mem_pestat] skip orientation FF as there are not enough pairs
[M::mem_pestat] analyzing insert size distribution for orientation FR...
[M::mem_pestat] (25, 50, 75) percentile: (174, 198, 226)
[M::mem_pestat] low and high boundaries for computing mean and std.dev: (70, 330)
[M::mem_pestat] mean and std.dev: (200.52, 36.51)
[M::mem_pestat] low and high boundaries for proper pairs: (18, 382)
[M::mem_pestat] skip orientation RF as there are not enough pairs
[M::mem_pestat] skip orientation RR as there are not enough pairs
[M::mem_process_seqs] Processed 645824 reads in 836.673 CPU sec, 107.298 real sec
[M::process] 0 single-end sequences; 645554 paired-end sequences
[M::process] read 645486 sequences (80000230 bp)...
[M::mem_pestat] # candidate unique pairs for (FF, FR, RF, RR): (0, 244965, 4, 0)
[M::mem_pestat] skip orientation FF as there are not enough pairs
[M::mem_pestat] analyzing insert size distribution for orientation FR...
[M::mem_pestat] (25, 50, 75) percentile: (174, 198, 226)
[M::mem_pestat] low and high boundaries for computing mean and std.dev: (70, 330)
[M::mem_pestat] mean and std.dev: (200.92, 36.42)
[M::mem_pestat] low and high boundaries for proper pairs: (18, 382)
[M::mem_pestat] skip orientation RF as there are not enough pairs
[M::mem_pestat] skip orientation RR as there are not enough pairs
[M::mem_process_seqs] Processed 645554 reads in 805.457 CPU sec, 103.331 real sec
[M::process] 0 single-end sequences; 645486 paired-end sequences
[M::process] read 645332 sequences (80000224 bp)...
[M::mem_pestat] # candidate unique pairs for (FF, FR, RF, RR): (0, 246321, 6, 0)
[M::mem_pestat] skip orientation FF as there are not enough pairs
[M::mem_pestat] analyzing insert size distribution for orientation FR...
[M::mem_pestat] (25, 50, 75) percentile: (174, 198, 227)
[M::mem_pestat] low and high boundaries for computing mean and std.dev: (68, 333)
[M::mem_pestat] mean and std.dev: (201.00, 36.45)
[M::mem_pestat] low and high boundaries for proper pairs: (15, 386)
[M::mem_pestat] skip orientation RF as there are not enough pairs
[M::mem_pestat] skip orientation RR as there are not enough pairs
[M::mem_process_seqs] Processed 645486 reads in 785.944 CPU sec, 100.927 real sec
[M::process] 0 single-end sequences; 645332 paired-end sequences
[M::process] read 645356 sequences (80000232 bp)...
[M::mem_pestat] # candidate unique pairs for (FF, FR, RF, RR): (0, 245999, 5, 0)
[M::mem_pestat] skip orientation FF as there are not enough pairs
[M::mem_pestat] analyzing insert size distribution for orientation FR...
[M::mem_pestat] (25, 50, 75) percentile: (174, 198, 226)
[M::mem_pestat] low and high boundaries for computing mean and std.dev: (70, 330)
[M::mem_pestat] mean and std.dev: (200.86, 36.57)
[M::mem_pestat] low and high boundaries for proper pairs: (18, 382)
[M::mem_pestat] skip orientation RF as there are not enough pairs
[M::mem_pestat] skip orientation RR as there are not enough pairs
[M::mem_process_seqs] Processed 645332 reads in 791.582 CPU sec, 101.638 real sec
[M::process] 0 single-end sequences; 645356 paired-end sequences
[M::process] read 645396 sequences (80000157 bp)...
[M::mem_pestat] # candidate unique pairs for (FF, FR, RF, RR): (0, 244724, 5, 0)
[M::mem_pestat] skip orientation FF as there are not enough pairs
[M::mem_pestat] analyzing insert size distribution for orientation FR...
[M::mem_pestat] (25, 50, 75) percentile: (174, 198, 226)
[M::mem_pestat] low and high boundaries for computing mean and std.dev: (70, 330)
[M::mem_pestat] mean and std.dev: (200.89, 36.46)
[M::mem_pestat] low and high boundaries for proper pairs: (18, 382)
[M::mem_pestat] skip orientation RF as there are not enough pairs
[M::mem_pestat] skip orientation RR as there are not enough pairs
[M::mem_process_seqs] Processed 645356 reads in 811.133 CPU sec, 104.075 real sec
[M::process] 0 single-end sequences; 645396 paired-end sequences
[M::process] read 645668 sequences (80000178 bp)...
[M::mem_pestat] # candidate unique pairs for (FF, FR, RF, RR): (0, 244618, 4, 0)
[M::mem_pestat] skip orientation FF as there are not enough pairs
[M::mem_pestat] analyzing insert size distribution for orientation FR...
[M::mem_pestat] (25, 50, 75) percentile: (174, 198, 226)
[M::mem_pestat] low and high boundaries for computing mean and std.dev: (70, 330)
[M::mem_pestat] mean and std.dev: (200.79, 36.48)
[M::mem_pestat] low and high boundaries for proper pairs: (18, 382)
[M::mem_pestat] skip orientation RF as there are not enough pairs
[M::mem_pestat] skip orientation RR as there are not enough pairs
[M::mem_process_seqs] Processed 645396 reads in 811.986 CPU sec, 104.140 real sec
[M::process] 0 single-end sequences; 645668 paired-end sequences
[M::process] read 645880 sequences (80000135 bp)...
[M::mem_pestat] # candidate unique pairs for (FF, FR, RF, RR): (0, 244152, 2, 0)
[M::mem_pestat] skip orientation FF as there are not enough pairs
[M::mem_pestat] analyzing insert size distribution for orientation FR...
[M::mem_pestat] (25, 50, 75) percentile: (174, 198, 226)
[M::mem_pestat] low and high boundaries for computing mean and std.dev: (70, 330)
[M::mem_pestat] mean and std.dev: (200.54, 36.40)
[M::mem_pestat] low and high boundaries for proper pairs: (18, 382)
[M::mem_pestat] skip orientation RF as there are not enough pairs
[M::mem_pestat] skip orientation RR as there are not enough pairs
[M::mem_process_seqs] Processed 645668 reads in 831.575 CPU sec, 106.631 real sec
[M::process] 0 single-end sequences; 645880 paired-end sequences
[M::process] read 645526 sequences (80000096 bp)...
[M::mem_pestat] # candidate unique pairs for (FF, FR, RF, RR): (0, 243340, 1, 0)
[M::mem_pestat] skip orientation FF as there are not enough pairs
[M::mem_pestat] analyzing insert size distribution for orientation FR...
[M::mem_pestat] (25, 50, 75) percentile: (174, 198, 226)
[M::mem_pestat] low and high boundaries for computing mean and std.dev: (70, 330)
[M::mem_pestat] mean and std.dev: (200.55, 36.40)
[M::mem_pestat] low and high boundaries for proper pairs: (18, 382)
[M::mem_pestat] skip orientation RF as there are not enough pairs
[M::mem_pestat] skip orientation RR as there are not enough pairs
[M::mem_process_seqs] Processed 645880 reads in 843.567 CPU sec, 108.092 real sec
[M::process] 0 single-end sequences; 645526 paired-end sequences
[M::process] read 645350 sequences (80000018 bp)...
[M::mem_pestat] # candidate unique pairs for (FF, FR, RF, RR): (0, 244279, 6, 0)
[M::mem_pestat] skip orientation FF as there are not enough pairs
[M::mem_pestat] analyzing insert size distribution for orientation FR...
[M::mem_pestat] (25, 50, 75) percentile: (174, 198, 227)
[M::mem_pestat] low and high boundaries for computing mean and std.dev: (68, 333)
[M::mem_pestat] mean and std.dev: (201.02, 36.44)
[M::mem_pestat] low and high boundaries for proper pairs: (15, 386)
[M::mem_pestat] skip orientation RF as there are not enough pairs
[M::mem_pestat] skip orientation RR as there are not enough pairs
[M::mem_process_seqs] Processed 645526 reads in 821.518 CPU sec, 105.375 real sec
[M::process] 0 single-end sequences; 645350 paired-end sequences
[M::process] read 645212 sequences (80000233 bp)...
[M::mem_pestat] # candidate unique pairs for (FF, FR, RF, RR): (0, 245054, 4, 0)
[M::mem_pestat] skip orientation FF as there are not enough pairs
[M::mem_pestat] analyzing insert size distribution for orientation FR...
[M::mem_pestat] (25, 50, 75) percentile: (174, 198, 226)
[M::mem_pestat] low and high boundaries for computing mean and std.dev: (70, 330)
[M::mem_pestat] mean and std.dev: (201.04, 36.41)
[M::mem_pestat] low and high boundaries for proper pairs: (18, 382)
[M::mem_pestat] skip orientation RF as there are not enough pairs
[M::mem_pestat] skip orientation RR as there are not enough pairs
[M::mem_process_seqs] Processed 645350 reads in 798.264 CPU sec, 102.447 real sec
[M::process] 0 single-end sequences; 645212 paired-end sequences
[M::process] read 645188 sequences (80000218 bp)...
[M::mem_pestat] # candidate unique pairs for (FF, FR, RF, RR): (0, 244965, 1, 0)
[M::mem_pestat] skip orientation FF as there are not enough pairs
[M::mem_pestat] analyzing insert size distribution for orientation FR...
[M::mem_pestat] (25, 50, 75) percentile: (174, 198, 227)
[M::mem_pestat] low and high boundaries for computing mean and std.dev: (68, 333)
[M::mem_pestat] mean and std.dev: (201.09, 36.47)
[M::mem_pestat] low and high boundaries for proper pairs: (15, 386)
[M::mem_pestat] skip orientation RF as there are not enough pairs
[M::mem_pestat] skip orientation RR as there are not enough pairs
[M::mem_process_seqs] Processed 645212 reads in 804.406 CPU sec, 103.202 real sec
[M::process] 0 single-end sequences; 645188 paired-end sequences
[M::process] read 645188 sequences (80000044 bp)...
[M::mem_pestat] # candidate unique pairs for (FF, FR, RF, RR): (0, 245640, 2, 0)
[M::mem_pestat] skip orientation FF as there are not enough pairs
[M::mem_pestat] analyzing insert size distribution for orientation FR...
[M::mem_pestat] (25, 50, 75) percentile: (174, 198, 226)
[M::mem_pestat] low and high boundaries for computing mean and std.dev: (70, 330)
[M::mem_pestat] mean and std.dev: (200.89, 36.45)
[M::mem_pestat] low and high boundaries for proper pairs: (18, 382)
[M::mem_pestat] skip orientation RF as there are not enough pairs
[M::mem_pestat] skip orientation RR as there are not enough pairs
[M::mem_process_seqs] Processed 645188 reads in 805.589 CPU sec, 103.346 real sec
[M::process] 0 single-end sequences; 645188 paired-end sequences
[M::process] read 645416 sequences (80000094 bp)...
[M::mem_pestat] # candidate unique pairs for (FF, FR, RF, RR): (0, 244807, 1, 0)
[M::mem_pestat] skip orientation FF as there are not enough pairs
[M::mem_pestat] analyzing insert size distribution for orientation FR...
[M::mem_pestat] (25, 50, 75) percentile: (174, 198, 226)
[M::mem_pestat] low and high boundaries for computing mean and std.dev: (70, 330)
[M::mem_pestat] mean and std.dev: (200.79, 36.41)
[M::mem_pestat] low and high boundaries for proper pairs: (18, 382)
[M::mem_pestat] skip orientation RF as there are not enough pairs
[M::mem_pestat] skip orientation RR as there are not enough pairs
[M::mem_process_seqs] Processed 645188 reads in 819.706 CPU sec, 105.134 real sec
[M::process] 0 single-end sequences; 645416 paired-end sequences
[M::process] read 645578 sequences (80000174 bp)...
[M::mem_pestat] # candidate unique pairs for (FF, FR, RF, RR): (0, 244286, 3, 0)
[M::mem_pestat] skip orientation FF as there are not enough pairs
[M::mem_pestat] analyzing insert size distribution for orientation FR...
[M::mem_pestat] (25, 50, 75) percentile: (174, 198, 226)
[M::mem_pestat] low and high boundaries for computing mean and std.dev: (70, 330)
[M::mem_pestat] mean and std.dev: (200.77, 36.43)
[M::mem_pestat] low and high boundaries for proper pairs: (18, 382)
[M::mem_pestat] skip orientation RF as there are not enough pairs
[M::mem_pestat] skip orientation RR as there are not enough pairs
[M::mem_process_seqs] Processed 645416 reads in 829.641 CPU sec, 106.371 real sec
[M::process] 0 single-end sequences; 645578 paired-end sequences
[M::process] read 645970 sequences (80000117 bp)...
[M::mem_pestat] # candidate unique pairs for (FF, FR, RF, RR): (0, 243591, 3, 0)
[M::mem_pestat] skip orientation FF as there are not enough pairs
[M::mem_pestat] analyzing insert size distribution for orientation FR...
[M::mem_pestat] (25, 50, 75) percentile: (174, 198, 226)
[M::mem_pestat] low and high boundaries for computing mean and std.dev: (70, 330)
[M::mem_pestat] mean and std.dev: (200.57, 36.38)
[M::mem_pestat] low and high boundaries for proper pairs: (18, 382)
[M::mem_pestat] skip orientation RF as there are not enough pairs
[M::mem_pestat] skip orientation RR as there are not enough pairs
[M::mem_process_seqs] Processed 645578 reads in 841.694 CPU sec, 107.864 real sec
[M::process] 0 single-end sequences; 645970 paired-end sequences
[M::process] read 645548 sequences (80000219 bp)...
[M::mem_pestat] # candidate unique pairs for (FF, FR, RF, RR): (0, 244169, 7, 0)
[M::mem_pestat] skip orientation FF as there are not enough pairs
[M::mem_pestat] analyzing insert size distribution for orientation FR...
[M::mem_pestat] (25, 50, 75) percentile: (174, 198, 226)
[M::mem_pestat] low and high boundaries for computing mean and std.dev: (70, 330)
[M::mem_pestat] mean and std.dev: (200.83, 36.48)
[M::mem_pestat] low and high boundaries for proper pairs: (18, 382)
[M::mem_pestat] skip orientation RF as there are not enough pairs
[M::mem_pestat] skip orientation RR as there are not enough pairs
[M::mem_process_seqs] Processed 645970 reads in 821.123 CPU sec, 105.303 real sec
[M::process] 0 single-end sequences; 645548 paired-end sequences
[M::process] read 645402 sequences (80000177 bp)...
[M::mem_pestat] # candidate unique pairs for (FF, FR, RF, RR): (0, 244934, 6, 0)
[M::mem_pestat] skip orientation FF as there are not enough pairs
[M::mem_pestat] analyzing insert size distribution for orientation FR...
[M::mem_pestat] (25, 50, 75) percentile: (174, 198, 227)
[M::mem_pestat] low and high boundaries for computing mean and std.dev: (68, 333)
[M::mem_pestat] mean and std.dev: (201.10, 36.48)
[M::mem_pestat] low and high boundaries for proper pairs: (15, 386)
[M::mem_pestat] skip orientation RF as there are not enough pairs
[M::mem_pestat] skip orientation RR as there are not enough pairs
[M::mem_process_seqs] Processed 645548 reads in 812.185 CPU sec, 104.240 real sec
[M::process] 0 single-end sequences; 645402 paired-end sequences
[M::process] read 645424 sequences (80000196 bp)...
[M::mem_pestat] # candidate unique pairs for (FF, FR, RF, RR): (0, 244304, 4, 0)
[M::mem_pestat] skip orientation FF as there are not enough pairs
[M::mem_pestat] analyzing insert size distribution for orientation FR...
[M::mem_pestat] (25, 50, 75) percentile: (174, 198, 226)
[M::mem_pestat] low and high boundaries for computing mean and std.dev: (70, 330)
[M::mem_pestat] mean and std.dev: (200.99, 36.46)
[M::mem_pestat] low and high boundaries for proper pairs: (18, 382)
[M::mem_pestat] skip orientation RF as there are not enough pairs
[M::mem_pestat] skip orientation RR as there are not enough pairs
[M::mem_process_seqs] Processed 645402 reads in 823.315 CPU sec, 105.595 real sec
[M::process] 0 single-end sequences; 645424 paired-end sequences
[M::process] read 645542 sequences (80000214 bp)...
[M::mem_pestat] # candidate unique pairs for (FF, FR, RF, RR): (0, 244121, 2, 0)
[M::mem_pestat] skip orientation FF as there are not enough pairs
[M::mem_pestat] analyzing insert size distribution for orientation FR...
[M::mem_pestat] (25, 50, 75) percentile: (174, 198, 226)
[M::mem_pestat] low and high boundaries for computing mean and std.dev: (70, 330)
[M::mem_pestat] mean and std.dev: (200.78, 36.43)
[M::mem_pestat] low and high boundaries for proper pairs: (18, 382)
[M::mem_pestat] skip orientation RF as there are not enough pairs
[M::mem_pestat] skip orientation RR as there are not enough pairs
[M::mem_process_seqs] Processed 645424 reads in 827.730 CPU sec, 106.137 real sec
[M::process] 0 single-end sequences; 645542 paired-end sequences
[M::process] read 645832 sequences (80000195 bp)...
[M::mem_pestat] # candidate unique pairs for (FF, FR, RF, RR): (0, 242808, 2, 0)
[M::mem_pestat] skip orientation FF as there are not enough pairs
[M::mem_pestat] analyzing insert size distribution for orientation FR...
[M::mem_pestat] (25, 50, 75) percentile: (174, 198, 226)
[M::mem_pestat] low and high boundaries for computing mean and std.dev: (70, 330)
[M::mem_pestat] mean and std.dev: (200.63, 36.41)
[M::mem_pestat] low and high boundaries for proper pairs: (18, 382)
[M::mem_pestat] skip orientation RF as there are not enough pairs
[M::mem_pestat] skip orientation RR as there are not enough pairs
[M::mem_process_seqs] Processed 645542 reads in 855.657 CPU sec, 109.641 real sec
[M::process] 0 single-end sequences; 645832 paired-end sequences
[M::process] read 646278 sequences (80000184 bp)...
[M::mem_pestat] # candidate unique pairs for (FF, FR, RF, RR): (0, 242812, 3, 0)
[M::mem_pestat] skip orientation FF as there are not enough pairs
[M::mem_pestat] analyzing insert size distribution for orientation FR...
[M::mem_pestat] (25, 50, 75) percentile: (174, 198, 226)
[M::mem_pestat] low and high boundaries for computing mean and std.dev: (70, 330)
[M::mem_pestat] mean and std.dev: (200.74, 36.38)
[M::mem_pestat] low and high boundaries for proper pairs: (18, 382)
[M::mem_pestat] skip orientation RF as there are not enough pairs
[M::mem_pestat] skip orientation RR as there are not enough pairs
[M::mem_process_seqs] Processed 645832 reads in 857.367 CPU sec, 109.835 real sec
[M::process] 0 single-end sequences; 646278 paired-end sequences
[M::process] read 645802 sequences (80000189 bp)...
[M::mem_pestat] # candidate unique pairs for (FF, FR, RF, RR): (0, 242190, 2, 0)
[M::mem_pestat] skip orientation FF as there are not enough pairs
[M::mem_pestat] analyzing insert size distribution for orientation FR...
[M::mem_pestat] (25, 50, 75) percentile: (174, 198, 226)
[M::mem_pestat] low and high boundaries for computing mean and std.dev: (70, 330)
[M::mem_pestat] mean and std.dev: (200.53, 36.42)
[M::mem_pestat] low and high boundaries for proper pairs: (18, 382)
[M::mem_pestat] skip orientation RF as there are not enough pairs
[M::mem_pestat] skip orientation RR as there are not enough pairs
[M::mem_process_seqs] Processed 646278 reads in 867.260 CPU sec, 111.070 real sec
[M::process] 0 single-end sequences; 645802 paired-end sequences
[M::process] read 645442 sequences (80000035 bp)...
[M::mem_pestat] # candidate unique pairs for (FF, FR, RF, RR): (0, 245265, 3, 0)
[M::mem_pestat] skip orientation FF as there are not enough pairs
[M::mem_pestat] analyzing insert size distribution for orientation FR...
[M::mem_pestat] (25, 50, 75) percentile: (174, 198, 226)
[M::mem_pestat] low and high boundaries for computing mean and std.dev: (70, 330)
[M::mem_pestat] mean and std.dev: (200.90, 36.48)
[M::mem_pestat] low and high boundaries for proper pairs: (18, 382)
[M::mem_pestat] skip orientation RF as there are not enough pairs
[M::mem_pestat] skip orientation RR as there are not enough pairs
[M::mem_process_seqs] Processed 645802 reads in 812.009 CPU sec, 104.178 real sec
[M::process] 0 single-end sequences; 645442 paired-end sequences
[M::process] read 645398 sequences (80000087 bp)...
[M::mem_pestat] # candidate unique pairs for (FF, FR, RF, RR): (0, 244669, 4, 0)
[M::mem_pestat] skip orientation FF as there are not enough pairs
[M::mem_pestat] analyzing insert size distribution for orientation FR...
[M::mem_pestat] (25, 50, 75) percentile: (174, 198, 227)
[M::mem_pestat] low and high boundaries for computing mean and std.dev: (68, 333)
[M::mem_pestat] mean and std.dev: (201.05, 36.49)
[M::mem_pestat] low and high boundaries for proper pairs: (15, 386)
[M::mem_pestat] skip orientation RF as there are not enough pairs
[M::mem_pestat] skip orientation RR as there are not enough pairs
[M::mem_process_seqs] Processed 645442 reads in 811.606 CPU sec, 104.128 real sec
[M::process] 0 single-end sequences; 645398 paired-end sequences
[M::process] read 645558 sequences (80000243 bp)...
[M::mem_pestat] # candidate unique pairs for (FF, FR, RF, RR): (0, 245071, 6, 0)
[M::mem_pestat] skip orientation FF as there are not enough pairs
[M::mem_pestat] analyzing insert size distribution for orientation FR...
[M::mem_pestat] (25, 50, 75) percentile: (174, 198, 226)
[M::mem_pestat] low and high boundaries for computing mean and std.dev: (70, 330)
[M::mem_pestat] mean and std.dev: (200.83, 36.41)
[M::mem_pestat] low and high boundaries for proper pairs: (18, 382)
[M::mem_pestat] skip orientation RF as there are not enough pairs
[M::mem_pestat] skip orientation RR as there are not enough pairs
[M::mem_process_seqs] Processed 645398 reads in 831.804 CPU sec, 106.647 real sec
[M::process] 0 single-end sequences; 645558 paired-end sequences
[M::process] read 645524 sequences (80000051 bp)...
[M::mem_pestat] # candidate unique pairs for (FF, FR, RF, RR): (0, 243998, 3, 0)
[M::mem_pestat] skip orientation FF as there are not enough pairs
[M::mem_pestat] analyzing insert size distribution for orientation FR...
[M::mem_pestat] (25, 50, 75) percentile: (174, 198, 226)
[M::mem_pestat] low and high boundaries for computing mean and std.dev: (70, 330)
[M::mem_pestat] mean and std.dev: (200.82, 36.46)
[M::mem_pestat] low and high boundaries for proper pairs: (18, 382)
[M::mem_pestat] skip orientation RF as there are not enough pairs
[M::mem_pestat] skip orientation RR as there are not enough pairs
[M::mem_process_seqs] Processed 645558 reads in 904.729 CPU sec, 115.802 real sec
[M::process] 0 single-end sequences; 645524 paired-end sequences
[M::process] read 645982 sequences (80000086 bp)...
[M::mem_pestat] # candidate unique pairs for (FF, FR, RF, RR): (0, 243794, 4, 0)
[M::mem_pestat] skip orientation FF as there are not enough pairs
[M::mem_pestat] analyzing insert size distribution for orientation FR...
[M::mem_pestat] (25, 50, 75) percentile: (174, 198, 226)
[M::mem_pestat] low and high boundaries for computing mean and std.dev: (70, 330)
[M::mem_pestat] mean and std.dev: (200.79, 36.38)
[M::mem_pestat] low and high boundaries for proper pairs: (18, 382)
[M::mem_pestat] skip orientation RF as there are not enough pairs
[M::mem_pestat] skip orientation RR as there are not enough pairs
[M::mem_process_seqs] Processed 645524 reads in 849.242 CPU sec, 108.841 real sec
[M::process] 0 single-end sequences; 645982 paired-end sequences
[M::process] read 646330 sequences (80000191 bp)...
[M::mem_pestat] # candidate unique pairs for (FF, FR, RF, RR): (0, 244082, 5, 0)
[M::mem_pestat] skip orientation FF as there are not enough pairs
[M::mem_pestat] analyzing insert size distribution for orientation FR...
[M::mem_pestat] (25, 50, 75) percentile: (174, 198, 226)
[M::mem_pestat] low and high boundaries for computing mean and std.dev: (70, 330)
[M::mem_pestat] mean and std.dev: (200.86, 36.49)
[M::mem_pestat] low and high boundaries for proper pairs: (18, 382)
[M::mem_pestat] skip orientation RF as there are not enough pairs
[M::mem_pestat] skip orientation RR as there are not enough pairs
[M::mem_process_seqs] Processed 645982 reads in 854.074 CPU sec, 109.428 real sec
[M::process] 0 single-end sequences; 646330 paired-end sequences
[M::process] read 645656 sequences (80000053 bp)...
[M::mem_pestat] # candidate unique pairs for (FF, FR, RF, RR): (0, 244017, 1, 0)
[M::mem_pestat] skip orientation FF as there are not enough pairs
[M::mem_pestat] analyzing insert size distribution for orientation FR...
[M::mem_pestat] (25, 50, 75) percentile: (174, 197, 226)
[M::mem_pestat] low and high boundaries for computing mean and std.dev: (70, 330)
[M::mem_pestat] mean and std.dev: (200.46, 36.39)
[M::mem_pestat] low and high boundaries for proper pairs: (18, 382)
[M::mem_pestat] skip orientation RF as there are not enough pairs
[M::mem_pestat] skip orientation RR as there are not enough pairs
[M::mem_process_seqs] Processed 646330 reads in 857.512 CPU sec, 109.894 real sec
[M::process] 0 single-end sequences; 645656 paired-end sequences
[M::process] read 645442 sequences (80000169 bp)...
[M::mem_pestat] # candidate unique pairs for (FF, FR, RF, RR): (0, 244744, 6, 0)
[M::mem_pestat] skip orientation FF as there are not enough pairs
[M::mem_pestat] analyzing insert size distribution for orientation FR...
[M::mem_pestat] (25, 50, 75) percentile: (174, 198, 227)
[M::mem_pestat] low and high boundaries for computing mean and std.dev: (68, 333)
[M::mem_pestat] mean and std.dev: (201.12, 36.45)
[M::mem_pestat] low and high boundaries for proper pairs: (15, 386)
[M::mem_pestat] skip orientation RF as there are not enough pairs
[M::mem_pestat] skip orientation RR as there are not enough pairs
[M::mem_process_seqs] Processed 645656 reads in 868.723 CPU sec, 111.274 real sec
[M::process] 0 single-end sequences; 645442 paired-end sequences
[M::process] read 645702 sequences (80000174 bp)...
[M::mem_pestat] # candidate unique pairs for (FF, FR, RF, RR): (0, 244338, 5, 0)
[M::mem_pestat] skip orientation FF as there are not enough pairs
[M::mem_pestat] analyzing insert size distribution for orientation FR...
[M::mem_pestat] (25, 50, 75) percentile: (174, 198, 226)
[M::mem_pestat] low and high boundaries for computing mean and std.dev: (70, 330)
[M::mem_pestat] mean and std.dev: (200.97, 36.41)
[M::mem_pestat] low and high boundaries for proper pairs: (18, 382)
[M::mem_pestat] skip orientation RF as there are not enough pairs
[M::mem_pestat] skip orientation RR as there are not enough pairs
[M::mem_process_seqs] Processed 645442 reads in 835.589 CPU sec, 107.135 real sec
[M::process] 0 single-end sequences; 645702 paired-end sequences
[M::process] read 645526 sequences (80000202 bp)...
[M::mem_pestat] # candidate unique pairs for (FF, FR, RF, RR): (0, 243283, 5, 0)
[M::mem_pestat] skip orientation FF as there are not enough pairs
[M::mem_pestat] analyzing insert size distribution for orientation FR...
[M::mem_pestat] (25, 50, 75) percentile: (174, 198, 227)
[M::mem_pestat] low and high boundaries for computing mean and std.dev: (68, 333)
[M::mem_pestat] mean and std.dev: (201.00, 36.50)
[M::mem_pestat] low and high boundaries for proper pairs: (15, 386)
[M::mem_pestat] skip orientation RF as there are not enough pairs
[M::mem_pestat] skip orientation RR as there are not enough pairs
[M::mem_process_seqs] Processed 645702 reads in 1277.648 CPU sec, 162.595 real sec
[M::process] 0 single-end sequences; 645526 paired-end sequences
[M::process] read 645694 sequences (80000010 bp)...
[M::mem_pestat] # candidate unique pairs for (FF, FR, RF, RR): (0, 242945, 2, 0)
[M::mem_pestat] skip orientation FF as there are not enough pairs
[M::mem_pestat] analyzing insert size distribution for orientation FR...
[M::mem_pestat] (25, 50, 75) percentile: (174, 198, 226)
[M::mem_pestat] low and high boundaries for computing mean and std.dev: (70, 330)
[M::mem_pestat] mean and std.dev: (200.84, 36.53)
[M::mem_pestat] low and high boundaries for proper pairs: (18, 382)
[M::mem_pestat] skip orientation RF as there are not enough pairs
[M::mem_pestat] skip orientation RR as there are not enough pairs
[M::mem_process_seqs] Processed 645526 reads in 1148.221 CPU sec, 146.249 real sec
[M::process] 0 single-end sequences; 645694 paired-end sequences
[M::process] read 645954 sequences (80000103 bp)...
[M::mem_pestat] # candidate unique pairs for (FF, FR, RF, RR): (0, 243378, 3, 0)
[M::mem_pestat] skip orientation FF as there are not enough pairs
[M::mem_pestat] analyzing insert size distribution for orientation FR...
[M::mem_pestat] (25, 50, 75) percentile: (174, 198, 226)
[M::mem_pestat] low and high boundaries for computing mean and std.dev: (70, 330)
[M::mem_pestat] mean and std.dev: (200.86, 36.41)
[M::mem_pestat] low and high boundaries for proper pairs: (18, 382)
[M::mem_pestat] skip orientation RF as there are not enough pairs
[M::mem_pestat] skip orientation RR as there are not enough pairs
[M::mem_process_seqs] Processed 645694 reads in 934.352 CPU sec, 119.477 real sec
[M::process] 0 single-end sequences; 645954 paired-end sequences
[M::process] read 646262 sequences (80000129 bp)...
[M::mem_pestat] # candidate unique pairs for (FF, FR, RF, RR): (0, 243008, 4, 0)
[M::mem_pestat] skip orientation FF as there are not enough pairs
[M::mem_pestat] analyzing insert size distribution for orientation FR...
[M::mem_pestat] (25, 50, 75) percentile: (174, 198, 226)
[M::mem_pestat] low and high boundaries for computing mean and std.dev: (70, 330)
[M::mem_pestat] mean and std.dev: (200.70, 36.53)
[M::mem_pestat] low and high boundaries for proper pairs: (18, 382)
[M::mem_pestat] skip orientation RF as there are not enough pairs
[M::mem_pestat] skip orientation RR as there are not enough pairs
[M::mem_process_seqs] Processed 645954 reads in 1061.556 CPU sec, 135.383 real sec
[M::process] 0 single-end sequences; 646262 paired-end sequences
[M::process] read 646418 sequences (80000078 bp)...
[M::mem_pestat] # candidate unique pairs for (FF, FR, RF, RR): (0, 245265, 3, 0)
[M::mem_pestat] skip orientation FF as there are not enough pairs
[M::mem_pestat] analyzing insert size distribution for orientation FR...
[M::mem_pestat] (25, 50, 75) percentile: (174, 198, 227)
[M::mem_pestat] low and high boundaries for computing mean and std.dev: (68, 333)
[M::mem_pestat] mean and std.dev: (201.17, 36.49)
[M::mem_pestat] low and high boundaries for proper pairs: (15, 386)
[M::mem_pestat] skip orientation RF as there are not enough pairs
[M::mem_pestat] skip orientation RR as there are not enough pairs
[M::mem_process_seqs] Processed 646262 reads in 787.520 CPU sec, 101.126 real sec
[M::process] 0 single-end sequences; 646418 paired-end sequences
[M::process] read 646622 sequences (80000172 bp)...
[M::mem_pestat] # candidate unique pairs for (FF, FR, RF, RR): (0, 246042, 6, 0)
[M::mem_pestat] skip orientation FF as there are not enough pairs
[M::mem_pestat] analyzing insert size distribution for orientation FR...
[M::mem_pestat] (25, 50, 75) percentile: (174, 198, 227)
[M::mem_pestat] low and high boundaries for computing mean and std.dev: (68, 333)
[M::mem_pestat] mean and std.dev: (201.20, 36.44)
[M::mem_pestat] low and high boundaries for proper pairs: (15, 386)
[M::mem_pestat] skip orientation RF as there are not enough pairs
[M::mem_pestat] skip orientation RR as there are not enough pairs
[M::mem_process_seqs] Processed 646418 reads in 760.370 CPU sec, 97.739 real sec
[M::process] 0 single-end sequences; 646622 paired-end sequences
[M::process] read 646296 sequences (80000228 bp)...
[M::mem_pestat] # candidate unique pairs for (FF, FR, RF, RR): (0, 245606, 4, 0)
[M::mem_pestat] skip orientation FF as there are not enough pairs
[M::mem_pestat] analyzing insert size distribution for orientation FR...
[M::mem_pestat] (25, 50, 75) percentile: (175, 198, 227)
[M::mem_pestat] low and high boundaries for computing mean and std.dev: (71, 331)
[M::mem_pestat] mean and std.dev: (201.18, 36.47)
[M::mem_pestat] low and high boundaries for proper pairs: (19, 383)
[M::mem_pestat] skip orientation RF as there are not enough pairs
[M::mem_pestat] skip orientation RR as there are not enough pairs
[M::mem_process_seqs] Processed 646622 reads in 768.320 CPU sec, 98.752 real sec
[M::process] 0 single-end sequences; 646296 paired-end sequences
[M::process] read 646134 sequences (80000126 bp)...
[M::mem_pestat] # candidate unique pairs for (FF, FR, RF, RR): (0, 245696, 4, 0)
[M::mem_pestat] skip orientation FF as there are not enough pairs
[M::mem_pestat] analyzing insert size distribution for orientation FR...
[M::mem_pestat] (25, 50, 75) percentile: (175, 198, 227)
[M::mem_pestat] low and high boundaries for computing mean and std.dev: (71, 331)
[M::mem_pestat] mean and std.dev: (201.27, 36.51)
[M::mem_pestat] low and high boundaries for proper pairs: (19, 383)
[M::mem_pestat] skip orientation RF as there are not enough pairs
[M::mem_pestat] skip orientation RR as there are not enough pairs
[M::mem_process_seqs] Processed 646296 reads in 763.516 CPU sec, 98.108 real sec
[M::process] 0 single-end sequences; 646134 paired-end sequences
[M::process] read 646206 sequences (80000161 bp)...
[M::mem_pestat] # candidate unique pairs for (FF, FR, RF, RR): (0, 245790, 6, 0)
[M::mem_pestat] skip orientation FF as there are not enough pairs
[M::mem_pestat] analyzing insert size distribution for orientation FR...
[M::mem_pestat] (25, 50, 75) percentile: (174, 198, 227)
[M::mem_pestat] low and high boundaries for computing mean and std.dev: (68, 333)
[M::mem_pestat] mean and std.dev: (201.12, 36.53)
[M::mem_pestat] low and high boundaries for proper pairs: (15, 386)
[M::mem_pestat] skip orientation RF as there are not enough pairs
[M::mem_pestat] skip orientation RR as there are not enough pairs
[M::mem_process_seqs] Processed 646134 reads in 772.432 CPU sec, 99.209 real sec
[M::process] 0 single-end sequences; 646206 paired-end sequences
[M::process] read 646204 sequences (80000104 bp)...
[M::mem_pestat] # candidate unique pairs for (FF, FR, RF, RR): (0, 245556, 3, 0)
[M::mem_pestat] skip orientation FF as there are not enough pairs
[M::mem_pestat] analyzing insert size distribution for orientation FR...
[M::mem_pestat] (25, 50, 75) percentile: (174, 198, 226)
[M::mem_pestat] low and high boundaries for computing mean and std.dev: (70, 330)
[M::mem_pestat] mean and std.dev: (200.94, 36.46)
[M::mem_pestat] low and high boundaries for proper pairs: (18, 382)
[M::mem_pestat] skip orientation RF as there are not enough pairs
[M::mem_pestat] skip orientation RR as there are not enough pairs
[M::mem_process_seqs] Processed 646206 reads in 770.515 CPU sec, 98.970 real sec
[M::process] 0 single-end sequences; 646204 paired-end sequences
[M::process] read 646224 sequences (80000071 bp)...
[M::mem_pestat] # candidate unique pairs for (FF, FR, RF, RR): (0, 245101, 2, 0)
[M::mem_pestat] skip orientation FF as there are not enough pairs
[M::mem_pestat] analyzing insert size distribution for orientation FR...
[M::mem_pestat] (25, 50, 75) percentile: (174, 198, 227)
[M::mem_pestat] low and high boundaries for computing mean and std.dev: (68, 333)
[M::mem_pestat] mean and std.dev: (201.10, 36.58)
[M::mem_pestat] low and high boundaries for proper pairs: (15, 386)
[M::mem_pestat] skip orientation RF as there are not enough pairs
[M::mem_pestat] skip orientation RR as there are not enough pairs
[M::mem_process_seqs] Processed 646204 reads in 779.467 CPU sec, 100.076 real sec
[M::process] 0 single-end sequences; 646224 paired-end sequences
[M::process] read 646236 sequences (80000076 bp)...
[M::mem_pestat] # candidate unique pairs for (FF, FR, RF, RR): (0, 244887, 4, 0)
[M::mem_pestat] skip orientation FF as there are not enough pairs
[M::mem_pestat] analyzing insert size distribution for orientation FR...
[M::mem_pestat] (25, 50, 75) percentile: (174, 198, 226)
[M::mem_pestat] low and high boundaries for computing mean and std.dev: (70, 330)
[M::mem_pestat] mean and std.dev: (200.84, 36.51)
[M::mem_pestat] low and high boundaries for proper pairs: (18, 382)
[M::mem_pestat] skip orientation RF as there are not enough pairs
[M::mem_pestat] skip orientation RR as there are not enough pairs
[M::mem_process_seqs] Processed 646224 reads in 786.245 CPU sec, 100.942 real sec
[M::process] 0 single-end sequences; 646236 paired-end sequences
[M::process] read 646206 sequences (80000202 bp)...
[M::mem_pestat] # candidate unique pairs for (FF, FR, RF, RR): (0, 244784, 2, 0)
[M::mem_pestat] skip orientation FF as there are not enough pairs
[M::mem_pestat] analyzing insert size distribution for orientation FR...
[M::mem_pestat] (25, 50, 75) percentile: (174, 198, 227)
[M::mem_pestat] low and high boundaries for computing mean and std.dev: (68, 333)
[M::mem_pestat] mean and std.dev: (201.01, 36.55)
[M::mem_pestat] low and high boundaries for proper pairs: (15, 386)
[M::mem_pestat] skip orientation RF as there are not enough pairs
[M::mem_pestat] skip orientation RR as there are not enough pairs
[M::mem_process_seqs] Processed 646236 reads in 788.560 CPU sec, 101.216 real sec
[M::process] 0 single-end sequences; 646206 paired-end sequences
[M::process] read 646290 sequences (80000118 bp)...
[M::mem_pestat] # candidate unique pairs for (FF, FR, RF, RR): (0, 244050, 5, 0)
[M::mem_pestat] skip orientation FF as there are not enough pairs
[M::mem_pestat] analyzing insert size distribution for orientation FR...
[M::mem_pestat] (25, 50, 75) percentile: (174, 198, 226)
[M::mem_pestat] low and high boundaries for computing mean and std.dev: (70, 330)
[M::mem_pestat] mean and std.dev: (200.71, 36.53)
[M::mem_pestat] low and high boundaries for proper pairs: (18, 382)
[M::mem_pestat] skip orientation RF as there are not enough pairs
[M::mem_pestat] skip orientation RR as there are not enough pairs
[M::mem_process_seqs] Processed 646206 reads in 799.222 CPU sec, 102.551 real sec
[M::process] 0 single-end sequences; 646290 paired-end sequences
[M::process] read 646306 sequences (80000084 bp)...
[M::mem_pestat] # candidate unique pairs for (FF, FR, RF, RR): (0, 242821, 3, 0)
[M::mem_pestat] skip orientation FF as there are not enough pairs
[M::mem_pestat] analyzing insert size distribution for orientation FR...
[M::mem_pestat] (25, 50, 75) percentile: (174, 198, 226)
[M::mem_pestat] low and high boundaries for computing mean and std.dev: (70, 330)
[M::mem_pestat] mean and std.dev: (200.63, 36.52)
[M::mem_pestat] low and high boundaries for proper pairs: (18, 382)
[M::mem_pestat] skip orientation RF as there are not enough pairs
[M::mem_pestat] skip orientation RR as there are not enough pairs
[M::mem_process_seqs] Processed 646290 reads in 809.316 CPU sec, 103.831 real sec
[M::process] 0 single-end sequences; 646306 paired-end sequences
[M::process] read 646262 sequences (80000090 bp)...
[M::mem_pestat] # candidate unique pairs for (FF, FR, RF, RR): (0, 242935, 4, 0)
[M::mem_pestat] skip orientation FF as there are not enough pairs
[M::mem_pestat] analyzing insert size distribution for orientation FR...
[M::mem_pestat] (25, 50, 75) percentile: (174, 198, 226)
[M::mem_pestat] low and high boundaries for computing mean and std.dev: (70, 330)
[M::mem_pestat] mean and std.dev: (200.62, 36.55)
[M::mem_pestat] low and high boundaries for proper pairs: (18, 382)
[M::mem_pestat] skip orientation RF as there are not enough pairs
[M::mem_pestat] skip orientation RR as there are not enough pairs
[M::mem_process_seqs] Processed 646306 reads in 804.114 CPU sec, 103.175 real sec
[M::process] 0 single-end sequences; 646262 paired-end sequences
[M::process] read 646300 sequences (80000082 bp)...
[M::mem_pestat] # candidate unique pairs for (FF, FR, RF, RR): (0, 244294, 6, 0)
[M::mem_pestat] skip orientation FF as there are not enough pairs
[M::mem_pestat] analyzing insert size distribution for orientation FR...
[M::mem_pestat] (25, 50, 75) percentile: (174, 198, 226)
[M::mem_pestat] low and high boundaries for computing mean and std.dev: (70, 330)
[M::mem_pestat] mean and std.dev: (200.86, 36.52)
[M::mem_pestat] low and high boundaries for proper pairs: (18, 382)
[M::mem_pestat] skip orientation RF as there are not enough pairs
[M::mem_pestat] skip orientation RR as there are not enough pairs
[M::mem_process_seqs] Processed 646262 reads in 785.869 CPU sec, 100.878 real sec
[M::process] 0 single-end sequences; 646300 paired-end sequences
[M::process] read 646450 sequences (80000204 bp)...
[M::mem_pestat] # candidate unique pairs for (FF, FR, RF, RR): (0, 245669, 0, 0)
[M::mem_pestat] skip orientation FF as there are not enough pairs
[M::mem_pestat] analyzing insert size distribution for orientation FR...
[M::mem_pestat] (25, 50, 75) percentile: (174, 198, 227)
[M::mem_pestat] low and high boundaries for computing mean and std.dev: (68, 333)
[M::mem_pestat] mean and std.dev: (201.31, 36.51)
[M::mem_pestat] low and high boundaries for proper pairs: (15, 386)
[M::mem_pestat] skip orientation RF as there are not enough pairs
[M::mem_pestat] skip orientation RR as there are not enough pairs
[M::mem_process_seqs] Processed 646300 reads in 764.862 CPU sec, 98.245 real sec
[M::process] 0 single-end sequences; 646450 paired-end sequences
[M::process] read 646752 sequences (80000022 bp)...
[M::mem_pestat] # candidate unique pairs for (FF, FR, RF, RR): (0, 245546, 2, 0)
[M::mem_pestat] skip orientation FF as there are not enough pairs
[M::mem_pestat] analyzing insert size distribution for orientation FR...
[M::mem_pestat] (25, 50, 75) percentile: (174, 198, 227)
[M::mem_pestat] low and high boundaries for computing mean and std.dev: (68, 333)
[M::mem_pestat] mean and std.dev: (201.20, 36.48)
[M::mem_pestat] low and high boundaries for proper pairs: (15, 386)
[M::mem_pestat] skip orientation RF as there are not enough pairs
[M::mem_pestat] skip orientation RR as there are not enough pairs
[M::mem_process_seqs] Processed 646450 reads in 767.092 CPU sec, 98.551 real sec
[M::process] 0 single-end sequences; 646752 paired-end sequences
[M::process] read 646252 sequences (80000151 bp)...
[M::mem_pestat] # candidate unique pairs for (FF, FR, RF, RR): (0, 245777, 7, 0)
[M::mem_pestat] skip orientation FF as there are not enough pairs
[M::mem_pestat] analyzing insert size distribution for orientation FR...
[M::mem_pestat] (25, 50, 75) percentile: (175, 198, 227)
[M::mem_pestat] low and high boundaries for computing mean and std.dev: (71, 331)
[M::mem_pestat] mean and std.dev: (201.28, 36.51)
[M::mem_pestat] low and high boundaries for proper pairs: (19, 383)
[M::mem_pestat] skip orientation RF as there are not enough pairs
[M::mem_pestat] skip orientation RR as there are not enough pairs
[M::mem_process_seqs] Processed 646752 reads in 766.443 CPU sec, 98.448 real sec
[M::process] 0 single-end sequences; 646252 paired-end sequences
[M::process] read 646226 sequences (80000145 bp)...
[M::mem_pestat] # candidate unique pairs for (FF, FR, RF, RR): (0, 245824, 1, 0)
[M::mem_pestat] skip orientation FF as there are not enough pairs
[M::mem_pestat] analyzing insert size distribution for orientation FR...
[M::mem_pestat] (25, 50, 75) percentile: (174, 198, 227)
[M::mem_pestat] low and high boundaries for computing mean and std.dev: (68, 333)
[M::mem_pestat] mean and std.dev: (201.10, 36.54)
[M::mem_pestat] low and high boundaries for proper pairs: (15, 386)
[M::mem_pestat] skip orientation RF as there are not enough pairs
[M::mem_pestat] skip orientation RR as there are not enough pairs
[M::mem_process_seqs] Processed 646252 reads in 772.752 CPU sec, 99.229 real sec
[M::process] 0 single-end sequences; 646226 paired-end sequences
[M::process] read 646176 sequences (80000196 bp)...
[M::mem_pestat] # candidate unique pairs for (FF, FR, RF, RR): (0, 245700, 7, 0)
[M::mem_pestat] skip orientation FF as there are not enough pairs
[M::mem_pestat] analyzing insert size distribution for orientation FR...
[M::mem_pestat] (25, 50, 75) percentile: (174, 198, 227)
[M::mem_pestat] low and high boundaries for computing mean and std.dev: (68, 333)
[M::mem_pestat] mean and std.dev: (201.09, 36.48)
[M::mem_pestat] low and high boundaries for proper pairs: (15, 386)
[M::mem_pestat] skip orientation RF as there are not enough pairs
[M::mem_pestat] skip orientation RR as there are not enough pairs
[M::mem_process_seqs] Processed 646226 reads in 771.836 CPU sec, 99.147 real sec
[M::process] 0 single-end sequences; 646176 paired-end sequences
[M::process] read 646188 sequences (80000076 bp)...
[M::mem_pestat] # candidate unique pairs for (FF, FR, RF, RR): (0, 245139, 2, 0)
[M::mem_pestat] skip orientation FF as there are not enough pairs
[M::mem_pestat] analyzing insert size distribution for orientation FR...
[M::mem_pestat] (25, 50, 75) percentile: (174, 198, 227)
[M::mem_pestat] low and high boundaries for computing mean and std.dev: (68, 333)
[M::mem_pestat] mean and std.dev: (201.04, 36.45)
[M::mem_pestat] low and high boundaries for proper pairs: (15, 386)
[M::mem_pestat] skip orientation RF as there are not enough pairs
[M::mem_pestat] skip orientation RR as there are not enough pairs
[M::mem_process_seqs] Processed 646176 reads in 774.286 CPU sec, 99.428 real sec
[M::process] 0 single-end sequences; 646188 paired-end sequences
[M::process] read 646196 sequences (80000223 bp)...
[M::mem_pestat] # candidate unique pairs for (FF, FR, RF, RR): (0, 244900, 3, 0)
[M::mem_pestat] skip orientation FF as there are not enough pairs
[M::mem_pestat] analyzing insert size distribution for orientation FR...
[M::mem_pestat] (25, 50, 75) percentile: (174, 198, 226)
[M::mem_pestat] low and high boundaries for computing mean and std.dev: (70, 330)
[M::mem_pestat] mean and std.dev: (200.91, 36.48)
[M::mem_pestat] low and high boundaries for proper pairs: (18, 382)
[M::mem_pestat] skip orientation RF as there are not enough pairs
[M::mem_pestat] skip orientation RR as there are not enough pairs
[M::mem_process_seqs] Processed 646188 reads in 774.457 CPU sec, 99.437 real sec
[M::process] 0 single-end sequences; 646196 paired-end sequences
[M::process] read 646196 sequences (80000166 bp)...
[M::mem_pestat] # candidate unique pairs for (FF, FR, RF, RR): (0, 244995, 9, 0)
[M::mem_pestat] skip orientation FF as there are not enough pairs
[M::mem_pestat] analyzing insert size distribution for orientation FR...
[M::mem_pestat] (25, 50, 75) percentile: (174, 198, 226)
[M::mem_pestat] low and high boundaries for computing mean and std.dev: (70, 330)
[M::mem_pestat] mean and std.dev: (200.87, 36.51)
[M::mem_pestat] low and high boundaries for proper pairs: (18, 382)
[M::mem_pestat] skip orientation RF as there are not enough pairs
[M::mem_pestat] skip orientation RR as there are not enough pairs
[M::mem_process_seqs] Processed 646196 reads in 784.079 CPU sec, 100.657 real sec
[M::process] 0 single-end sequences; 646196 paired-end sequences
[M::process] read 646442 sequences (80000042 bp)...
[M::mem_pestat] # candidate unique pairs for (FF, FR, RF, RR): (0, 244792, 4, 0)
[M::mem_pestat] skip orientation FF as there are not enough pairs
[M::mem_pestat] analyzing insert size distribution for orientation FR...
[M::mem_pestat] (25, 50, 75) percentile: (174, 198, 226)
[M::mem_pestat] low and high boundaries for computing mean and std.dev: (70, 330)
[M::mem_pestat] mean and std.dev: (200.77, 36.46)
[M::mem_pestat] low and high boundaries for proper pairs: (18, 382)
[M::mem_pestat] skip orientation RF as there are not enough pairs
[M::mem_pestat] skip orientation RR as there are not enough pairs
[M::mem_process_seqs] Processed 646196 reads in 782.511 CPU sec, 100.446 real sec
[M::process] 0 single-end sequences; 646442 paired-end sequences
[M::process] read 646486 sequences (80000011 bp)...
[M::mem_pestat] # candidate unique pairs for (FF, FR, RF, RR): (0, 243771, 4, 0)
[M::mem_pestat] skip orientation FF as there are not enough pairs
[M::mem_pestat] analyzing insert size distribution for orientation FR...
[M::mem_pestat] (25, 50, 75) percentile: (174, 198, 226)
[M::mem_pestat] low and high boundaries for computing mean and std.dev: (70, 330)
[M::mem_pestat] mean and std.dev: (200.73, 36.55)
[M::mem_pestat] low and high boundaries for proper pairs: (18, 382)
[M::mem_pestat] skip orientation RF as there are not enough pairs
[M::mem_pestat] skip orientation RR as there are not enough pairs
[M::mem_process_seqs] Processed 646442 reads in 796.279 CPU sec, 102.171 real sec
[M::process] 0 single-end sequences; 646486 paired-end sequences
[M::process] read 646408 sequences (80000243 bp)...
[M::mem_pestat] # candidate unique pairs for (FF, FR, RF, RR): (0, 243211, 6, 0)
[M::mem_pestat] skip orientation FF as there are not enough pairs
[M::mem_pestat] analyzing insert size distribution for orientation FR...
[M::mem_pestat] (25, 50, 75) percentile: (174, 198, 226)
[M::mem_pestat] low and high boundaries for computing mean and std.dev: (70, 330)
[M::mem_pestat] mean and std.dev: (200.72, 36.48)
[M::mem_pestat] low and high boundaries for proper pairs: (18, 382)
[M::mem_pestat] skip orientation RF as there are not enough pairs
[M::mem_pestat] skip orientation RR as there are not enough pairs
[M::mem_process_seqs] Processed 646486 reads in 800.094 CPU sec, 102.699 real sec
[M::process] 0 single-end sequences; 646408 paired-end sequences
[M::process] read 646360 sequences (80000195 bp)...
[M::mem_pestat] # candidate unique pairs for (FF, FR, RF, RR): (0, 243233, 5, 0)
[M::mem_pestat] skip orientation FF as there are not enough pairs
[M::mem_pestat] analyzing insert size distribution for orientation FR...
[M::mem_pestat] (25, 50, 75) percentile: (174, 198, 226)
[M::mem_pestat] low and high boundaries for computing mean and std.dev: (70, 330)
[M::mem_pestat] mean and std.dev: (200.46, 36.51)
[M::mem_pestat] low and high boundaries for proper pairs: (18, 382)
[M::mem_pestat] skip orientation RF as there are not enough pairs
[M::mem_pestat] skip orientation RR as there are not enough pairs
[M::mem_process_seqs] Processed 646408 reads in 794.079 CPU sec, 101.898 real sec
[M::process] 0 single-end sequences; 646360 paired-end sequences
[M::process] read 646474 sequences (80000172 bp)...
[M::mem_pestat] # candidate unique pairs for (FF, FR, RF, RR): (0, 245177, 3, 0)
[M::mem_pestat] skip orientation FF as there are not enough pairs
[M::mem_pestat] analyzing insert size distribution for orientation FR...
[M::mem_pestat] (25, 50, 75) percentile: (174, 198, 227)
[M::mem_pestat] low and high boundaries for computing mean and std.dev: (68, 333)
[M::mem_pestat] mean and std.dev: (201.25, 36.53)
[M::mem_pestat] low and high boundaries for proper pairs: (15, 386)
[M::mem_pestat] skip orientation RF as there are not enough pairs
[M::mem_pestat] skip orientation RR as there are not enough pairs
[M::mem_process_seqs] Processed 646360 reads in 774.342 CPU sec, 99.436 real sec
[M::process] 0 single-end sequences; 646474 paired-end sequences
[M::process] read 646526 sequences (80000237 bp)...
[M::mem_pestat] # candidate unique pairs for (FF, FR, RF, RR): (0, 245950, 2, 0)
[M::mem_pestat] skip orientation FF as there are not enough pairs
[M::mem_pestat] analyzing insert size distribution for orientation FR...
[M::mem_pestat] (25, 50, 75) percentile: (175, 198, 227)
[M::mem_pestat] low and high boundaries for computing mean and std.dev: (71, 331)
[M::mem_pestat] mean and std.dev: (201.26, 36.49)
[M::mem_pestat] low and high boundaries for proper pairs: (19, 383)
[M::mem_pestat] skip orientation RF as there are not enough pairs
[M::mem_pestat] skip orientation RR as there are not enough pairs
[M::mem_process_seqs] Processed 646474 reads in 766.357 CPU sec, 98.453 real sec
[M::process] 0 single-end sequences; 646526 paired-end sequences
[M::process] read 646420 sequences (80000185 bp)...
[M::mem_pestat] # candidate unique pairs for (FF, FR, RF, RR): (0, 245433, 4, 0)
[M::mem_pestat] skip orientation FF as there are not enough pairs
[M::mem_pestat] analyzing insert size distribution for orientation FR...
[M::mem_pestat] (25, 50, 75) percentile: (174, 198, 227)
[M::mem_pestat] low and high boundaries for computing mean and std.dev: (68, 333)
[M::mem_pestat] mean and std.dev: (201.31, 36.45)
[M::mem_pestat] low and high boundaries for proper pairs: (15, 386)
[M::mem_pestat] skip orientation RF as there are not enough pairs
[M::mem_pestat] skip orientation RR as there are not enough pairs
[M::mem_process_seqs] Processed 646526 reads in 776.050 CPU sec, 99.641 real sec
[M::process] 0 single-end sequences; 646420 paired-end sequences
[M::process] read 646562 sequences (80000042 bp)...
[M::mem_pestat] # candidate unique pairs for (FF, FR, RF, RR): (0, 245464, 3, 0)
[M::mem_pestat] skip orientation FF as there are not enough pairs
[M::mem_pestat] analyzing insert size distribution for orientation FR...
[M::mem_pestat] (25, 50, 75) percentile: (174, 198, 227)
[M::mem_pestat] low and high boundaries for computing mean and std.dev: (68, 333)
[M::mem_pestat] mean and std.dev: (201.17, 36.43)
[M::mem_pestat] low and high boundaries for proper pairs: (15, 386)
[M::mem_pestat] skip orientation RF as there are not enough pairs
[M::mem_pestat] skip orientation RR as there are not enough pairs
[M::mem_process_seqs] Processed 646420 reads in 777.787 CPU sec, 99.878 real sec
[M::process] 0 single-end sequences; 646562 paired-end sequences
[M::process] read 646254 sequences (80000109 bp)...
[M::mem_pestat] # candidate unique pairs for (FF, FR, RF, RR): (0, 245376, 5, 0)
[M::mem_pestat] skip orientation FF as there are not enough pairs
[M::mem_pestat] analyzing insert size distribution for orientation FR...
[M::mem_pestat] (25, 50, 75) percentile: (174, 198, 227)
[M::mem_pestat] low and high boundaries for computing mean and std.dev: (68, 333)
[M::mem_pestat] mean and std.dev: (201.06, 36.46)
[M::mem_pestat] low and high boundaries for proper pairs: (15, 386)
[M::mem_pestat] skip orientation RF as there are not enough pairs
[M::mem_pestat] skip orientation RR as there are not enough pairs
[M::mem_process_seqs] Processed 646562 reads in 775.450 CPU sec, 99.620 real sec
[M::process] 0 single-end sequences; 646254 paired-end sequences
[M::process] read 646160 sequences (80000080 bp)...
[M::mem_pestat] # candidate unique pairs for (FF, FR, RF, RR): (0, 245108, 4, 0)
[M::mem_pestat] skip orientation FF as there are not enough pairs
[M::mem_pestat] analyzing insert size distribution for orientation FR...
[M::mem_pestat] (25, 50, 75) percentile: (174, 198, 227)
[M::mem_pestat] low and high boundaries for computing mean and std.dev: (68, 333)
[M::mem_pestat] mean and std.dev: (201.16, 36.46)
[M::mem_pestat] low and high boundaries for proper pairs: (15, 386)
[M::mem_pestat] skip orientation RF as there are not enough pairs
[M::mem_pestat] skip orientation RR as there are not enough pairs
[M::mem_process_seqs] Processed 646254 reads in 776.366 CPU sec, 99.689 real sec
[M::process] 0 single-end sequences; 646160 paired-end sequences
[M::process] read 646238 sequences (80000187 bp)...
[M::mem_pestat] # candidate unique pairs for (FF, FR, RF, RR): (0, 244836, 7, 0)
[M::mem_pestat] skip orientation FF as there are not enough pairs
[M::mem_pestat] analyzing insert size distribution for orientation FR...
[M::mem_pestat] (25, 50, 75) percentile: (174, 198, 227)
[M::mem_pestat] low and high boundaries for computing mean and std.dev: (68, 333)
[M::mem_pestat] mean and std.dev: (201.02, 36.41)
[M::mem_pestat] low and high boundaries for proper pairs: (15, 386)
[M::mem_pestat] skip orientation RF as there are not enough pairs
[M::mem_pestat] skip orientation RR as there are not enough pairs
[M::mem_process_seqs] Processed 646160 reads in 789.155 CPU sec, 101.288 real sec
[M::process] 0 single-end sequences; 646238 paired-end sequences
[M::process] read 646254 sequences (80000228 bp)...
[M::mem_pestat] # candidate unique pairs for (FF, FR, RF, RR): (0, 243974, 4, 0)
[M::mem_pestat] skip orientation FF as there are not enough pairs
[M::mem_pestat] analyzing insert size distribution for orientation FR...
[M::mem_pestat] (25, 50, 75) percentile: (174, 198, 226)
[M::mem_pestat] low and high boundaries for computing mean and std.dev: (70, 330)
[M::mem_pestat] mean and std.dev: (200.96, 36.52)
[M::mem_pestat] low and high boundaries for proper pairs: (18, 382)
[M::mem_pestat] skip orientation RF as there are not enough pairs
[M::mem_pestat] skip orientation RR as there are not enough pairs
[M::mem_process_seqs] Processed 646238 reads in 796.082 CPU sec, 102.171 real sec
[M::process] 0 single-end sequences; 646254 paired-end sequences
[M::process] read 646220 sequences (80000222 bp)...
[M::mem_pestat] # candidate unique pairs for (FF, FR, RF, RR): (0, 244174, 1, 0)
[M::mem_pestat] skip orientation FF as there are not enough pairs
[M::mem_pestat] analyzing insert size distribution for orientation FR...
[M::mem_pestat] (25, 50, 75) percentile: (174, 198, 226)
[M::mem_pestat] low and high boundaries for computing mean and std.dev: (70, 330)
[M::mem_pestat] mean and std.dev: (200.81, 36.50)
[M::mem_pestat] low and high boundaries for proper pairs: (18, 382)
[M::mem_pestat] skip orientation RF as there are not enough pairs
[M::mem_pestat] skip orientation RR as there are not enough pairs
[M::mem_process_seqs] Processed 646254 reads in 795.325 CPU sec, 102.076 real sec
[M::process] 0 single-end sequences; 646220 paired-end sequences
[M::process] read 646568 sequences (80000237 bp)...
[M::mem_pestat] # candidate unique pairs for (FF, FR, RF, RR): (0, 244025, 3, 0)
[M::mem_pestat] skip orientation FF as there are not enough pairs
[M::mem_pestat] analyzing insert size distribution for orientation FR...
[M::mem_pestat] (25, 50, 75) percentile: (174, 198, 226)
[M::mem_pestat] low and high boundaries for computing mean and std.dev: (70, 330)
[M::mem_pestat] mean and std.dev: (200.83, 36.52)
[M::mem_pestat] low and high boundaries for proper pairs: (18, 382)
[M::mem_pestat] skip orientation RF as there are not enough pairs
[M::mem_pestat] skip orientation RR as there are not enough pairs
[M::mem_process_seqs] Processed 646220 reads in 803.588 CPU sec, 103.099 real sec
[M::process] 0 single-end sequences; 646568 paired-end sequences
[M::process] read 646404 sequences (80000210 bp)...
[M::mem_pestat] # candidate unique pairs for (FF, FR, RF, RR): (0, 242961, 3, 0)
[M::mem_pestat] skip orientation FF as there are not enough pairs
[M::mem_pestat] analyzing insert size distribution for orientation FR...
[M::mem_pestat] (25, 50, 75) percentile: (174, 198, 226)
[M::mem_pestat] low and high boundaries for computing mean and std.dev: (70, 330)
[M::mem_pestat] mean and std.dev: (200.71, 36.49)
[M::mem_pestat] low and high boundaries for proper pairs: (18, 382)
[M::mem_pestat] skip orientation RF as there are not enough pairs
[M::mem_pestat] skip orientation RR as there are not enough pairs
[M::mem_process_seqs] Processed 646568 reads in 805.226 CPU sec, 103.300 real sec
[M::process] 0 single-end sequences; 646404 paired-end sequences
[M::process] read 646710 sequences (80000181 bp)...
[M::mem_pestat] # candidate unique pairs for (FF, FR, RF, RR): (0, 242328, 10, 0)
[M::mem_pestat] skip orientation FF as there are not enough pairs
[M::mem_pestat] analyzing insert size distribution for orientation FR...
[M::mem_pestat] (25, 50, 75) percentile: (174, 198, 226)
[M::mem_pestat] low and high boundaries for computing mean and std.dev: (70, 330)
[M::mem_pestat] mean and std.dev: (200.65, 36.50)
[M::mem_pestat] low and high boundaries for proper pairs: (18, 382)
[M::mem_pestat] analyzing insert size distribution for orientation RF...
[M::mem_pestat] (25, 50, 75) percentile: (121, 168, 260)
[M::mem_pestat] low and high boundaries for computing mean and std.dev: (1, 538)
[M::mem_pestat] mean and std.dev: (156.38, 50.79)
[M::mem_pestat] low and high boundaries for proper pairs: (1, 677)
[M::mem_pestat] skip orientation RR as there are not enough pairs
[M::mem_pestat] skip orientation RF
[M::mem_process_seqs] Processed 646404 reads in 808.800 CPU sec, 103.752 real sec
[M::process] 0 single-end sequences; 646710 paired-end sequences
[M::process] read 646990 sequences (80000217 bp)...
[M::mem_pestat] # candidate unique pairs for (FF, FR, RF, RR): (0, 244260, 6, 0)
[M::mem_pestat] skip orientation FF as there are not enough pairs
[M::mem_pestat] analyzing insert size distribution for orientation FR...
[M::mem_pestat] (25, 50, 75) percentile: (174, 198, 226)
[M::mem_pestat] low and high boundaries for computing mean and std.dev: (70, 330)
[M::mem_pestat] mean and std.dev: (200.84, 36.52)
[M::mem_pestat] low and high boundaries for proper pairs: (18, 382)
[M::mem_pestat] skip orientation RF as there are not enough pairs
[M::mem_pestat] skip orientation RR as there are not enough pairs
[M::mem_process_seqs] Processed 646710 reads in 786.762 CPU sec, 100.982 real sec
[M::process] 0 single-end sequences; 646990 paired-end sequences
[M::process] read 646890 sequences (80000032 bp)...
[M::mem_pestat] # candidate unique pairs for (FF, FR, RF, RR): (0, 246075, 5, 0)
[M::mem_pestat] skip orientation FF as there are not enough pairs
[M::mem_pestat] analyzing insert size distribution for orientation FR...
[M::mem_pestat] (25, 50, 75) percentile: (174, 198, 227)
[M::mem_pestat] low and high boundaries for computing mean and std.dev: (68, 333)
[M::mem_pestat] mean and std.dev: (201.28, 36.50)
[M::mem_pestat] low and high boundaries for proper pairs: (15, 386)
[M::mem_pestat] skip orientation RF as there are not enough pairs
[M::mem_pestat] skip orientation RR as there are not enough pairs
[M::mem_process_seqs] Processed 646990 reads in 776.157 CPU sec, 99.675 real sec
[M::process] 0 single-end sequences; 646890 paired-end sequences
[M::process] read 646858 sequences (80000163 bp)...
[M::mem_pestat] # candidate unique pairs for (FF, FR, RF, RR): (0, 245840, 7, 0)
[M::mem_pestat] skip orientation FF as there are not enough pairs
[M::mem_pestat] analyzing insert size distribution for orientation FR...
[M::mem_pestat] (25, 50, 75) percentile: (174, 198, 227)
[M::mem_pestat] low and high boundaries for computing mean and std.dev: (68, 333)
[M::mem_pestat] mean and std.dev: (201.19, 36.46)
[M::mem_pestat] low and high boundaries for proper pairs: (15, 386)
[M::mem_pestat] skip orientation RF as there are not enough pairs
[M::mem_pestat] skip orientation RR as there are not enough pairs
[M::mem_process_seqs] Processed 646890 reads in 774.109 CPU sec, 99.393 real sec
[M::process] 0 single-end sequences; 646858 paired-end sequences
[M::process] read 646740 sequences (80000044 bp)...
[M::mem_pestat] # candidate unique pairs for (FF, FR, RF, RR): (0, 245694, 6, 0)
[M::mem_pestat] skip orientation FF as there are not enough pairs
[M::mem_pestat] analyzing insert size distribution for orientation FR...
[M::mem_pestat] (25, 50, 75) percentile: (174, 198, 227)
[M::mem_pestat] low and high boundaries for computing mean and std.dev: (68, 333)
[M::mem_pestat] mean and std.dev: (201.22, 36.55)
[M::mem_pestat] low and high boundaries for proper pairs: (15, 386)
[M::mem_pestat] skip orientation RF as there are not enough pairs
[M::mem_pestat] skip orientation RR as there are not enough pairs
[M::mem_process_seqs] Processed 646858 reads in 777.143 CPU sec, 99.789 real sec
[M::process] 0 single-end sequences; 646740 paired-end sequences
[M::process] read 646296 sequences (80000244 bp)...
[M::mem_pestat] # candidate unique pairs for (FF, FR, RF, RR): (0, 245582, 3, 0)
[M::mem_pestat] skip orientation FF as there are not enough pairs
[M::mem_pestat] analyzing insert size distribution for orientation FR...
[M::mem_pestat] (25, 50, 75) percentile: (174, 198, 227)
[M::mem_pestat] low and high boundaries for computing mean and std.dev: (68, 333)
[M::mem_pestat] mean and std.dev: (201.14, 36.50)
[M::mem_pestat] low and high boundaries for proper pairs: (15, 386)
[M::mem_pestat] skip orientation RF as there are not enough pairs
[M::mem_pestat] skip orientation RR as there are not enough pairs
[M::mem_process_seqs] Processed 646740 reads in 767.879 CPU sec, 98.664 real sec
[M::process] 0 single-end sequences; 646296 paired-end sequences
[M::process] read 646408 sequences (80000123 bp)...
[M::mem_pestat] # candidate unique pairs for (FF, FR, RF, RR): (0, 245316, 2, 0)
[M::mem_pestat] skip orientation FF as there are not enough pairs
[M::mem_pestat] analyzing insert size distribution for orientation FR...
[M::mem_pestat] (25, 50, 75) percentile: (174, 198, 227)
[M::mem_pestat] low and high boundaries for computing mean and std.dev: (68, 333)
[M::mem_pestat] mean and std.dev: (200.95, 36.39)
[M::mem_pestat] low and high boundaries for proper pairs: (15, 386)
[M::mem_pestat] skip orientation RF as there are not enough pairs
[M::mem_pestat] skip orientation RR as there are not enough pairs
[M::mem_process_seqs] Processed 646296 reads in 779.347 CPU sec, 100.063 real sec
[M::process] 0 single-end sequences; 646408 paired-end sequences
[M::process] read 646554 sequences (80000014 bp)...
[M::mem_pestat] # candidate unique pairs for (FF, FR, RF, RR): (0, 245721, 2, 0)
[M::mem_pestat] skip orientation FF as there are not enough pairs
[M::mem_pestat] analyzing insert size distribution for orientation FR...
[M::mem_pestat] (25, 50, 75) percentile: (174, 198, 227)
[M::mem_pestat] low and high boundaries for computing mean and std.dev: (68, 333)
[M::mem_pestat] mean and std.dev: (200.95, 36.49)
[M::mem_pestat] low and high boundaries for proper pairs: (15, 386)
[M::mem_pestat] skip orientation RF as there are not enough pairs
[M::mem_pestat] skip orientation RR as there are not enough pairs
[M::mem_process_seqs] Processed 646408 reads in 773.642 CPU sec, 99.366 real sec
[M::process] 0 single-end sequences; 646554 paired-end sequences
[M::process] read 646428 sequences (80000130 bp)...
[M::mem_pestat] # candidate unique pairs for (FF, FR, RF, RR): (0, 245008, 4, 0)
[M::mem_pestat] skip orientation FF as there are not enough pairs
[M::mem_pestat] analyzing insert size distribution for orientation FR...
[M::mem_pestat] (25, 50, 75) percentile: (174, 198, 226)
[M::mem_pestat] low and high boundaries for computing mean and std.dev: (70, 330)
[M::mem_pestat] mean and std.dev: (200.94, 36.55)
[M::mem_pestat] low and high boundaries for proper pairs: (18, 382)
[M::mem_pestat] skip orientation RF as there are not enough pairs
[M::mem_pestat] skip orientation RR as there are not enough pairs
[M::mem_process_seqs] Processed 646554 reads in 781.760 CPU sec, 100.356 real sec
[M::process] 0 single-end sequences; 646428 paired-end sequences
[M::process] read 646446 sequences (80000180 bp)...
[M::mem_pestat] # candidate unique pairs for (FF, FR, RF, RR): (0, 244795, 1, 0)
[M::mem_pestat] skip orientation FF as there are not enough pairs
[M::mem_pestat] analyzing insert size distribution for orientation FR...
[M::mem_pestat] (25, 50, 75) percentile: (174, 198, 226)
[M::mem_pestat] low and high boundaries for computing mean and std.dev: (70, 330)
[M::mem_pestat] mean and std.dev: (200.84, 36.55)
[M::mem_pestat] low and high boundaries for proper pairs: (18, 382)
[M::mem_pestat] skip orientation RF as there are not enough pairs
[M::mem_pestat] skip orientation RR as there are not enough pairs
[M::mem_process_seqs] Processed 646428 reads in 787.102 CPU sec, 101.031 real sec
[M::process] 0 single-end sequences; 646446 paired-end sequences
[M::process] read 647086 sequences (80000003 bp)...
[M::mem_pestat] # candidate unique pairs for (FF, FR, RF, RR): (0, 244544, 1, 0)
[M::mem_pestat] skip orientation FF as there are not enough pairs
[M::mem_pestat] analyzing insert size distribution for orientation FR...
[M::mem_pestat] (25, 50, 75) percentile: (174, 198, 226)
[M::mem_pestat] low and high boundaries for computing mean and std.dev: (70, 330)
[M::mem_pestat] mean and std.dev: (200.80, 36.43)
[M::mem_pestat] low and high boundaries for proper pairs: (18, 382)
[M::mem_pestat] skip orientation RF as there are not enough pairs
[M::mem_pestat] skip orientation RR as there are not enough pairs
[M::mem_process_seqs] Processed 646446 reads in 792.290 CPU sec, 101.732 real sec
[M::process] 0 single-end sequences; 647086 paired-end sequences
[M::process] read 646892 sequences (80000049 bp)...
[M::mem_pestat] # candidate unique pairs for (FF, FR, RF, RR): (0, 243685, 3, 0)
[M::mem_pestat] skip orientation FF as there are not enough pairs
[M::mem_pestat] analyzing insert size distribution for orientation FR...
[M::mem_pestat] (25, 50, 75) percentile: (174, 198, 226)
[M::mem_pestat] low and high boundaries for computing mean and std.dev: (70, 330)
[M::mem_pestat] mean and std.dev: (200.73, 36.44)
[M::mem_pestat] low and high boundaries for proper pairs: (18, 382)
[M::mem_pestat] skip orientation RF as there are not enough pairs
[M::mem_pestat] skip orientation RR as there are not enough pairs
[M::mem_process_seqs] Processed 647086 reads in 808.046 CPU sec, 103.678 real sec
[M::process] 0 single-end sequences; 646892 paired-end sequences
[M::process] read 646758 sequences (80000143 bp)...
[M::mem_pestat] # candidate unique pairs for (FF, FR, RF, RR): (0, 243965, 5, 0)
[M::mem_pestat] skip orientation FF as there are not enough pairs
[M::mem_pestat] analyzing insert size distribution for orientation FR...
[M::mem_pestat] (25, 50, 75) percentile: (174, 198, 226)
[M::mem_pestat] low and high boundaries for computing mean and std.dev: (70, 330)
[M::mem_pestat] mean and std.dev: (200.70, 36.52)
[M::mem_pestat] low and high boundaries for proper pairs: (18, 382)
[M::mem_pestat] skip orientation RF as there are not enough pairs
[M::mem_pestat] skip orientation RR as there are not enough pairs
[M::mem_process_seqs] Processed 646892 reads in 805.472 CPU sec, 103.337 real sec
[M::process] 0 single-end sequences; 646758 paired-end sequences
[M::process] read 646868 sequences (80000149 bp)...
[M::mem_pestat] # candidate unique pairs for (FF, FR, RF, RR): (0, 245829, 2, 0)
[M::mem_pestat] skip orientation FF as there are not enough pairs
[M::mem_pestat] analyzing insert size distribution for orientation FR...
[M::mem_pestat] (25, 50, 75) percentile: (174, 198, 227)
[M::mem_pestat] low and high boundaries for computing mean and std.dev: (68, 333)
[M::mem_pestat] mean and std.dev: (201.14, 36.53)
[M::mem_pestat] low and high boundaries for proper pairs: (15, 386)
[M::mem_pestat] skip orientation RF as there are not enough pairs
[M::mem_pestat] skip orientation RR as there are not enough pairs
[M::mem_process_seqs] Processed 646758 reads in 786.163 CPU sec, 100.907 real sec
[M::process] 0 single-end sequences; 646868 paired-end sequences
[M::process] read 646946 sequences (80000066 bp)...
[M::mem_pestat] # candidate unique pairs for (FF, FR, RF, RR): (0, 245911, 2, 0)
[M::mem_pestat] skip orientation FF as there are not enough pairs
[M::mem_pestat] analyzing insert size distribution for orientation FR...
[M::mem_pestat] (25, 50, 75) percentile: (174, 198, 227)
[M::mem_pestat] low and high boundaries for computing mean and std.dev: (68, 333)
[M::mem_pestat] mean and std.dev: (201.22, 36.56)
[M::mem_pestat] low and high boundaries for proper pairs: (15, 386)
[M::mem_pestat] skip orientation RF as there are not enough pairs
[M::mem_pestat] skip orientation RR as there are not enough pairs
[M::mem_process_seqs] Processed 646868 reads in 787.900 CPU sec, 101.130 real sec
[M::process] 0 single-end sequences; 646946 paired-end sequences
[M::process] read 646622 sequences (80000219 bp)...
[M::mem_pestat] # candidate unique pairs for (FF, FR, RF, RR): (0, 246237, 2, 0)
[M::mem_pestat] skip orientation FF as there are not enough pairs
[M::mem_pestat] analyzing insert size distribution for orientation FR...
[M::mem_pestat] (25, 50, 75) percentile: (174, 198, 227)
[M::mem_pestat] low and high boundaries for computing mean and std.dev: (68, 333)
[M::mem_pestat] mean and std.dev: (201.13, 36.46)
[M::mem_pestat] low and high boundaries for proper pairs: (15, 386)
[M::mem_pestat] skip orientation RF as there are not enough pairs
[M::mem_pestat] skip orientation RR as there are not enough pairs
[M::mem_process_seqs] Processed 646946 reads in 774.748 CPU sec, 99.493 real sec
[M::process] 0 single-end sequences; 646622 paired-end sequences
[M::process] read 646570 sequences (80000119 bp)...
[M::mem_pestat] # candidate unique pairs for (FF, FR, RF, RR): (0, 245838, 4, 0)
[M::mem_pestat] skip orientation FF as there are not enough pairs
[M::mem_pestat] analyzing insert size distribution for orientation FR...
[M::mem_pestat] (25, 50, 75) percentile: (174, 198, 227)
[M::mem_pestat] low and high boundaries for computing mean and std.dev: (68, 333)
[M::mem_pestat] mean and std.dev: (201.11, 36.53)
[M::mem_pestat] low and high boundaries for proper pairs: (15, 386)
[M::mem_pestat] skip orientation RF as there are not enough pairs
[M::mem_pestat] skip orientation RR as there are not enough pairs
[M::mem_process_seqs] Processed 646622 reads in 778.452 CPU sec, 99.936 real sec
[M::process] 0 single-end sequences; 646570 paired-end sequences
[M::process] read 646620 sequences (80000167 bp)...
[M::mem_pestat] # candidate unique pairs for (FF, FR, RF, RR): (0, 245944, 2, 0)
[M::mem_pestat] skip orientation FF as there are not enough pairs
[M::mem_pestat] analyzing insert size distribution for orientation FR...
[M::mem_pestat] (25, 50, 75) percentile: (174, 198, 227)
[M::mem_pestat] low and high boundaries for computing mean and std.dev: (68, 333)
[M::mem_pestat] mean and std.dev: (201.08, 36.55)
[M::mem_pestat] low and high boundaries for proper pairs: (15, 386)
[M::mem_pestat] skip orientation RF as there are not enough pairs
[M::mem_pestat] skip orientation RR as there are not enough pairs
[M::mem_process_seqs] Processed 646570 reads in 770.527 CPU sec, 98.975 real sec
[M::process] 0 single-end sequences; 646620 paired-end sequences
[M::process] read 646372 sequences (80000036 bp)...
[M::mem_pestat] # candidate unique pairs for (FF, FR, RF, RR): (0, 246174, 5, 0)
[M::mem_pestat] skip orientation FF as there are not enough pairs
[M::mem_pestat] analyzing insert size distribution for orientation FR...
[M::mem_pestat] (25, 50, 75) percentile: (174, 198, 226)
[M::mem_pestat] low and high boundaries for computing mean and std.dev: (70, 330)
[M::mem_pestat] mean and std.dev: (200.98, 36.44)
[M::mem_pestat] low and high boundaries for proper pairs: (18, 382)
[M::mem_pestat] skip orientation RF as there are not enough pairs
[M::mem_pestat] skip orientation RR as there are not enough pairs
[M::mem_process_seqs] Processed 646620 reads in 767.642 CPU sec, 98.583 real sec
[M::process] 0 single-end sequences; 646372 paired-end sequences
[M::process] read 646538 sequences (80000134 bp)...
[M::mem_pestat] # candidate unique pairs for (FF, FR, RF, RR): (0, 245568, 2, 0)
[M::mem_pestat] skip orientation FF as there are not enough pairs
[M::mem_pestat] analyzing insert size distribution for orientation FR...
[M::mem_pestat] (25, 50, 75) percentile: (174, 198, 226)
[M::mem_pestat] low and high boundaries for computing mean and std.dev: (70, 330)
[M::mem_pestat] mean and std.dev: (200.88, 36.51)
[M::mem_pestat] low and high boundaries for proper pairs: (18, 382)
[M::mem_pestat] skip orientation RF as there are not enough pairs
[M::mem_pestat] skip orientation RR as there are not enough pairs
[M::mem_process_seqs] Processed 646372 reads in 768.176 CPU sec, 98.658 real sec
[M::process] 0 single-end sequences; 646538 paired-end sequences
[M::process] read 646426 sequences (80000239 bp)...
[M::mem_pestat] # candidate unique pairs for (FF, FR, RF, RR): (0, 245316, 7, 0)
[M::mem_pestat] skip orientation FF as there are not enough pairs
[M::mem_pestat] analyzing insert size distribution for orientation FR...
[M::mem_pestat] (25, 50, 75) percentile: (174, 198, 226)
[M::mem_pestat] low and high boundaries for computing mean and std.dev: (70, 330)
[M::mem_pestat] mean and std.dev: (200.83, 36.52)
[M::mem_pestat] low and high boundaries for proper pairs: (18, 382)
[M::mem_pestat] skip orientation RF as there are not enough pairs
[M::mem_pestat] skip orientation RR as there are not enough pairs
[M::mem_process_seqs] Processed 646538 reads in 771.732 CPU sec, 99.513 real sec
[M::process] 0 single-end sequences; 646426 paired-end sequences
[M::process] read 646418 sequences (80000014 bp)...
[M::mem_pestat] # candidate unique pairs for (FF, FR, RF, RR): (0, 244906, 3, 0)
[M::mem_pestat] skip orientation FF as there are not enough pairs
[M::mem_pestat] analyzing insert size distribution for orientation FR...
[M::mem_pestat] (25, 50, 75) percentile: (174, 198, 226)
[M::mem_pestat] low and high boundaries for computing mean and std.dev: (70, 330)
[M::mem_pestat] mean and std.dev: (200.72, 36.56)
[M::mem_pestat] low and high boundaries for proper pairs: (18, 382)
[M::mem_pestat] skip orientation RF as there are not enough pairs
[M::mem_pestat] skip orientation RR as there are not enough pairs
[M::mem_process_seqs] Processed 646426 reads in 838.432 CPU sec, 107.454 real sec
[M::process] 0 single-end sequences; 646418 paired-end sequences
[M::process] read 647730 sequences (80000199 bp)...
[M::mem_pestat] # candidate unique pairs for (FF, FR, RF, RR): (0, 245002, 3, 0)
[M::mem_pestat] skip orientation FF as there are not enough pairs
[M::mem_pestat] analyzing insert size distribution for orientation FR...
[M::mem_pestat] (25, 50, 75) percentile: (174, 198, 226)
[M::mem_pestat] low and high boundaries for computing mean and std.dev: (70, 330)
[M::mem_pestat] mean and std.dev: (200.82, 36.51)
[M::mem_pestat] low and high boundaries for proper pairs: (18, 382)
[M::mem_pestat] skip orientation RF as there are not enough pairs
[M::mem_pestat] skip orientation RR as there are not enough pairs
[M::mem_process_seqs] Processed 646418 reads in 802.966 CPU sec, 103.024 real sec
[M::process] 0 single-end sequences; 647730 paired-end sequences
[M::process] read 647370 sequences (80000094 bp)...
[M::mem_pestat] # candidate unique pairs for (FF, FR, RF, RR): (0, 244123, 7, 0)
[M::mem_pestat] skip orientation FF as there are not enough pairs
[M::mem_pestat] analyzing insert size distribution for orientation FR...
[M::mem_pestat] (25, 50, 75) percentile: (174, 198, 226)
[M::mem_pestat] low and high boundaries for computing mean and std.dev: (70, 330)
[M::mem_pestat] mean and std.dev: (200.77, 36.47)
[M::mem_pestat] low and high boundaries for proper pairs: (18, 382)
[M::mem_pestat] skip orientation RF as there are not enough pairs
[M::mem_pestat] skip orientation RR as there are not enough pairs
[M::mem_process_seqs] Processed 647730 reads in 870.020 CPU sec, 111.442 real sec
[M::process] 0 single-end sequences; 647370 paired-end sequences
[M::process] read 647226 sequences (80000022 bp)...
[M::mem_pestat] # candidate unique pairs for (FF, FR, RF, RR): (0, 243968, 3, 0)
[M::mem_pestat] skip orientation FF as there are not enough pairs
[M::mem_pestat] analyzing insert size distribution for orientation FR...
[M::mem_pestat] (25, 50, 75) percentile: (174, 197, 226)
[M::mem_pestat] low and high boundaries for computing mean and std.dev: (70, 330)
[M::mem_pestat] mean and std.dev: (200.58, 36.49)
[M::mem_pestat] low and high boundaries for proper pairs: (18, 382)
[M::mem_pestat] skip orientation RF as there are not enough pairs
[M::mem_pestat] skip orientation RR as there are not enough pairs
[M::mem_process_seqs] Processed 647370 reads in 806.625 CPU sec, 103.622 real sec
[M::process] 0 single-end sequences; 647226 paired-end sequences
[M::process] read 647060 sequences (80000131 bp)...
[M::mem_pestat] # candidate unique pairs for (FF, FR, RF, RR): (0, 244906, 4, 0)
[M::mem_pestat] skip orientation FF as there are not enough pairs
[M::mem_pestat] analyzing insert size distribution for orientation FR...
[M::mem_pestat] (25, 50, 75) percentile: (174, 198, 227)
[M::mem_pestat] low and high boundaries for computing mean and std.dev: (68, 333)
[M::mem_pestat] mean and std.dev: (201.14, 36.53)
[M::mem_pestat] low and high boundaries for proper pairs: (15, 386)
[M::mem_pestat] skip orientation RF as there are not enough pairs
[M::mem_pestat] skip orientation RR as there are not enough pairs
[M::mem_process_seqs] Processed 647226 reads in 856.594 CPU sec, 109.719 real sec
[M::process] 0 single-end sequences; 647060 paired-end sequences
[M::process] read 647210 sequences (80000234 bp)...
[M::mem_pestat] # candidate unique pairs for (FF, FR, RF, RR): (0, 245457, 5, 0)
[M::mem_pestat] skip orientation FF as there are not enough pairs
[M::mem_pestat] analyzing insert size distribution for orientation FR...
[M::mem_pestat] (25, 50, 75) percentile: (174, 198, 227)
[M::mem_pestat] low and high boundaries for computing mean and std.dev: (68, 333)
[M::mem_pestat] mean and std.dev: (201.27, 36.60)
[M::mem_pestat] low and high boundaries for proper pairs: (15, 386)
[M::mem_pestat] skip orientation RF as there are not enough pairs
[M::mem_pestat] skip orientation RR as there are not enough pairs
[M::mem_process_seqs] Processed 647060 reads in 795.632 CPU sec, 102.128 real sec
[M::process] 0 single-end sequences; 647210 paired-end sequences
[M::process] read 647156 sequences (80000173 bp)...
[M::mem_pestat] # candidate unique pairs for (FF, FR, RF, RR): (0, 245815, 8, 0)
[M::mem_pestat] skip orientation FF as there are not enough pairs
[M::mem_pestat] analyzing insert size distribution for orientation FR...
[M::mem_pestat] (25, 50, 75) percentile: (174, 198, 227)
[M::mem_pestat] low and high boundaries for computing mean and std.dev: (68, 333)
[M::mem_pestat] mean and std.dev: (201.28, 36.57)
[M::mem_pestat] low and high boundaries for proper pairs: (15, 386)
[M::mem_pestat] skip orientation RF as there are not enough pairs
[M::mem_pestat] skip orientation RR as there are not enough pairs
[M::mem_process_seqs] Processed 647210 reads in 781.287 CPU sec, 100.307 real sec
[M::process] 0 single-end sequences; 647156 paired-end sequences
[M::process] read 646522 sequences (80000136 bp)...
[M::mem_pestat] # candidate unique pairs for (FF, FR, RF, RR): (0, 245806, 8, 0)
[M::mem_pestat] skip orientation FF as there are not enough pairs
[M::mem_pestat] analyzing insert size distribution for orientation FR...
[M::mem_pestat] (25, 50, 75) percentile: (174, 198, 227)
[M::mem_pestat] low and high boundaries for computing mean and std.dev: (68, 333)
[M::mem_pestat] mean and std.dev: (201.22, 36.51)
[M::mem_pestat] low and high boundaries for proper pairs: (15, 386)
[M::mem_pestat] skip orientation RF as there are not enough pairs
[M::mem_pestat] skip orientation RR as there are not enough pairs
[M::mem_process_seqs] Processed 647156 reads in 783.425 CPU sec, 100.580 real sec
[M::process] 0 single-end sequences; 646522 paired-end sequences
[M::process] read 646438 sequences (80000167 bp)...
[M::mem_pestat] # candidate unique pairs for (FF, FR, RF, RR): (0, 245538, 0, 0)
[M::mem_pestat] skip orientation FF as there are not enough pairs
[M::mem_pestat] analyzing insert size distribution for orientation FR...
[M::mem_pestat] (25, 50, 75) percentile: (174, 198, 227)
[M::mem_pestat] low and high boundaries for computing mean and std.dev: (68, 333)
[M::mem_pestat] mean and std.dev: (201.09, 36.55)
[M::mem_pestat] low and high boundaries for proper pairs: (15, 386)
[M::mem_pestat] skip orientation RF as there are not enough pairs
[M::mem_pestat] skip orientation RR as there are not enough pairs
[M::mem_process_seqs] Processed 646522 reads in 781.381 CPU sec, 100.339 real sec
[M::process] 0 single-end sequences; 646438 paired-end sequences
[M::process] read 646570 sequences (80000141 bp)...
[M::mem_pestat] # candidate unique pairs for (FF, FR, RF, RR): (0, 245443, 4, 0)
[M::mem_pestat] skip orientation FF as there are not enough pairs
[M::mem_pestat] analyzing insert size distribution for orientation FR...
[M::mem_pestat] (25, 50, 75) percentile: (174, 198, 227)
[M::mem_pestat] low and high boundaries for computing mean and std.dev: (68, 333)
[M::mem_pestat] mean and std.dev: (200.95, 36.50)
[M::mem_pestat] low and high boundaries for proper pairs: (15, 386)
[M::mem_pestat] skip orientation RF as there are not enough pairs
[M::mem_pestat] skip orientation RR as there are not enough pairs
[M::mem_process_seqs] Processed 646438 reads in 782.499 CPU sec, 100.460 real sec
[M::process] 0 single-end sequences; 646570 paired-end sequences
[M::process] read 646280 sequences (80000122 bp)...
[M::mem_pestat] # candidate unique pairs for (FF, FR, RF, RR): (0, 245019, 5, 0)
[M::mem_pestat] skip orientation FF as there are not enough pairs
[M::mem_pestat] analyzing insert size distribution for orientation FR...
[M::mem_pestat] (25, 50, 75) percentile: (174, 198, 226)
[M::mem_pestat] low and high boundaries for computing mean and std.dev: (70, 330)
[M::mem_pestat] mean and std.dev: (200.90, 36.41)
[M::mem_pestat] low and high boundaries for proper pairs: (18, 382)
[M::mem_pestat] skip orientation RF as there are not enough pairs
[M::mem_pestat] skip orientation RR as there are not enough pairs
[M::mem_process_seqs] Processed 646570 reads in 776.925 CPU sec, 99.768 real sec
[M::process] 0 single-end sequences; 646280 paired-end sequences
[M::process] read 646378 sequences (80000054 bp)...
[M::mem_pestat] # candidate unique pairs for (FF, FR, RF, RR): (0, 244236, 6, 0)
[M::mem_pestat] skip orientation FF as there are not enough pairs
[M::mem_pestat] analyzing insert size distribution for orientation FR...
[M::mem_pestat] (25, 50, 75) percentile: (174, 198, 226)
[M::mem_pestat] low and high boundaries for computing mean and std.dev: (70, 330)
[M::mem_pestat] mean and std.dev: (200.85, 36.50)
[M::mem_pestat] low and high boundaries for proper pairs: (18, 382)
[M::mem_pestat] skip orientation RF as there are not enough pairs
[M::mem_pestat] skip orientation RR as there are not enough pairs
[M::mem_process_seqs] Processed 646280 reads in 793.834 CPU sec, 101.869 real sec
[M::process] 0 single-end sequences; 646378 paired-end sequences
[M::process] read 646398 sequences (80000015 bp)...
[M::mem_pestat] # candidate unique pairs for (FF, FR, RF, RR): (0, 244718, 3, 0)
[M::mem_pestat] skip orientation FF as there are not enough pairs
[M::mem_pestat] analyzing insert size distribution for orientation FR...
[M::mem_pestat] (25, 50, 75) percentile: (174, 198, 226)
[M::mem_pestat] low and high boundaries for computing mean and std.dev: (70, 330)
[M::mem_pestat] mean and std.dev: (200.82, 36.39)
[M::mem_pestat] low and high boundaries for proper pairs: (18, 382)
[M::mem_pestat] skip orientation RF as there are not enough pairs
[M::mem_pestat] skip orientation RR as there are not enough pairs
[M::mem_process_seqs] Processed 646378 reads in 795.074 CPU sec, 102.015 real sec
[M::process] 0 single-end sequences; 646398 paired-end sequences
[M::process] read 646876 sequences (80000003 bp)...
[M::mem_pestat] # candidate unique pairs for (FF, FR, RF, RR): (0, 243856, 6, 0)
[M::mem_pestat] skip orientation FF as there are not enough pairs
[M::mem_pestat] analyzing insert size distribution for orientation FR...
[M::mem_pestat] (25, 50, 75) percentile: (174, 198, 226)
[M::mem_pestat] low and high boundaries for computing mean and std.dev: (70, 330)
[M::mem_pestat] mean and std.dev: (200.71, 36.54)
[M::mem_pestat] low and high boundaries for proper pairs: (18, 382)
[M::mem_pestat] skip orientation RF as there are not enough pairs
[M::mem_pestat] skip orientation RR as there are not enough pairs
[M::mem_process_seqs] Processed 646398 reads in 800.666 CPU sec, 103.125 real sec
[M::process] 0 single-end sequences; 646876 paired-end sequences
[M::process] read 647360 sequences (80000022 bp)...
[M::mem_pestat] # candidate unique pairs for (FF, FR, RF, RR): (0, 242703, 5, 0)
[M::mem_pestat] skip orientation FF as there are not enough pairs
[M::mem_pestat] analyzing insert size distribution for orientation FR...
[M::mem_pestat] (25, 50, 75) percentile: (174, 198, 226)
[M::mem_pestat] low and high boundaries for computing mean and std.dev: (70, 330)
[M::mem_pestat] mean and std.dev: (200.59, 36.44)
[M::mem_pestat] low and high boundaries for proper pairs: (18, 382)
[M::mem_pestat] skip orientation RF as there are not enough pairs
[M::mem_pestat] skip orientation RR as there are not enough pairs
[M::mem_process_seqs] Processed 646876 reads in 819.238 CPU sec, 105.086 real sec
[M::process] 0 single-end sequences; 647360 paired-end sequences
[M::process] read 646418 sequences (80000140 bp)...
[M::mem_pestat] # candidate unique pairs for (FF, FR, RF, RR): (0, 242727, 3, 0)
[M::mem_pestat] skip orientation FF as there are not enough pairs
[M::mem_pestat] analyzing insert size distribution for orientation FR...
[M::mem_pestat] (25, 50, 75) percentile: (174, 198, 226)
[M::mem_pestat] low and high boundaries for computing mean and std.dev: (70, 330)
[M::mem_pestat] mean and std.dev: (200.78, 36.51)
[M::mem_pestat] low and high boundaries for proper pairs: (18, 382)
[M::mem_pestat] skip orientation RF as there are not enough pairs
[M::mem_pestat] skip orientation RR as there are not enough pairs
[M::mem_process_seqs] Processed 647360 reads in 808.637 CPU sec, 103.753 real sec
[M::process] 0 single-end sequences; 646418 paired-end sequences
[M::process] read 645764 sequences (80000057 bp)...
[M::mem_pestat] # candidate unique pairs for (FF, FR, RF, RR): (0, 245182, 4, 0)
[M::mem_pestat] skip orientation FF as there are not enough pairs
[M::mem_pestat] analyzing insert size distribution for orientation FR...
[M::mem_pestat] (25, 50, 75) percentile: (174, 198, 226)
[M::mem_pestat] low and high boundaries for computing mean and std.dev: (70, 330)
[M::mem_pestat] mean and std.dev: (200.92, 36.45)
[M::mem_pestat] low and high boundaries for proper pairs: (18, 382)
[M::mem_pestat] skip orientation RF as there are not enough pairs
[M::mem_pestat] skip orientation RR as there are not enough pairs
[M::mem_process_seqs] Processed 646418 reads in 795.898 CPU sec, 102.135 real sec
[M::process] 0 single-end sequences; 645764 paired-end sequences
[M::process] read 645604 sequences (80000054 bp)...
[M::mem_pestat] # candidate unique pairs for (FF, FR, RF, RR): (0, 245301, 2, 0)
[M::mem_pestat] skip orientation FF as there are not enough pairs
[M::mem_pestat] analyzing insert size distribution for orientation FR...
[M::mem_pestat] (25, 50, 75) percentile: (174, 198, 227)
[M::mem_pestat] low and high boundaries for computing mean and std.dev: (68, 333)
[M::mem_pestat] mean and std.dev: (201.12, 36.50)
[M::mem_pestat] low and high boundaries for proper pairs: (15, 386)
[M::mem_pestat] skip orientation RF as there are not enough pairs
[M::mem_pestat] skip orientation RR as there are not enough pairs
[M::mem_process_seqs] Processed 645764 reads in 804.309 CPU sec, 103.179 real sec
[M::process] 0 single-end sequences; 645604 paired-end sequences
[M::process] read 645586 sequences (80000116 bp)...
[M::mem_pestat] # candidate unique pairs for (FF, FR, RF, RR): (0, 245029, 5, 0)
[M::mem_pestat] skip orientation FF as there are not enough pairs
[M::mem_pestat] analyzing insert size distribution for orientation FR...
[M::mem_pestat] (25, 50, 75) percentile: (174, 198, 227)
[M::mem_pestat] low and high boundaries for computing mean and std.dev: (68, 333)
[M::mem_pestat] mean and std.dev: (200.97, 36.44)
[M::mem_pestat] low and high boundaries for proper pairs: (15, 386)
[M::mem_pestat] skip orientation RF as there are not enough pairs
[M::mem_pestat] skip orientation RR as there are not enough pairs
[M::mem_process_seqs] Processed 645604 reads in 809.167 CPU sec, 103.802 real sec
[M::process] 0 single-end sequences; 645586 paired-end sequences
[M::process] read 645602 sequences (80000107 bp)...
[M::mem_pestat] # candidate unique pairs for (FF, FR, RF, RR): (0, 244133, 3, 0)
[M::mem_pestat] skip orientation FF as there are not enough pairs
[M::mem_pestat] analyzing insert size distribution for orientation FR...
[M::mem_pestat] (25, 50, 75) percentile: (174, 198, 226)
[M::mem_pestat] low and high boundaries for computing mean and std.dev: (70, 330)
[M::mem_pestat] mean and std.dev: (200.85, 36.45)
[M::mem_pestat] low and high boundaries for proper pairs: (18, 382)
[M::mem_pestat] skip orientation RF as there are not enough pairs
[M::mem_pestat] skip orientation RR as there are not enough pairs
[M::mem_process_seqs] Processed 645586 reads in 824.667 CPU sec, 105.751 real sec
[M::process] 0 single-end sequences; 645602 paired-end sequences
[M::process] read 645652 sequences (80000192 bp)...
[M::mem_pestat] # candidate unique pairs for (FF, FR, RF, RR): (0, 243512, 6, 0)
[M::mem_pestat] skip orientation FF as there are not enough pairs
[M::mem_pestat] analyzing insert size distribution for orientation FR...
[M::mem_pestat] (25, 50, 75) percentile: (174, 198, 226)
[M::mem_pestat] low and high boundaries for computing mean and std.dev: (70, 330)
[M::mem_pestat] mean and std.dev: (200.89, 36.46)
[M::mem_pestat] low and high boundaries for proper pairs: (18, 382)
[M::mem_pestat] skip orientation RF as there are not enough pairs
[M::mem_pestat] skip orientation RR as there are not enough pairs
[M::mem_process_seqs] Processed 645602 reads in 834.375 CPU sec, 106.952 real sec
[M::process] 0 single-end sequences; 645652 paired-end sequences
[M::process] read 645932 sequences (80000231 bp)...
[M::mem_pestat] # candidate unique pairs for (FF, FR, RF, RR): (0, 242510, 3, 0)
[M::mem_pestat] skip orientation FF as there are not enough pairs
[M::mem_pestat] analyzing insert size distribution for orientation FR...
[M::mem_pestat] (25, 50, 75) percentile: (174, 198, 226)
[M::mem_pestat] low and high boundaries for computing mean and std.dev: (70, 330)
[M::mem_pestat] mean and std.dev: (200.71, 36.42)
[M::mem_pestat] low and high boundaries for proper pairs: (18, 382)
[M::mem_pestat] skip orientation RF as there are not enough pairs
[M::mem_pestat] skip orientation RR as there are not enough pairs
[M::mem_process_seqs] Processed 645652 reads in 856.907 CPU sec, 109.792 real sec
[M::process] 0 single-end sequences; 645932 paired-end sequences
[M::process] read 645906 sequences (80000155 bp)...
[M::mem_pestat] # candidate unique pairs for (FF, FR, RF, RR): (0, 241538, 4, 0)
[M::mem_pestat] skip orientation FF as there are not enough pairs
[M::mem_pestat] analyzing insert size distribution for orientation FR...
[M::mem_pestat] (25, 50, 75) percentile: (174, 197, 226)
[M::mem_pestat] low and high boundaries for computing mean and std.dev: (70, 330)
[M::mem_pestat] mean and std.dev: (200.49, 36.50)
[M::mem_pestat] low and high boundaries for proper pairs: (18, 382)
[M::mem_pestat] skip orientation RF as there are not enough pairs
[M::mem_pestat] skip orientation RR as there are not enough pairs
[M::mem_process_seqs] Processed 645932 reads in 865.728 CPU sec, 110.873 real sec
[M::process] 0 single-end sequences; 645906 paired-end sequences
[M::process] read 645942 sequences (80000237 bp)...
[M::mem_pestat] # candidate unique pairs for (FF, FR, RF, RR): (0, 244429, 1, 0)
[M::mem_pestat] skip orientation FF as there are not enough pairs
[M::mem_pestat] analyzing insert size distribution for orientation FR...
[M::mem_pestat] (25, 50, 75) percentile: (174, 198, 226)
[M::mem_pestat] low and high boundaries for computing mean and std.dev: (70, 330)
[M::mem_pestat] mean and std.dev: (200.81, 36.40)
[M::mem_pestat] low and high boundaries for proper pairs: (18, 382)
[M::mem_pestat] skip orientation RF as there are not enough pairs
[M::mem_pestat] skip orientation RR as there are not enough pairs
[M::mem_process_seqs] Processed 645906 reads in 822.286 CPU sec, 105.444 real sec
[M::process] 0 single-end sequences; 645942 paired-end sequences
[M::process] read 645630 sequences (80000180 bp)...
[M::mem_pestat] # candidate unique pairs for (FF, FR, RF, RR): (0, 245321, 4, 0)
[M::mem_pestat] skip orientation FF as there are not enough pairs
[M::mem_pestat] analyzing insert size distribution for orientation FR...
[M::mem_pestat] (25, 50, 75) percentile: (174, 198, 226)
[M::mem_pestat] low and high boundaries for computing mean and std.dev: (70, 330)
[M::mem_pestat] mean and std.dev: (201.00, 36.44)
[M::mem_pestat] low and high boundaries for proper pairs: (18, 382)
[M::mem_pestat] skip orientation RF as there are not enough pairs
[M::mem_pestat] skip orientation RR as there are not enough pairs
[M::mem_process_seqs] Processed 645942 reads in 800.151 CPU sec, 102.686 real sec
[M::process] 0 single-end sequences; 645630 paired-end sequences
[M::process] read 645666 sequences (80000016 bp)...
[M::mem_pestat] # candidate unique pairs for (FF, FR, RF, RR): (0, 245647, 6, 0)
[M::mem_pestat] skip orientation FF as there are not enough pairs
[M::mem_pestat] analyzing insert size distribution for orientation FR...
[M::mem_pestat] (25, 50, 75) percentile: (174, 198, 227)
[M::mem_pestat] low and high boundaries for computing mean and std.dev: (68, 333)
[M::mem_pestat] mean and std.dev: (201.03, 36.50)
[M::mem_pestat] low and high boundaries for proper pairs: (15, 386)
[M::mem_pestat] skip orientation RF as there are not enough pairs
[M::mem_pestat] skip orientation RR as there are not enough pairs
[M::mem_process_seqs] Processed 645630 reads in 803.104 CPU sec, 103.050 real sec
[M::process] 0 single-end sequences; 645666 paired-end sequences
[M::process] read 645664 sequences (80000015 bp)...
[M::mem_pestat] # candidate unique pairs for (FF, FR, RF, RR): (0, 245187, 3, 0)
[M::mem_pestat] skip orientation FF as there are not enough pairs
[M::mem_pestat] analyzing insert size distribution for orientation FR...
[M::mem_pestat] (25, 50, 75) percentile: (174, 198, 226)
[M::mem_pestat] low and high boundaries for computing mean and std.dev: (70, 330)
[M::mem_pestat] mean and std.dev: (200.79, 36.43)
[M::mem_pestat] low and high boundaries for proper pairs: (18, 382)
[M::mem_pestat] skip orientation RF as there are not enough pairs
[M::mem_pestat] skip orientation RR as there are not enough pairs
[M::mem_process_seqs] Processed 645666 reads in 797.485 CPU sec, 102.359 real sec
[M::process] 0 single-end sequences; 645664 paired-end sequences
[M::process] read 645782 sequences (80000035 bp)...
[M::mem_pestat] # candidate unique pairs for (FF, FR, RF, RR): (0, 244503, 8, 0)
[M::mem_pestat] skip orientation FF as there are not enough pairs
[M::mem_pestat] analyzing insert size distribution for orientation FR...
[M::mem_pestat] (25, 50, 75) percentile: (174, 198, 226)
[M::mem_pestat] low and high boundaries for computing mean and std.dev: (70, 330)
[M::mem_pestat] mean and std.dev: (200.80, 36.41)
[M::mem_pestat] low and high boundaries for proper pairs: (18, 382)
[M::mem_pestat] skip orientation RF as there are not enough pairs
[M::mem_pestat] skip orientation RR as there are not enough pairs
[M::mem_process_seqs] Processed 645664 reads in 823.140 CPU sec, 105.541 real sec
[M::process] 0 single-end sequences; 645782 paired-end sequences
[M::process] read 645972 sequences (80000056 bp)...
[M::mem_pestat] # candidate unique pairs for (FF, FR, RF, RR): (0, 243384, 5, 0)
[M::mem_pestat] skip orientation FF as there are not enough pairs
[M::mem_pestat] analyzing insert size distribution for orientation FR...
[M::mem_pestat] (25, 50, 75) percentile: (174, 198, 226)
[M::mem_pestat] low and high boundaries for computing mean and std.dev: (70, 330)
[M::mem_pestat] mean and std.dev: (200.63, 36.41)
[M::mem_pestat] low and high boundaries for proper pairs: (18, 382)
[M::mem_pestat] skip orientation RF as there are not enough pairs
[M::mem_pestat] skip orientation RR as there are not enough pairs
[M::mem_process_seqs] Processed 645782 reads in 840.308 CPU sec, 107.706 real sec
[M::process] 0 single-end sequences; 645972 paired-end sequences
[M::process] read 645760 sequences (80000147 bp)...
[M::mem_pestat] # candidate unique pairs for (FF, FR, RF, RR): (0, 243802, 2, 0)
[M::mem_pestat] skip orientation FF as there are not enough pairs
[M::mem_pestat] analyzing insert size distribution for orientation FR...
[M::mem_pestat] (25, 50, 75) percentile: (174, 198, 226)
[M::mem_pestat] low and high boundaries for computing mean and std.dev: (70, 330)
[M::mem_pestat] mean and std.dev: (200.63, 36.45)
[M::mem_pestat] low and high boundaries for proper pairs: (18, 382)
[M::mem_pestat] skip orientation RF as there are not enough pairs
[M::mem_pestat] skip orientation RR as there are not enough pairs
[M::mem_process_seqs] Processed 645972 reads in 831.568 CPU sec, 106.593 real sec
[M::process] 0 single-end sequences; 645760 paired-end sequences
[M::process] read 645574 sequences (80000129 bp)...
[M::mem_pestat] # candidate unique pairs for (FF, FR, RF, RR): (0, 244342, 7, 0)
[M::mem_pestat] skip orientation FF as there are not enough pairs
[M::mem_pestat] analyzing insert size distribution for orientation FR...
[M::mem_pestat] (25, 50, 75) percentile: (174, 198, 226)
[M::mem_pestat] low and high boundaries for computing mean and std.dev: (70, 330)
[M::mem_pestat] mean and std.dev: (201.03, 36.39)
[M::mem_pestat] low and high boundaries for proper pairs: (18, 382)
[M::mem_pestat] skip orientation RF as there are not enough pairs
[M::mem_pestat] skip orientation RR as there are not enough pairs
[M::mem_process_seqs] Processed 645760 reads in 824.088 CPU sec, 105.677 real sec
[M::process] 0 single-end sequences; 645574 paired-end sequences
[M::process] read 645552 sequences (80000022 bp)...
[M::mem_pestat] # candidate unique pairs for (FF, FR, RF, RR): (0, 244677, 3, 0)
[M::mem_pestat] skip orientation FF as there are not enough pairs
[M::mem_pestat] analyzing insert size distribution for orientation FR...
[M::mem_pestat] (25, 50, 75) percentile: (175, 198, 227)
[M::mem_pestat] low and high boundaries for computing mean and std.dev: (71, 331)
[M::mem_pestat] mean and std.dev: (201.25, 36.38)
[M::mem_pestat] low and high boundaries for proper pairs: (19, 383)
[M::mem_pestat] skip orientation RF as there are not enough pairs
[M::mem_pestat] skip orientation RR as there are not enough pairs
[M::mem_process_seqs] Processed 645574 reads in 815.836 CPU sec, 104.642 real sec
[M::process] 0 single-end sequences; 645552 paired-end sequences
[M::process] read 645528 sequences (80000168 bp)...
[M::mem_pestat] # candidate unique pairs for (FF, FR, RF, RR): (0, 244628, 3, 0)
[M::mem_pestat] skip orientation FF as there are not enough pairs
[M::mem_pestat] analyzing insert size distribution for orientation FR...
[M::mem_pestat] (25, 50, 75) percentile: (174, 198, 226)
[M::mem_pestat] low and high boundaries for computing mean and std.dev: (70, 330)
[M::mem_pestat] mean and std.dev: (200.96, 36.47)
[M::mem_pestat] low and high boundaries for proper pairs: (18, 382)
[M::mem_pestat] skip orientation RF as there are not enough pairs
[M::mem_pestat] skip orientation RR as there are not enough pairs
[M::mem_process_seqs] Processed 645552 reads in 810.348 CPU sec, 103.952 real sec
[M::process] 0 single-end sequences; 645528 paired-end sequences
[M::process] read 645626 sequences (80000047 bp)...
[M::mem_pestat] # candidate unique pairs for (FF, FR, RF, RR): (0, 244129, 3, 0)
[M::mem_pestat] skip orientation FF as there are not enough pairs
[M::mem_pestat] analyzing insert size distribution for orientation FR...
[M::mem_pestat] (25, 50, 75) percentile: (174, 198, 227)
[M::mem_pestat] low and high boundaries for computing mean and std.dev: (68, 333)
[M::mem_pestat] mean and std.dev: (201.08, 36.40)
[M::mem_pestat] low and high boundaries for proper pairs: (15, 386)
[M::mem_pestat] skip orientation RF as there are not enough pairs
[M::mem_pestat] skip orientation RR as there are not enough pairs
[M::mem_process_seqs] Processed 645528 reads in 821.023 CPU sec, 105.286 real sec
[M::process] 0 single-end sequences; 645626 paired-end sequences
[M::process] read 645768 sequences (80000038 bp)...
[M::mem_pestat] # candidate unique pairs for (FF, FR, RF, RR): (0, 243605, 6, 0)
[M::mem_pestat] skip orientation FF as there are not enough pairs
[M::mem_pestat] analyzing insert size distribution for orientation FR...
[M::mem_pestat] (25, 50, 75) percentile: (174, 198, 226)
[M::mem_pestat] low and high boundaries for computing mean and std.dev: (70, 330)
[M::mem_pestat] mean and std.dev: (200.83, 36.46)
[M::mem_pestat] low and high boundaries for proper pairs: (18, 382)
[M::mem_pestat] skip orientation RF as there are not enough pairs
[M::mem_pestat] skip orientation RR as there are not enough pairs
[M::mem_process_seqs] Processed 645626 reads in 846.639 CPU sec, 108.479 real sec
[M::process] 0 single-end sequences; 645768 paired-end sequences
[M::process] read 645912 sequences (80000043 bp)...
[M::mem_pestat] # candidate unique pairs for (FF, FR, RF, RR): (0, 242912, 3, 0)
[M::mem_pestat] skip orientation FF as there are not enough pairs
[M::mem_pestat] analyzing insert size distribution for orientation FR...
[M::mem_pestat] (25, 50, 75) percentile: (174, 198, 226)
[M::mem_pestat] low and high boundaries for computing mean and std.dev: (70, 330)
[M::mem_pestat] mean and std.dev: (200.85, 36.44)
[M::mem_pestat] low and high boundaries for proper pairs: (18, 382)
[M::mem_pestat] skip orientation RF as there are not enough pairs
[M::mem_pestat] skip orientation RR as there are not enough pairs
[M::mem_process_seqs] Processed 645768 reads in 851.567 CPU sec, 109.098 real sec
[M::process] 0 single-end sequences; 645912 paired-end sequences
[M::process] read 646384 sequences (80000020 bp)...
[M::mem_pestat] # candidate unique pairs for (FF, FR, RF, RR): (0, 242326, 6, 0)
[M::mem_pestat] skip orientation FF as there are not enough pairs
[M::mem_pestat] analyzing insert size distribution for orientation FR...
[M::mem_pestat] (25, 50, 75) percentile: (174, 198, 226)
[M::mem_pestat] low and high boundaries for computing mean and std.dev: (70, 330)
[M::mem_pestat] mean and std.dev: (200.73, 36.45)
[M::mem_pestat] low and high boundaries for proper pairs: (18, 382)
[M::mem_pestat] skip orientation RF as there are not enough pairs
[M::mem_pestat] skip orientation RR as there are not enough pairs
[M::mem_process_seqs] Processed 645912 reads in 854.761 CPU sec, 109.505 real sec
[M::process] 0 single-end sequences; 646384 paired-end sequences
[M::process] read 646094 sequences (80000130 bp)...
[M::mem_pestat] # candidate unique pairs for (FF, FR, RF, RR): (0, 244736, 2, 0)
[M::mem_pestat] skip orientation FF as there are not enough pairs
[M::mem_pestat] analyzing insert size distribution for orientation FR...
[M::mem_pestat] (25, 50, 75) percentile: (174, 198, 226)
[M::mem_pestat] low and high boundaries for computing mean and std.dev: (70, 330)
[M::mem_pestat] mean and std.dev: (201.02, 36.38)
[M::mem_pestat] low and high boundaries for proper pairs: (18, 382)
[M::mem_pestat] skip orientation RF as there are not enough pairs
[M::mem_pestat] skip orientation RR as there are not enough pairs
[M::mem_process_seqs] Processed 646384 reads in 828.101 CPU sec, 106.198 real sec
[M::process] 0 single-end sequences; 646094 paired-end sequences
[M::process] read 645932 sequences (80000004 bp)...
[M::mem_pestat] # candidate unique pairs for (FF, FR, RF, RR): (0, 244142, 2, 0)
[M::mem_pestat] skip orientation FF as there are not enough pairs
[M::mem_pestat] analyzing insert size distribution for orientation FR...
[M::mem_pestat] (25, 50, 75) percentile: (174, 198, 227)
[M::mem_pestat] low and high boundaries for computing mean and std.dev: (68, 333)
[M::mem_pestat] mean and std.dev: (201.09, 36.50)
[M::mem_pestat] low and high boundaries for proper pairs: (15, 386)
[M::mem_pestat] skip orientation RF as there are not enough pairs
[M::mem_pestat] skip orientation RR as there are not enough pairs
[M::mem_process_seqs] Processed 646094 reads in 833.733 CPU sec, 106.872 real sec
[M::process] 0 single-end sequences; 645932 paired-end sequences
[M::process] read 645684 sequences (80000068 bp)...
[M::mem_pestat] # candidate unique pairs for (FF, FR, RF, RR): (0, 244515, 3, 0)
[M::mem_pestat] skip orientation FF as there are not enough pairs
[M::mem_pestat] analyzing insert size distribution for orientation FR...
[M::mem_pestat] (25, 50, 75) percentile: (174, 198, 226)
[M::mem_pestat] low and high boundaries for computing mean and std.dev: (70, 330)
[M::mem_pestat] mean and std.dev: (200.94, 36.46)
[M::mem_pestat] low and high boundaries for proper pairs: (18, 382)
[M::mem_pestat] skip orientation RF as there are not enough pairs
[M::mem_pestat] skip orientation RR as there are not enough pairs
[M::mem_process_seqs] Processed 645932 reads in 830.547 CPU sec, 106.484 real sec
[M::process] 0 single-end sequences; 645684 paired-end sequences
[M::process] read 645810 sequences (80000215 bp)...
[M::mem_pestat] # candidate unique pairs for (FF, FR, RF, RR): (0, 243602, 6, 0)
[M::mem_pestat] skip orientation FF as there are not enough pairs
[M::mem_pestat] analyzing insert size distribution for orientation FR...
[M::mem_pestat] (25, 50, 75) percentile: (174, 198, 226)
[M::mem_pestat] low and high boundaries for computing mean and std.dev: (70, 330)
[M::mem_pestat] mean and std.dev: (200.77, 36.39)
[M::mem_pestat] low and high boundaries for proper pairs: (18, 382)
[M::mem_pestat] skip orientation RF as there are not enough pairs
[M::mem_pestat] skip orientation RR as there are not enough pairs
[M::mem_process_seqs] Processed 645684 reads in 840.038 CPU sec, 107.660 real sec
[M::process] 0 single-end sequences; 645810 paired-end sequences
[M::process] read 646488 sequences (80000096 bp)...
[M::mem_pestat] # candidate unique pairs for (FF, FR, RF, RR): (0, 242987, 3, 0)
[M::mem_pestat] skip orientation FF as there are not enough pairs
[M::mem_pestat] analyzing insert size distribution for orientation FR...
[M::mem_pestat] (25, 50, 75) percentile: (174, 198, 226)
[M::mem_pestat] low and high boundaries for computing mean and std.dev: (70, 330)
[M::mem_pestat] mean and std.dev: (200.68, 36.43)
[M::mem_pestat] low and high boundaries for proper pairs: (18, 382)
[M::mem_pestat] skip orientation RF as there are not enough pairs
[M::mem_pestat] skip orientation RR as there are not enough pairs
[M::mem_process_seqs] Processed 645810 reads in 860.414 CPU sec, 110.285 real sec
[M::process] 0 single-end sequences; 646488 paired-end sequences
[M::process] read 646594 sequences (80000214 bp)...
[M::mem_pestat] # candidate unique pairs for (FF, FR, RF, RR): (0, 242081, 2, 0)
[M::mem_pestat] skip orientation FF as there are not enough pairs
[M::mem_pestat] analyzing insert size distribution for orientation FR...
[M::mem_pestat] (25, 50, 75) percentile: (174, 198, 226)
[M::mem_pestat] low and high boundaries for computing mean and std.dev: (70, 330)
[M::mem_pestat] mean and std.dev: (200.57, 36.38)
[M::mem_pestat] low and high boundaries for proper pairs: (18, 382)
[M::mem_pestat] skip orientation RF as there are not enough pairs
[M::mem_pestat] skip orientation RR as there are not enough pairs
[M::mem_process_seqs] Processed 646488 reads in 883.633 CPU sec, 113.137 real sec
[M::process] 0 single-end sequences; 646594 paired-end sequences
[M::process] read 646532 sequences (80000039 bp)...
[M::mem_pestat] # candidate unique pairs for (FF, FR, RF, RR): (0, 241964, 1, 0)
[M::mem_pestat] skip orientation FF as there are not enough pairs
[M::mem_pestat] analyzing insert size distribution for orientation FR...
[M::mem_pestat] (25, 50, 75) percentile: (174, 198, 226)
[M::mem_pestat] low and high boundaries for computing mean and std.dev: (70, 330)
[M::mem_pestat] mean and std.dev: (200.73, 36.41)
[M::mem_pestat] low and high boundaries for proper pairs: (18, 382)
[M::mem_pestat] skip orientation RF as there are not enough pairs
[M::mem_pestat] skip orientation RR as there are not enough pairs
[M::mem_process_seqs] Processed 646594 reads in 873.985 CPU sec, 111.929 real sec
[M::process] 0 single-end sequences; 646532 paired-end sequences
[M::process] read 646078 sequences (80000079 bp)...
[M::mem_pestat] # candidate unique pairs for (FF, FR, RF, RR): (0, 245588, 2, 0)
[M::mem_pestat] skip orientation FF as there are not enough pairs
[M::mem_pestat] analyzing insert size distribution for orientation FR...
[M::mem_pestat] (25, 50, 75) percentile: (174, 198, 226)
[M::mem_pestat] low and high boundaries for computing mean and std.dev: (70, 330)
[M::mem_pestat] mean and std.dev: (200.94, 36.35)
[M::mem_pestat] low and high boundaries for proper pairs: (18, 382)
[M::mem_pestat] skip orientation RF as there are not enough pairs
[M::mem_pestat] skip orientation RR as there are not enough pairs
[M::mem_process_seqs] Processed 646532 reads in 833.350 CPU sec, 106.833 real sec
[M::process] 0 single-end sequences; 646078 paired-end sequences
[M::process] read 645626 sequences (80000097 bp)...
[M::mem_pestat] # candidate unique pairs for (FF, FR, RF, RR): (0, 244530, 2, 0)
[M::mem_pestat] skip orientation FF as there are not enough pairs
[M::mem_pestat] analyzing insert size distribution for orientation FR...
[M::mem_pestat] (25, 50, 75) percentile: (174, 198, 226)
[M::mem_pestat] low and high boundaries for computing mean and std.dev: (70, 330)
[M::mem_pestat] mean and std.dev: (200.94, 36.44)
[M::mem_pestat] low and high boundaries for proper pairs: (18, 382)
[M::mem_pestat] skip orientation RF as there are not enough pairs
[M::mem_pestat] skip orientation RR as there are not enough pairs
[M::mem_process_seqs] Processed 646078 reads in 820.004 CPU sec, 105.159 real sec
[M::process] 0 single-end sequences; 645626 paired-end sequences
[M::process] read 645770 sequences (80000129 bp)...
[M::mem_pestat] # candidate unique pairs for (FF, FR, RF, RR): (0, 244427, 8, 0)
[M::mem_pestat] skip orientation FF as there are not enough pairs
[M::mem_pestat] analyzing insert size distribution for orientation FR...
[M::mem_pestat] (25, 50, 75) percentile: (174, 198, 226)
[M::mem_pestat] low and high boundaries for computing mean and std.dev: (70, 330)
[M::mem_pestat] mean and std.dev: (200.91, 36.42)
[M::mem_pestat] low and high boundaries for proper pairs: (18, 382)
[M::mem_pestat] skip orientation RF as there are not enough pairs
[M::mem_pestat] skip orientation RR as there are not enough pairs
[M::mem_process_seqs] Processed 645626 reads in 819.850 CPU sec, 105.157 real sec
[M::process] 0 single-end sequences; 645770 paired-end sequences
[M::process] read 645908 sequences (80000174 bp)...
[M::mem_pestat] # candidate unique pairs for (FF, FR, RF, RR): (0, 243777, 2, 0)
[M::mem_pestat] skip orientation FF as there are not enough pairs
[M::mem_pestat] analyzing insert size distribution for orientation FR...
[M::mem_pestat] (25, 50, 75) percentile: (174, 198, 226)
[M::mem_pestat] low and high boundaries for computing mean and std.dev: (70, 330)
[M::mem_pestat] mean and std.dev: (200.66, 36.42)
[M::mem_pestat] low and high boundaries for proper pairs: (18, 382)
[M::mem_pestat] skip orientation RF as there are not enough pairs
[M::mem_pestat] skip orientation RR as there are not enough pairs
[M::mem_process_seqs] Processed 645770 reads in 825.056 CPU sec, 105.796 real sec
[M::process] 0 single-end sequences; 645908 paired-end sequences
[M::process] read 646996 sequences (80000176 bp)...
[M::mem_pestat] # candidate unique pairs for (FF, FR, RF, RR): (0, 243402, 2, 0)
[M::mem_pestat] skip orientation FF as there are not enough pairs
[M::mem_pestat] analyzing insert size distribution for orientation FR...
[M::mem_pestat] (25, 50, 75) percentile: (174, 198, 226)
[M::mem_pestat] low and high boundaries for computing mean and std.dev: (70, 330)
[M::mem_pestat] mean and std.dev: (200.73, 36.41)
[M::mem_pestat] low and high boundaries for proper pairs: (18, 382)
[M::mem_pestat] skip orientation RF as there are not enough pairs
[M::mem_pestat] skip orientation RR as there are not enough pairs
[M::mem_process_seqs] Processed 645908 reads in 881.065 CPU sec, 112.810 real sec
[M::process] 0 single-end sequences; 646996 paired-end sequences
[M::process] read 646648 sequences (80000225 bp)...
[M::mem_pestat] # candidate unique pairs for (FF, FR, RF, RR): (0, 243522, 3, 0)
[M::mem_pestat] skip orientation FF as there are not enough pairs
[M::mem_pestat] analyzing insert size distribution for orientation FR...
[M::mem_pestat] (25, 50, 75) percentile: (174, 198, 226)
[M::mem_pestat] low and high boundaries for computing mean and std.dev: (70, 330)
[M::mem_pestat] mean and std.dev: (200.62, 36.44)
[M::mem_pestat] low and high boundaries for proper pairs: (18, 382)
[M::mem_pestat] skip orientation RF as there are not enough pairs
[M::mem_pestat] skip orientation RR as there are not enough pairs
[M::mem_process_seqs] Processed 646996 reads in 842.806 CPU sec, 108.017 real sec
[M::process] 0 single-end sequences; 646648 paired-end sequences
[M::process] read 645758 sequences (80000058 bp)...
[M::mem_pestat] # candidate unique pairs for (FF, FR, RF, RR): (0, 244142, 3, 0)
[M::mem_pestat] skip orientation FF as there are not enough pairs
[M::mem_pestat] analyzing insert size distribution for orientation FR...
[M::mem_pestat] (25, 50, 75) percentile: (174, 198, 226)
[M::mem_pestat] low and high boundaries for computing mean and std.dev: (70, 330)
[M::mem_pestat] mean and std.dev: (200.67, 36.44)
[M::mem_pestat] low and high boundaries for proper pairs: (18, 382)
[M::mem_pestat] skip orientation RF as there are not enough pairs
[M::mem_pestat] skip orientation RR as there are not enough pairs
[M::mem_process_seqs] Processed 646648 reads in 892.292 CPU sec, 114.207 real sec
[M::process] 0 single-end sequences; 645758 paired-end sequences
[M::process] read 645698 sequences (80000006 bp)...
[M::mem_pestat] # candidate unique pairs for (FF, FR, RF, RR): (0, 244263, 4, 0)
[M::mem_pestat] skip orientation FF as there are not enough pairs
[M::mem_pestat] analyzing insert size distribution for orientation FR...
[M::mem_pestat] (25, 50, 75) percentile: (174, 198, 227)
[M::mem_pestat] low and high boundaries for computing mean and std.dev: (68, 333)
[M::mem_pestat] mean and std.dev: (201.23, 36.56)
[M::mem_pestat] low and high boundaries for proper pairs: (15, 386)
[M::mem_pestat] skip orientation RF as there are not enough pairs
[M::mem_pestat] skip orientation RR as there are not enough pairs
[M::mem_process_seqs] Processed 645758 reads in 842.345 CPU sec, 107.940 real sec
[M::process] 0 single-end sequences; 645698 paired-end sequences
[M::process] read 645634 sequences (80000214 bp)...
[M::mem_pestat] # candidate unique pairs for (FF, FR, RF, RR): (0, 243907, 3, 0)
[M::mem_pestat] skip orientation FF as there are not enough pairs
[M::mem_pestat] analyzing insert size distribution for orientation FR...
[M::mem_pestat] (25, 50, 75) percentile: (174, 198, 227)
[M::mem_pestat] low and high boundaries for computing mean and std.dev: (68, 333)
[M::mem_pestat] mean and std.dev: (201.11, 36.52)
[M::mem_pestat] low and high boundaries for proper pairs: (15, 386)
[M::mem_pestat] skip orientation RF as there are not enough pairs
[M::mem_pestat] skip orientation RR as there are not enough pairs
[M::mem_process_seqs] Processed 645698 reads in 838.124 CPU sec, 107.436 real sec
[M::process] 0 single-end sequences; 645634 paired-end sequences
[M::process] read 645714 sequences (80000221 bp)...
[M::mem_pestat] # candidate unique pairs for (FF, FR, RF, RR): (0, 243381, 0, 0)
[M::mem_pestat] skip orientation FF as there are not enough pairs
[M::mem_pestat] analyzing insert size distribution for orientation FR...
[M::mem_pestat] (25, 50, 75) percentile: (174, 198, 227)
[M::mem_pestat] low and high boundaries for computing mean and std.dev: (68, 333)
[M::mem_pestat] mean and std.dev: (201.07, 36.56)
[M::mem_pestat] low and high boundaries for proper pairs: (15, 386)
[M::mem_pestat] skip orientation RF as there are not enough pairs
[M::mem_pestat] skip orientation RR as there are not enough pairs
[M::mem_process_seqs] Processed 645634 reads in 843.294 CPU sec, 108.103 real sec
[M::process] 0 single-end sequences; 645714 paired-end sequences
[M::process] read 645870 sequences (80000007 bp)...
[M::mem_pestat] # candidate unique pairs for (FF, FR, RF, RR): (0, 243230, 3, 0)
[M::mem_pestat] skip orientation FF as there are not enough pairs
[M::mem_pestat] analyzing insert size distribution for orientation FR...
[M::mem_pestat] (25, 50, 75) percentile: (174, 198, 226)
[M::mem_pestat] low and high boundaries for computing mean and std.dev: (70, 330)
[M::mem_pestat] mean and std.dev: (200.82, 36.40)
[M::mem_pestat] low and high boundaries for proper pairs: (18, 382)
[M::mem_pestat] skip orientation RF as there are not enough pairs
[M::mem_pestat] skip orientation RR as there are not enough pairs
[M::mem_process_seqs] Processed 645714 reads in 851.511 CPU sec, 109.092 real sec
[M::process] 0 single-end sequences; 645870 paired-end sequences
[M::process] read 646430 sequences (80000128 bp)...
[M::mem_pestat] # candidate unique pairs for (FF, FR, RF, RR): (0, 241930, 5, 0)
[M::mem_pestat] skip orientation FF as there are not enough pairs
[M::mem_pestat] analyzing insert size distribution for orientation FR...
[M::mem_pestat] (25, 50, 75) percentile: (174, 198, 226)
[M::mem_pestat] low and high boundaries for computing mean and std.dev: (70, 330)
[M::mem_pestat] mean and std.dev: (200.64, 36.47)
[M::mem_pestat] low and high boundaries for proper pairs: (18, 382)
[M::mem_pestat] skip orientation RF as there are not enough pairs
[M::mem_pestat] skip orientation RR as there are not enough pairs
[M::mem_process_seqs] Processed 645870 reads in 869.671 CPU sec, 111.381 real sec
[M::process] 0 single-end sequences; 646430 paired-end sequences
[M::process] read 645960 sequences (80000116 bp)...
[M::mem_pestat] # candidate unique pairs for (FF, FR, RF, RR): (0, 241847, 5, 0)
[M::mem_pestat] skip orientation FF as there are not enough pairs
[M::mem_pestat] analyzing insert size distribution for orientation FR...
[M::mem_pestat] (25, 50, 75) percentile: (174, 198, 226)
[M::mem_pestat] low and high boundaries for computing mean and std.dev: (70, 330)
[M::mem_pestat] mean and std.dev: (200.71, 36.42)
[M::mem_pestat] low and high boundaries for proper pairs: (18, 382)
[M::mem_pestat] skip orientation RF as there are not enough pairs
[M::mem_pestat] skip orientation RR as there are not enough pairs
[M::mem_process_seqs] Processed 646430 reads in 876.540 CPU sec, 112.235 real sec
[M::process] 0 single-end sequences; 645960 paired-end sequences
[M::process] read 645758 sequences (80000089 bp)...
[M::mem_pestat] # candidate unique pairs for (FF, FR, RF, RR): (0, 244542, 5, 0)
[M::mem_pestat] skip orientation FF as there are not enough pairs
[M::mem_pestat] analyzing insert size distribution for orientation FR...
[M::mem_pestat] (25, 50, 75) percentile: (174, 198, 226)
[M::mem_pestat] low and high boundaries for computing mean and std.dev: (70, 330)
[M::mem_pestat] mean and std.dev: (200.93, 36.49)
[M::mem_pestat] low and high boundaries for proper pairs: (18, 382)
[M::mem_pestat] skip orientation RF as there are not enough pairs
[M::mem_pestat] skip orientation RR as there are not enough pairs
[M::mem_process_seqs] Processed 645960 reads in 812.909 CPU sec, 104.285 real sec
[M::process] 0 single-end sequences; 645758 paired-end sequences
[M::process] read 645622 sequences (80000053 bp)...
[M::mem_pestat] # candidate unique pairs for (FF, FR, RF, RR): (0, 244596, 4, 0)
[M::mem_pestat] skip orientation FF as there are not enough pairs
[M::mem_pestat] analyzing insert size distribution for orientation FR...
[M::mem_pestat] (25, 50, 75) percentile: (174, 198, 226)
[M::mem_pestat] low and high boundaries for computing mean and std.dev: (70, 330)
[M::mem_pestat] mean and std.dev: (200.98, 36.44)
[M::mem_pestat] low and high boundaries for proper pairs: (18, 382)
[M::mem_pestat] skip orientation RF as there are not enough pairs
[M::mem_pestat] skip orientation RR as there are not enough pairs
[M::mem_process_seqs] Processed 645758 reads in 809.845 CPU sec, 103.922 real sec
[M::process] 0 single-end sequences; 645622 paired-end sequences
[M::process] read 645590 sequences (80000246 bp)...
[M::mem_pestat] # candidate unique pairs for (FF, FR, RF, RR): (0, 245089, 3, 0)
[M::mem_pestat] skip orientation FF as there are not enough pairs
[M::mem_pestat] analyzing insert size distribution for orientation FR...
[M::mem_pestat] (25, 50, 75) percentile: (174, 198, 226)
[M::mem_pestat] low and high boundaries for computing mean and std.dev: (70, 330)
[M::mem_pestat] mean and std.dev: (200.84, 36.39)
[M::mem_pestat] low and high boundaries for proper pairs: (18, 382)
[M::mem_pestat] skip orientation RF as there are not enough pairs
[M::mem_pestat] skip orientation RR as there are not enough pairs
[M::mem_process_seqs] Processed 645622 reads in 810.409 CPU sec, 103.951 real sec
[M::process] 0 single-end sequences; 645590 paired-end sequences
[M::process] read 645664 sequences (80000218 bp)...
[M::mem_pestat] # candidate unique pairs for (FF, FR, RF, RR): (0, 243812, 2, 0)
[M::mem_pestat] skip orientation FF as there are not enough pairs
[M::mem_pestat] analyzing insert size distribution for orientation FR...
[M::mem_pestat] (25, 50, 75) percentile: (174, 198, 226)
[M::mem_pestat] low and high boundaries for computing mean and std.dev: (70, 330)
[M::mem_pestat] mean and std.dev: (200.91, 36.53)
[M::mem_pestat] low and high boundaries for proper pairs: (18, 382)
[M::mem_pestat] skip orientation RF as there are not enough pairs
[M::mem_pestat] skip orientation RR as there are not enough pairs
[M::mem_process_seqs] Processed 645590 reads in 827.020 CPU sec, 106.040 real sec
[M::process] 0 single-end sequences; 645664 paired-end sequences
[M::process] read 645806 sequences (80000184 bp)...
[M::mem_pestat] # candidate unique pairs for (FF, FR, RF, RR): (0, 243899, 5, 0)
[M::mem_pestat] skip orientation FF as there are not enough pairs
[M::mem_pestat] analyzing insert size distribution for orientation FR...
[M::mem_pestat] (25, 50, 75) percentile: (174, 198, 226)
[M::mem_pestat] low and high boundaries for computing mean and std.dev: (70, 330)
[M::mem_pestat] mean and std.dev: (200.67, 36.39)
[M::mem_pestat] low and high boundaries for proper pairs: (18, 382)
[M::mem_pestat] skip orientation RF as there are not enough pairs
[M::mem_pestat] skip orientation RR as there are not enough pairs
[M::mem_process_seqs] Processed 645664 reads in 834.555 CPU sec, 106.987 real sec
[M::process] 0 single-end sequences; 645806 paired-end sequences
[M::process] read 645970 sequences (80000152 bp)...
[M::mem_pestat] # candidate unique pairs for (FF, FR, RF, RR): (0, 242705, 4, 0)
[M::mem_pestat] skip orientation FF as there are not enough pairs
[M::mem_pestat] analyzing insert size distribution for orientation FR...
[M::mem_pestat] (25, 50, 75) percentile: (174, 198, 226)
[M::mem_pestat] low and high boundaries for computing mean and std.dev: (70, 330)
[M::mem_pestat] mean and std.dev: (200.59, 36.41)
[M::mem_pestat] low and high boundaries for proper pairs: (18, 382)
[M::mem_pestat] skip orientation RF as there are not enough pairs
[M::mem_pestat] skip orientation RR as there are not enough pairs
[M::mem_process_seqs] Processed 645806 reads in 852.072 CPU sec, 109.184 real sec
[M::process] 0 single-end sequences; 645970 paired-end sequences
[M::process] read 646122 sequences (80000094 bp)...
[M::mem_pestat] # candidate unique pairs for (FF, FR, RF, RR): (0, 241426, 3, 0)
[M::mem_pestat] skip orientation FF as there are not enough pairs
[M::mem_pestat] analyzing insert size distribution for orientation FR...
[M::mem_pestat] (25, 50, 75) percentile: (174, 198, 226)
[M::mem_pestat] low and high boundaries for computing mean and std.dev: (70, 330)
[M::mem_pestat] mean and std.dev: (200.53, 36.49)
[M::mem_pestat] low and high boundaries for proper pairs: (18, 382)
[M::mem_pestat] skip orientation RF as there are not enough pairs
[M::mem_pestat] skip orientation RR as there are not enough pairs
[M::mem_process_seqs] Processed 645970 reads in 862.859 CPU sec, 110.519 real sec
[M::process] 0 single-end sequences; 646122 paired-end sequences
[M::process] read 645596 sequences (80000225 bp)...
[M::mem_pestat] # candidate unique pairs for (FF, FR, RF, RR): (0, 244538, 3, 0)
[M::mem_pestat] skip orientation FF as there are not enough pairs
[M::mem_pestat] analyzing insert size distribution for orientation FR...
[M::mem_pestat] (25, 50, 75) percentile: (174, 198, 226)
[M::mem_pestat] low and high boundaries for computing mean and std.dev: (70, 330)
[M::mem_pestat] mean and std.dev: (200.77, 36.44)
[M::mem_pestat] low and high boundaries for proper pairs: (18, 382)
[M::mem_pestat] skip orientation RF as there are not enough pairs
[M::mem_pestat] skip orientation RR as there are not enough pairs
[M::mem_process_seqs] Processed 646122 reads in 815.562 CPU sec, 104.655 real sec
[M::process] 0 single-end sequences; 645596 paired-end sequences
[M::process] read 645710 sequences (80000150 bp)...
[M::mem_pestat] # candidate unique pairs for (FF, FR, RF, RR): (0, 245587, 6, 0)
[M::mem_pestat] skip orientation FF as there are not enough pairs
[M::mem_pestat] analyzing insert size distribution for orientation FR...
[M::mem_pestat] (25, 50, 75) percentile: (174, 198, 227)
[M::mem_pestat] low and high boundaries for computing mean and std.dev: (68, 333)
[M::mem_pestat] mean and std.dev: (201.03, 36.45)
[M::mem_pestat] low and high boundaries for proper pairs: (15, 386)
[M::mem_pestat] skip orientation RF as there are not enough pairs
[M::mem_pestat] skip orientation RR as there are not enough pairs
[M::mem_process_seqs] Processed 645596 reads in 797.259 CPU sec, 102.307 real sec
[M::process] 0 single-end sequences; 645710 paired-end sequences
[M::process] read 645484 sequences (80000184 bp)...
[M::mem_pestat] # candidate unique pairs for (FF, FR, RF, RR): (0, 245435, 5, 0)
[M::mem_pestat] skip orientation FF as there are not enough pairs
[M::mem_pestat] analyzing insert size distribution for orientation FR...
[M::mem_pestat] (25, 50, 75) percentile: (174, 198, 227)
[M::mem_pestat] low and high boundaries for computing mean and std.dev: (68, 333)
[M::mem_pestat] mean and std.dev: (201.11, 36.40)
[M::mem_pestat] low and high boundaries for proper pairs: (15, 386)
[M::mem_pestat] skip orientation RF as there are not enough pairs
[M::mem_pestat] skip orientation RR as there are not enough pairs
[M::mem_process_seqs] Processed 645710 reads in 791.843 CPU sec, 101.619 real sec
[M::process] 0 single-end sequences; 645484 paired-end sequences
[M::process] read 645522 sequences (80000172 bp)...
[M::mem_pestat] # candidate unique pairs for (FF, FR, RF, RR): (0, 244800, 0, 0)
[M::mem_pestat] skip orientation FF as there are not enough pairs
[M::mem_pestat] analyzing insert size distribution for orientation FR...
[M::mem_pestat] (25, 50, 75) percentile: (174, 198, 226)
[M::mem_pestat] low and high boundaries for computing mean and std.dev: (70, 330)
[M::mem_pestat] mean and std.dev: (200.81, 36.43)
[M::mem_pestat] low and high boundaries for proper pairs: (18, 382)
[M::mem_pestat] skip orientation RF as there are not enough pairs
[M::mem_pestat] skip orientation RR as there are not enough pairs
[M::mem_process_seqs] Processed 645484 reads in 808.660 CPU sec, 103.745 real sec
[M::process] 0 single-end sequences; 645522 paired-end sequences
[M::process] read 645822 sequences (80000208 bp)...
[M::mem_pestat] # candidate unique pairs for (FF, FR, RF, RR): (0, 244340, 6, 0)
[M::mem_pestat] skip orientation FF as there are not enough pairs
[M::mem_pestat] analyzing insert size distribution for orientation FR...
[M::mem_pestat] (25, 50, 75) percentile: (174, 198, 226)
[M::mem_pestat] low and high boundaries for computing mean and std.dev: (70, 330)
[M::mem_pestat] mean and std.dev: (200.60, 36.38)
[M::mem_pestat] low and high boundaries for proper pairs: (18, 382)
[M::mem_pestat] skip orientation RF as there are not enough pairs
[M::mem_pestat] skip orientation RR as there are not enough pairs
[M::mem_process_seqs] Processed 645522 reads in 816.408 CPU sec, 104.753 real sec
[M::process] 0 single-end sequences; 645822 paired-end sequences
[M::process] read 645906 sequences (80000122 bp)...
[M::mem_pestat] # candidate unique pairs for (FF, FR, RF, RR): (0, 244054, 4, 0)
[M::mem_pestat] skip orientation FF as there are not enough pairs
[M::mem_pestat] analyzing insert size distribution for orientation FR...
[M::mem_pestat] (25, 50, 75) percentile: (174, 198, 226)
[M::mem_pestat] low and high boundaries for computing mean and std.dev: (70, 330)
[M::mem_pestat] mean and std.dev: (200.73, 36.46)
[M::mem_pestat] low and high boundaries for proper pairs: (18, 382)
[M::mem_pestat] skip orientation RF as there are not enough pairs
[M::mem_pestat] skip orientation RR as there are not enough pairs
[M::mem_process_seqs] Processed 645822 reads in 832.733 CPU sec, 106.752 real sec
[M::process] 0 single-end sequences; 645906 paired-end sequences
[M::process] read 645510 sequences (80000059 bp)...
[M::mem_pestat] # candidate unique pairs for (FF, FR, RF, RR): (0, 243332, 7, 0)
[M::mem_pestat] skip orientation FF as there are not enough pairs
[M::mem_pestat] analyzing insert size distribution for orientation FR...
[M::mem_pestat] (25, 50, 75) percentile: (174, 198, 226)
[M::mem_pestat] low and high boundaries for computing mean and std.dev: (70, 330)
[M::mem_pestat] mean and std.dev: (200.55, 36.41)
[M::mem_pestat] low and high boundaries for proper pairs: (18, 382)
[M::mem_pestat] skip orientation RF as there are not enough pairs
[M::mem_pestat] skip orientation RR as there are not enough pairs
[M::mem_process_seqs] Processed 645906 reads in 845.318 CPU sec, 108.333 real sec
[M::process] 0 single-end sequences; 645510 paired-end sequences
[M::process] read 645522 sequences (80000068 bp)...
[M::mem_pestat] # candidate unique pairs for (FF, FR, RF, RR): (0, 243951, 2, 0)
[M::mem_pestat] skip orientation FF as there are not enough pairs
[M::mem_pestat] analyzing insert size distribution for orientation FR...
[M::mem_pestat] (25, 50, 75) percentile: (174, 198, 227)
[M::mem_pestat] low and high boundaries for computing mean and std.dev: (68, 333)
[M::mem_pestat] mean and std.dev: (201.14, 36.42)
[M::mem_pestat] low and high boundaries for proper pairs: (15, 386)
[M::mem_pestat] skip orientation RF as there are not enough pairs
[M::mem_pestat] skip orientation RR as there are not enough pairs
[M::mem_process_seqs] Processed 645510 reads in 819.369 CPU sec, 105.068 real sec
[M::process] 0 single-end sequences; 645522 paired-end sequences
[M::process] read 645492 sequences (80000238 bp)...
[M::mem_pestat] # candidate unique pairs for (FF, FR, RF, RR): (0, 244180, 2, 0)
[M::mem_pestat] skip orientation FF as there are not enough pairs
[M::mem_pestat] analyzing insert size distribution for orientation FR...
[M::mem_pestat] (25, 50, 75) percentile: (174, 198, 227)
[M::mem_pestat] low and high boundaries for computing mean and std.dev: (68, 333)
[M::mem_pestat] mean and std.dev: (201.13, 36.42)
[M::mem_pestat] low and high boundaries for proper pairs: (15, 386)
[M::mem_pestat] skip orientation RF as there are not enough pairs
[M::mem_pestat] skip orientation RR as there are not enough pairs
[M::mem_process_seqs] Processed 645522 reads in 824.396 CPU sec, 105.714 real sec
[M::process] 0 single-end sequences; 645492 paired-end sequences
[M::process] read 645510 sequences (80000132 bp)...
[M::mem_pestat] # candidate unique pairs for (FF, FR, RF, RR): (0, 244415, 3, 0)
[M::mem_pestat] skip orientation FF as there are not enough pairs
[M::mem_pestat] analyzing insert size distribution for orientation FR...
[M::mem_pestat] (25, 50, 75) percentile: (174, 198, 227)
[M::mem_pestat] low and high boundaries for computing mean and std.dev: (68, 333)
[M::mem_pestat] mean and std.dev: (200.97, 36.45)
[M::mem_pestat] low and high boundaries for proper pairs: (15, 386)
[M::mem_pestat] skip orientation RF as there are not enough pairs
[M::mem_pestat] skip orientation RR as there are not enough pairs
[M::mem_process_seqs] Processed 645492 reads in 814.337 CPU sec, 104.478 real sec
[M::process] 0 single-end sequences; 645510 paired-end sequences
[M::process] read 645670 sequences (80000113 bp)...
[M::mem_pestat] # candidate unique pairs for (FF, FR, RF, RR): (0, 243743, 3, 0)
[M::mem_pestat] skip orientation FF as there are not enough pairs
[M::mem_pestat] analyzing insert size distribution for orientation FR...
[M::mem_pestat] (25, 50, 75) percentile: (174, 198, 226)
[M::mem_pestat] low and high boundaries for computing mean and std.dev: (70, 330)
[M::mem_pestat] mean and std.dev: (200.93, 36.44)
[M::mem_pestat] low and high boundaries for proper pairs: (18, 382)
[M::mem_pestat] skip orientation RF as there are not enough pairs
[M::mem_pestat] skip orientation RR as there are not enough pairs
[M::mem_process_seqs] Processed 645510 reads in 831.299 CPU sec, 106.581 real sec
[M::process] 0 single-end sequences; 645670 paired-end sequences
[M::process] read 645838 sequences (80000227 bp)...
[M::mem_pestat] # candidate unique pairs for (FF, FR, RF, RR): (0, 242088, 7, 0)
[M::mem_pestat] skip orientation FF as there are not enough pairs
[M::mem_pestat] analyzing insert size distribution for orientation FR...
[M::mem_pestat] (25, 50, 75) percentile: (174, 198, 226)
[M::mem_pestat] low and high boundaries for computing mean and std.dev: (70, 330)
[M::mem_pestat] mean and std.dev: (200.85, 36.42)
[M::mem_pestat] low and high boundaries for proper pairs: (18, 382)
[M::mem_pestat] skip orientation RF as there are not enough pairs
[M::mem_pestat] skip orientation RR as there are not enough pairs
[M::mem_process_seqs] Processed 645670 reads in 861.104 CPU sec, 110.305 real sec
[M::process] 0 single-end sequences; 645838 paired-end sequences
[M::process] read 645912 sequences (80000124 bp)...
[M::mem_pestat] # candidate unique pairs for (FF, FR, RF, RR): (0, 241434, 2, 0)
[M::mem_pestat] skip orientation FF as there are not enough pairs
[M::mem_pestat] analyzing insert size distribution for orientation FR...
[M::mem_pestat] (25, 50, 75) percentile: (174, 198, 226)
[M::mem_pestat] low and high boundaries for computing mean and std.dev: (70, 330)
[M::mem_pestat] mean and std.dev: (200.75, 36.44)
[M::mem_pestat] low and high boundaries for proper pairs: (18, 382)
[M::mem_pestat] skip orientation RF as there are not enough pairs
[M::mem_pestat] skip orientation RR as there are not enough pairs
[M::mem_process_seqs] Processed 645838 reads in 871.067 CPU sec, 111.554 real sec
[M::process] 0 single-end sequences; 645912 paired-end sequences
[M::process] read 645926 sequences (80000191 bp)...
[M::mem_pestat] # candidate unique pairs for (FF, FR, RF, RR): (0, 241255, 5, 0)
[M::mem_pestat] skip orientation FF as there are not enough pairs
[M::mem_pestat] analyzing insert size distribution for orientation FR...
[M::mem_pestat] (25, 50, 75) percentile: (174, 198, 226)
[M::mem_pestat] low and high boundaries for computing mean and std.dev: (70, 330)
[M::mem_pestat] mean and std.dev: (200.63, 36.50)
[M::mem_pestat] low and high boundaries for proper pairs: (18, 382)
[M::mem_pestat] skip orientation RF as there are not enough pairs
[M::mem_pestat] skip orientation RR as there are not enough pairs
[M::mem_process_seqs] Processed 645912 reads in 873.291 CPU sec, 111.811 real sec
[M::process] 0 single-end sequences; 645926 paired-end sequences
[M::process] read 645868 sequences (80000132 bp)...
[M::mem_pestat] # candidate unique pairs for (FF, FR, RF, RR): (0, 244473, 3, 0)
[M::mem_pestat] skip orientation FF as there are not enough pairs
[M::mem_pestat] analyzing insert size distribution for orientation FR...
[M::mem_pestat] (25, 50, 75) percentile: (174, 198, 226)
[M::mem_pestat] low and high boundaries for computing mean and std.dev: (70, 330)
[M::mem_pestat] mean and std.dev: (200.95, 36.42)
[M::mem_pestat] low and high boundaries for proper pairs: (18, 382)
[M::mem_pestat] skip orientation RF as there are not enough pairs
[M::mem_pestat] skip orientation RR as there are not enough pairs
[M::mem_process_seqs] Processed 645926 reads in 827.904 CPU sec, 106.160 real sec
[M::process] 0 single-end sequences; 645868 paired-end sequences
[M::process] read 645636 sequences (80000129 bp)...
[M::mem_pestat] # candidate unique pairs for (FF, FR, RF, RR): (0, 244623, 7, 0)
[M::mem_pestat] skip orientation FF as there are not enough pairs
[M::mem_pestat] analyzing insert size distribution for orientation FR...
[M::mem_pestat] (25, 50, 75) percentile: (174, 198, 227)
[M::mem_pestat] low and high boundaries for computing mean and std.dev: (68, 333)
[M::mem_pestat] mean and std.dev: (201.02, 36.52)
[M::mem_pestat] low and high boundaries for proper pairs: (15, 386)
[M::mem_pestat] skip orientation RF as there are not enough pairs
[M::mem_pestat] skip orientation RR as there are not enough pairs
[M::mem_process_seqs] Processed 645868 reads in 825.726 CPU sec, 105.892 real sec
[M::process] 0 single-end sequences; 645636 paired-end sequences
[M::process] read 645616 sequences (80000097 bp)...
[M::mem_pestat] # candidate unique pairs for (FF, FR, RF, RR): (0, 243820, 5, 0)
[M::mem_pestat] skip orientation FF as there are not enough pairs
[M::mem_pestat] analyzing insert size distribution for orientation FR...
[M::mem_pestat] (25, 50, 75) percentile: (174, 198, 226)
[M::mem_pestat] low and high boundaries for computing mean and std.dev: (70, 330)
[M::mem_pestat] mean and std.dev: (200.79, 36.41)
[M::mem_pestat] low and high boundaries for proper pairs: (18, 382)
[M::mem_pestat] skip orientation RF as there are not enough pairs
[M::mem_pestat] skip orientation RR as there are not enough pairs
[M::mem_process_seqs] Processed 645636 reads in 839.532 CPU sec, 107.605 real sec
[M::process] 0 single-end sequences; 645616 paired-end sequences
[M::process] read 645738 sequences (80000093 bp)...
[M::mem_pestat] # candidate unique pairs for (FF, FR, RF, RR): (0, 243184, 7, 0)
[M::mem_pestat] skip orientation FF as there are not enough pairs
[M::mem_pestat] analyzing insert size distribution for orientation FR...
[M::mem_pestat] (25, 50, 75) percentile: (174, 198, 226)
[M::mem_pestat] low and high boundaries for computing mean and std.dev: (70, 330)
[M::mem_pestat] mean and std.dev: (200.72, 36.40)
[M::mem_pestat] low and high boundaries for proper pairs: (18, 382)
[M::mem_pestat] skip orientation RF as there are not enough pairs
[M::mem_pestat] skip orientation RR as there are not enough pairs
[M::mem_process_seqs] Processed 645616 reads in 847.789 CPU sec, 108.649 real sec
[M::process] 0 single-end sequences; 645738 paired-end sequences
[M::process] read 646152 sequences (80000034 bp)...
[M::mem_pestat] # candidate unique pairs for (FF, FR, RF, RR): (0, 242173, 8, 0)
[M::mem_pestat] skip orientation FF as there are not enough pairs
[M::mem_pestat] analyzing insert size distribution for orientation FR...
[M::mem_pestat] (25, 50, 75) percentile: (174, 198, 226)
[M::mem_pestat] low and high boundaries for computing mean and std.dev: (70, 330)
[M::mem_pestat] mean and std.dev: (200.79, 36.38)
[M::mem_pestat] low and high boundaries for proper pairs: (18, 382)
[M::mem_pestat] skip orientation RF as there are not enough pairs
[M::mem_pestat] skip orientation RR as there are not enough pairs
[M::mem_process_seqs] Processed 645738 reads in 862.076 CPU sec, 110.452 real sec
[M::process] 0 single-end sequences; 646152 paired-end sequences
[M::process] read 646128 sequences (80000113 bp)...
[M::mem_pestat] # candidate unique pairs for (FF, FR, RF, RR): (0, 241126, 5, 0)
[M::mem_pestat] skip orientation FF as there are not enough pairs
[M::mem_pestat] analyzing insert size distribution for orientation FR...
[M::mem_pestat] (25, 50, 75) percentile: (174, 198, 226)
[M::mem_pestat] low and high boundaries for computing mean and std.dev: (70, 330)
[M::mem_pestat] mean and std.dev: (200.61, 36.41)
[M::mem_pestat] low and high boundaries for proper pairs: (18, 382)
[M::mem_pestat] skip orientation RF as there are not enough pairs
[M::mem_pestat] skip orientation RR as there are not enough pairs
[M::mem_process_seqs] Processed 646152 reads in 883.819 CPU sec, 113.129 real sec
[M::process] 0 single-end sequences; 646128 paired-end sequences
[M::process] read 645896 sequences (80000133 bp)...
[M::mem_pestat] # candidate unique pairs for (FF, FR, RF, RR): (0, 241922, 2, 0)
[M::mem_pestat] skip orientation FF as there are not enough pairs
[M::mem_pestat] analyzing insert size distribution for orientation FR...
[M::mem_pestat] (25, 50, 75) percentile: (174, 197, 226)
[M::mem_pestat] low and high boundaries for computing mean and std.dev: (70, 330)
[M::mem_pestat] mean and std.dev: (200.50, 36.47)
[M::mem_pestat] low and high boundaries for proper pairs: (18, 382)
[M::mem_pestat] skip orientation RF as there are not enough pairs
[M::mem_pestat] skip orientation RR as there are not enough pairs
[M::mem_process_seqs] Processed 646128 reads in 861.126 CPU sec, 110.327 real sec
[M::process] 0 single-end sequences; 645896 paired-end sequences
[M::process] read 646092 sequences (80000239 bp)...
[M::mem_pestat] # candidate unique pairs for (FF, FR, RF, RR): (0, 244491, 6, 0)
[M::mem_pestat] skip orientation FF as there are not enough pairs
[M::mem_pestat] analyzing insert size distribution for orientation FR...
[M::mem_pestat] (25, 50, 75) percentile: (174, 198, 227)
[M::mem_pestat] low and high boundaries for computing mean and std.dev: (68, 333)
[M::mem_pestat] mean and std.dev: (201.03, 36.42)
[M::mem_pestat] low and high boundaries for proper pairs: (15, 386)
[M::mem_pestat] skip orientation RF as there are not enough pairs
[M::mem_pestat] skip orientation RR as there are not enough pairs
[M::mem_process_seqs] Processed 645896 reads in 832.255 CPU sec, 106.699 real sec
[M::process] 0 single-end sequences; 646092 paired-end sequences
[M::process] read 645620 sequences (80000163 bp)...
[M::mem_pestat] # candidate unique pairs for (FF, FR, RF, RR): (0, 244988, 4, 0)
[M::mem_pestat] skip orientation FF as there are not enough pairs
[M::mem_pestat] analyzing insert size distribution for orientation FR...
[M::mem_pestat] (25, 50, 75) percentile: (174, 198, 226)
[M::mem_pestat] low and high boundaries for computing mean and std.dev: (70, 330)
[M::mem_pestat] mean and std.dev: (201.01, 36.44)
[M::mem_pestat] low and high boundaries for proper pairs: (18, 382)
[M::mem_pestat] skip orientation RF as there are not enough pairs
[M::mem_pestat] skip orientation RR as there are not enough pairs
[M::mem_process_seqs] Processed 646092 reads in 809.926 CPU sec, 103.913 real sec
[M::process] 0 single-end sequences; 645620 paired-end sequences
[M::process] read 645574 sequences (80000095 bp)...
[M::mem_pestat] # candidate unique pairs for (FF, FR, RF, RR): (0, 243984, 2, 0)
[M::mem_pestat] skip orientation FF as there are not enough pairs
[M::mem_pestat] analyzing insert size distribution for orientation FR...
[M::mem_pestat] (25, 50, 75) percentile: (174, 198, 226)
[M::mem_pestat] low and high boundaries for computing mean and std.dev: (70, 330)
[M::mem_pestat] mean and std.dev: (200.76, 36.36)
[M::mem_pestat] low and high boundaries for proper pairs: (18, 382)
[M::mem_pestat] skip orientation RF as there are not enough pairs
[M::mem_pestat] skip orientation RR as there are not enough pairs
[M::mem_process_seqs] Processed 645620 reads in 818.425 CPU sec, 104.939 real sec
[M::process] 0 single-end sequences; 645574 paired-end sequences
[M::process] read 645854 sequences (80000051 bp)...
[M::mem_pestat] # candidate unique pairs for (FF, FR, RF, RR): (0, 244176, 3, 0)
[M::mem_pestat] skip orientation FF as there are not enough pairs
[M::mem_pestat] analyzing insert size distribution for orientation FR...
[M::mem_pestat] (25, 50, 75) percentile: (174, 198, 226)
[M::mem_pestat] low and high boundaries for computing mean and std.dev: (70, 330)
[M::mem_pestat] mean and std.dev: (200.72, 36.44)
[M::mem_pestat] low and high boundaries for proper pairs: (18, 382)
[M::mem_pestat] skip orientation RF as there are not enough pairs
[M::mem_pestat] skip orientation RR as there are not enough pairs
[M::mem_process_seqs] Processed 645574 reads in 832.866 CPU sec, 106.761 real sec
[M::process] 0 single-end sequences; 645854 paired-end sequences
[M::process] read 646684 sequences (80000093 bp)...
[M::mem_pestat] # candidate unique pairs for (FF, FR, RF, RR): (0, 242979, 3, 0)
[M::mem_pestat] skip orientation FF as there are not enough pairs
[M::mem_pestat] analyzing insert size distribution for orientation FR...
[M::mem_pestat] (25, 50, 75) percentile: (174, 198, 226)
[M::mem_pestat] low and high boundaries for computing mean and std.dev: (70, 330)
[M::mem_pestat] mean and std.dev: (200.71, 36.43)
[M::mem_pestat] low and high boundaries for proper pairs: (18, 382)
[M::mem_pestat] skip orientation RF as there are not enough pairs
[M::mem_pestat] skip orientation RR as there are not enough pairs
[M::mem_process_seqs] Processed 645854 reads in 860.508 CPU sec, 110.263 real sec
[M::process] 0 single-end sequences; 646684 paired-end sequences
[M::process] read 646068 sequences (80000011 bp)...
[M::mem_pestat] # candidate unique pairs for (FF, FR, RF, RR): (0, 242951, 3, 0)
[M::mem_pestat] skip orientation FF as there are not enough pairs
[M::mem_pestat] analyzing insert size distribution for orientation FR...
[M::mem_pestat] (25, 50, 75) percentile: (174, 198, 226)
[M::mem_pestat] low and high boundaries for computing mean and std.dev: (70, 330)
[M::mem_pestat] mean and std.dev: (200.54, 36.48)
[M::mem_pestat] low and high boundaries for proper pairs: (18, 382)
[M::mem_pestat] skip orientation RF as there are not enough pairs
[M::mem_pestat] skip orientation RR as there are not enough pairs
[M::mem_process_seqs] Processed 646684 reads in 889.372 CPU sec, 113.851 real sec
[M::process] 0 single-end sequences; 646068 paired-end sequences
[M::process] read 645736 sequences (80000089 bp)...
[M::mem_pestat] # candidate unique pairs for (FF, FR, RF, RR): (0, 243404, 3, 0)
[M::mem_pestat] skip orientation FF as there are not enough pairs
[M::mem_pestat] analyzing insert size distribution for orientation FR...
[M::mem_pestat] (25, 50, 75) percentile: (174, 198, 226)
[M::mem_pestat] low and high boundaries for computing mean and std.dev: (70, 330)
[M::mem_pestat] mean and std.dev: (201.06, 36.43)
[M::mem_pestat] low and high boundaries for proper pairs: (18, 382)
[M::mem_pestat] skip orientation RF as there are not enough pairs
[M::mem_pestat] skip orientation RR as there are not enough pairs
[M::mem_process_seqs] Processed 646068 reads in 971.512 CPU sec, 124.122 real sec
[M::process] 0 single-end sequences; 645736 paired-end sequences
[M::process] read 645652 sequences (80000029 bp)...
[M::mem_pestat] # candidate unique pairs for (FF, FR, RF, RR): (0, 244292, 4, 0)
[M::mem_pestat] skip orientation FF as there are not enough pairs
[M::mem_pestat] analyzing insert size distribution for orientation FR...
[M::mem_pestat] (25, 50, 75) percentile: (174, 198, 227)
[M::mem_pestat] low and high boundaries for computing mean and std.dev: (68, 333)
[M::mem_pestat] mean and std.dev: (201.26, 36.54)
[M::mem_pestat] low and high boundaries for proper pairs: (15, 386)
[M::mem_pestat] skip orientation RF as there are not enough pairs
[M::mem_pestat] skip orientation RR as there are not enough pairs
[M::mem_process_seqs] Processed 645736 reads in 847.051 CPU sec, 108.556 real sec
[M::process] 0 single-end sequences; 645652 paired-end sequences
[M::process] read 645578 sequences (80000219 bp)...
[M::mem_pestat] # candidate unique pairs for (FF, FR, RF, RR): (0, 244163, 2, 0)
[M::mem_pestat] skip orientation FF as there are not enough pairs
[M::mem_pestat] analyzing insert size distribution for orientation FR...
[M::mem_pestat] (25, 50, 75) percentile: (174, 198, 226)
[M::mem_pestat] low and high boundaries for computing mean and std.dev: (70, 330)
[M::mem_pestat] mean and std.dev: (200.94, 36.44)
[M::mem_pestat] low and high boundaries for proper pairs: (18, 382)
[M::mem_pestat] skip orientation RF as there are not enough pairs
[M::mem_pestat] skip orientation RR as there are not enough pairs
[M::mem_process_seqs] Processed 645652 reads in 829.987 CPU sec, 106.421 real sec
[M::process] 0 single-end sequences; 645578 paired-end sequences
[M::process] read 645766 sequences (80000154 bp)...
[M::mem_pestat] # candidate unique pairs for (FF, FR, RF, RR): (0, 243530, 2, 0)
[M::mem_pestat] skip orientation FF as there are not enough pairs
[M::mem_pestat] analyzing insert size distribution for orientation FR...
[M::mem_pestat] (25, 50, 75) percentile: (174, 198, 226)
[M::mem_pestat] low and high boundaries for computing mean and std.dev: (70, 330)
[M::mem_pestat] mean and std.dev: (200.89, 36.42)
[M::mem_pestat] low and high boundaries for proper pairs: (18, 382)
[M::mem_pestat] skip orientation RF as there are not enough pairs
[M::mem_pestat] skip orientation RR as there are not enough pairs
[M::mem_process_seqs] Processed 645578 reads in 836.205 CPU sec, 107.196 real sec
[M::process] 0 single-end sequences; 645766 paired-end sequences
[M::process] read 645926 sequences (80000207 bp)...
[M::mem_pestat] # candidate unique pairs for (FF, FR, RF, RR): (0, 242274, 2, 0)
[M::mem_pestat] skip orientation FF as there are not enough pairs
[M::mem_pestat] analyzing insert size distribution for orientation FR...
[M::mem_pestat] (25, 50, 75) percentile: (174, 198, 226)
[M::mem_pestat] low and high boundaries for computing mean and std.dev: (70, 330)
[M::mem_pestat] mean and std.dev: (200.73, 36.44)
[M::mem_pestat] low and high boundaries for proper pairs: (18, 382)
[M::mem_pestat] skip orientation RF as there are not enough pairs
[M::mem_pestat] skip orientation RR as there are not enough pairs
[M::mem_process_seqs] Processed 645766 reads in 876.667 CPU sec, 112.240 real sec
[M::process] 0 single-end sequences; 645926 paired-end sequences
[M::process] read 646046 sequences (80000226 bp)...
[M::mem_pestat] # candidate unique pairs for (FF, FR, RF, RR): (0, 241542, 3, 0)
[M::mem_pestat] skip orientation FF as there are not enough pairs
[M::mem_pestat] analyzing insert size distribution for orientation FR...
[M::mem_pestat] (25, 50, 75) percentile: (174, 198, 226)
[M::mem_pestat] low and high boundaries for computing mean and std.dev: (70, 330)
[M::mem_pestat] mean and std.dev: (200.68, 36.49)
[M::mem_pestat] low and high boundaries for proper pairs: (18, 382)
[M::mem_pestat] skip orientation RF as there are not enough pairs
[M::mem_pestat] skip orientation RR as there are not enough pairs
[M::mem_process_seqs] Processed 645926 reads in 872.673 CPU sec, 111.745 real sec
[M::process] 0 single-end sequences; 646046 paired-end sequences
[M::process] read 645620 sequences (80000185 bp)...
[M::mem_pestat] # candidate unique pairs for (FF, FR, RF, RR): (0, 241385, 8, 0)
[M::mem_pestat] skip orientation FF as there are not enough pairs
[M::mem_pestat] analyzing insert size distribution for orientation FR...
[M::mem_pestat] (25, 50, 75) percentile: (174, 198, 226)
[M::mem_pestat] low and high boundaries for computing mean and std.dev: (70, 330)
[M::mem_pestat] mean and std.dev: (200.78, 36.51)
[M::mem_pestat] low and high boundaries for proper pairs: (18, 382)
[M::mem_pestat] skip orientation RF as there are not enough pairs
[M::mem_pestat] skip orientation RR as there are not enough pairs
[M::mem_process_seqs] Processed 646046 reads in 873.662 CPU sec, 111.894 real sec
[M::process] 0 single-end sequences; 645620 paired-end sequences
[M::process] read 645588 sequences (80000133 bp)...
[M::mem_pestat] # candidate unique pairs for (FF, FR, RF, RR): (0, 244607, 4, 0)
[M::mem_pestat] skip orientation FF as there are not enough pairs
[M::mem_pestat] analyzing insert size distribution for orientation FR...
[M::mem_pestat] (25, 50, 75) percentile: (174, 198, 226)
[M::mem_pestat] low and high boundaries for computing mean and std.dev: (70, 330)
[M::mem_pestat] mean and std.dev: (200.88, 36.43)
[M::mem_pestat] low and high boundaries for proper pairs: (18, 382)
[M::mem_pestat] skip orientation RF as there are not enough pairs
[M::mem_pestat] skip orientation RR as there are not enough pairs
[M::mem_process_seqs] Processed 645620 reads in 817.653 CPU sec, 104.869 real sec
[M::process] 0 single-end sequences; 645588 paired-end sequences
[M::process] read 645490 sequences (80000044 bp)...
[M::mem_pestat] # candidate unique pairs for (FF, FR, RF, RR): (0, 245205, 2, 0)
[M::mem_pestat] skip orientation FF as there are not enough pairs
[M::mem_pestat] analyzing insert size distribution for orientation FR...
[M::mem_pestat] (25, 50, 75) percentile: (174, 198, 227)
[M::mem_pestat] low and high boundaries for computing mean and std.dev: (68, 333)
[M::mem_pestat] mean and std.dev: (201.02, 36.42)
[M::mem_pestat] low and high boundaries for proper pairs: (15, 386)
[M::mem_pestat] skip orientation RF as there are not enough pairs
[M::mem_pestat] skip orientation RR as there are not enough pairs
[M::mem_process_seqs] Processed 645588 reads in 807.764 CPU sec, 103.629 real sec
[M::process] 0 single-end sequences; 645490 paired-end sequences
[M::process] read 645500 sequences (80000060 bp)...
[M::mem_pestat] # candidate unique pairs for (FF, FR, RF, RR): (0, 245095, 2, 0)
[M::mem_pestat] skip orientation FF as there are not enough pairs
[M::mem_pestat] analyzing insert size distribution for orientation FR...
[M::mem_pestat] (25, 50, 75) percentile: (174, 198, 226)
[M::mem_pestat] low and high boundaries for computing mean and std.dev: (70, 330)
[M::mem_pestat] mean and std.dev: (201.02, 36.41)
[M::mem_pestat] low and high boundaries for proper pairs: (18, 382)
[M::mem_pestat] skip orientation RF as there are not enough pairs
[M::mem_pestat] skip orientation RR as there are not enough pairs
[M::mem_process_seqs] Processed 645490 reads in 809.247 CPU sec, 104.205 real sec
[M::process] 0 single-end sequences; 645500 paired-end sequences
[M::process] read 645566 sequences (80000116 bp)...
[M::mem_pestat] # candidate unique pairs for (FF, FR, RF, RR): (0, 244570, 6, 0)
[M::mem_pestat] skip orientation FF as there are not enough pairs
[M::mem_pestat] analyzing insert size distribution for orientation FR...
[M::mem_pestat] (25, 50, 75) percentile: (174, 198, 226)
[M::mem_pestat] low and high boundaries for computing mean and std.dev: (70, 330)
[M::mem_pestat] mean and std.dev: (200.69, 36.39)
[M::mem_pestat] low and high boundaries for proper pairs: (18, 382)
[M::mem_pestat] skip orientation RF as there are not enough pairs
[M::mem_pestat] skip orientation RR as there are not enough pairs
[M::mem_process_seqs] Processed 645500 reads in 815.814 CPU sec, 104.623 real sec
[M::process] 0 single-end sequences; 645566 paired-end sequences
[M::process] read 645696 sequences (80000106 bp)...
[M::mem_pestat] # candidate unique pairs for (FF, FR, RF, RR): (0, 243866, 3, 0)
[M::mem_pestat] skip orientation FF as there are not enough pairs
[M::mem_pestat] analyzing insert size distribution for orientation FR...
[M::mem_pestat] (25, 50, 75) percentile: (174, 198, 226)
[M::mem_pestat] low and high boundaries for computing mean and std.dev: (70, 330)
[M::mem_pestat] mean and std.dev: (200.65, 36.44)
[M::mem_pestat] low and high boundaries for proper pairs: (18, 382)
[M::mem_pestat] skip orientation RF as there are not enough pairs
[M::mem_pestat] skip orientation RR as there are not enough pairs
[M::mem_process_seqs] Processed 645566 reads in 834.651 CPU sec, 106.969 real sec
[M::process] 0 single-end sequences; 645696 paired-end sequences
[M::process] read 645860 sequences (80000103 bp)...
[M::mem_pestat] # candidate unique pairs for (FF, FR, RF, RR): (0, 243909, 1, 0)
[M::mem_pestat] skip orientation FF as there are not enough pairs
[M::mem_pestat] analyzing insert size distribution for orientation FR...
[M::mem_pestat] (25, 50, 75) percentile: (174, 198, 226)
[M::mem_pestat] low and high boundaries for computing mean and std.dev: (70, 330)
[M::mem_pestat] mean and std.dev: (200.63, 36.42)
[M::mem_pestat] low and high boundaries for proper pairs: (18, 382)
[M::mem_pestat] skip orientation RF as there are not enough pairs
[M::mem_pestat] skip orientation RR as there are not enough pairs
[M::mem_process_seqs] Processed 645696 reads in 845.074 CPU sec, 108.323 real sec
[M::process] 0 single-end sequences; 645860 paired-end sequences
[M::process] read 646160 sequences (80000071 bp)...
[M::mem_pestat] # candidate unique pairs for (FF, FR, RF, RR): (0, 243009, 5, 0)
[M::mem_pestat] skip orientation FF as there are not enough pairs
[M::mem_pestat] analyzing insert size distribution for orientation FR...
[M::mem_pestat] (25, 50, 75) percentile: (174, 198, 226)
[M::mem_pestat] low and high boundaries for computing mean and std.dev: (70, 330)
[M::mem_pestat] mean and std.dev: (200.56, 36.40)
[M::mem_pestat] low and high boundaries for proper pairs: (18, 382)
[M::mem_pestat] skip orientation RF as there are not enough pairs
[M::mem_pestat] skip orientation RR as there are not enough pairs
[M::mem_process_seqs] Processed 645860 reads in 841.009 CPU sec, 107.916 real sec
[M::process] 0 single-end sequences; 646160 paired-end sequences
[M::process] read 645910 sequences (80000065 bp)...
[M::mem_pestat] # candidate unique pairs for (FF, FR, RF, RR): (0, 244816, 2, 0)
[M::mem_pestat] skip orientation FF as there are not enough pairs
[M::mem_pestat] analyzing insert size distribution for orientation FR...
[M::mem_pestat] (25, 50, 75) percentile: (174, 198, 227)
[M::mem_pestat] low and high boundaries for computing mean and std.dev: (68, 333)
[M::mem_pestat] mean and std.dev: (201.03, 36.48)
[M::mem_pestat] low and high boundaries for proper pairs: (15, 386)
[M::mem_pestat] skip orientation RF as there are not enough pairs
[M::mem_pestat] skip orientation RR as there are not enough pairs
[M::mem_process_seqs] Processed 646160 reads in 817.640 CPU sec, 104.864 real sec
[M::process] 0 single-end sequences; 645910 paired-end sequences
[M::process] read 645560 sequences (80000010 bp)...
[M::mem_pestat] # candidate unique pairs for (FF, FR, RF, RR): (0, 245311, 4, 0)
[M::mem_pestat] skip orientation FF as there are not enough pairs
[M::mem_pestat] analyzing insert size distribution for orientation FR...
[M::mem_pestat] (25, 50, 75) percentile: (174, 198, 227)
[M::mem_pestat] low and high boundaries for computing mean and std.dev: (68, 333)
[M::mem_pestat] mean and std.dev: (201.07, 36.45)
[M::mem_pestat] low and high boundaries for proper pairs: (15, 386)
[M::mem_pestat] skip orientation RF as there are not enough pairs
[M::mem_pestat] skip orientation RR as there are not enough pairs
[M::mem_process_seqs] Processed 645910 reads in 804.817 CPU sec, 103.263 real sec
[M::process] 0 single-end sequences; 645560 paired-end sequences
[M::process] read 645512 sequences (80000244 bp)...
[M::mem_pestat] # candidate unique pairs for (FF, FR, RF, RR): (0, 245313, 1, 0)
[M::mem_pestat] skip orientation FF as there are not enough pairs
[M::mem_pestat] analyzing insert size distribution for orientation FR...
[M::mem_pestat] (25, 50, 75) percentile: (174, 198, 227)
[M::mem_pestat] low and high boundaries for computing mean and std.dev: (68, 333)
[M::mem_pestat] mean and std.dev: (201.08, 36.55)
[M::mem_pestat] low and high boundaries for proper pairs: (15, 386)
[M::mem_pestat] skip orientation RF as there are not enough pairs
[M::mem_pestat] skip orientation RR as there are not enough pairs
[M::mem_process_seqs] Processed 645560 reads in 800.384 CPU sec, 102.695 real sec
[M::process] 0 single-end sequences; 645512 paired-end sequences
[M::process] read 645598 sequences (80000208 bp)...
[M::mem_pestat] # candidate unique pairs for (FF, FR, RF, RR): (0, 245185, 2, 0)
[M::mem_pestat] skip orientation FF as there are not enough pairs
[M::mem_pestat] analyzing insert size distribution for orientation FR...
[M::mem_pestat] (25, 50, 75) percentile: (174, 198, 226)
[M::mem_pestat] low and high boundaries for computing mean and std.dev: (70, 330)
[M::mem_pestat] mean and std.dev: (200.94, 36.44)
[M::mem_pestat] low and high boundaries for proper pairs: (18, 382)
[M::mem_pestat] skip orientation RF as there are not enough pairs
[M::mem_pestat] skip orientation RR as there are not enough pairs
[M::mem_process_seqs] Processed 645512 reads in 802.282 CPU sec, 102.927 real sec
[M::process] 0 single-end sequences; 645598 paired-end sequences
[M::process] read 645712 sequences (80000040 bp)...
[M::mem_pestat] # candidate unique pairs for (FF, FR, RF, RR): (0, 244849, 5, 0)
[M::mem_pestat] skip orientation FF as there are not enough pairs
[M::mem_pestat] analyzing insert size distribution for orientation FR...
[M::mem_pestat] (25, 50, 75) percentile: (174, 198, 226)
[M::mem_pestat] low and high boundaries for computing mean and std.dev: (70, 330)
[M::mem_pestat] mean and std.dev: (200.83, 36.51)
[M::mem_pestat] low and high boundaries for proper pairs: (18, 382)
[M::mem_pestat] skip orientation RF as there are not enough pairs
[M::mem_pestat] skip orientation RR as there are not enough pairs
[M::mem_process_seqs] Processed 645598 reads in 819.183 CPU sec, 105.057 real sec
[M::process] 0 single-end sequences; 645712 paired-end sequences
[M::process] read 645918 sequences (80000048 bp)...
[M::mem_pestat] # candidate unique pairs for (FF, FR, RF, RR): (0, 244513, 4, 0)
[M::mem_pestat] skip orientation FF as there are not enough pairs
[M::mem_pestat] analyzing insert size distribution for orientation FR...
[M::mem_pestat] (25, 50, 75) percentile: (174, 198, 226)
[M::mem_pestat] low and high boundaries for computing mean and std.dev: (70, 330)
[M::mem_pestat] mean and std.dev: (200.77, 36.51)
[M::mem_pestat] low and high boundaries for proper pairs: (18, 382)
[M::mem_pestat] skip orientation RF as there are not enough pairs
[M::mem_pestat] skip orientation RR as there are not enough pairs
[M::mem_process_seqs] Processed 645712 reads in 825.703 CPU sec, 105.881 real sec
[M::process] 0 single-end sequences; 645918 paired-end sequences
[M::process] read 645816 sequences (80000182 bp)...
[M::mem_pestat] # candidate unique pairs for (FF, FR, RF, RR): (0, 244180, 4, 0)
[M::mem_pestat] skip orientation FF as there are not enough pairs
[M::mem_pestat] analyzing insert size distribution for orientation FR...
[M::mem_pestat] (25, 50, 75) percentile: (174, 198, 226)
[M::mem_pestat] low and high boundaries for computing mean and std.dev: (70, 330)
[M::mem_pestat] mean and std.dev: (200.60, 36.52)
[M::mem_pestat] low and high boundaries for proper pairs: (18, 382)
[M::mem_pestat] skip orientation RF as there are not enough pairs
[M::mem_pestat] skip orientation RR as there are not enough pairs
[M::mem_process_seqs] Processed 645918 reads in 826.034 CPU sec, 105.908 real sec
[M::process] 0 single-end sequences; 645816 paired-end sequences
[M::process] read 645448 sequences (80000045 bp)...
[M::mem_pestat] # candidate unique pairs for (FF, FR, RF, RR): (0, 244589, 3, 0)
[M::mem_pestat] skip orientation FF as there are not enough pairs
[M::mem_pestat] analyzing insert size distribution for orientation FR...
[M::mem_pestat] (25, 50, 75) percentile: (174, 198, 226)
[M::mem_pestat] low and high boundaries for computing mean and std.dev: (70, 330)
[M::mem_pestat] mean and std.dev: (201.03, 36.48)
[M::mem_pestat] low and high boundaries for proper pairs: (18, 382)
[M::mem_pestat] skip orientation RF as there are not enough pairs
[M::mem_pestat] skip orientation RR as there are not enough pairs
[M::mem_process_seqs] Processed 645816 reads in 818.381 CPU sec, 104.955 real sec
[M::process] 0 single-end sequences; 645448 paired-end sequences
[M::process] read 645372 sequences (80000229 bp)...
[M::mem_pestat] # candidate unique pairs for (FF, FR, RF, RR): (0, 244680, 5, 0)
[M::mem_pestat] skip orientation FF as there are not enough pairs
[M::mem_pestat] analyzing insert size distribution for orientation FR...
[M::mem_pestat] (25, 50, 75) percentile: (174, 198, 227)
[M::mem_pestat] low and high boundaries for computing mean and std.dev: (68, 333)
[M::mem_pestat] mean and std.dev: (201.02, 36.48)
[M::mem_pestat] low and high boundaries for proper pairs: (15, 386)
[M::mem_pestat] skip orientation RF as there are not enough pairs
[M::mem_pestat] skip orientation RR as there are not enough pairs
[M::mem_process_seqs] Processed 645448 reads in 815.242 CPU sec, 104.546 real sec
[M::process] 0 single-end sequences; 645372 paired-end sequences
[M::process] read 645328 sequences (80000125 bp)...
[M::mem_pestat] # candidate unique pairs for (FF, FR, RF, RR): (0, 244729, 0, 0)
[M::mem_pestat] skip orientation FF as there are not enough pairs
[M::mem_pestat] analyzing insert size distribution for orientation FR...
[M::mem_pestat] (25, 50, 75) percentile: (174, 198, 227)
[M::mem_pestat] low and high boundaries for computing mean and std.dev: (68, 333)
[M::mem_pestat] mean and std.dev: (200.98, 36.45)
[M::mem_pestat] low and high boundaries for proper pairs: (15, 386)
[M::mem_pestat] skip orientation RF as there are not enough pairs
[M::mem_pestat] skip orientation RR as there are not enough pairs
[M::mem_process_seqs] Processed 645372 reads in 808.458 CPU sec, 103.747 real sec
[M::process] 0 single-end sequences; 645328 paired-end sequences
[M::process] read 645472 sequences (80000071 bp)...
[M::mem_pestat] # candidate unique pairs for (FF, FR, RF, RR): (0, 244391, 6, 0)
[M::mem_pestat] skip orientation FF as there are not enough pairs
[M::mem_pestat] analyzing insert size distribution for orientation FR...
[M::mem_pestat] (25, 50, 75) percentile: (174, 198, 226)
[M::mem_pestat] low and high boundaries for computing mean and std.dev: (70, 330)
[M::mem_pestat] mean and std.dev: (200.98, 36.41)
[M::mem_pestat] low and high boundaries for proper pairs: (18, 382)
[M::mem_pestat] skip orientation RF as there are not enough pairs
[M::mem_pestat] skip orientation RR as there are not enough pairs
[M::mem_process_seqs] Processed 645328 reads in 821.426 CPU sec, 105.323 real sec
[M::process] 0 single-end sequences; 645472 paired-end sequences
[M::process] read 645596 sequences (80000219 bp)...
[M::mem_pestat] # candidate unique pairs for (FF, FR, RF, RR): (0, 243842, 2, 0)
[M::mem_pestat] skip orientation FF as there are not enough pairs
[M::mem_pestat] analyzing insert size distribution for orientation FR...
[M::mem_pestat] (25, 50, 75) percentile: (174, 198, 226)
[M::mem_pestat] low and high boundaries for computing mean and std.dev: (70, 330)
[M::mem_pestat] mean and std.dev: (200.92, 36.47)
[M::mem_pestat] low and high boundaries for proper pairs: (18, 382)
[M::mem_pestat] skip orientation RF as there are not enough pairs
[M::mem_pestat] skip orientation RR as there are not enough pairs
[M::mem_process_seqs] Processed 645472 reads in 830.928 CPU sec, 106.498 real sec
[M::process] 0 single-end sequences; 645596 paired-end sequences
[M::process] read 645712 sequences (80000090 bp)...
[M::mem_pestat] # candidate unique pairs for (FF, FR, RF, RR): (0, 243341, 4, 0)
[M::mem_pestat] skip orientation FF as there are not enough pairs
[M::mem_pestat] analyzing insert size distribution for orientation FR...
[M::mem_pestat] (25, 50, 75) percentile: (174, 198, 226)
[M::mem_pestat] low and high boundaries for computing mean and std.dev: (70, 330)
[M::mem_pestat] mean and std.dev: (200.68, 36.51)
[M::mem_pestat] low and high boundaries for proper pairs: (18, 382)
[M::mem_pestat] skip orientation RF as there are not enough pairs
[M::mem_pestat] skip orientation RR as there are not enough pairs
[M::mem_process_seqs] Processed 645596 reads in 847.815 CPU sec, 108.648 real sec
[M::process] 0 single-end sequences; 645712 paired-end sequences
[M::process] read 645988 sequences (80000076 bp)...
[M::mem_pestat] # candidate unique pairs for (FF, FR, RF, RR): (0, 243035, 4, 0)
[M::mem_pestat] skip orientation FF as there are not enough pairs
[M::mem_pestat] analyzing insert size distribution for orientation FR...
[M::mem_pestat] (25, 50, 75) percentile: (174, 198, 226)
[M::mem_pestat] low and high boundaries for computing mean and std.dev: (70, 330)
[M::mem_pestat] mean and std.dev: (200.76, 36.47)
[M::mem_pestat] low and high boundaries for proper pairs: (18, 382)
[M::mem_pestat] skip orientation RF as there are not enough pairs
[M::mem_pestat] skip orientation RR as there are not enough pairs
[M::mem_process_seqs] Processed 645712 reads in 849.221 CPU sec, 108.795 real sec
[M::process] 0 single-end sequences; 645988 paired-end sequences
[M::process] read 645704 sequences (80000129 bp)...
[M::mem_pestat] # candidate unique pairs for (FF, FR, RF, RR): (0, 244355, 4, 0)
[M::mem_pestat] skip orientation FF as there are not enough pairs
[M::mem_pestat] analyzing insert size distribution for orientation FR...
[M::mem_pestat] (25, 50, 75) percentile: (174, 198, 226)
[M::mem_pestat] low and high boundaries for computing mean and std.dev: (70, 330)
[M::mem_pestat] mean and std.dev: (200.87, 36.39)
[M::mem_pestat] low and high boundaries for proper pairs: (18, 382)
[M::mem_pestat] skip orientation RF as there are not enough pairs
[M::mem_pestat] skip orientation RR as there are not enough pairs
[M::mem_process_seqs] Processed 645988 reads in 827.920 CPU sec, 106.142 real sec
[M::process] 0 single-end sequences; 645704 paired-end sequences
[M::process] read 645450 sequences (80000112 bp)...
[M::mem_pestat] # candidate unique pairs for (FF, FR, RF, RR): (0, 244196, 2, 0)
[M::mem_pestat] skip orientation FF as there are not enough pairs
[M::mem_pestat] analyzing insert size distribution for orientation FR...
[M::mem_pestat] (25, 50, 75) percentile: (174, 198, 227)
[M::mem_pestat] low and high boundaries for computing mean and std.dev: (68, 333)
[M::mem_pestat] mean and std.dev: (201.08, 36.41)
[M::mem_pestat] low and high boundaries for proper pairs: (15, 386)
[M::mem_pestat] skip orientation RF as there are not enough pairs
[M::mem_pestat] skip orientation RR as there are not enough pairs
[M::mem_process_seqs] Processed 645704 reads in 828.055 CPU sec, 106.186 real sec
[M::process] 0 single-end sequences; 645450 paired-end sequences
[M::process] read 645496 sequences (80000140 bp)...
[M::mem_pestat] # candidate unique pairs for (FF, FR, RF, RR): (0, 244531, 5, 0)
[M::mem_pestat] skip orientation FF as there are not enough pairs
[M::mem_pestat] analyzing insert size distribution for orientation FR...
[M::mem_pestat] (25, 50, 75) percentile: (174, 198, 226)
[M::mem_pestat] low and high boundaries for computing mean and std.dev: (70, 330)
[M::mem_pestat] mean and std.dev: (200.88, 36.37)
[M::mem_pestat] low and high boundaries for proper pairs: (18, 382)
[M::mem_pestat] skip orientation RF as there are not enough pairs
[M::mem_pestat] skip orientation RR as there are not enough pairs
[M::mem_process_seqs] Processed 645450 reads in 820.056 CPU sec, 105.156 real sec
[M::process] 0 single-end sequences; 645496 paired-end sequences
[M::process] read 645616 sequences (80000030 bp)...
[M::mem_pestat] # candidate unique pairs for (FF, FR, RF, RR): (0, 244161, 1, 0)
[M::mem_pestat] skip orientation FF as there are not enough pairs
[M::mem_pestat] analyzing insert size distribution for orientation FR...
[M::mem_pestat] (25, 50, 75) percentile: (174, 198, 226)
[M::mem_pestat] low and high boundaries for computing mean and std.dev: (70, 330)
[M::mem_pestat] mean and std.dev: (200.88, 36.40)
[M::mem_pestat] low and high boundaries for proper pairs: (18, 382)
[M::mem_pestat] skip orientation RF as there are not enough pairs
[M::mem_pestat] skip orientation RR as there are not enough pairs
[M::mem_process_seqs] Processed 645496 reads in 829.010 CPU sec, 106.278 real sec
[M::process] 0 single-end sequences; 645616 paired-end sequences
[M::process] read 645850 sequences (80000175 bp)...
[M::mem_pestat] # candidate unique pairs for (FF, FR, RF, RR): (0, 243405, 3, 0)
[M::mem_pestat] skip orientation FF as there are not enough pairs
[M::mem_pestat] analyzing insert size distribution for orientation FR...
[M::mem_pestat] (25, 50, 75) percentile: (174, 198, 226)
[M::mem_pestat] low and high boundaries for computing mean and std.dev: (70, 330)
[M::mem_pestat] mean and std.dev: (200.54, 36.40)
[M::mem_pestat] low and high boundaries for proper pairs: (18, 382)
[M::mem_pestat] skip orientation RF as there are not enough pairs
[M::mem_pestat] skip orientation RR as there are not enough pairs
[M::mem_process_seqs] Processed 645616 reads in 861.880 CPU sec, 110.397 real sec
[M::process] 0 single-end sequences; 645850 paired-end sequences
[M::process] read 646100 sequences (80000184 bp)...
[M::mem_pestat] # candidate unique pairs for (FF, FR, RF, RR): (0, 241936, 4, 0)
[M::mem_pestat] skip orientation FF as there are not enough pairs
[M::mem_pestat] analyzing insert size distribution for orientation FR...
[M::mem_pestat] (25, 50, 75) percentile: (174, 198, 226)
[M::mem_pestat] low and high boundaries for computing mean and std.dev: (70, 330)
[M::mem_pestat] mean and std.dev: (200.57, 36.46)
[M::mem_pestat] low and high boundaries for proper pairs: (18, 382)
[M::mem_pestat] skip orientation RF as there are not enough pairs
[M::mem_pestat] skip orientation RR as there are not enough pairs
[M::mem_process_seqs] Processed 645850 reads in 873.210 CPU sec, 111.803 real sec
[M::process] 0 single-end sequences; 646100 paired-end sequences
[M::process] read 646444 sequences (80000079 bp)...
[M::mem_pestat] # candidate unique pairs for (FF, FR, RF, RR): (0, 243342, 0, 0)
[M::mem_pestat] skip orientation FF as there are not enough pairs
[M::mem_pestat] analyzing insert size distribution for orientation FR...
[M::mem_pestat] (25, 50, 75) percentile: (174, 197, 226)
[M::mem_pestat] low and high boundaries for computing mean and std.dev: (70, 330)
[M::mem_pestat] mean and std.dev: (200.50, 36.43)
[M::mem_pestat] low and high boundaries for proper pairs: (18, 382)
[M::mem_pestat] skip orientation RF as there are not enough pairs
[M::mem_pestat] skip orientation RR as there are not enough pairs
[M::mem_process_seqs] Processed 646100 reads in 850.211 CPU sec, 108.949 real sec
[M::process] 0 single-end sequences; 646444 paired-end sequences
[M::process] read 645880 sequences (80000215 bp)...
[M::mem_pestat] # candidate unique pairs for (FF, FR, RF, RR): (0, 244984, 6, 0)
[M::mem_pestat] skip orientation FF as there are not enough pairs
[M::mem_pestat] analyzing insert size distribution for orientation FR...
[M::mem_pestat] (25, 50, 75) percentile: (174, 198, 226)
[M::mem_pestat] low and high boundaries for computing mean and std.dev: (70, 330)
[M::mem_pestat] mean and std.dev: (201.03, 36.36)
[M::mem_pestat] low and high boundaries for proper pairs: (18, 382)
[M::mem_pestat] skip orientation RF as there are not enough pairs
[M::mem_pestat] skip orientation RR as there are not enough pairs
[M::mem_process_seqs] Processed 646444 reads in 814.251 CPU sec, 104.465 real sec
[M::process] 0 single-end sequences; 645880 paired-end sequences
[M::process] read 645484 sequences (80000169 bp)...
[M::mem_pestat] # candidate unique pairs for (FF, FR, RF, RR): (0, 245243, 3, 0)
[M::mem_pestat] skip orientation FF as there are not enough pairs
[M::mem_pestat] analyzing insert size distribution for orientation FR...
[M::mem_pestat] (25, 50, 75) percentile: (174, 198, 227)
[M::mem_pestat] low and high boundaries for computing mean and std.dev: (68, 333)
[M::mem_pestat] mean and std.dev: (201.10, 36.55)
[M::mem_pestat] low and high boundaries for proper pairs: (15, 386)
[M::mem_pestat] skip orientation RF as there are not enough pairs
[M::mem_pestat] skip orientation RR as there are not enough pairs
[M::mem_process_seqs] Processed 645880 reads in 812.834 CPU sec, 104.256 real sec
[M::process] 0 single-end sequences; 645484 paired-end sequences
[M::process] read 646070 sequences (80000076 bp)...
[M::mem_pestat] # candidate unique pairs for (FF, FR, RF, RR): (0, 244385, 9, 0)
[M::mem_pestat] skip orientation FF as there are not enough pairs
[M::mem_pestat] analyzing insert size distribution for orientation FR...
[M::mem_pestat] (25, 50, 75) percentile: (174, 198, 226)
[M::mem_pestat] low and high boundaries for computing mean and std.dev: (70, 330)
[M::mem_pestat] mean and std.dev: (200.87, 36.40)
[M::mem_pestat] low and high boundaries for proper pairs: (18, 382)
[M::mem_pestat] skip orientation RF as there are not enough pairs
[M::mem_pestat] skip orientation RR as there are not enough pairs
[M::mem_process_seqs] Processed 645484 reads in 854.990 CPU sec, 109.548 real sec
[M::process] 0 single-end sequences; 646070 paired-end sequences
[M::process] read 645738 sequences (80000181 bp)...
[M::mem_pestat] # candidate unique pairs for (FF, FR, RF, RR): (0, 243487, 3, 0)
[M::mem_pestat] skip orientation FF as there are not enough pairs
[M::mem_pestat] analyzing insert size distribution for orientation FR...
[M::mem_pestat] (25, 50, 75) percentile: (174, 198, 226)
[M::mem_pestat] low and high boundaries for computing mean and std.dev: (70, 330)
[M::mem_pestat] mean and std.dev: (200.66, 36.44)
[M::mem_pestat] low and high boundaries for proper pairs: (18, 382)
[M::mem_pestat] skip orientation RF as there are not enough pairs
[M::mem_pestat] skip orientation RR as there are not enough pairs
[M::mem_process_seqs] Processed 646070 reads in 1042.215 CPU sec, 133.023 real sec
[M::process] 0 single-end sequences; 645738 paired-end sequences
[M::process] read 646146 sequences (80000079 bp)...
[M::mem_pestat] # candidate unique pairs for (FF, FR, RF, RR): (0, 243726, 2, 0)
[M::mem_pestat] skip orientation FF as there are not enough pairs
[M::mem_pestat] analyzing insert size distribution for orientation FR...
[M::mem_pestat] (25, 50, 75) percentile: (174, 198, 226)
[M::mem_pestat] low and high boundaries for computing mean and std.dev: (70, 330)
[M::mem_pestat] mean and std.dev: (200.59, 36.33)
[M::mem_pestat] low and high boundaries for proper pairs: (18, 382)
[M::mem_pestat] skip orientation RF as there are not enough pairs
[M::mem_pestat] skip orientation RR as there are not enough pairs
[M::mem_process_seqs] Processed 645738 reads in 1117.790 CPU sec, 142.413 real sec
[M::process] 0 single-end sequences; 646146 paired-end sequences
[M::process] read 646098 sequences (80000207 bp)...
[M::mem_pestat] # candidate unique pairs for (FF, FR, RF, RR): (0, 243921, 4, 0)
[M::mem_pestat] skip orientation FF as there are not enough pairs
[M::mem_pestat] analyzing insert size distribution for orientation FR...
[M::mem_pestat] (25, 50, 75) percentile: (174, 198, 226)
[M::mem_pestat] low and high boundaries for computing mean and std.dev: (70, 330)
[M::mem_pestat] mean and std.dev: (200.57, 36.41)
[M::mem_pestat] low and high boundaries for proper pairs: (18, 382)
[M::mem_pestat] skip orientation RF as there are not enough pairs
[M::mem_pestat] skip orientation RR as there are not enough pairs
[M::mem_process_seqs] Processed 646146 reads in 915.084 CPU sec, 117.089 real sec
[M::process] 0 single-end sequences; 646098 paired-end sequences
[M::process] read 646278 sequences (80000110 bp)...
[M::mem_pestat] # candidate unique pairs for (FF, FR, RF, RR): (0, 244500, 3, 0)
[M::mem_pestat] skip orientation FF as there are not enough pairs
[M::mem_pestat] analyzing insert size distribution for orientation FR...
[M::mem_pestat] (25, 50, 75) percentile: (174, 198, 226)
[M::mem_pestat] low and high boundaries for computing mean and std.dev: (70, 330)
[M::mem_pestat] mean and std.dev: (200.88, 36.47)
[M::mem_pestat] low and high boundaries for proper pairs: (18, 382)
[M::mem_pestat] skip orientation RF as there are not enough pairs
[M::mem_pestat] skip orientation RR as there are not enough pairs
[M::mem_process_seqs] Processed 646098 reads in 838.504 CPU sec, 107.487 real sec
[M::process] 0 single-end sequences; 646278 paired-end sequences
[M::process] read 645334 sequences (80000124 bp)...
[M::mem_pestat] # candidate unique pairs for (FF, FR, RF, RR): (0, 244448, 3, 0)
[M::mem_pestat] skip orientation FF as there are not enough pairs
[M::mem_pestat] analyzing insert size distribution for orientation FR...
[M::mem_pestat] (25, 50, 75) percentile: (175, 198, 227)
[M::mem_pestat] low and high boundaries for computing mean and std.dev: (71, 331)
[M::mem_pestat] mean and std.dev: (201.20, 36.43)
[M::mem_pestat] low and high boundaries for proper pairs: (19, 383)
[M::mem_pestat] skip orientation RF as there are not enough pairs
[M::mem_pestat] skip orientation RR as there are not enough pairs
[M::mem_process_seqs] Processed 646278 reads in 836.202 CPU sec, 107.183 real sec
[M::process] 0 single-end sequences; 645334 paired-end sequences
[M::process] read 645738 sequences (80000220 bp)...
[M::mem_pestat] # candidate unique pairs for (FF, FR, RF, RR): (0, 244495, 2, 0)
[M::mem_pestat] skip orientation FF as there are not enough pairs
[M::mem_pestat] analyzing insert size distribution for orientation FR...
[M::mem_pestat] (25, 50, 75) percentile: (174, 198, 227)
[M::mem_pestat] low and high boundaries for computing mean and std.dev: (68, 333)
[M::mem_pestat] mean and std.dev: (201.11, 36.52)
[M::mem_pestat] low and high boundaries for proper pairs: (15, 386)
[M::mem_pestat] skip orientation RF as there are not enough pairs
[M::mem_pestat] skip orientation RR as there are not enough pairs
[M::mem_process_seqs] Processed 645334 reads in 830.718 CPU sec, 106.498 real sec
[M::process] 0 single-end sequences; 645738 paired-end sequences
[M::process] read 645804 sequences (80000095 bp)...
[M::mem_pestat] # candidate unique pairs for (FF, FR, RF, RR): (0, 242796, 1, 0)
[M::mem_pestat] skip orientation FF as there are not enough pairs
[M::mem_pestat] analyzing insert size distribution for orientation FR...
[M::mem_pestat] (25, 50, 75) percentile: (174, 198, 226)
[M::mem_pestat] low and high boundaries for computing mean and std.dev: (70, 330)
[M::mem_pestat] mean and std.dev: (200.88, 36.43)
[M::mem_pestat] low and high boundaries for proper pairs: (18, 382)
[M::mem_pestat] skip orientation RF as there are not enough pairs
[M::mem_pestat] skip orientation RR as there are not enough pairs
[M::mem_process_seqs] Processed 645738 reads in 1223.808 CPU sec, 156.092 real sec
[M::process] 0 single-end sequences; 645804 paired-end sequences
[M::process] read 645540 sequences (80000042 bp)...
[M::mem_pestat] # candidate unique pairs for (FF, FR, RF, RR): (0, 242289, 5, 0)
[M::mem_pestat] skip orientation FF as there are not enough pairs
[M::mem_pestat] analyzing insert size distribution for orientation FR...
[M::mem_pestat] (25, 50, 75) percentile: (174, 198, 226)
[M::mem_pestat] low and high boundaries for computing mean and std.dev: (70, 330)
[M::mem_pestat] mean and std.dev: (200.79, 36.51)
[M::mem_pestat] low and high boundaries for proper pairs: (18, 382)
[M::mem_pestat] skip orientation RF as there are not enough pairs
[M::mem_pestat] skip orientation RR as there are not enough pairs
[M::mem_process_seqs] Processed 645804 reads in 1099.930 CPU sec, 140.265 real sec
[M::process] 0 single-end sequences; 645540 paired-end sequences
[M::process] read 645668 sequences (80000058 bp)...
[M::mem_pestat] # candidate unique pairs for (FF, FR, RF, RR): (0, 243316, 7, 0)
[M::mem_pestat] skip orientation FF as there are not enough pairs
[M::mem_pestat] analyzing insert size distribution for orientation FR...
[M::mem_pestat] (25, 50, 75) percentile: (174, 198, 226)
[M::mem_pestat] low and high boundaries for computing mean and std.dev: (70, 330)
[M::mem_pestat] mean and std.dev: (200.86, 36.42)
[M::mem_pestat] low and high boundaries for proper pairs: (18, 382)
[M::mem_pestat] skip orientation RF as there are not enough pairs
[M::mem_pestat] skip orientation RR as there are not enough pairs
[M::mem_process_seqs] Processed 645540 reads in 883.730 CPU sec, 113.160 real sec
[M::process] 0 single-end sequences; 645668 paired-end sequences
WARNING: 1884075 reads with length < 80
       : this program is designed for long reads
[M::process] read 145476 sequences (18025916 bp)...
[M::mem_pestat] # candidate unique pairs for (FF, FR, RF, RR): (0, 242894, 6, 0)
[M::mem_pestat] skip orientation FF as there are not enough pairs
[M::mem_pestat] analyzing insert size distribution for orientation FR...
[M::mem_pestat] (25, 50, 75) percentile: (174, 198, 226)
[M::mem_pestat] low and high boundaries for computing mean and std.dev: (70, 330)
[M::mem_pestat] mean and std.dev: (200.69, 36.44)
[M::mem_pestat] low and high boundaries for proper pairs: (18, 382)
[M::mem_pestat] skip orientation RF as there are not enough pairs
[M::mem_pestat] skip orientation RR as there are not enough pairs
[M::mem_process_seqs] Processed 645668 reads in 855.728 CPU sec, 109.253 real sec
[M::process] 0 single-end sequences; 145476 paired-end sequences
[M::mem_pestat] # candidate unique pairs for (FF, FR, RF, RR): (0, 54793, 1, 0)
[M::mem_pestat] skip orientation FF as there are not enough pairs
[M::mem_pestat] analyzing insert size distribution for orientation FR...
[M::mem_pestat] (25, 50, 75) percentile: (174, 197, 226)
[M::mem_pestat] low and high boundaries for computing mean and std.dev: (70, 330)
[M::mem_pestat] mean and std.dev: (200.37, 36.25)
[M::mem_pestat] low and high boundaries for proper pairs: (18, 382)
[M::mem_pestat] skip orientation RF as there are not enough pairs
[M::mem_pestat] skip orientation RR as there are not enough pairs
[M::mem_process_seqs] Processed 145476 reads in 192.654 CPU sec, 26.191 real sec
[main] Version: 0.7.19-r1273
[main] CMD: bwa mem -T 40 -B 2 -L 10 -CM -U 100 -p -R @RG\tID:SRR11647659__val_\tSM:SRR11647659__val_ -t 8 references/GRCh38.primary_assembly.genome.fa.bwameth.c2t /dev/stdin
[main] Real time: 117806.894 sec; CPU: 917799.730 sec
