--------------------
Found BWA MEM index
running: /home/genetics/miniconda3/envs/bwameth_env/bin/python /home/genetics/miniconda3/envs/bwameth_env/bin/bwameth.py c2t reads_trimmed/SRR11647649_1_val_1.fq.gz reads_trimmed/SRR11647649_2_val_2.fq.gz |bwa mem -T 40 -B 2 -L 10 -CM -U 100 -p -R '@RG\tID:SRR11647649__val_\tSM:SRR11647649__val_' -t 8  references/GRCh38.primary_assembly.genome.fa.bwameth.c2t /dev/stdin
--------------------
converting reads in reads_trimmed/SRR11647649_1_val_1.fq.gz,reads_trimmed/SRR11647649_2_val_2.fq.gz
[M::bwa_idx_load_from_disk] read 0 ALT contigs
[M::process] read 648162 sequences (80000064 bp)...
[M::process] 0 single-end sequences; 648162 paired-end sequences
[M::process] read 646888 sequences (80000102 bp)...
[M::mem_pestat] # candidate unique pairs for (FF, FR, RF, RR): (0, 243881, 5, 0)
[M::mem_pestat] skip orientation FF as there are not enough pairs
[M::mem_pestat] analyzing insert size distribution for orientation FR...
[M::mem_pestat] (25, 50, 75) percentile: (162, 184, 209)
[M::mem_pestat] low and high boundaries for computing mean and std.dev: (68, 303)
[M::mem_pestat] mean and std.dev: (186.58, 32.54)
[M::mem_pestat] low and high boundaries for proper pairs: (21, 350)
[M::mem_pestat] skip orientation RF as there are not enough pairs
[M::mem_pestat] skip orientation RR as there are not enough pairs
[M::mem_process_seqs] Processed 648162 reads in 814.123 CPU sec, 102.462 real sec
[M::process] 0 single-end sequences; 646888 paired-end sequences
[M::process] read 646026 sequences (80000166 bp)...
[M::mem_pestat] # candidate unique pairs for (FF, FR, RF, RR): (0, 243635, 3, 0)
[M::mem_pestat] skip orientation FF as there are not enough pairs
[M::mem_pestat] analyzing insert size distribution for orientation FR...
[M::mem_pestat] (25, 50, 75) percentile: (162, 184, 209)
[M::mem_pestat] low and high boundaries for computing mean and std.dev: (68, 303)
[M::mem_pestat] mean and std.dev: (186.34, 32.57)
[M::mem_pestat] low and high boundaries for proper pairs: (21, 350)
[M::mem_pestat] skip orientation RF as there are not enough pairs
[M::mem_pestat] skip orientation RR as there are not enough pairs
[M::mem_process_seqs] Processed 646888 reads in 803.691 CPU sec, 103.278 real sec
[M::process] 0 single-end sequences; 646026 paired-end sequences
[M::process] read 645776 sequences (80000042 bp)...
[M::mem_pestat] # candidate unique pairs for (FF, FR, RF, RR): (0, 244210, 4, 0)
[M::mem_pestat] skip orientation FF as there are not enough pairs
[M::mem_pestat] analyzing insert size distribution for orientation FR...
[M::mem_pestat] (25, 50, 75) percentile: (162, 184, 209)
[M::mem_pestat] low and high boundaries for computing mean and std.dev: (68, 303)
[M::mem_pestat] mean and std.dev: (186.32, 32.53)
[M::mem_pestat] low and high boundaries for proper pairs: (21, 350)
[M::mem_pestat] skip orientation RF as there are not enough pairs
[M::mem_pestat] skip orientation RR as there are not enough pairs
[M::mem_process_seqs] Processed 646026 reads in 792.214 CPU sec, 101.792 real sec
[M::process] 0 single-end sequences; 645776 paired-end sequences
[M::process] read 646720 sequences (80000001 bp)...
[M::mem_pestat] # candidate unique pairs for (FF, FR, RF, RR): (0, 244085, 1, 0)
[M::mem_pestat] skip orientation FF as there are not enough pairs
[M::mem_pestat] analyzing insert size distribution for orientation FR...
[M::mem_pestat] (25, 50, 75) percentile: (162, 184, 209)
[M::mem_pestat] low and high boundaries for computing mean and std.dev: (68, 303)
[M::mem_pestat] mean and std.dev: (186.18, 32.52)
[M::mem_pestat] low and high boundaries for proper pairs: (21, 350)
[M::mem_pestat] skip orientation RF as there are not enough pairs
[M::mem_pestat] skip orientation RR as there are not enough pairs
[M::mem_process_seqs] Processed 645776 reads in 793.959 CPU sec, 102.020 real sec
[M::process] 0 single-end sequences; 646720 paired-end sequences
[M::process] read 648310 sequences (80000134 bp)...
[M::mem_pestat] # candidate unique pairs for (FF, FR, RF, RR): (0, 244303, 6, 0)
[M::mem_pestat] skip orientation FF as there are not enough pairs
[M::mem_pestat] analyzing insert size distribution for orientation FR...
[M::mem_pestat] (25, 50, 75) percentile: (162, 184, 208)
[M::mem_pestat] low and high boundaries for computing mean and std.dev: (70, 300)
[M::mem_pestat] mean and std.dev: (186.23, 32.41)
[M::mem_pestat] low and high boundaries for proper pairs: (24, 346)
[M::mem_pestat] skip orientation RF as there are not enough pairs
[M::mem_pestat] skip orientation RR as there are not enough pairs
[M::mem_process_seqs] Processed 646720 reads in 789.509 CPU sec, 101.458 real sec
[M::process] 0 single-end sequences; 648310 paired-end sequences
[M::process] read 647328 sequences (80000185 bp)...
[M::mem_pestat] # candidate unique pairs for (FF, FR, RF, RR): (0, 244365, 5, 0)
[M::mem_pestat] skip orientation FF as there are not enough pairs
[M::mem_pestat] analyzing insert size distribution for orientation FR...
[M::mem_pestat] (25, 50, 75) percentile: (162, 184, 208)
[M::mem_pestat] low and high boundaries for computing mean and std.dev: (70, 300)
[M::mem_pestat] mean and std.dev: (186.24, 32.49)
[M::mem_pestat] low and high boundaries for proper pairs: (24, 346)
[M::mem_pestat] skip orientation RF as there are not enough pairs
[M::mem_pestat] skip orientation RR as there are not enough pairs
[M::mem_process_seqs] Processed 648310 reads in 809.601 CPU sec, 103.979 real sec
[M::process] 0 single-end sequences; 647328 paired-end sequences
[M::process] read 646778 sequences (80000100 bp)...
[M::mem_pestat] # candidate unique pairs for (FF, FR, RF, RR): (0, 244349, 4, 0)
[M::mem_pestat] skip orientation FF as there are not enough pairs
[M::mem_pestat] analyzing insert size distribution for orientation FR...
[M::mem_pestat] (25, 50, 75) percentile: (162, 184, 209)
[M::mem_pestat] low and high boundaries for computing mean and std.dev: (68, 303)
[M::mem_pestat] mean and std.dev: (186.24, 32.54)
[M::mem_pestat] low and high boundaries for proper pairs: (21, 350)
[M::mem_pestat] skip orientation RF as there are not enough pairs
[M::mem_pestat] skip orientation RR as there are not enough pairs
[M::mem_process_seqs] Processed 647328 reads in 792.425 CPU sec, 101.836 real sec
[M::process] 0 single-end sequences; 646778 paired-end sequences
[M::process] read 645884 sequences (80000136 bp)...
[M::mem_pestat] # candidate unique pairs for (FF, FR, RF, RR): (0, 244471, 0, 0)
[M::mem_pestat] skip orientation FF as there are not enough pairs
[M::mem_pestat] analyzing insert size distribution for orientation FR...
[M::mem_pestat] (25, 50, 75) percentile: (162, 184, 208)
[M::mem_pestat] low and high boundaries for computing mean and std.dev: (70, 300)
[M::mem_pestat] mean and std.dev: (186.06, 32.45)
[M::mem_pestat] low and high boundaries for proper pairs: (24, 346)
[M::mem_pestat] skip orientation RF as there are not enough pairs
[M::mem_pestat] skip orientation RR as there are not enough pairs
[M::mem_process_seqs] Processed 646778 reads in 795.228 CPU sec, 102.194 real sec
[M::process] 0 single-end sequences; 645884 paired-end sequences
[M::process] read 648008 sequences (80000060 bp)...
[M::mem_pestat] # candidate unique pairs for (FF, FR, RF, RR): (0, 243854, 7, 0)
[M::mem_pestat] skip orientation FF as there are not enough pairs
[M::mem_pestat] analyzing insert size distribution for orientation FR...
[M::mem_pestat] (25, 50, 75) percentile: (162, 184, 208)
[M::mem_pestat] low and high boundaries for computing mean and std.dev: (70, 300)
[M::mem_pestat] mean and std.dev: (186.08, 32.49)
[M::mem_pestat] low and high boundaries for proper pairs: (24, 346)
[M::mem_pestat] skip orientation RF as there are not enough pairs
[M::mem_pestat] skip orientation RR as there are not enough pairs
[M::mem_process_seqs] Processed 645884 reads in 795.303 CPU sec, 102.206 real sec
[M::process] 0 single-end sequences; 648008 paired-end sequences
[M::process] read 648276 sequences (80000161 bp)...
[M::mem_pestat] # candidate unique pairs for (FF, FR, RF, RR): (0, 243934, 6, 0)
[M::mem_pestat] skip orientation FF as there are not enough pairs
[M::mem_pestat] analyzing insert size distribution for orientation FR...
[M::mem_pestat] (25, 50, 75) percentile: (162, 184, 209)
[M::mem_pestat] low and high boundaries for computing mean and std.dev: (68, 303)
[M::mem_pestat] mean and std.dev: (186.31, 32.56)
[M::mem_pestat] low and high boundaries for proper pairs: (21, 350)
[M::mem_pestat] skip orientation RF as there are not enough pairs
[M::mem_pestat] skip orientation RR as there are not enough pairs
[M::mem_process_seqs] Processed 648008 reads in 806.026 CPU sec, 103.528 real sec
[M::process] 0 single-end sequences; 648276 paired-end sequences
[M::process] read 647534 sequences (80000030 bp)...
[M::mem_pestat] # candidate unique pairs for (FF, FR, RF, RR): (0, 244067, 3, 0)
[M::mem_pestat] skip orientation FF as there are not enough pairs
[M::mem_pestat] analyzing insert size distribution for orientation FR...
[M::mem_pestat] (25, 50, 75) percentile: (162, 184, 209)
[M::mem_pestat] low and high boundaries for computing mean and std.dev: (68, 303)
[M::mem_pestat] mean and std.dev: (186.44, 32.54)
[M::mem_pestat] low and high boundaries for proper pairs: (21, 350)
[M::mem_pestat] skip orientation RF as there are not enough pairs
[M::mem_pestat] skip orientation RR as there are not enough pairs
[M::mem_process_seqs] Processed 648276 reads in 803.645 CPU sec, 103.231 real sec
[M::process] 0 single-end sequences; 647534 paired-end sequences
[M::process] read 647308 sequences (80000196 bp)...
[M::mem_pestat] # candidate unique pairs for (FF, FR, RF, RR): (0, 244422, 5, 0)
[M::mem_pestat] skip orientation FF as there are not enough pairs
[M::mem_pestat] analyzing insert size distribution for orientation FR...
[M::mem_pestat] (25, 50, 75) percentile: (162, 184, 209)
[M::mem_pestat] low and high boundaries for computing mean and std.dev: (68, 303)
[M::mem_pestat] mean and std.dev: (186.44, 32.48)
[M::mem_pestat] low and high boundaries for proper pairs: (21, 350)
[M::mem_pestat] skip orientation RF as there are not enough pairs
[M::mem_pestat] skip orientation RR as there are not enough pairs
[M::mem_process_seqs] Processed 647534 reads in 802.955 CPU sec, 103.148 real sec
[M::process] 0 single-end sequences; 647308 paired-end sequences
[M::process] read 646044 sequences (80000120 bp)...
[M::mem_pestat] # candidate unique pairs for (FF, FR, RF, RR): (0, 244408, 4, 0)
[M::mem_pestat] skip orientation FF as there are not enough pairs
[M::mem_pestat] analyzing insert size distribution for orientation FR...
[M::mem_pestat] (25, 50, 75) percentile: (162, 184, 208)
[M::mem_pestat] low and high boundaries for computing mean and std.dev: (70, 300)
[M::mem_pestat] mean and std.dev: (186.09, 32.49)
[M::mem_pestat] low and high boundaries for proper pairs: (24, 346)
[M::mem_pestat] skip orientation RF as there are not enough pairs
[M::mem_pestat] skip orientation RR as there are not enough pairs
[M::mem_process_seqs] Processed 647308 reads in 800.406 CPU sec, 102.848 real sec
[M::process] 0 single-end sequences; 646044 paired-end sequences
[M::process] read 648416 sequences (80000098 bp)...
[M::mem_pestat] # candidate unique pairs for (FF, FR, RF, RR): (0, 244159, 5, 0)
[M::mem_pestat] skip orientation FF as there are not enough pairs
[M::mem_pestat] analyzing insert size distribution for orientation FR...
[M::mem_pestat] (25, 50, 75) percentile: (162, 184, 208)
[M::mem_pestat] low and high boundaries for computing mean and std.dev: (70, 300)
[M::mem_pestat] mean and std.dev: (186.04, 32.43)
[M::mem_pestat] low and high boundaries for proper pairs: (24, 346)
[M::mem_pestat] skip orientation RF as there are not enough pairs
[M::mem_pestat] skip orientation RR as there are not enough pairs
[M::mem_process_seqs] Processed 646044 reads in 790.823 CPU sec, 101.621 real sec
[M::process] 0 single-end sequences; 648416 paired-end sequences
[M::process] read 647112 sequences (80000184 bp)...
[M::mem_pestat] # candidate unique pairs for (FF, FR, RF, RR): (0, 243459, 0, 0)
[M::mem_pestat] skip orientation FF as there are not enough pairs
[M::mem_pestat] analyzing insert size distribution for orientation FR...
[M::mem_pestat] (25, 50, 75) percentile: (162, 184, 209)
[M::mem_pestat] low and high boundaries for computing mean and std.dev: (68, 303)
[M::mem_pestat] mean and std.dev: (186.43, 32.53)
[M::mem_pestat] low and high boundaries for proper pairs: (21, 350)
[M::mem_pestat] skip orientation RF as there are not enough pairs
[M::mem_pestat] skip orientation RR as there are not enough pairs
[M::mem_process_seqs] Processed 648416 reads in 843.934 CPU sec, 108.264 real sec
[M::process] 0 single-end sequences; 647112 paired-end sequences
[M::process] read 646354 sequences (80000106 bp)...
[M::mem_pestat] # candidate unique pairs for (FF, FR, RF, RR): (0, 244031, 3, 0)
[M::mem_pestat] skip orientation FF as there are not enough pairs
[M::mem_pestat] analyzing insert size distribution for orientation FR...
[M::mem_pestat] (25, 50, 75) percentile: (162, 184, 209)
[M::mem_pestat] low and high boundaries for computing mean and std.dev: (68, 303)
[M::mem_pestat] mean and std.dev: (186.41, 32.50)
[M::mem_pestat] low and high boundaries for proper pairs: (21, 350)
[M::mem_pestat] skip orientation RF as there are not enough pairs
[M::mem_pestat] skip orientation RR as there are not enough pairs
[M::mem_process_seqs] Processed 647112 reads in 799.091 CPU sec, 102.681 real sec
[M::process] 0 single-end sequences; 646354 paired-end sequences
[M::process] read 646240 sequences (80000009 bp)...
[M::mem_pestat] # candidate unique pairs for (FF, FR, RF, RR): (0, 243682, 5, 0)
[M::mem_pestat] skip orientation FF as there are not enough pairs
[M::mem_pestat] analyzing insert size distribution for orientation FR...
[M::mem_pestat] (25, 50, 75) percentile: (162, 184, 209)
[M::mem_pestat] low and high boundaries for computing mean and std.dev: (68, 303)
[M::mem_pestat] mean and std.dev: (186.23, 32.49)
[M::mem_pestat] low and high boundaries for proper pairs: (21, 350)
[M::mem_pestat] skip orientation RF as there are not enough pairs
[M::mem_pestat] skip orientation RR as there are not enough pairs
[M::mem_process_seqs] Processed 646354 reads in 807.583 CPU sec, 103.751 real sec
[M::process] 0 single-end sequences; 646240 paired-end sequences
[M::process] read 647748 sequences (80000247 bp)...
[M::mem_pestat] # candidate unique pairs for (FF, FR, RF, RR): (0, 243602, 5, 0)
[M::mem_pestat] skip orientation FF as there are not enough pairs
[M::mem_pestat] analyzing insert size distribution for orientation FR...
[M::mem_pestat] (25, 50, 75) percentile: (162, 184, 208)
[M::mem_pestat] low and high boundaries for computing mean and std.dev: (70, 300)
[M::mem_pestat] mean and std.dev: (186.03, 32.46)
[M::mem_pestat] low and high boundaries for proper pairs: (24, 346)
[M::mem_pestat] skip orientation RF as there are not enough pairs
[M::mem_pestat] skip orientation RR as there are not enough pairs
[M::mem_process_seqs] Processed 646240 reads in 950.122 CPU sec, 121.668 real sec
[M::process] 0 single-end sequences; 647748 paired-end sequences
[M::process] read 647952 sequences (80000117 bp)...
[M::mem_pestat] # candidate unique pairs for (FF, FR, RF, RR): (0, 244049, 3, 0)
[M::mem_pestat] skip orientation FF as there are not enough pairs
[M::mem_pestat] analyzing insert size distribution for orientation FR...
[M::mem_pestat] (25, 50, 75) percentile: (162, 184, 208)
[M::mem_pestat] low and high boundaries for computing mean and std.dev: (70, 300)
[M::mem_pestat] mean and std.dev: (186.12, 32.41)
[M::mem_pestat] low and high boundaries for proper pairs: (24, 346)
[M::mem_pestat] skip orientation RF as there are not enough pairs
[M::mem_pestat] skip orientation RR as there are not enough pairs
[M::mem_process_seqs] Processed 647748 reads in 842.431 CPU sec, 108.021 real sec
[M::process] 0 single-end sequences; 647952 paired-end sequences
[M::process] read 647568 sequences (80000168 bp)...
[M::mem_pestat] # candidate unique pairs for (FF, FR, RF, RR): (0, 244531, 1, 0)
[M::mem_pestat] skip orientation FF as there are not enough pairs
[M::mem_pestat] analyzing insert size distribution for orientation FR...
[M::mem_pestat] (25, 50, 75) percentile: (162, 184, 209)
[M::mem_pestat] low and high boundaries for computing mean and std.dev: (68, 303)
[M::mem_pestat] mean and std.dev: (186.18, 32.44)
[M::mem_pestat] low and high boundaries for proper pairs: (21, 350)
[M::mem_pestat] skip orientation RF as there are not enough pairs
[M::mem_pestat] skip orientation RR as there are not enough pairs
[M::mem_process_seqs] Processed 647952 reads in 800.201 CPU sec, 102.721 real sec
[M::process] 0 single-end sequences; 647568 paired-end sequences
[M::process] read 647098 sequences (80000194 bp)...
[M::mem_pestat] # candidate unique pairs for (FF, FR, RF, RR): (0, 243901, 8, 0)
[M::mem_pestat] skip orientation FF as there are not enough pairs
[M::mem_pestat] analyzing insert size distribution for orientation FR...
[M::mem_pestat] (25, 50, 75) percentile: (162, 184, 208)
[M::mem_pestat] low and high boundaries for computing mean and std.dev: (70, 300)
[M::mem_pestat] mean and std.dev: (186.21, 32.45)
[M::mem_pestat] low and high boundaries for proper pairs: (24, 346)
[M::mem_pestat] skip orientation RF as there are not enough pairs
[M::mem_pestat] skip orientation RR as there are not enough pairs
[M::mem_process_seqs] Processed 647568 reads in 793.238 CPU sec, 101.862 real sec
[M::process] 0 single-end sequences; 647098 paired-end sequences
[M::process] read 646494 sequences (80000068 bp)...
[M::mem_pestat] # candidate unique pairs for (FF, FR, RF, RR): (0, 243738, 6, 0)
[M::mem_pestat] skip orientation FF as there are not enough pairs
[M::mem_pestat] analyzing insert size distribution for orientation FR...
[M::mem_pestat] (25, 50, 75) percentile: (162, 184, 208)
[M::mem_pestat] low and high boundaries for computing mean and std.dev: (70, 300)
[M::mem_pestat] mean and std.dev: (186.15, 32.47)
[M::mem_pestat] low and high boundaries for proper pairs: (24, 346)
[M::mem_pestat] skip orientation RF as there are not enough pairs
[M::mem_pestat] skip orientation RR as there are not enough pairs
[M::mem_process_seqs] Processed 647098 reads in 816.966 CPU sec, 104.825 real sec
[M::process] 0 single-end sequences; 646494 paired-end sequences
[M::process] read 649108 sequences (80000093 bp)...
[M::mem_pestat] # candidate unique pairs for (FF, FR, RF, RR): (0, 244277, 4, 0)
[M::mem_pestat] skip orientation FF as there are not enough pairs
[M::mem_pestat] analyzing insert size distribution for orientation FR...
[M::mem_pestat] (25, 50, 75) percentile: (162, 183, 208)
[M::mem_pestat] low and high boundaries for computing mean and std.dev: (70, 300)
[M::mem_pestat] mean and std.dev: (185.88, 32.33)
[M::mem_pestat] low and high boundaries for proper pairs: (24, 346)
[M::mem_pestat] skip orientation RF as there are not enough pairs
[M::mem_pestat] skip orientation RR as there are not enough pairs
[M::mem_process_seqs] Processed 646494 reads in 813.568 CPU sec, 104.386 real sec
[M::process] 0 single-end sequences; 649108 paired-end sequences
[M::process] read 648102 sequences (80000219 bp)...
[M::mem_pestat] # candidate unique pairs for (FF, FR, RF, RR): (0, 243924, 4, 0)
[M::mem_pestat] skip orientation FF as there are not enough pairs
[M::mem_pestat] analyzing insert size distribution for orientation FR...
[M::mem_pestat] (25, 50, 75) percentile: (162, 184, 209)
[M::mem_pestat] low and high boundaries for computing mean and std.dev: (68, 303)
[M::mem_pestat] mean and std.dev: (186.40, 32.48)
[M::mem_pestat] low and high boundaries for proper pairs: (21, 350)
[M::mem_pestat] skip orientation RF as there are not enough pairs
[M::mem_pestat] skip orientation RR as there are not enough pairs
[M::mem_process_seqs] Processed 649108 reads in 822.755 CPU sec, 105.552 real sec
[M::process] 0 single-end sequences; 648102 paired-end sequences
[M::process] read 647754 sequences (80000073 bp)...
[M::mem_pestat] # candidate unique pairs for (FF, FR, RF, RR): (0, 244187, 5, 0)
[M::mem_pestat] skip orientation FF as there are not enough pairs
[M::mem_pestat] analyzing insert size distribution for orientation FR...
[M::mem_pestat] (25, 50, 75) percentile: (162, 184, 209)
[M::mem_pestat] low and high boundaries for computing mean and std.dev: (68, 303)
[M::mem_pestat] mean and std.dev: (186.44, 32.48)
[M::mem_pestat] low and high boundaries for proper pairs: (21, 350)
[M::mem_pestat] skip orientation RF as there are not enough pairs
[M::mem_pestat] skip orientation RR as there are not enough pairs
[M::mem_process_seqs] Processed 648102 reads in 805.455 CPU sec, 103.454 real sec
[M::process] 0 single-end sequences; 647754 paired-end sequences
[M::process] read 647514 sequences (80000230 bp)...
[M::mem_pestat] # candidate unique pairs for (FF, FR, RF, RR): (0, 244364, 5, 0)
[M::mem_pestat] skip orientation FF as there are not enough pairs
[M::mem_pestat] analyzing insert size distribution for orientation FR...
[M::mem_pestat] (25, 50, 75) percentile: (162, 184, 208)
[M::mem_pestat] low and high boundaries for computing mean and std.dev: (70, 300)
[M::mem_pestat] mean and std.dev: (186.14, 32.52)
[M::mem_pestat] low and high boundaries for proper pairs: (24, 346)
[M::mem_pestat] skip orientation RF as there are not enough pairs
[M::mem_pestat] skip orientation RR as there are not enough pairs
[M::mem_process_seqs] Processed 647754 reads in 800.126 CPU sec, 102.723 real sec
[M::process] 0 single-end sequences; 647514 paired-end sequences
[M::process] read 647946 sequences (80000000 bp)...
[M::mem_pestat] # candidate unique pairs for (FF, FR, RF, RR): (0, 244124, 6, 0)
[M::mem_pestat] skip orientation FF as there are not enough pairs
[M::mem_pestat] analyzing insert size distribution for orientation FR...
[M::mem_pestat] (25, 50, 75) percentile: (162, 184, 208)
[M::mem_pestat] low and high boundaries for computing mean and std.dev: (70, 300)
[M::mem_pestat] mean and std.dev: (186.10, 32.51)
[M::mem_pestat] low and high boundaries for proper pairs: (24, 346)
[M::mem_pestat] skip orientation RF as there are not enough pairs
[M::mem_pestat] skip orientation RR as there are not enough pairs
[M::mem_process_seqs] Processed 647514 reads in 796.501 CPU sec, 102.255 real sec
[M::process] 0 single-end sequences; 647946 paired-end sequences
[M::process] read 647076 sequences (80000094 bp)...
[M::mem_pestat] # candidate unique pairs for (FF, FR, RF, RR): (0, 244277, 4, 0)
[M::mem_pestat] skip orientation FF as there are not enough pairs
[M::mem_pestat] analyzing insert size distribution for orientation FR...
[M::mem_pestat] (25, 50, 75) percentile: (162, 184, 209)
[M::mem_pestat] low and high boundaries for computing mean and std.dev: (68, 303)
[M::mem_pestat] mean and std.dev: (186.23, 32.46)
[M::mem_pestat] low and high boundaries for proper pairs: (21, 350)
[M::mem_pestat] skip orientation RF as there are not enough pairs
[M::mem_pestat] skip orientation RR as there are not enough pairs
[M::mem_process_seqs] Processed 647946 reads in 796.682 CPU sec, 102.278 real sec
[M::process] 0 single-end sequences; 647076 paired-end sequences
[M::process] read 646488 sequences (80000170 bp)...
[M::mem_pestat] # candidate unique pairs for (FF, FR, RF, RR): (0, 243791, 1, 0)
[M::mem_pestat] skip orientation FF as there are not enough pairs
[M::mem_pestat] analyzing insert size distribution for orientation FR...
[M::mem_pestat] (25, 50, 75) percentile: (162, 184, 209)
[M::mem_pestat] low and high boundaries for computing mean and std.dev: (68, 303)
[M::mem_pestat] mean and std.dev: (186.57, 32.53)
[M::mem_pestat] low and high boundaries for proper pairs: (21, 350)
[M::mem_pestat] skip orientation RF as there are not enough pairs
[M::mem_pestat] skip orientation RR as there are not enough pairs
[M::mem_process_seqs] Processed 647076 reads in 810.714 CPU sec, 104.060 real sec
[M::process] 0 single-end sequences; 646488 paired-end sequences
[M::process] read 646648 sequences (80000156 bp)...
[M::mem_pestat] # candidate unique pairs for (FF, FR, RF, RR): (0, 243758, 1, 0)
[M::mem_pestat] skip orientation FF as there are not enough pairs
[M::mem_pestat] analyzing insert size distribution for orientation FR...
[M::mem_pestat] (25, 50, 75) percentile: (162, 184, 209)
[M::mem_pestat] low and high boundaries for computing mean and std.dev: (68, 303)
[M::mem_pestat] mean and std.dev: (186.34, 32.50)
[M::mem_pestat] low and high boundaries for proper pairs: (21, 350)
[M::mem_pestat] skip orientation RF as there are not enough pairs
[M::mem_pestat] skip orientation RR as there are not enough pairs
[M::mem_process_seqs] Processed 646488 reads in 801.996 CPU sec, 102.951 real sec
[M::process] 0 single-end sequences; 646648 paired-end sequences
[M::process] read 645920 sequences (80000222 bp)...
[M::mem_pestat] # candidate unique pairs for (FF, FR, RF, RR): (0, 244029, 6, 0)
[M::mem_pestat] skip orientation FF as there are not enough pairs
[M::mem_pestat] analyzing insert size distribution for orientation FR...
[M::mem_pestat] (25, 50, 75) percentile: (162, 184, 209)
[M::mem_pestat] low and high boundaries for computing mean and std.dev: (68, 303)
[M::mem_pestat] mean and std.dev: (186.24, 32.50)
[M::mem_pestat] low and high boundaries for proper pairs: (21, 350)
[M::mem_pestat] skip orientation RF as there are not enough pairs
[M::mem_pestat] skip orientation RR as there are not enough pairs
[M::mem_process_seqs] Processed 646648 reads in 803.777 CPU sec, 103.194 real sec
[M::process] 0 single-end sequences; 645920 paired-end sequences
[M::process] read 648460 sequences (80000001 bp)...
[M::mem_pestat] # candidate unique pairs for (FF, FR, RF, RR): (0, 243693, 2, 0)
[M::mem_pestat] skip orientation FF as there are not enough pairs
[M::mem_pestat] analyzing insert size distribution for orientation FR...
[M::mem_pestat] (25, 50, 75) percentile: (162, 184, 208)
[M::mem_pestat] low and high boundaries for computing mean and std.dev: (70, 300)
[M::mem_pestat] mean and std.dev: (186.10, 32.40)
[M::mem_pestat] low and high boundaries for proper pairs: (24, 346)
[M::mem_pestat] skip orientation RF as there are not enough pairs
[M::mem_pestat] skip orientation RR as there are not enough pairs
[M::mem_process_seqs] Processed 645920 reads in 802.184 CPU sec, 102.968 real sec
[M::process] 0 single-end sequences; 648460 paired-end sequences
[M::process] read 647664 sequences (80000130 bp)...
[M::mem_pestat] # candidate unique pairs for (FF, FR, RF, RR): (0, 244401, 4, 0)
[M::mem_pestat] skip orientation FF as there are not enough pairs
[M::mem_pestat] analyzing insert size distribution for orientation FR...
[M::mem_pestat] (25, 50, 75) percentile: (162, 184, 209)
[M::mem_pestat] low and high boundaries for computing mean and std.dev: (68, 303)
[M::mem_pestat] mean and std.dev: (186.53, 32.48)
[M::mem_pestat] low and high boundaries for proper pairs: (21, 350)
[M::mem_pestat] skip orientation RF as there are not enough pairs
[M::mem_pestat] skip orientation RR as there are not enough pairs
[M::mem_process_seqs] Processed 648460 reads in 805.697 CPU sec, 103.409 real sec
[M::process] 0 single-end sequences; 647664 paired-end sequences
[M::process] read 647184 sequences (80000192 bp)...
[M::mem_pestat] # candidate unique pairs for (FF, FR, RF, RR): (0, 244453, 1, 0)
[M::mem_pestat] skip orientation FF as there are not enough pairs
[M::mem_pestat] analyzing insert size distribution for orientation FR...
[M::mem_pestat] (25, 50, 75) percentile: (162, 184, 208)
[M::mem_pestat] low and high boundaries for computing mean and std.dev: (70, 300)
[M::mem_pestat] mean and std.dev: (186.26, 32.43)
[M::mem_pestat] low and high boundaries for proper pairs: (24, 346)
[M::mem_pestat] skip orientation RF as there are not enough pairs
[M::mem_pestat] skip orientation RR as there are not enough pairs
[M::mem_process_seqs] Processed 647664 reads in 790.773 CPU sec, 101.549 real sec
[M::process] 0 single-end sequences; 647184 paired-end sequences
[M::process] read 646360 sequences (80000038 bp)...
[M::mem_pestat] # candidate unique pairs for (FF, FR, RF, RR): (0, 244001, 2, 0)
[M::mem_pestat] skip orientation FF as there are not enough pairs
[M::mem_pestat] analyzing insert size distribution for orientation FR...
[M::mem_pestat] (25, 50, 75) percentile: (162, 184, 209)
[M::mem_pestat] low and high boundaries for computing mean and std.dev: (68, 303)
[M::mem_pestat] mean and std.dev: (186.24, 32.49)
[M::mem_pestat] low and high boundaries for proper pairs: (21, 350)
[M::mem_pestat] skip orientation RF as there are not enough pairs
[M::mem_pestat] skip orientation RR as there are not enough pairs
[M::mem_process_seqs] Processed 647184 reads in 798.544 CPU sec, 102.534 real sec
[M::process] 0 single-end sequences; 646360 paired-end sequences
[M::process] read 646934 sequences (80000119 bp)...
[M::mem_pestat] # candidate unique pairs for (FF, FR, RF, RR): (0, 243807, 7, 0)
[M::mem_pestat] skip orientation FF as there are not enough pairs
[M::mem_pestat] analyzing insert size distribution for orientation FR...
[M::mem_pestat] (25, 50, 75) percentile: (162, 184, 208)
[M::mem_pestat] low and high boundaries for computing mean and std.dev: (70, 300)
[M::mem_pestat] mean and std.dev: (186.11, 32.45)
[M::mem_pestat] low and high boundaries for proper pairs: (24, 346)
[M::mem_pestat] skip orientation RF as there are not enough pairs
[M::mem_pestat] skip orientation RR as there are not enough pairs
[M::mem_process_seqs] Processed 646360 reads in 804.367 CPU sec, 103.263 real sec
[M::process] 0 single-end sequences; 646934 paired-end sequences
[M::process] read 647868 sequences (80000138 bp)...
[M::mem_pestat] # candidate unique pairs for (FF, FR, RF, RR): (0, 243992, 0, 0)
[M::mem_pestat] skip orientation FF as there are not enough pairs
[M::mem_pestat] analyzing insert size distribution for orientation FR...
[M::mem_pestat] (25, 50, 75) percentile: (162, 184, 208)
[M::mem_pestat] low and high boundaries for computing mean and std.dev: (70, 300)
[M::mem_pestat] mean and std.dev: (186.12, 32.44)
[M::mem_pestat] low and high boundaries for proper pairs: (24, 346)
[M::mem_pestat] skip orientation RF as there are not enough pairs
[M::mem_pestat] skip orientation RR as there are not enough pairs
[M::mem_process_seqs] Processed 646934 reads in 799.050 CPU sec, 102.593 real sec
[M::process] 0 single-end sequences; 647868 paired-end sequences
[M::process] read 646902 sequences (80000202 bp)...
[M::mem_pestat] # candidate unique pairs for (FF, FR, RF, RR): (0, 244365, 7, 0)
[M::mem_pestat] skip orientation FF as there are not enough pairs
[M::mem_pestat] analyzing insert size distribution for orientation FR...
[M::mem_pestat] (25, 50, 75) percentile: (162, 184, 209)
[M::mem_pestat] low and high boundaries for computing mean and std.dev: (68, 303)
[M::mem_pestat] mean and std.dev: (186.49, 32.51)
[M::mem_pestat] low and high boundaries for proper pairs: (21, 350)
[M::mem_pestat] skip orientation RF as there are not enough pairs
[M::mem_pestat] skip orientation RR as there are not enough pairs
[M::mem_process_seqs] Processed 647868 reads in 804.268 CPU sec, 103.229 real sec
[M::process] 0 single-end sequences; 646902 paired-end sequences
[M::process] read 646836 sequences (80000207 bp)...
[M::mem_pestat] # candidate unique pairs for (FF, FR, RF, RR): (0, 243955, 1, 0)
[M::mem_pestat] skip orientation FF as there are not enough pairs
[M::mem_pestat] analyzing insert size distribution for orientation FR...
[M::mem_pestat] (25, 50, 75) percentile: (162, 184, 209)
[M::mem_pestat] low and high boundaries for computing mean and std.dev: (68, 303)
[M::mem_pestat] mean and std.dev: (186.31, 32.50)
[M::mem_pestat] low and high boundaries for proper pairs: (21, 350)
[M::mem_pestat] skip orientation RF as there are not enough pairs
[M::mem_pestat] skip orientation RR as there are not enough pairs
[M::mem_process_seqs] Processed 646902 reads in 801.623 CPU sec, 102.918 real sec
[M::process] 0 single-end sequences; 646836 paired-end sequences
[M::process] read 646148 sequences (80000200 bp)...
[M::mem_pestat] # candidate unique pairs for (FF, FR, RF, RR): (0, 243715, 4, 1)
[M::mem_pestat] skip orientation FF as there are not enough pairs
[M::mem_pestat] analyzing insert size distribution for orientation FR...
[M::mem_pestat] (25, 50, 75) percentile: (162, 184, 209)
[M::mem_pestat] low and high boundaries for computing mean and std.dev: (68, 303)
[M::mem_pestat] mean and std.dev: (186.36, 32.50)
[M::mem_pestat] low and high boundaries for proper pairs: (21, 350)
[M::mem_pestat] skip orientation RF as there are not enough pairs
[M::mem_pestat] skip orientation RR as there are not enough pairs
[M::mem_process_seqs] Processed 646836 reads in 812.503 CPU sec, 104.276 real sec
[M::process] 0 single-end sequences; 646148 paired-end sequences
[M::process] read 648100 sequences (80000190 bp)...
[M::mem_pestat] # candidate unique pairs for (FF, FR, RF, RR): (0, 243284, 6, 0)
[M::mem_pestat] skip orientation FF as there are not enough pairs
[M::mem_pestat] analyzing insert size distribution for orientation FR...
[M::mem_pestat] (25, 50, 75) percentile: (162, 184, 208)
[M::mem_pestat] low and high boundaries for computing mean and std.dev: (70, 300)
[M::mem_pestat] mean and std.dev: (186.06, 32.45)
[M::mem_pestat] low and high boundaries for proper pairs: (24, 346)
[M::mem_pestat] skip orientation RF as there are not enough pairs
[M::mem_pestat] skip orientation RR as there are not enough pairs
[M::mem_process_seqs] Processed 646148 reads in 807.302 CPU sec, 103.631 real sec
[M::process] 0 single-end sequences; 648100 paired-end sequences
[M::process] read 647426 sequences (80000228 bp)...
[M::mem_pestat] # candidate unique pairs for (FF, FR, RF, RR): (0, 244008, 2, 0)
[M::mem_pestat] skip orientation FF as there are not enough pairs
[M::mem_pestat] analyzing insert size distribution for orientation FR...
[M::mem_pestat] (25, 50, 75) percentile: (162, 184, 209)
[M::mem_pestat] low and high boundaries for computing mean and std.dev: (68, 303)
[M::mem_pestat] mean and std.dev: (186.47, 32.53)
[M::mem_pestat] low and high boundaries for proper pairs: (21, 350)
[M::mem_pestat] skip orientation RF as there are not enough pairs
[M::mem_pestat] skip orientation RR as there are not enough pairs
[M::mem_process_seqs] Processed 648100 reads in 809.899 CPU sec, 103.950 real sec
[M::process] 0 single-end sequences; 647426 paired-end sequences
[M::process] read 647148 sequences (80000036 bp)...
[M::mem_pestat] # candidate unique pairs for (FF, FR, RF, RR): (0, 244337, 1, 0)
[M::mem_pestat] skip orientation FF as there are not enough pairs
[M::mem_pestat] analyzing insert size distribution for orientation FR...
[M::mem_pestat] (25, 50, 75) percentile: (162, 184, 209)
[M::mem_pestat] low and high boundaries for computing mean and std.dev: (68, 303)
[M::mem_pestat] mean and std.dev: (186.35, 32.46)
[M::mem_pestat] low and high boundaries for proper pairs: (21, 350)
[M::mem_pestat] skip orientation RF as there are not enough pairs
[M::mem_pestat] skip orientation RR as there are not enough pairs
[M::mem_process_seqs] Processed 647426 reads in 800.624 CPU sec, 102.796 real sec
[M::process] 0 single-end sequences; 647148 paired-end sequences
[M::process] read 646742 sequences (80000085 bp)...
[M::mem_pestat] # candidate unique pairs for (FF, FR, RF, RR): (0, 244359, 5, 0)
[M::mem_pestat] skip orientation FF as there are not enough pairs
[M::mem_pestat] analyzing insert size distribution for orientation FR...
[M::mem_pestat] (25, 50, 75) percentile: (162, 184, 209)
[M::mem_pestat] low and high boundaries for computing mean and std.dev: (68, 303)
[M::mem_pestat] mean and std.dev: (186.22, 32.45)
[M::mem_pestat] low and high boundaries for proper pairs: (21, 350)
[M::mem_pestat] skip orientation RF as there are not enough pairs
[M::mem_pestat] skip orientation RR as there are not enough pairs
[M::mem_process_seqs] Processed 647148 reads in 790.694 CPU sec, 101.518 real sec
[M::process] 0 single-end sequences; 646742 paired-end sequences
[M::process] read 647438 sequences (80000153 bp)...
[M::mem_pestat] # candidate unique pairs for (FF, FR, RF, RR): (0, 243879, 4, 0)
[M::mem_pestat] skip orientation FF as there are not enough pairs
[M::mem_pestat] analyzing insert size distribution for orientation FR...
[M::mem_pestat] (25, 50, 75) percentile: (162, 184, 208)
[M::mem_pestat] low and high boundaries for computing mean and std.dev: (70, 300)
[M::mem_pestat] mean and std.dev: (186.22, 32.41)
[M::mem_pestat] low and high boundaries for proper pairs: (24, 346)
[M::mem_pestat] skip orientation RF as there are not enough pairs
[M::mem_pestat] skip orientation RR as there are not enough pairs
[M::mem_process_seqs] Processed 646742 reads in 804.038 CPU sec, 103.208 real sec
[M::process] 0 single-end sequences; 647438 paired-end sequences
[M::process] read 648142 sequences (80000060 bp)...
[M::mem_pestat] # candidate unique pairs for (FF, FR, RF, RR): (0, 243473, 7, 0)
[M::mem_pestat] skip orientation FF as there are not enough pairs
[M::mem_pestat] analyzing insert size distribution for orientation FR...
[M::mem_pestat] (25, 50, 75) percentile: (162, 184, 208)
[M::mem_pestat] low and high boundaries for computing mean and std.dev: (70, 300)
[M::mem_pestat] mean and std.dev: (186.08, 32.44)
[M::mem_pestat] low and high boundaries for proper pairs: (24, 346)
[M::mem_pestat] skip orientation RF as there are not enough pairs
[M::mem_pestat] skip orientation RR as there are not enough pairs
[M::mem_process_seqs] Processed 647438 reads in 803.970 CPU sec, 103.176 real sec
[M::process] 0 single-end sequences; 648142 paired-end sequences
[M::process] read 647674 sequences (80000203 bp)...
[M::mem_pestat] # candidate unique pairs for (FF, FR, RF, RR): (0, 244001, 3, 0)
[M::mem_pestat] skip orientation FF as there are not enough pairs
[M::mem_pestat] analyzing insert size distribution for orientation FR...
[M::mem_pestat] (25, 50, 75) percentile: (162, 184, 209)
[M::mem_pestat] low and high boundaries for computing mean and std.dev: (68, 303)
[M::mem_pestat] mean and std.dev: (186.29, 32.48)
[M::mem_pestat] low and high boundaries for proper pairs: (21, 350)
[M::mem_pestat] skip orientation RF as there are not enough pairs
[M::mem_pestat] skip orientation RR as there are not enough pairs
[M::mem_process_seqs] Processed 648142 reads in 806.657 CPU sec, 103.529 real sec
[M::process] 0 single-end sequences; 647674 paired-end sequences
[M::process] read 647560 sequences (80000130 bp)...
[M::mem_pestat] # candidate unique pairs for (FF, FR, RF, RR): (0, 244395, 1, 0)
[M::mem_pestat] skip orientation FF as there are not enough pairs
[M::mem_pestat] analyzing insert size distribution for orientation FR...
[M::mem_pestat] (25, 50, 75) percentile: (162, 184, 209)
[M::mem_pestat] low and high boundaries for computing mean and std.dev: (68, 303)
[M::mem_pestat] mean and std.dev: (186.35, 32.51)
[M::mem_pestat] low and high boundaries for proper pairs: (21, 350)
[M::mem_pestat] skip orientation RF as there are not enough pairs
[M::mem_pestat] skip orientation RR as there are not enough pairs
[M::mem_process_seqs] Processed 647674 reads in 799.079 CPU sec, 102.606 real sec
[M::process] 0 single-end sequences; 647560 paired-end sequences
[M::process] read 647012 sequences (80000143 bp)...
[M::mem_pestat] # candidate unique pairs for (FF, FR, RF, RR): (0, 243855, 4, 0)
[M::mem_pestat] skip orientation FF as there are not enough pairs
[M::mem_pestat] analyzing insert size distribution for orientation FR...
[M::mem_pestat] (25, 50, 75) percentile: (162, 184, 208)
[M::mem_pestat] low and high boundaries for computing mean and std.dev: (70, 300)
[M::mem_pestat] mean and std.dev: (186.20, 32.45)
[M::mem_pestat] low and high boundaries for proper pairs: (24, 346)
[M::mem_pestat] skip orientation RF as there are not enough pairs
[M::mem_pestat] skip orientation RR as there are not enough pairs
[M::mem_process_seqs] Processed 647560 reads in 804.827 CPU sec, 103.290 real sec
[M::process] 0 single-end sequences; 647012 paired-end sequences
[M::process] read 648648 sequences (80000239 bp)...
[M::mem_pestat] # candidate unique pairs for (FF, FR, RF, RR): (0, 243238, 1, 0)
[M::mem_pestat] skip orientation FF as there are not enough pairs
[M::mem_pestat] analyzing insert size distribution for orientation FR...
[M::mem_pestat] (25, 50, 75) percentile: (162, 184, 208)
[M::mem_pestat] low and high boundaries for computing mean and std.dev: (70, 300)
[M::mem_pestat] mean and std.dev: (186.07, 32.46)
[M::mem_pestat] low and high boundaries for proper pairs: (24, 346)
[M::mem_pestat] skip orientation RF as there are not enough pairs
[M::mem_pestat] skip orientation RR as there are not enough pairs
[M::mem_process_seqs] Processed 647012 reads in 799.985 CPU sec, 102.686 real sec
[M::process] 0 single-end sequences; 648648 paired-end sequences
[M::process] read 647726 sequences (80000012 bp)...
[M::mem_pestat] # candidate unique pairs for (FF, FR, RF, RR): (0, 243901, 2, 0)
[M::mem_pestat] skip orientation FF as there are not enough pairs
[M::mem_pestat] analyzing insert size distribution for orientation FR...
[M::mem_pestat] (25, 50, 75) percentile: (162, 184, 209)
[M::mem_pestat] low and high boundaries for computing mean and std.dev: (68, 303)
[M::mem_pestat] mean and std.dev: (186.51, 32.55)
[M::mem_pestat] low and high boundaries for proper pairs: (21, 350)
[M::mem_pestat] skip orientation RF as there are not enough pairs
[M::mem_pestat] skip orientation RR as there are not enough pairs
[M::mem_process_seqs] Processed 648648 reads in 817.623 CPU sec, 104.908 real sec
[M::process] 0 single-end sequences; 647726 paired-end sequences
[M::process] read 647516 sequences (80000235 bp)...
[M::mem_pestat] # candidate unique pairs for (FF, FR, RF, RR): (0, 244320, 4, 0)
[M::mem_pestat] skip orientation FF as there are not enough pairs
[M::mem_pestat] analyzing insert size distribution for orientation FR...
[M::mem_pestat] (25, 50, 75) percentile: (162, 184, 209)
[M::mem_pestat] low and high boundaries for computing mean and std.dev: (68, 303)
[M::mem_pestat] mean and std.dev: (186.31, 32.56)
[M::mem_pestat] low and high boundaries for proper pairs: (21, 350)
[M::mem_pestat] skip orientation RF as there are not enough pairs
[M::mem_pestat] skip orientation RR as there are not enough pairs
[M::mem_process_seqs] Processed 647726 reads in 802.170 CPU sec, 102.974 real sec
[M::process] 0 single-end sequences; 647516 paired-end sequences
[M::process] read 647474 sequences (80000007 bp)...
[M::mem_pestat] # candidate unique pairs for (FF, FR, RF, RR): (0, 243887, 10, 0)
[M::mem_pestat] skip orientation FF as there are not enough pairs
[M::mem_pestat] analyzing insert size distribution for orientation FR...
[M::mem_pestat] (25, 50, 75) percentile: (162, 184, 209)
[M::mem_pestat] low and high boundaries for computing mean and std.dev: (68, 303)
[M::mem_pestat] mean and std.dev: (186.19, 32.52)
[M::mem_pestat] low and high boundaries for proper pairs: (21, 350)
[M::mem_pestat] analyzing insert size distribution for orientation RF...
[M::mem_pestat] (25, 50, 75) percentile: (127, 175, 185)
[M::mem_pestat] low and high boundaries for computing mean and std.dev: (11, 301)
[M::mem_pestat] mean and std.dev: (159.67, 31.44)
[M::mem_pestat] low and high boundaries for proper pairs: (1, 359)
[M::mem_pestat] skip orientation RR as there are not enough pairs
[M::mem_pestat] skip orientation RF
[M::mem_process_seqs] Processed 647516 reads in 804.215 CPU sec, 103.222 real sec
[M::process] 0 single-end sequences; 647474 paired-end sequences
[M::process] read 647918 sequences (80000117 bp)...
[M::mem_pestat] # candidate unique pairs for (FF, FR, RF, RR): (0, 243562, 5, 0)
[M::mem_pestat] skip orientation FF as there are not enough pairs
[M::mem_pestat] analyzing insert size distribution for orientation FR...
[M::mem_pestat] (25, 50, 75) percentile: (162, 184, 208)
[M::mem_pestat] low and high boundaries for computing mean and std.dev: (70, 300)
[M::mem_pestat] mean and std.dev: (186.09, 32.46)
[M::mem_pestat] low and high boundaries for proper pairs: (24, 346)
[M::mem_pestat] skip orientation RF as there are not enough pairs
[M::mem_pestat] skip orientation RR as there are not enough pairs
[M::mem_process_seqs] Processed 647474 reads in 806.600 CPU sec, 103.532 real sec
[M::process] 0 single-end sequences; 647918 paired-end sequences
[M::process] read 647234 sequences (80000018 bp)...
[M::mem_pestat] # candidate unique pairs for (FF, FR, RF, RR): (0, 243632, 4, 0)
[M::mem_pestat] skip orientation FF as there are not enough pairs
[M::mem_pestat] analyzing insert size distribution for orientation FR...
[M::mem_pestat] (25, 50, 75) percentile: (162, 184, 209)
[M::mem_pestat] low and high boundaries for computing mean and std.dev: (68, 303)
[M::mem_pestat] mean and std.dev: (186.38, 32.50)
[M::mem_pestat] low and high boundaries for proper pairs: (21, 350)
[M::mem_pestat] skip orientation RF as there are not enough pairs
[M::mem_pestat] skip orientation RR as there are not enough pairs
[M::mem_process_seqs] Processed 647918 reads in 809.056 CPU sec, 103.828 real sec
[M::process] 0 single-end sequences; 647234 paired-end sequences
[M::process] read 646590 sequences (80000193 bp)...
[M::mem_pestat] # candidate unique pairs for (FF, FR, RF, RR): (0, 243650, 4, 0)
[M::mem_pestat] skip orientation FF as there are not enough pairs
[M::mem_pestat] analyzing insert size distribution for orientation FR...
[M::mem_pestat] (25, 50, 75) percentile: (162, 184, 209)
[M::mem_pestat] low and high boundaries for computing mean and std.dev: (68, 303)
[M::mem_pestat] mean and std.dev: (186.31, 32.52)
[M::mem_pestat] low and high boundaries for proper pairs: (21, 350)
[M::mem_pestat] skip orientation RF as there are not enough pairs
[M::mem_pestat] skip orientation RR as there are not enough pairs
[M::mem_process_seqs] Processed 647234 reads in 809.799 CPU sec, 103.925 real sec
[M::process] 0 single-end sequences; 646590 paired-end sequences
[M::process] read 646192 sequences (80000161 bp)...
[M::mem_pestat] # candidate unique pairs for (FF, FR, RF, RR): (0, 243934, 3, 0)
[M::mem_pestat] skip orientation FF as there are not enough pairs
[M::mem_pestat] analyzing insert size distribution for orientation FR...
[M::mem_pestat] (25, 50, 75) percentile: (162, 184, 209)
[M::mem_pestat] low and high boundaries for computing mean and std.dev: (68, 303)
[M::mem_pestat] mean and std.dev: (186.39, 32.51)
[M::mem_pestat] low and high boundaries for proper pairs: (21, 350)
[M::mem_pestat] skip orientation RF as there are not enough pairs
[M::mem_pestat] skip orientation RR as there are not enough pairs
[M::mem_process_seqs] Processed 646590 reads in 800.017 CPU sec, 102.707 real sec
[M::process] 0 single-end sequences; 646192 paired-end sequences
[M::process] read 645934 sequences (80000189 bp)...
[M::mem_pestat] # candidate unique pairs for (FF, FR, RF, RR): (0, 243058, 7, 0)
[M::mem_pestat] skip orientation FF as there are not enough pairs
[M::mem_pestat] analyzing insert size distribution for orientation FR...
[M::mem_pestat] (25, 50, 75) percentile: (162, 184, 208)
[M::mem_pestat] low and high boundaries for computing mean and std.dev: (70, 300)
[M::mem_pestat] mean and std.dev: (186.16, 32.42)
[M::mem_pestat] low and high boundaries for proper pairs: (24, 346)
[M::mem_pestat] skip orientation RF as there are not enough pairs
[M::mem_pestat] skip orientation RR as there are not enough pairs
[M::mem_process_seqs] Processed 646192 reads in 814.133 CPU sec, 104.452 real sec
[M::process] 0 single-end sequences; 645934 paired-end sequences
[M::process] read 648152 sequences (80000188 bp)...
[M::mem_pestat] # candidate unique pairs for (FF, FR, RF, RR): (0, 243562, 3, 0)
[M::mem_pestat] skip orientation FF as there are not enough pairs
[M::mem_pestat] analyzing insert size distribution for orientation FR...
[M::mem_pestat] (25, 50, 75) percentile: (162, 184, 208)
[M::mem_pestat] low and high boundaries for computing mean and std.dev: (70, 300)
[M::mem_pestat] mean and std.dev: (186.14, 32.44)
[M::mem_pestat] low and high boundaries for proper pairs: (24, 346)
[M::mem_pestat] skip orientation RF as there are not enough pairs
[M::mem_pestat] skip orientation RR as there are not enough pairs
[M::mem_process_seqs] Processed 645934 reads in 801.036 CPU sec, 102.837 real sec
[M::process] 0 single-end sequences; 648152 paired-end sequences
[M::process] read 647196 sequences (80000034 bp)...
[M::mem_pestat] # candidate unique pairs for (FF, FR, RF, RR): (0, 244152, 3, 0)
[M::mem_pestat] skip orientation FF as there are not enough pairs
[M::mem_pestat] analyzing insert size distribution for orientation FR...
[M::mem_pestat] (25, 50, 75) percentile: (162, 184, 209)
[M::mem_pestat] low and high boundaries for computing mean and std.dev: (68, 303)
[M::mem_pestat] mean and std.dev: (186.32, 32.53)
[M::mem_pestat] low and high boundaries for proper pairs: (21, 350)
[M::mem_pestat] skip orientation RF as there are not enough pairs
[M::mem_pestat] skip orientation RR as there are not enough pairs
[M::mem_process_seqs] Processed 648152 reads in 806.857 CPU sec, 103.572 real sec
[M::process] 0 single-end sequences; 647196 paired-end sequences
[M::process] read 646980 sequences (80000093 bp)...
[M::mem_pestat] # candidate unique pairs for (FF, FR, RF, RR): (0, 244307, 4, 0)
[M::mem_pestat] skip orientation FF as there are not enough pairs
[M::mem_pestat] analyzing insert size distribution for orientation FR...
[M::mem_pestat] (25, 50, 75) percentile: (162, 184, 209)
[M::mem_pestat] low and high boundaries for computing mean and std.dev: (68, 303)
[M::mem_pestat] mean and std.dev: (186.31, 32.47)
[M::mem_pestat] low and high boundaries for proper pairs: (21, 350)
[M::mem_pestat] skip orientation RF as there are not enough pairs
[M::mem_pestat] skip orientation RR as there are not enough pairs
[M::mem_process_seqs] Processed 647196 reads in 803.118 CPU sec, 103.088 real sec
[M::process] 0 single-end sequences; 646980 paired-end sequences
[M::process] read 646110 sequences (80000178 bp)...
[M::mem_pestat] # candidate unique pairs for (FF, FR, RF, RR): (0, 243659, 3, 0)
[M::mem_pestat] skip orientation FF as there are not enough pairs
[M::mem_pestat] analyzing insert size distribution for orientation FR...
[M::mem_pestat] (25, 50, 75) percentile: (162, 184, 209)
[M::mem_pestat] low and high boundaries for computing mean and std.dev: (68, 303)
[M::mem_pestat] mean and std.dev: (186.23, 32.48)
[M::mem_pestat] low and high boundaries for proper pairs: (21, 350)
[M::mem_pestat] skip orientation RF as there are not enough pairs
[M::mem_pestat] skip orientation RR as there are not enough pairs
[M::mem_process_seqs] Processed 646980 reads in 801.916 CPU sec, 102.932 real sec
[M::process] 0 single-end sequences; 646110 paired-end sequences
[M::process] read 646834 sequences (80000212 bp)...
[M::mem_pestat] # candidate unique pairs for (FF, FR, RF, RR): (0, 243806, 6, 0)
[M::mem_pestat] skip orientation FF as there are not enough pairs
[M::mem_pestat] analyzing insert size distribution for orientation FR...
[M::mem_pestat] (25, 50, 75) percentile: (162, 184, 208)
[M::mem_pestat] low and high boundaries for computing mean and std.dev: (70, 300)
[M::mem_pestat] mean and std.dev: (186.01, 32.45)
[M::mem_pestat] low and high boundaries for proper pairs: (24, 346)
[M::mem_pestat] skip orientation RF as there are not enough pairs
[M::mem_pestat] skip orientation RR as there are not enough pairs
[M::mem_process_seqs] Processed 646110 reads in 809.385 CPU sec, 103.862 real sec
[M::process] 0 single-end sequences; 646834 paired-end sequences
[M::process] read 646710 sequences (80000134 bp)...
[M::mem_pestat] # candidate unique pairs for (FF, FR, RF, RR): (0, 243356, 2, 0)
[M::mem_pestat] skip orientation FF as there are not enough pairs
[M::mem_pestat] analyzing insert size distribution for orientation FR...
[M::mem_pestat] (25, 50, 75) percentile: (162, 184, 208)
[M::mem_pestat] low and high boundaries for computing mean and std.dev: (70, 300)
[M::mem_pestat] mean and std.dev: (186.22, 32.42)
[M::mem_pestat] low and high boundaries for proper pairs: (24, 346)
[M::mem_pestat] skip orientation RF as there are not enough pairs
[M::mem_pestat] skip orientation RR as there are not enough pairs
[M::mem_process_seqs] Processed 646834 reads in 811.826 CPU sec, 104.163 real sec
[M::process] 0 single-end sequences; 646710 paired-end sequences
[M::process] read 646218 sequences (80000179 bp)...
[M::mem_pestat] # candidate unique pairs for (FF, FR, RF, RR): (0, 243306, 8, 0)
[M::mem_pestat] skip orientation FF as there are not enough pairs
[M::mem_pestat] analyzing insert size distribution for orientation FR...
[M::mem_pestat] (25, 50, 75) percentile: (162, 184, 209)
[M::mem_pestat] low and high boundaries for computing mean and std.dev: (68, 303)
[M::mem_pestat] mean and std.dev: (186.40, 32.47)
[M::mem_pestat] low and high boundaries for proper pairs: (21, 350)
[M::mem_pestat] skip orientation RF as there are not enough pairs
[M::mem_pestat] skip orientation RR as there are not enough pairs
[M::mem_process_seqs] Processed 646710 reads in 815.280 CPU sec, 104.609 real sec
[M::process] 0 single-end sequences; 646218 paired-end sequences
[M::process] read 646160 sequences (80000224 bp)...
[M::mem_pestat] # candidate unique pairs for (FF, FR, RF, RR): (0, 243567, 4, 0)
[M::mem_pestat] skip orientation FF as there are not enough pairs
[M::mem_pestat] analyzing insert size distribution for orientation FR...
[M::mem_pestat] (25, 50, 75) percentile: (162, 184, 209)
[M::mem_pestat] low and high boundaries for computing mean and std.dev: (68, 303)
[M::mem_pestat] mean and std.dev: (186.26, 32.51)
[M::mem_pestat] low and high boundaries for proper pairs: (21, 350)
[M::mem_pestat] skip orientation RF as there are not enough pairs
[M::mem_pestat] skip orientation RR as there are not enough pairs
[M::mem_process_seqs] Processed 646218 reads in 813.388 CPU sec, 104.367 real sec
[M::process] 0 single-end sequences; 646160 paired-end sequences
[M::process] read 645792 sequences (80000152 bp)...
[M::mem_pestat] # candidate unique pairs for (FF, FR, RF, RR): (0, 243301, 2, 0)
[M::mem_pestat] skip orientation FF as there are not enough pairs
[M::mem_pestat] analyzing insert size distribution for orientation FR...
[M::mem_pestat] (25, 50, 75) percentile: (162, 184, 208)
[M::mem_pestat] low and high boundaries for computing mean and std.dev: (70, 300)
[M::mem_pestat] mean and std.dev: (186.12, 32.53)
[M::mem_pestat] low and high boundaries for proper pairs: (24, 346)
[M::mem_pestat] skip orientation RF as there are not enough pairs
[M::mem_pestat] skip orientation RR as there are not enough pairs
[M::mem_process_seqs] Processed 646160 reads in 822.100 CPU sec, 105.451 real sec
[M::process] 0 single-end sequences; 645792 paired-end sequences
[M::process] read 648390 sequences (80000230 bp)...
[M::mem_pestat] # candidate unique pairs for (FF, FR, RF, RR): (0, 243075, 3, 0)
[M::mem_pestat] skip orientation FF as there are not enough pairs
[M::mem_pestat] analyzing insert size distribution for orientation FR...
[M::mem_pestat] (25, 50, 75) percentile: (162, 184, 208)
[M::mem_pestat] low and high boundaries for computing mean and std.dev: (70, 300)
[M::mem_pestat] mean and std.dev: (186.03, 32.42)
[M::mem_pestat] low and high boundaries for proper pairs: (24, 346)
[M::mem_pestat] skip orientation RF as there are not enough pairs
[M::mem_pestat] skip orientation RR as there are not enough pairs
[M::mem_process_seqs] Processed 645792 reads in 812.216 CPU sec, 104.213 real sec
[M::process] 0 single-end sequences; 648390 paired-end sequences
[M::process] read 647614 sequences (80000062 bp)...
[M::mem_pestat] # candidate unique pairs for (FF, FR, RF, RR): (0, 243663, 5, 0)
[M::mem_pestat] skip orientation FF as there are not enough pairs
[M::mem_pestat] analyzing insert size distribution for orientation FR...
[M::mem_pestat] (25, 50, 75) percentile: (162, 184, 209)
[M::mem_pestat] low and high boundaries for computing mean and std.dev: (68, 303)
[M::mem_pestat] mean and std.dev: (186.42, 32.39)
[M::mem_pestat] low and high boundaries for proper pairs: (21, 350)
[M::mem_pestat] skip orientation RF as there are not enough pairs
[M::mem_pestat] skip orientation RR as there are not enough pairs
[M::mem_process_seqs] Processed 648390 reads in 831.891 CPU sec, 106.671 real sec
[M::process] 0 single-end sequences; 647614 paired-end sequences
[M::process] read 646946 sequences (80000140 bp)...
[M::mem_pestat] # candidate unique pairs for (FF, FR, RF, RR): (0, 243797, 4, 0)
[M::mem_pestat] skip orientation FF as there are not enough pairs
[M::mem_pestat] analyzing insert size distribution for orientation FR...
[M::mem_pestat] (25, 50, 75) percentile: (162, 184, 209)
[M::mem_pestat] low and high boundaries for computing mean and std.dev: (68, 303)
[M::mem_pestat] mean and std.dev: (186.54, 32.52)
[M::mem_pestat] low and high boundaries for proper pairs: (21, 350)
[M::mem_pestat] skip orientation RF as there are not enough pairs
[M::mem_pestat] skip orientation RR as there are not enough pairs
[M::mem_process_seqs] Processed 647614 reads in 806.838 CPU sec, 103.580 real sec
[M::process] 0 single-end sequences; 646946 paired-end sequences
[M::process] read 646804 sequences (80000147 bp)...
[M::mem_pestat] # candidate unique pairs for (FF, FR, RF, RR): (0, 243597, 5, 0)
[M::mem_pestat] skip orientation FF as there are not enough pairs
[M::mem_pestat] analyzing insert size distribution for orientation FR...
[M::mem_pestat] (25, 50, 75) percentile: (162, 184, 209)
[M::mem_pestat] low and high boundaries for computing mean and std.dev: (68, 303)
[M::mem_pestat] mean and std.dev: (186.32, 32.51)
[M::mem_pestat] low and high boundaries for proper pairs: (21, 350)
[M::mem_pestat] skip orientation RF as there are not enough pairs
[M::mem_pestat] skip orientation RR as there are not enough pairs
[M::mem_process_seqs] Processed 646946 reads in 801.654 CPU sec, 102.912 real sec
[M::process] 0 single-end sequences; 646804 paired-end sequences
[M::process] read 647704 sequences (80000177 bp)...
[M::mem_pestat] # candidate unique pairs for (FF, FR, RF, RR): (0, 243773, 5, 0)
[M::mem_pestat] skip orientation FF as there are not enough pairs
[M::mem_pestat] analyzing insert size distribution for orientation FR...
[M::mem_pestat] (25, 50, 75) percentile: (162, 184, 208)
[M::mem_pestat] low and high boundaries for computing mean and std.dev: (70, 300)
[M::mem_pestat] mean and std.dev: (186.08, 32.45)
[M::mem_pestat] low and high boundaries for proper pairs: (24, 346)
[M::mem_pestat] skip orientation RF as there are not enough pairs
[M::mem_pestat] skip orientation RR as there are not enough pairs
[M::mem_process_seqs] Processed 646804 reads in 801.240 CPU sec, 102.850 real sec
[M::process] 0 single-end sequences; 647704 paired-end sequences
[M::process] read 647980 sequences (80000075 bp)...
[M::mem_pestat] # candidate unique pairs for (FF, FR, RF, RR): (0, 243433, 3, 0)
[M::mem_pestat] skip orientation FF as there are not enough pairs
[M::mem_pestat] analyzing insert size distribution for orientation FR...
[M::mem_pestat] (25, 50, 75) percentile: (162, 184, 209)
[M::mem_pestat] low and high boundaries for computing mean and std.dev: (68, 303)
[M::mem_pestat] mean and std.dev: (186.23, 32.48)
[M::mem_pestat] low and high boundaries for proper pairs: (21, 350)
[M::mem_pestat] skip orientation RF as there are not enough pairs
[M::mem_pestat] skip orientation RR as there are not enough pairs
[M::mem_process_seqs] Processed 647704 reads in 815.371 CPU sec, 104.598 real sec
[M::process] 0 single-end sequences; 647980 paired-end sequences
[M::process] read 647616 sequences (80000092 bp)...
[M::mem_pestat] # candidate unique pairs for (FF, FR, RF, RR): (0, 243604, 6, 0)
[M::mem_pestat] skip orientation FF as there are not enough pairs
[M::mem_pestat] analyzing insert size distribution for orientation FR...
[M::mem_pestat] (25, 50, 75) percentile: (162, 184, 209)
[M::mem_pestat] low and high boundaries for computing mean and std.dev: (68, 303)
[M::mem_pestat] mean and std.dev: (186.47, 32.53)
[M::mem_pestat] low and high boundaries for proper pairs: (21, 350)
[M::mem_pestat] skip orientation RF as there are not enough pairs
[M::mem_pestat] skip orientation RR as there are not enough pairs
[M::mem_process_seqs] Processed 647980 reads in 812.050 CPU sec, 104.210 real sec
[M::process] 0 single-end sequences; 647616 paired-end sequences
[M::process] read 647476 sequences (80000089 bp)...
[M::mem_pestat] # candidate unique pairs for (FF, FR, RF, RR): (0, 244131, 3, 0)
[M::mem_pestat] skip orientation FF as there are not enough pairs
[M::mem_pestat] analyzing insert size distribution for orientation FR...
[M::mem_pestat] (25, 50, 75) percentile: (162, 184, 209)
[M::mem_pestat] low and high boundaries for computing mean and std.dev: (68, 303)
[M::mem_pestat] mean and std.dev: (186.30, 32.50)
[M::mem_pestat] low and high boundaries for proper pairs: (21, 350)
[M::mem_pestat] skip orientation RF as there are not enough pairs
[M::mem_pestat] skip orientation RR as there are not enough pairs
[M::mem_process_seqs] Processed 647616 reads in 797.217 CPU sec, 102.351 real sec
[M::process] 0 single-end sequences; 647476 paired-end sequences
[M::process] read 646998 sequences (80000181 bp)...
[M::mem_pestat] # candidate unique pairs for (FF, FR, RF, RR): (0, 243449, 4, 0)
[M::mem_pestat] skip orientation FF as there are not enough pairs
[M::mem_pestat] analyzing insert size distribution for orientation FR...
[M::mem_pestat] (25, 50, 75) percentile: (162, 184, 208)
[M::mem_pestat] low and high boundaries for computing mean and std.dev: (70, 300)
[M::mem_pestat] mean and std.dev: (186.03, 32.48)
[M::mem_pestat] low and high boundaries for proper pairs: (24, 346)
[M::mem_pestat] skip orientation RF as there are not enough pairs
[M::mem_pestat] skip orientation RR as there are not enough pairs
[M::mem_process_seqs] Processed 647476 reads in 814.672 CPU sec, 104.526 real sec
[M::process] 0 single-end sequences; 646998 paired-end sequences
[M::process] read 647740 sequences (80000158 bp)...
[M::mem_pestat] # candidate unique pairs for (FF, FR, RF, RR): (0, 243830, 4, 0)
[M::mem_pestat] skip orientation FF as there are not enough pairs
[M::mem_pestat] analyzing insert size distribution for orientation FR...
[M::mem_pestat] (25, 50, 75) percentile: (162, 184, 208)
[M::mem_pestat] low and high boundaries for computing mean and std.dev: (70, 300)
[M::mem_pestat] mean and std.dev: (185.97, 32.46)
[M::mem_pestat] low and high boundaries for proper pairs: (24, 346)
[M::mem_pestat] skip orientation RF as there are not enough pairs
[M::mem_pestat] skip orientation RR as there are not enough pairs
[M::mem_process_seqs] Processed 646998 reads in 799.359 CPU sec, 102.634 real sec
[M::process] 0 single-end sequences; 647740 paired-end sequences
[M::process] read 646642 sequences (80000035 bp)...
[M::mem_pestat] # candidate unique pairs for (FF, FR, RF, RR): (0, 243171, 4, 0)
[M::mem_pestat] skip orientation FF as there are not enough pairs
[M::mem_pestat] analyzing insert size distribution for orientation FR...
[M::mem_pestat] (25, 50, 75) percentile: (162, 184, 209)
[M::mem_pestat] low and high boundaries for computing mean and std.dev: (68, 303)
[M::mem_pestat] mean and std.dev: (186.41, 32.51)
[M::mem_pestat] low and high boundaries for proper pairs: (21, 350)
[M::mem_pestat] skip orientation RF as there are not enough pairs
[M::mem_pestat] skip orientation RR as there are not enough pairs
[M::mem_process_seqs] Processed 647740 reads in 832.366 CPU sec, 106.748 real sec
[M::process] 0 single-end sequences; 646642 paired-end sequences
[M::process] read 646806 sequences (80000121 bp)...
[M::mem_pestat] # candidate unique pairs for (FF, FR, RF, RR): (0, 243482, 1, 0)
[M::mem_pestat] skip orientation FF as there are not enough pairs
[M::mem_pestat] analyzing insert size distribution for orientation FR...
[M::mem_pestat] (25, 50, 75) percentile: (162, 184, 209)
[M::mem_pestat] low and high boundaries for computing mean and std.dev: (68, 303)
[M::mem_pestat] mean and std.dev: (186.43, 32.49)
[M::mem_pestat] low and high boundaries for proper pairs: (21, 350)
[M::mem_pestat] skip orientation RF as there are not enough pairs
[M::mem_pestat] skip orientation RR as there are not enough pairs
[M::mem_process_seqs] Processed 646642 reads in 818.423 CPU sec, 104.999 real sec
[M::process] 0 single-end sequences; 646806 paired-end sequences
[M::process] read 646126 sequences (80000119 bp)...
[M::mem_pestat] # candidate unique pairs for (FF, FR, RF, RR): (0, 243355, 4, 0)
[M::mem_pestat] skip orientation FF as there are not enough pairs
[M::mem_pestat] analyzing insert size distribution for orientation FR...
[M::mem_pestat] (25, 50, 75) percentile: (162, 184, 208)
[M::mem_pestat] low and high boundaries for computing mean and std.dev: (70, 300)
[M::mem_pestat] mean and std.dev: (186.05, 32.48)
[M::mem_pestat] low and high boundaries for proper pairs: (24, 346)
[M::mem_pestat] skip orientation RF as there are not enough pairs
[M::mem_pestat] skip orientation RR as there are not enough pairs
[M::mem_process_seqs] Processed 646806 reads in 811.946 CPU sec, 104.547 real sec
[M::process] 0 single-end sequences; 646126 paired-end sequences
[M::process] read 647584 sequences (80000072 bp)...
[M::mem_pestat] # candidate unique pairs for (FF, FR, RF, RR): (0, 242399, 7, 0)
[M::mem_pestat] skip orientation FF as there are not enough pairs
[M::mem_pestat] analyzing insert size distribution for orientation FR...
[M::mem_pestat] (25, 50, 75) percentile: (162, 184, 208)
[M::mem_pestat] low and high boundaries for computing mean and std.dev: (70, 300)
[M::mem_pestat] mean and std.dev: (186.11, 32.47)
[M::mem_pestat] low and high boundaries for proper pairs: (24, 346)
[M::mem_pestat] skip orientation RF as there are not enough pairs
[M::mem_pestat] skip orientation RR as there are not enough pairs
[M::mem_process_seqs] Processed 646126 reads in 821.974 CPU sec, 105.438 real sec
[M::process] 0 single-end sequences; 647584 paired-end sequences
[M::process] read 646724 sequences (80000077 bp)...
[M::mem_pestat] # candidate unique pairs for (FF, FR, RF, RR): (0, 243275, 5, 0)
[M::mem_pestat] skip orientation FF as there are not enough pairs
[M::mem_pestat] analyzing insert size distribution for orientation FR...
[M::mem_pestat] (25, 50, 75) percentile: (162, 184, 209)
[M::mem_pestat] low and high boundaries for computing mean and std.dev: (68, 303)
[M::mem_pestat] mean and std.dev: (186.31, 32.40)
[M::mem_pestat] low and high boundaries for proper pairs: (21, 350)
[M::mem_pestat] skip orientation RF as there are not enough pairs
[M::mem_pestat] skip orientation RR as there are not enough pairs
[M::mem_process_seqs] Processed 647584 reads in 819.020 CPU sec, 105.094 real sec
[M::process] 0 single-end sequences; 646724 paired-end sequences
[M::process] read 646302 sequences (80000097 bp)...
[M::mem_pestat] # candidate unique pairs for (FF, FR, RF, RR): (0, 243749, 6, 0)
[M::mem_pestat] skip orientation FF as there are not enough pairs
[M::mem_pestat] analyzing insert size distribution for orientation FR...
[M::mem_pestat] (25, 50, 75) percentile: (162, 184, 209)
[M::mem_pestat] low and high boundaries for computing mean and std.dev: (68, 303)
[M::mem_pestat] mean and std.dev: (186.42, 32.54)
[M::mem_pestat] low and high boundaries for proper pairs: (21, 350)
[M::mem_pestat] skip orientation RF as there are not enough pairs
[M::mem_pestat] skip orientation RR as there are not enough pairs
[M::mem_process_seqs] Processed 646724 reads in 811.872 CPU sec, 104.211 real sec
[M::process] 0 single-end sequences; 646302 paired-end sequences
[M::process] read 649266 sequences (80000149 bp)...
[M::mem_pestat] # candidate unique pairs for (FF, FR, RF, RR): (0, 243031, 3, 0)
[M::mem_pestat] skip orientation FF as there are not enough pairs
[M::mem_pestat] analyzing insert size distribution for orientation FR...
[M::mem_pestat] (25, 50, 75) percentile: (162, 184, 209)
[M::mem_pestat] low and high boundaries for computing mean and std.dev: (68, 303)
[M::mem_pestat] mean and std.dev: (186.44, 32.54)
[M::mem_pestat] low and high boundaries for proper pairs: (21, 350)
[M::mem_pestat] skip orientation RF as there are not enough pairs
[M::mem_pestat] skip orientation RR as there are not enough pairs
[M::mem_process_seqs] Processed 646302 reads in 810.090 CPU sec, 103.978 real sec
[M::process] 0 single-end sequences; 649266 paired-end sequences
[M::process] read 647970 sequences (80000027 bp)...
[M::mem_pestat] # candidate unique pairs for (FF, FR, RF, RR): (0, 243487, 2, 0)
[M::mem_pestat] skip orientation FF as there are not enough pairs
[M::mem_pestat] analyzing insert size distribution for orientation FR...
[M::mem_pestat] (25, 50, 75) percentile: (162, 184, 208)
[M::mem_pestat] low and high boundaries for computing mean and std.dev: (70, 300)
[M::mem_pestat] mean and std.dev: (186.10, 32.49)
[M::mem_pestat] low and high boundaries for proper pairs: (24, 346)
[M::mem_pestat] skip orientation RF as there are not enough pairs
[M::mem_pestat] skip orientation RR as there are not enough pairs
[M::mem_process_seqs] Processed 649266 reads in 865.700 CPU sec, 110.912 real sec
[M::process] 0 single-end sequences; 647970 paired-end sequences
[M::process] read 646802 sequences (80000136 bp)...
[M::mem_pestat] # candidate unique pairs for (FF, FR, RF, RR): (0, 243517, 6, 0)
[M::mem_pestat] skip orientation FF as there are not enough pairs
[M::mem_pestat] analyzing insert size distribution for orientation FR...
[M::mem_pestat] (25, 50, 75) percentile: (162, 184, 208)
[M::mem_pestat] low and high boundaries for computing mean and std.dev: (70, 300)
[M::mem_pestat] mean and std.dev: (186.06, 32.49)
[M::mem_pestat] low and high boundaries for proper pairs: (24, 346)
[M::mem_pestat] skip orientation RF as there are not enough pairs
[M::mem_pestat] skip orientation RR as there are not enough pairs
[M::mem_process_seqs] Processed 647970 reads in 835.461 CPU sec, 107.135 real sec
[M::process] 0 single-end sequences; 646802 paired-end sequences
[M::process] read 646072 sequences (80000089 bp)...
[M::mem_pestat] # candidate unique pairs for (FF, FR, RF, RR): (0, 243397, 9, 0)
[M::mem_pestat] skip orientation FF as there are not enough pairs
[M::mem_pestat] analyzing insert size distribution for orientation FR...
[M::mem_pestat] (25, 50, 75) percentile: (162, 184, 209)
[M::mem_pestat] low and high boundaries for computing mean and std.dev: (68, 303)
[M::mem_pestat] mean and std.dev: (186.45, 32.45)
[M::mem_pestat] low and high boundaries for proper pairs: (21, 350)
[M::mem_pestat] skip orientation RF as there are not enough pairs
[M::mem_pestat] skip orientation RR as there are not enough pairs
[M::mem_process_seqs] Processed 646802 reads in 808.668 CPU sec, 103.785 real sec
[M::process] 0 single-end sequences; 646072 paired-end sequences
[M::process] read 646040 sequences (80000074 bp)...
[M::mem_pestat] # candidate unique pairs for (FF, FR, RF, RR): (0, 243637, 2, 0)
[M::mem_pestat] skip orientation FF as there are not enough pairs
[M::mem_pestat] analyzing insert size distribution for orientation FR...
[M::mem_pestat] (25, 50, 75) percentile: (162, 184, 208)
[M::mem_pestat] low and high boundaries for computing mean and std.dev: (70, 300)
[M::mem_pestat] mean and std.dev: (186.19, 32.45)
[M::mem_pestat] low and high boundaries for proper pairs: (24, 346)
[M::mem_pestat] skip orientation RF as there are not enough pairs
[M::mem_pestat] skip orientation RR as there are not enough pairs
[M::mem_process_seqs] Processed 646072 reads in 803.480 CPU sec, 103.141 real sec
[M::process] 0 single-end sequences; 646040 paired-end sequences
[M::process] read 651378 sequences (80000216 bp)...
[M::mem_pestat] # candidate unique pairs for (FF, FR, RF, RR): (0, 243368, 5, 0)
[M::mem_pestat] skip orientation FF as there are not enough pairs
[M::mem_pestat] analyzing insert size distribution for orientation FR...
[M::mem_pestat] (25, 50, 75) percentile: (162, 184, 208)
[M::mem_pestat] low and high boundaries for computing mean and std.dev: (70, 300)
[M::mem_pestat] mean and std.dev: (186.19, 32.47)
[M::mem_pestat] low and high boundaries for proper pairs: (24, 346)
[M::mem_pestat] skip orientation RF as there are not enough pairs
[M::mem_pestat] skip orientation RR as there are not enough pairs
[M::mem_process_seqs] Processed 646040 reads in 815.856 CPU sec, 104.695 real sec
[M::process] 0 single-end sequences; 651378 paired-end sequences
[M::process] read 647254 sequences (80000086 bp)...
[M::mem_pestat] # candidate unique pairs for (FF, FR, RF, RR): (0, 244217, 4, 0)
[M::mem_pestat] skip orientation FF as there are not enough pairs
[M::mem_pestat] analyzing insert size distribution for orientation FR...
[M::mem_pestat] (25, 50, 75) percentile: (162, 183, 208)
[M::mem_pestat] low and high boundaries for computing mean and std.dev: (70, 300)
[M::mem_pestat] mean and std.dev: (185.93, 32.46)
[M::mem_pestat] low and high boundaries for proper pairs: (24, 346)
[M::mem_pestat] skip orientation RF as there are not enough pairs
[M::mem_pestat] skip orientation RR as there are not enough pairs
[M::mem_process_seqs] Processed 651378 reads in 894.666 CPU sec, 114.545 real sec
[M::process] 0 single-end sequences; 647254 paired-end sequences
[M::process] read 646466 sequences (80000100 bp)...
[M::mem_pestat] # candidate unique pairs for (FF, FR, RF, RR): (0, 243235, 1, 0)
[M::mem_pestat] skip orientation FF as there are not enough pairs
[M::mem_pestat] analyzing insert size distribution for orientation FR...
[M::mem_pestat] (25, 50, 75) percentile: (162, 184, 209)
[M::mem_pestat] low and high boundaries for computing mean and std.dev: (68, 303)
[M::mem_pestat] mean and std.dev: (186.37, 32.47)
[M::mem_pestat] low and high boundaries for proper pairs: (21, 350)
[M::mem_pestat] skip orientation RF as there are not enough pairs
[M::mem_pestat] skip orientation RR as there are not enough pairs
[M::mem_process_seqs] Processed 647254 reads in 816.480 CPU sec, 104.769 real sec
[M::process] 0 single-end sequences; 646466 paired-end sequences
[M::process] read 646358 sequences (80000065 bp)...
[M::mem_pestat] # candidate unique pairs for (FF, FR, RF, RR): (0, 243665, 6, 0)
[M::mem_pestat] skip orientation FF as there are not enough pairs
[M::mem_pestat] analyzing insert size distribution for orientation FR...
[M::mem_pestat] (25, 50, 75) percentile: (162, 184, 209)
[M::mem_pestat] low and high boundaries for computing mean and std.dev: (68, 303)
[M::mem_pestat] mean and std.dev: (186.57, 32.47)
[M::mem_pestat] low and high boundaries for proper pairs: (21, 350)
[M::mem_pestat] skip orientation RF as there are not enough pairs
[M::mem_pestat] skip orientation RR as there are not enough pairs
[M::mem_process_seqs] Processed 646466 reads in 806.891 CPU sec, 103.547 real sec
[M::process] 0 single-end sequences; 646358 paired-end sequences
[M::process] read 650630 sequences (80000234 bp)...
[M::mem_pestat] # candidate unique pairs for (FF, FR, RF, RR): (0, 243679, 4, 0)
[M::mem_pestat] skip orientation FF as there are not enough pairs
[M::mem_pestat] analyzing insert size distribution for orientation FR...
[M::mem_pestat] (25, 50, 75) percentile: (162, 184, 209)
[M::mem_pestat] low and high boundaries for computing mean and std.dev: (68, 303)
[M::mem_pestat] mean and std.dev: (186.29, 32.45)
[M::mem_pestat] low and high boundaries for proper pairs: (21, 350)
[M::mem_pestat] skip orientation RF as there are not enough pairs
[M::mem_pestat] skip orientation RR as there are not enough pairs
[M::mem_process_seqs] Processed 646358 reads in 803.307 CPU sec, 103.109 real sec
[M::process] 0 single-end sequences; 650630 paired-end sequences
[M::process] read 647296 sequences (80000037 bp)...
[M::mem_pestat] # candidate unique pairs for (FF, FR, RF, RR): (0, 243696, 4, 0)
[M::mem_pestat] skip orientation FF as there are not enough pairs
[M::mem_pestat] analyzing insert size distribution for orientation FR...
[M::mem_pestat] (25, 50, 75) percentile: (162, 184, 208)
[M::mem_pestat] low and high boundaries for computing mean and std.dev: (70, 300)
[M::mem_pestat] mean and std.dev: (186.15, 32.40)
[M::mem_pestat] low and high boundaries for proper pairs: (24, 346)
[M::mem_pestat] skip orientation RF as there are not enough pairs
[M::mem_pestat] skip orientation RR as there are not enough pairs
[M::mem_process_seqs] Processed 650630 reads in 892.197 CPU sec, 114.243 real sec
[M::process] 0 single-end sequences; 647296 paired-end sequences
[M::process] read 648062 sequences (80000035 bp)...
[M::mem_pestat] # candidate unique pairs for (FF, FR, RF, RR): (0, 243827, 2, 0)
[M::mem_pestat] skip orientation FF as there are not enough pairs
[M::mem_pestat] analyzing insert size distribution for orientation FR...
[M::mem_pestat] (25, 50, 75) percentile: (162, 184, 208)
[M::mem_pestat] low and high boundaries for computing mean and std.dev: (70, 300)
[M::mem_pestat] mean and std.dev: (186.13, 32.52)
[M::mem_pestat] low and high boundaries for proper pairs: (24, 346)
[M::mem_pestat] skip orientation RF as there are not enough pairs
[M::mem_pestat] skip orientation RR as there are not enough pairs
[M::mem_process_seqs] Processed 647296 reads in 821.496 CPU sec, 105.386 real sec
[M::process] 0 single-end sequences; 648062 paired-end sequences
[M::process] read 647062 sequences (80000120 bp)...
[M::mem_pestat] # candidate unique pairs for (FF, FR, RF, RR): (0, 244039, 3, 0)
[M::mem_pestat] skip orientation FF as there are not enough pairs
[M::mem_pestat] analyzing insert size distribution for orientation FR...
[M::mem_pestat] (25, 50, 75) percentile: (162, 184, 209)
[M::mem_pestat] low and high boundaries for computing mean and std.dev: (68, 303)
[M::mem_pestat] mean and std.dev: (186.45, 32.51)
[M::mem_pestat] low and high boundaries for proper pairs: (21, 350)
[M::mem_pestat] skip orientation RF as there are not enough pairs
[M::mem_pestat] skip orientation RR as there are not enough pairs
[M::mem_process_seqs] Processed 648062 reads in 817.803 CPU sec, 104.924 real sec
[M::process] 0 single-end sequences; 647062 paired-end sequences
[M::process] read 646572 sequences (80000232 bp)...
[M::mem_pestat] # candidate unique pairs for (FF, FR, RF, RR): (0, 244057, 1, 0)
[M::mem_pestat] skip orientation FF as there are not enough pairs
[M::mem_pestat] analyzing insert size distribution for orientation FR...
[M::mem_pestat] (25, 50, 75) percentile: (162, 184, 209)
[M::mem_pestat] low and high boundaries for computing mean and std.dev: (68, 303)
[M::mem_pestat] mean and std.dev: (186.36, 32.53)
[M::mem_pestat] low and high boundaries for proper pairs: (21, 350)
[M::mem_pestat] skip orientation RF as there are not enough pairs
[M::mem_pestat] skip orientation RR as there are not enough pairs
[M::mem_process_seqs] Processed 647062 reads in 801.371 CPU sec, 102.873 real sec
[M::process] 0 single-end sequences; 646572 paired-end sequences
[M::process] read 646662 sequences (80000186 bp)...
[M::mem_pestat] # candidate unique pairs for (FF, FR, RF, RR): (0, 243870, 1, 0)
[M::mem_pestat] skip orientation FF as there are not enough pairs
[M::mem_pestat] analyzing insert size distribution for orientation FR...
[M::mem_pestat] (25, 50, 75) percentile: (162, 184, 209)
[M::mem_pestat] low and high boundaries for computing mean and std.dev: (68, 303)
[M::mem_pestat] mean and std.dev: (186.33, 32.47)
[M::mem_pestat] low and high boundaries for proper pairs: (21, 350)
[M::mem_pestat] skip orientation RF as there are not enough pairs
[M::mem_pestat] skip orientation RR as there are not enough pairs
[M::mem_process_seqs] Processed 646572 reads in 807.346 CPU sec, 103.628 real sec
[M::process] 0 single-end sequences; 646662 paired-end sequences
[M::process] read 647448 sequences (80000031 bp)...
[M::mem_pestat] # candidate unique pairs for (FF, FR, RF, RR): (0, 243529, 8, 0)
[M::mem_pestat] skip orientation FF as there are not enough pairs
[M::mem_pestat] analyzing insert size distribution for orientation FR...
[M::mem_pestat] (25, 50, 75) percentile: (162, 184, 208)
[M::mem_pestat] low and high boundaries for computing mean and std.dev: (70, 300)
[M::mem_pestat] mean and std.dev: (186.09, 32.39)
[M::mem_pestat] low and high boundaries for proper pairs: (24, 346)
[M::mem_pestat] skip orientation RF as there are not enough pairs
[M::mem_pestat] skip orientation RR as there are not enough pairs
[M::mem_process_seqs] Processed 646662 reads in 808.287 CPU sec, 103.734 real sec
[M::process] 0 single-end sequences; 647448 paired-end sequences
[M::process] read 646560 sequences (80000184 bp)...
[M::mem_pestat] # candidate unique pairs for (FF, FR, RF, RR): (0, 243288, 1, 0)
[M::mem_pestat] skip orientation FF as there are not enough pairs
[M::mem_pestat] analyzing insert size distribution for orientation FR...
[M::mem_pestat] (25, 50, 75) percentile: (162, 184, 209)
[M::mem_pestat] low and high boundaries for computing mean and std.dev: (68, 303)
[M::mem_pestat] mean and std.dev: (186.35, 32.51)
[M::mem_pestat] low and high boundaries for proper pairs: (21, 350)
[M::mem_pestat] skip orientation RF as there are not enough pairs
[M::mem_pestat] skip orientation RR as there are not enough pairs
[M::mem_process_seqs] Processed 647448 reads in 826.065 CPU sec, 105.971 real sec
[M::process] 0 single-end sequences; 646560 paired-end sequences
[M::process] read 646464 sequences (80000138 bp)...
[M::mem_pestat] # candidate unique pairs for (FF, FR, RF, RR): (0, 244052, 5, 0)
[M::mem_pestat] skip orientation FF as there are not enough pairs
[M::mem_pestat] analyzing insert size distribution for orientation FR...
[M::mem_pestat] (25, 50, 75) percentile: (162, 184, 209)
[M::mem_pestat] low and high boundaries for computing mean and std.dev: (68, 303)
[M::mem_pestat] mean and std.dev: (186.27, 32.45)
[M::mem_pestat] low and high boundaries for proper pairs: (21, 350)
[M::mem_pestat] skip orientation RF as there are not enough pairs
[M::mem_pestat] skip orientation RR as there are not enough pairs
[M::mem_process_seqs] Processed 646560 reads in 799.496 CPU sec, 102.637 real sec
[M::process] 0 single-end sequences; 646464 paired-end sequences
[M::process] read 646332 sequences (80000164 bp)...
[M::mem_pestat] # candidate unique pairs for (FF, FR, RF, RR): (0, 243721, 3, 0)
[M::mem_pestat] skip orientation FF as there are not enough pairs
[M::mem_pestat] analyzing insert size distribution for orientation FR...
[M::mem_pestat] (25, 50, 75) percentile: (162, 184, 208)
[M::mem_pestat] low and high boundaries for computing mean and std.dev: (70, 300)
[M::mem_pestat] mean and std.dev: (186.20, 32.49)
[M::mem_pestat] low and high boundaries for proper pairs: (24, 346)
[M::mem_pestat] skip orientation RF as there are not enough pairs
[M::mem_pestat] skip orientation RR as there are not enough pairs
[M::mem_process_seqs] Processed 646464 reads in 803.256 CPU sec, 103.098 real sec
[M::process] 0 single-end sequences; 646332 paired-end sequences
[M::process] read 647554 sequences (80000138 bp)...
[M::mem_pestat] # candidate unique pairs for (FF, FR, RF, RR): (0, 242929, 6, 0)
[M::mem_pestat] skip orientation FF as there are not enough pairs
[M::mem_pestat] analyzing insert size distribution for orientation FR...
[M::mem_pestat] (25, 50, 75) percentile: (162, 184, 208)
[M::mem_pestat] low and high boundaries for computing mean and std.dev: (70, 300)
[M::mem_pestat] mean and std.dev: (186.00, 32.47)
[M::mem_pestat] low and high boundaries for proper pairs: (24, 346)
[M::mem_pestat] skip orientation RF as there are not enough pairs
[M::mem_pestat] skip orientation RR as there are not enough pairs
[M::mem_process_seqs] Processed 646332 reads in 812.457 CPU sec, 104.247 real sec
[M::process] 0 single-end sequences; 647554 paired-end sequences
[M::process] read 647274 sequences (80000023 bp)...
[M::mem_pestat] # candidate unique pairs for (FF, FR, RF, RR): (0, 243824, 4, 0)
[M::mem_pestat] skip orientation FF as there are not enough pairs
[M::mem_pestat] analyzing insert size distribution for orientation FR...
[M::mem_pestat] (25, 50, 75) percentile: (162, 184, 209)
[M::mem_pestat] low and high boundaries for computing mean and std.dev: (68, 303)
[M::mem_pestat] mean and std.dev: (186.23, 32.45)
[M::mem_pestat] low and high boundaries for proper pairs: (21, 350)
[M::mem_pestat] skip orientation RF as there are not enough pairs
[M::mem_pestat] skip orientation RR as there are not enough pairs
[M::mem_process_seqs] Processed 647554 reads in 801.552 CPU sec, 102.887 real sec
[M::process] 0 single-end sequences; 647274 paired-end sequences
[M::process] read 646776 sequences (80000038 bp)...
[M::mem_pestat] # candidate unique pairs for (FF, FR, RF, RR): (0, 243572, 5, 0)
[M::mem_pestat] skip orientation FF as there are not enough pairs
[M::mem_pestat] analyzing insert size distribution for orientation FR...
[M::mem_pestat] (25, 50, 75) percentile: (162, 184, 209)
[M::mem_pestat] low and high boundaries for computing mean and std.dev: (68, 303)
[M::mem_pestat] mean and std.dev: (186.44, 32.51)
[M::mem_pestat] low and high boundaries for proper pairs: (21, 350)
[M::mem_pestat] skip orientation RF as there are not enough pairs
[M::mem_pestat] skip orientation RR as there are not enough pairs
[M::mem_process_seqs] Processed 647274 reads in 809.822 CPU sec, 103.982 real sec
[M::process] 0 single-end sequences; 646776 paired-end sequences
[M::process] read 646776 sequences (80000084 bp)...
[M::mem_pestat] # candidate unique pairs for (FF, FR, RF, RR): (0, 244037, 1, 0)
[M::mem_pestat] skip orientation FF as there are not enough pairs
[M::mem_pestat] analyzing insert size distribution for orientation FR...
[M::mem_pestat] (25, 50, 75) percentile: (162, 184, 209)
[M::mem_pestat] low and high boundaries for computing mean and std.dev: (68, 303)
[M::mem_pestat] mean and std.dev: (186.25, 32.51)
[M::mem_pestat] low and high boundaries for proper pairs: (21, 350)
[M::mem_pestat] skip orientation RF as there are not enough pairs
[M::mem_pestat] skip orientation RR as there are not enough pairs
[M::mem_process_seqs] Processed 646776 reads in 803.326 CPU sec, 103.109 real sec
[M::process] 0 single-end sequences; 646776 paired-end sequences
[M::process] read 647086 sequences (80000240 bp)...
[M::mem_pestat] # candidate unique pairs for (FF, FR, RF, RR): (0, 243345, 6, 0)
[M::mem_pestat] skip orientation FF as there are not enough pairs
[M::mem_pestat] analyzing insert size distribution for orientation FR...
[M::mem_pestat] (25, 50, 75) percentile: (162, 184, 208)
[M::mem_pestat] low and high boundaries for computing mean and std.dev: (70, 300)
[M::mem_pestat] mean and std.dev: (186.08, 32.47)
[M::mem_pestat] low and high boundaries for proper pairs: (24, 346)
[M::mem_pestat] skip orientation RF as there are not enough pairs
[M::mem_pestat] skip orientation RR as there are not enough pairs
[M::mem_process_seqs] Processed 646776 reads in 816.544 CPU sec, 104.888 real sec
[M::process] 0 single-end sequences; 647086 paired-end sequences
[M::process] read 648024 sequences (80000023 bp)...
[M::mem_pestat] # candidate unique pairs for (FF, FR, RF, RR): (0, 242823, 2, 0)
[M::mem_pestat] skip orientation FF as there are not enough pairs
[M::mem_pestat] analyzing insert size distribution for orientation FR...
[M::mem_pestat] (25, 50, 75) percentile: (162, 184, 208)
[M::mem_pestat] low and high boundaries for computing mean and std.dev: (70, 300)
[M::mem_pestat] mean and std.dev: (186.07, 32.43)
[M::mem_pestat] low and high boundaries for proper pairs: (24, 346)
[M::mem_pestat] skip orientation RF as there are not enough pairs
[M::mem_pestat] skip orientation RR as there are not enough pairs
[M::mem_process_seqs] Processed 647086 reads in 813.981 CPU sec, 104.471 real sec
[M::process] 0 single-end sequences; 648024 paired-end sequences
[M::process] read 647334 sequences (80000069 bp)...
[M::mem_pestat] # candidate unique pairs for (FF, FR, RF, RR): (0, 243618, 5, 0)
[M::mem_pestat] skip orientation FF as there are not enough pairs
[M::mem_pestat] analyzing insert size distribution for orientation FR...
[M::mem_pestat] (25, 50, 75) percentile: (162, 184, 209)
[M::mem_pestat] low and high boundaries for computing mean and std.dev: (68, 303)
[M::mem_pestat] mean and std.dev: (186.54, 32.55)
[M::mem_pestat] low and high boundaries for proper pairs: (21, 350)
[M::mem_pestat] skip orientation RF as there are not enough pairs
[M::mem_pestat] skip orientation RR as there are not enough pairs
[M::mem_process_seqs] Processed 648024 reads in 809.192 CPU sec, 103.839 real sec
[M::process] 0 single-end sequences; 647334 paired-end sequences
[M::process] read 647024 sequences (80000060 bp)...
[M::mem_pestat] # candidate unique pairs for (FF, FR, RF, RR): (0, 244137, 2, 0)
[M::mem_pestat] skip orientation FF as there are not enough pairs
[M::mem_pestat] analyzing insert size distribution for orientation FR...
[M::mem_pestat] (25, 50, 75) percentile: (162, 184, 209)
[M::mem_pestat] low and high boundaries for computing mean and std.dev: (68, 303)
[M::mem_pestat] mean and std.dev: (186.37, 32.50)
[M::mem_pestat] low and high boundaries for proper pairs: (21, 350)
[M::mem_pestat] skip orientation RF as there are not enough pairs
[M::mem_pestat] skip orientation RR as there are not enough pairs
[M::mem_process_seqs] Processed 647334 reads in 798.418 CPU sec, 102.501 real sec
[M::process] 0 single-end sequences; 647024 paired-end sequences
[M::process] read 646164 sequences (80000189 bp)...
[M::mem_pestat] # candidate unique pairs for (FF, FR, RF, RR): (0, 243577, 2, 0)
[M::mem_pestat] skip orientation FF as there are not enough pairs
[M::mem_pestat] analyzing insert size distribution for orientation FR...
[M::mem_pestat] (25, 50, 75) percentile: (162, 184, 209)
[M::mem_pestat] low and high boundaries for computing mean and std.dev: (68, 303)
[M::mem_pestat] mean and std.dev: (186.23, 32.52)
[M::mem_pestat] low and high boundaries for proper pairs: (21, 350)
[M::mem_pestat] skip orientation RF as there are not enough pairs
[M::mem_pestat] skip orientation RR as there are not enough pairs
[M::mem_process_seqs] Processed 647024 reads in 804.290 CPU sec, 103.247 real sec
[M::process] 0 single-end sequences; 646164 paired-end sequences
[M::process] read 647640 sequences (80000093 bp)...
[M::mem_pestat] # candidate unique pairs for (FF, FR, RF, RR): (0, 243164, 4, 0)
[M::mem_pestat] skip orientation FF as there are not enough pairs
[M::mem_pestat] analyzing insert size distribution for orientation FR...
[M::mem_pestat] (25, 50, 75) percentile: (162, 184, 208)
[M::mem_pestat] low and high boundaries for computing mean and std.dev: (70, 300)
[M::mem_pestat] mean and std.dev: (186.12, 32.44)
[M::mem_pestat] low and high boundaries for proper pairs: (24, 346)
[M::mem_pestat] skip orientation RF as there are not enough pairs
[M::mem_pestat] skip orientation RR as there are not enough pairs
[M::mem_process_seqs] Processed 646164 reads in 811.466 CPU sec, 104.136 real sec
[M::process] 0 single-end sequences; 647640 paired-end sequences
[M::process] read 647374 sequences (80000119 bp)...
[M::mem_pestat] # candidate unique pairs for (FF, FR, RF, RR): (0, 243771, 6, 0)
[M::mem_pestat] skip orientation FF as there are not enough pairs
[M::mem_pestat] analyzing insert size distribution for orientation FR...
[M::mem_pestat] (25, 50, 75) percentile: (162, 184, 209)
[M::mem_pestat] low and high boundaries for computing mean and std.dev: (68, 303)
[M::mem_pestat] mean and std.dev: (186.43, 32.48)
[M::mem_pestat] low and high boundaries for proper pairs: (21, 350)
[M::mem_pestat] skip orientation RF as there are not enough pairs
[M::mem_pestat] skip orientation RR as there are not enough pairs
[M::mem_process_seqs] Processed 647640 reads in 812.190 CPU sec, 104.211 real sec
[M::process] 0 single-end sequences; 647374 paired-end sequences
[M::process] read 646600 sequences (80000220 bp)...
[M::mem_pestat] # candidate unique pairs for (FF, FR, RF, RR): (0, 244538, 5, 0)
[M::mem_pestat] skip orientation FF as there are not enough pairs
[M::mem_pestat] analyzing insert size distribution for orientation FR...
[M::mem_pestat] (25, 50, 75) percentile: (162, 184, 209)
[M::mem_pestat] low and high boundaries for computing mean and std.dev: (68, 303)
[M::mem_pestat] mean and std.dev: (186.40, 32.54)
[M::mem_pestat] low and high boundaries for proper pairs: (21, 350)
[M::mem_pestat] skip orientation RF as there are not enough pairs
[M::mem_pestat] skip orientation RR as there are not enough pairs
[M::mem_process_seqs] Processed 647374 reads in 792.218 CPU sec, 101.722 real sec
[M::process] 0 single-end sequences; 646600 paired-end sequences
[M::process] read 646532 sequences (80000243 bp)...
[M::mem_pestat] # candidate unique pairs for (FF, FR, RF, RR): (0, 243786, 3, 0)
[M::mem_pestat] skip orientation FF as there are not enough pairs
[M::mem_pestat] analyzing insert size distribution for orientation FR...
[M::mem_pestat] (25, 50, 75) percentile: (162, 184, 209)
[M::mem_pestat] low and high boundaries for computing mean and std.dev: (68, 303)
[M::mem_pestat] mean and std.dev: (186.22, 32.43)
[M::mem_pestat] low and high boundaries for proper pairs: (21, 350)
[M::mem_pestat] skip orientation RF as there are not enough pairs
[M::mem_pestat] skip orientation RR as there are not enough pairs
[M::mem_process_seqs] Processed 646600 reads in 799.782 CPU sec, 102.663 real sec
[M::process] 0 single-end sequences; 646532 paired-end sequences
[M::process] read 646462 sequences (80000044 bp)...
[M::mem_pestat] # candidate unique pairs for (FF, FR, RF, RR): (0, 243329, 2, 0)
[M::mem_pestat] skip orientation FF as there are not enough pairs
[M::mem_pestat] analyzing insert size distribution for orientation FR...
[M::mem_pestat] (25, 50, 75) percentile: (162, 184, 209)
[M::mem_pestat] low and high boundaries for computing mean and std.dev: (68, 303)
[M::mem_pestat] mean and std.dev: (186.18, 32.47)
[M::mem_pestat] low and high boundaries for proper pairs: (21, 350)
[M::mem_pestat] skip orientation RF as there are not enough pairs
[M::mem_pestat] skip orientation RR as there are not enough pairs
[M::mem_process_seqs] Processed 646532 reads in 810.316 CPU sec, 103.974 real sec
[M::process] 0 single-end sequences; 646462 paired-end sequences
[M::process] read 649304 sequences (80000179 bp)...
[M::mem_pestat] # candidate unique pairs for (FF, FR, RF, RR): (0, 243660, 1, 0)
[M::mem_pestat] skip orientation FF as there are not enough pairs
[M::mem_pestat] analyzing insert size distribution for orientation FR...
[M::mem_pestat] (25, 50, 75) percentile: (162, 184, 208)
[M::mem_pestat] low and high boundaries for computing mean and std.dev: (70, 300)
[M::mem_pestat] mean and std.dev: (186.15, 32.44)
[M::mem_pestat] low and high boundaries for proper pairs: (24, 346)
[M::mem_pestat] skip orientation RF as there are not enough pairs
[M::mem_pestat] skip orientation RR as there are not enough pairs
[M::mem_process_seqs] Processed 646462 reads in 805.176 CPU sec, 103.361 real sec
[M::process] 0 single-end sequences; 649304 paired-end sequences
[M::process] read 648312 sequences (80000148 bp)...
[M::mem_pestat] # candidate unique pairs for (FF, FR, RF, RR): (0, 244912, 2, 0)
[M::mem_pestat] skip orientation FF as there are not enough pairs
[M::mem_pestat] analyzing insert size distribution for orientation FR...
[M::mem_pestat] (25, 50, 75) percentile: (162, 184, 209)
[M::mem_pestat] low and high boundaries for computing mean and std.dev: (68, 303)
[M::mem_pestat] mean and std.dev: (186.53, 32.47)
[M::mem_pestat] low and high boundaries for proper pairs: (21, 350)
[M::mem_pestat] skip orientation RF as there are not enough pairs
[M::mem_pestat] skip orientation RR as there are not enough pairs
[M::mem_process_seqs] Processed 649304 reads in 804.899 CPU sec, 103.313 real sec
[M::process] 0 single-end sequences; 648312 paired-end sequences
[M::process] read 647730 sequences (80000066 bp)...
[M::mem_pestat] # candidate unique pairs for (FF, FR, RF, RR): (0, 244298, 3, 0)
[M::mem_pestat] skip orientation FF as there are not enough pairs
[M::mem_pestat] analyzing insert size distribution for orientation FR...
[M::mem_pestat] (25, 50, 75) percentile: (162, 184, 209)
[M::mem_pestat] low and high boundaries for computing mean and std.dev: (68, 303)
[M::mem_pestat] mean and std.dev: (186.27, 32.52)
[M::mem_pestat] low and high boundaries for proper pairs: (21, 350)
[M::mem_pestat] skip orientation RF as there are not enough pairs
[M::mem_pestat] skip orientation RR as there are not enough pairs
[M::mem_process_seqs] Processed 648312 reads in 801.199 CPU sec, 102.871 real sec
[M::process] 0 single-end sequences; 647730 paired-end sequences
[M::process] read 646814 sequences (80000053 bp)...
[M::mem_pestat] # candidate unique pairs for (FF, FR, RF, RR): (0, 243415, 4, 0)
[M::mem_pestat] skip orientation FF as there are not enough pairs
[M::mem_pestat] analyzing insert size distribution for orientation FR...
[M::mem_pestat] (25, 50, 75) percentile: (162, 184, 209)
[M::mem_pestat] low and high boundaries for computing mean and std.dev: (68, 303)
[M::mem_pestat] mean and std.dev: (186.21, 32.48)
[M::mem_pestat] low and high boundaries for proper pairs: (21, 350)
[M::mem_pestat] skip orientation RF as there are not enough pairs
[M::mem_pestat] skip orientation RR as there are not enough pairs
[M::mem_process_seqs] Processed 647730 reads in 808.895 CPU sec, 103.808 real sec
[M::process] 0 single-end sequences; 646814 paired-end sequences
[M::process] read 647844 sequences (80000002 bp)...
[M::mem_pestat] # candidate unique pairs for (FF, FR, RF, RR): (0, 243865, 6, 0)
[M::mem_pestat] skip orientation FF as there are not enough pairs
[M::mem_pestat] analyzing insert size distribution for orientation FR...
[M::mem_pestat] (25, 50, 75) percentile: (162, 184, 208)
[M::mem_pestat] low and high boundaries for computing mean and std.dev: (70, 300)
[M::mem_pestat] mean and std.dev: (186.08, 32.47)
[M::mem_pestat] low and high boundaries for proper pairs: (24, 346)
[M::mem_pestat] skip orientation RF as there are not enough pairs
[M::mem_pestat] skip orientation RR as there are not enough pairs
[M::mem_process_seqs] Processed 646814 reads in 809.789 CPU sec, 104.152 real sec
[M::process] 0 single-end sequences; 647844 paired-end sequences
[M::process] read 647924 sequences (80000191 bp)...
[M::mem_pestat] # candidate unique pairs for (FF, FR, RF, RR): (0, 243988, 2, 0)
[M::mem_pestat] skip orientation FF as there are not enough pairs
[M::mem_pestat] analyzing insert size distribution for orientation FR...
[M::mem_pestat] (25, 50, 75) percentile: (162, 184, 208)
[M::mem_pestat] low and high boundaries for computing mean and std.dev: (70, 300)
[M::mem_pestat] mean and std.dev: (186.32, 32.46)
[M::mem_pestat] low and high boundaries for proper pairs: (24, 346)
[M::mem_pestat] skip orientation RF as there are not enough pairs
[M::mem_pestat] skip orientation RR as there are not enough pairs
[M::mem_process_seqs] Processed 647844 reads in 811.991 CPU sec, 104.182 real sec
[M::process] 0 single-end sequences; 647924 paired-end sequences
[M::process] read 647416 sequences (80000101 bp)...
[M::mem_pestat] # candidate unique pairs for (FF, FR, RF, RR): (0, 244314, 2, 0)
[M::mem_pestat] skip orientation FF as there are not enough pairs
[M::mem_pestat] analyzing insert size distribution for orientation FR...
[M::mem_pestat] (25, 50, 75) percentile: (162, 184, 209)
[M::mem_pestat] low and high boundaries for computing mean and std.dev: (68, 303)
[M::mem_pestat] mean and std.dev: (186.29, 32.51)
[M::mem_pestat] low and high boundaries for proper pairs: (21, 350)
[M::mem_pestat] skip orientation RF as there are not enough pairs
[M::mem_pestat] skip orientation RR as there are not enough pairs
[M::mem_process_seqs] Processed 647924 reads in 797.028 CPU sec, 102.343 real sec
[M::process] 0 single-end sequences; 647416 paired-end sequences
[M::process] read 647082 sequences (80000008 bp)...
[M::mem_pestat] # candidate unique pairs for (FF, FR, RF, RR): (0, 244537, 1, 0)
[M::mem_pestat] skip orientation FF as there are not enough pairs
[M::mem_pestat] analyzing insert size distribution for orientation FR...
[M::mem_pestat] (25, 50, 75) percentile: (162, 184, 209)
[M::mem_pestat] low and high boundaries for computing mean and std.dev: (68, 303)
[M::mem_pestat] mean and std.dev: (186.29, 32.45)
[M::mem_pestat] low and high boundaries for proper pairs: (21, 350)
[M::mem_pestat] skip orientation RF as there are not enough pairs
[M::mem_pestat] skip orientation RR as there are not enough pairs
[M::mem_process_seqs] Processed 647416 reads in 784.987 CPU sec, 100.815 real sec
[M::process] 0 single-end sequences; 647082 paired-end sequences
[M::process] read 647394 sequences (80000134 bp)...
[M::mem_pestat] # candidate unique pairs for (FF, FR, RF, RR): (0, 243635, 6, 0)
[M::mem_pestat] skip orientation FF as there are not enough pairs
[M::mem_pestat] analyzing insert size distribution for orientation FR...
[M::mem_pestat] (25, 50, 75) percentile: (162, 184, 208)
[M::mem_pestat] low and high boundaries for computing mean and std.dev: (70, 300)
[M::mem_pestat] mean and std.dev: (186.10, 32.37)
[M::mem_pestat] low and high boundaries for proper pairs: (24, 346)
[M::mem_pestat] skip orientation RF as there are not enough pairs
[M::mem_pestat] skip orientation RR as there are not enough pairs
[M::mem_process_seqs] Processed 647082 reads in 802.712 CPU sec, 103.029 real sec
[M::process] 0 single-end sequences; 647394 paired-end sequences
[M::process] read 648136 sequences (80000133 bp)...
[M::mem_pestat] # candidate unique pairs for (FF, FR, RF, RR): (0, 243922, 3, 0)
[M::mem_pestat] skip orientation FF as there are not enough pairs
[M::mem_pestat] analyzing insert size distribution for orientation FR...
[M::mem_pestat] (25, 50, 75) percentile: (162, 184, 208)
[M::mem_pestat] low and high boundaries for computing mean and std.dev: (70, 300)
[M::mem_pestat] mean and std.dev: (186.07, 32.44)
[M::mem_pestat] low and high boundaries for proper pairs: (24, 346)
[M::mem_pestat] skip orientation RF as there are not enough pairs
[M::mem_pestat] skip orientation RR as there are not enough pairs
[M::mem_process_seqs] Processed 647394 reads in 792.439 CPU sec, 101.743 real sec
[M::process] 0 single-end sequences; 648136 paired-end sequences
[M::process] read 647478 sequences (80000209 bp)...
[M::mem_pestat] # candidate unique pairs for (FF, FR, RF, RR): (0, 244512, 5, 0)
[M::mem_pestat] skip orientation FF as there are not enough pairs
[M::mem_pestat] analyzing insert size distribution for orientation FR...
[M::mem_pestat] (25, 50, 75) percentile: (162, 184, 209)
[M::mem_pestat] low and high boundaries for computing mean and std.dev: (68, 303)
[M::mem_pestat] mean and std.dev: (186.36, 32.46)
[M::mem_pestat] low and high boundaries for proper pairs: (21, 350)
[M::mem_pestat] skip orientation RF as there are not enough pairs
[M::mem_pestat] skip orientation RR as there are not enough pairs
[M::mem_process_seqs] Processed 648136 reads in 812.364 CPU sec, 104.227 real sec
[M::process] 0 single-end sequences; 647478 paired-end sequences
[M::process] read 647140 sequences (80000028 bp)...
[M::mem_pestat] # candidate unique pairs for (FF, FR, RF, RR): (0, 244385, 9, 0)
[M::mem_pestat] skip orientation FF as there are not enough pairs
[M::mem_pestat] analyzing insert size distribution for orientation FR...
[M::mem_pestat] (25, 50, 75) percentile: (162, 184, 209)
[M::mem_pestat] low and high boundaries for computing mean and std.dev: (68, 303)
[M::mem_pestat] mean and std.dev: (186.31, 32.41)
[M::mem_pestat] low and high boundaries for proper pairs: (21, 350)
[M::mem_pestat] skip orientation RF as there are not enough pairs
[M::mem_pestat] skip orientation RR as there are not enough pairs
[M::mem_process_seqs] Processed 647478 reads in 793.202 CPU sec, 101.841 real sec
[M::process] 0 single-end sequences; 647140 paired-end sequences
[M::process] read 646590 sequences (80000024 bp)...
[M::mem_pestat] # candidate unique pairs for (FF, FR, RF, RR): (0, 243322, 5, 0)
[M::mem_pestat] skip orientation FF as there are not enough pairs
[M::mem_pestat] analyzing insert size distribution for orientation FR...
[M::mem_pestat] (25, 50, 75) percentile: (162, 184, 208)
[M::mem_pestat] low and high boundaries for computing mean and std.dev: (70, 300)
[M::mem_pestat] mean and std.dev: (186.09, 32.43)
[M::mem_pestat] low and high boundaries for proper pairs: (24, 346)
[M::mem_pestat] skip orientation RF as there are not enough pairs
[M::mem_pestat] skip orientation RR as there are not enough pairs
[M::mem_process_seqs] Processed 647140 reads in 808.664 CPU sec, 103.794 real sec
[M::process] 0 single-end sequences; 646590 paired-end sequences
[M::process] read 649602 sequences (80000101 bp)...
[M::mem_pestat] # candidate unique pairs for (FF, FR, RF, RR): (0, 243073, 1, 0)
[M::mem_pestat] skip orientation FF as there are not enough pairs
[M::mem_pestat] analyzing insert size distribution for orientation FR...
[M::mem_pestat] (25, 50, 75) percentile: (162, 184, 208)
[M::mem_pestat] low and high boundaries for computing mean and std.dev: (70, 300)
[M::mem_pestat] mean and std.dev: (185.96, 32.39)
[M::mem_pestat] low and high boundaries for proper pairs: (24, 346)
[M::mem_pestat] skip orientation RF as there are not enough pairs
[M::mem_pestat] skip orientation RR as there are not enough pairs
[M::mem_process_seqs] Processed 646590 reads in 808.249 CPU sec, 103.720 real sec
[M::process] 0 single-end sequences; 649602 paired-end sequences
[M::process] read 648510 sequences (80000198 bp)...
[M::mem_pestat] # candidate unique pairs for (FF, FR, RF, RR): (0, 244734, 5, 0)
[M::mem_pestat] skip orientation FF as there are not enough pairs
[M::mem_pestat] analyzing insert size distribution for orientation FR...
[M::mem_pestat] (25, 50, 75) percentile: (162, 184, 209)
[M::mem_pestat] low and high boundaries for computing mean and std.dev: (68, 303)
[M::mem_pestat] mean and std.dev: (186.44, 32.44)
[M::mem_pestat] low and high boundaries for proper pairs: (21, 350)
[M::mem_pestat] skip orientation RF as there are not enough pairs
[M::mem_pestat] skip orientation RR as there are not enough pairs
[M::mem_process_seqs] Processed 649602 reads in 817.712 CPU sec, 104.915 real sec
[M::process] 0 single-end sequences; 648510 paired-end sequences
[M::process] read 647946 sequences (80000028 bp)...
[M::mem_pestat] # candidate unique pairs for (FF, FR, RF, RR): (0, 244488, 2, 0)
[M::mem_pestat] skip orientation FF as there are not enough pairs
[M::mem_pestat] analyzing insert size distribution for orientation FR...
[M::mem_pestat] (25, 50, 75) percentile: (162, 184, 209)
[M::mem_pestat] low and high boundaries for computing mean and std.dev: (68, 303)
[M::mem_pestat] mean and std.dev: (186.50, 32.53)
[M::mem_pestat] low and high boundaries for proper pairs: (21, 350)
[M::mem_pestat] skip orientation RF as there are not enough pairs
[M::mem_pestat] skip orientation RR as there are not enough pairs
[M::mem_process_seqs] Processed 648510 reads in 802.067 CPU sec, 102.957 real sec
[M::process] 0 single-end sequences; 647946 paired-end sequences
[M::process] read 647698 sequences (80000163 bp)...
[M::mem_pestat] # candidate unique pairs for (FF, FR, RF, RR): (0, 244304, 0, 0)
[M::mem_pestat] skip orientation FF as there are not enough pairs
[M::mem_pestat] analyzing insert size distribution for orientation FR...
[M::mem_pestat] (25, 50, 75) percentile: (162, 184, 209)
[M::mem_pestat] low and high boundaries for computing mean and std.dev: (68, 303)
[M::mem_pestat] mean and std.dev: (186.35, 32.52)
[M::mem_pestat] low and high boundaries for proper pairs: (21, 350)
[M::mem_pestat] skip orientation RF as there are not enough pairs
[M::mem_pestat] skip orientation RR as there are not enough pairs
[M::mem_process_seqs] Processed 647946 reads in 807.095 CPU sec, 103.600 real sec
[M::process] 0 single-end sequences; 647698 paired-end sequences
[M::process] read 647922 sequences (80000221 bp)...
[M::mem_pestat] # candidate unique pairs for (FF, FR, RF, RR): (0, 243004, 4, 0)
[M::mem_pestat] skip orientation FF as there are not enough pairs
[M::mem_pestat] analyzing insert size distribution for orientation FR...
[M::mem_pestat] (25, 50, 75) percentile: (162, 184, 208)
[M::mem_pestat] low and high boundaries for computing mean and std.dev: (70, 300)
[M::mem_pestat] mean and std.dev: (185.92, 32.45)
[M::mem_pestat] low and high boundaries for proper pairs: (24, 346)
[M::mem_pestat] skip orientation RF as there are not enough pairs
[M::mem_pestat] skip orientation RR as there are not enough pairs
[M::mem_process_seqs] Processed 647698 reads in 819.329 CPU sec, 105.133 real sec
[M::process] 0 single-end sequences; 647922 paired-end sequences
[M::process] read 647226 sequences (80000052 bp)...
[M::mem_pestat] # candidate unique pairs for (FF, FR, RF, RR): (0, 243451, 7, 0)
[M::mem_pestat] skip orientation FF as there are not enough pairs
[M::mem_pestat] analyzing insert size distribution for orientation FR...
[M::mem_pestat] (25, 50, 75) percentile: (162, 184, 208)
[M::mem_pestat] low and high boundaries for computing mean and std.dev: (70, 300)
[M::mem_pestat] mean and std.dev: (186.16, 32.43)
[M::mem_pestat] low and high boundaries for proper pairs: (24, 346)
[M::mem_pestat] skip orientation RF as there are not enough pairs
[M::mem_pestat] skip orientation RR as there are not enough pairs
[M::mem_process_seqs] Processed 647922 reads in 820.310 CPU sec, 105.231 real sec
[M::process] 0 single-end sequences; 647226 paired-end sequences
[M::process] read 646188 sequences (80000133 bp)...
[M::mem_pestat] # candidate unique pairs for (FF, FR, RF, RR): (0, 243625, 3, 0)
[M::mem_pestat] skip orientation FF as there are not enough pairs
[M::mem_pestat] analyzing insert size distribution for orientation FR...
[M::mem_pestat] (25, 50, 75) percentile: (162, 184, 209)
[M::mem_pestat] low and high boundaries for computing mean and std.dev: (68, 303)
[M::mem_pestat] mean and std.dev: (186.45, 32.52)
[M::mem_pestat] low and high boundaries for proper pairs: (21, 350)
[M::mem_pestat] skip orientation RF as there are not enough pairs
[M::mem_pestat] skip orientation RR as there are not enough pairs
[M::mem_process_seqs] Processed 647226 reads in 812.284 CPU sec, 104.227 real sec
[M::process] 0 single-end sequences; 646188 paired-end sequences
[M::process] read 646074 sequences (80000036 bp)...
[M::mem_pestat] # candidate unique pairs for (FF, FR, RF, RR): (0, 243597, 2, 0)
[M::mem_pestat] skip orientation FF as there are not enough pairs
[M::mem_pestat] analyzing insert size distribution for orientation FR...
[M::mem_pestat] (25, 50, 75) percentile: (162, 184, 209)
[M::mem_pestat] low and high boundaries for computing mean and std.dev: (68, 303)
[M::mem_pestat] mean and std.dev: (186.22, 32.41)
[M::mem_pestat] low and high boundaries for proper pairs: (21, 350)
[M::mem_pestat] skip orientation RF as there are not enough pairs
[M::mem_pestat] skip orientation RR as there are not enough pairs
[M::mem_process_seqs] Processed 646188 reads in 807.962 CPU sec, 103.694 real sec
[M::process] 0 single-end sequences; 646074 paired-end sequences
[M::process] read 645942 sequences (80000183 bp)...
[M::mem_pestat] # candidate unique pairs for (FF, FR, RF, RR): (0, 243282, 4, 0)
[M::mem_pestat] skip orientation FF as there are not enough pairs
[M::mem_pestat] analyzing insert size distribution for orientation FR...
[M::mem_pestat] (25, 50, 75) percentile: (162, 184, 208)
[M::mem_pestat] low and high boundaries for computing mean and std.dev: (70, 300)
[M::mem_pestat] mean and std.dev: (186.17, 32.44)
[M::mem_pestat] low and high boundaries for proper pairs: (24, 346)
[M::mem_pestat] skip orientation RF as there are not enough pairs
[M::mem_pestat] skip orientation RR as there are not enough pairs
[M::mem_process_seqs] Processed 646074 reads in 821.267 CPU sec, 105.361 real sec
[M::process] 0 single-end sequences; 645942 paired-end sequences
[M::process] read 648792 sequences (80000118 bp)...
[M::mem_pestat] # candidate unique pairs for (FF, FR, RF, RR): (0, 242856, 2, 0)
[M::mem_pestat] skip orientation FF as there are not enough pairs
[M::mem_pestat] analyzing insert size distribution for orientation FR...
[M::mem_pestat] (25, 50, 75) percentile: (162, 183, 208)
[M::mem_pestat] low and high boundaries for computing mean and std.dev: (70, 300)
[M::mem_pestat] mean and std.dev: (185.92, 32.46)
[M::mem_pestat] low and high boundaries for proper pairs: (24, 346)
[M::mem_pestat] skip orientation RF as there are not enough pairs
[M::mem_pestat] skip orientation RR as there are not enough pairs
[M::mem_process_seqs] Processed 645942 reads in 807.811 CPU sec, 103.680 real sec
[M::process] 0 single-end sequences; 648792 paired-end sequences
[M::process] read 647964 sequences (80000142 bp)...
[M::mem_pestat] # candidate unique pairs for (FF, FR, RF, RR): (1, 244607, 6, 0)
[M::mem_pestat] skip orientation FF as there are not enough pairs
[M::mem_pestat] analyzing insert size distribution for orientation FR...
[M::mem_pestat] (25, 50, 75) percentile: (162, 184, 209)
[M::mem_pestat] low and high boundaries for computing mean and std.dev: (68, 303)
[M::mem_pestat] mean and std.dev: (186.39, 32.46)
[M::mem_pestat] low and high boundaries for proper pairs: (21, 350)
[M::mem_pestat] skip orientation RF as there are not enough pairs
[M::mem_pestat] skip orientation RR as there are not enough pairs
[M::mem_process_seqs] Processed 648792 reads in 809.234 CPU sec, 103.847 real sec
[M::process] 0 single-end sequences; 647964 paired-end sequences
[M::process] read 647522 sequences (80000074 bp)...
[M::mem_pestat] # candidate unique pairs for (FF, FR, RF, RR): (0, 244556, 3, 0)
[M::mem_pestat] skip orientation FF as there are not enough pairs
[M::mem_pestat] analyzing insert size distribution for orientation FR...
[M::mem_pestat] (25, 50, 75) percentile: (162, 184, 209)
[M::mem_pestat] low and high boundaries for computing mean and std.dev: (68, 303)
[M::mem_pestat] mean and std.dev: (186.42, 32.51)
[M::mem_pestat] low and high boundaries for proper pairs: (21, 350)
[M::mem_pestat] skip orientation RF as there are not enough pairs
[M::mem_pestat] skip orientation RR as there are not enough pairs
[M::mem_process_seqs] Processed 647964 reads in 789.516 CPU sec, 101.382 real sec
[M::process] 0 single-end sequences; 647522 paired-end sequences
[M::process] read 646814 sequences (80000176 bp)...
[M::mem_pestat] # candidate unique pairs for (FF, FR, RF, RR): (0, 244326, 2, 0)
[M::mem_pestat] skip orientation FF as there are not enough pairs
[M::mem_pestat] analyzing insert size distribution for orientation FR...
[M::mem_pestat] (25, 50, 75) percentile: (162, 184, 209)
[M::mem_pestat] low and high boundaries for computing mean and std.dev: (68, 303)
[M::mem_pestat] mean and std.dev: (186.15, 32.49)
[M::mem_pestat] low and high boundaries for proper pairs: (21, 350)
[M::mem_pestat] skip orientation RF as there are not enough pairs
[M::mem_pestat] skip orientation RR as there are not enough pairs
[M::mem_process_seqs] Processed 647522 reads in 797.611 CPU sec, 102.402 real sec
[M::process] 0 single-end sequences; 646814 paired-end sequences
[M::process] read 647010 sequences (80000120 bp)...
[M::mem_pestat] # candidate unique pairs for (FF, FR, RF, RR): (0, 243695, 3, 0)
[M::mem_pestat] skip orientation FF as there are not enough pairs
[M::mem_pestat] analyzing insert size distribution for orientation FR...
[M::mem_pestat] (25, 50, 75) percentile: (162, 184, 208)
[M::mem_pestat] low and high boundaries for computing mean and std.dev: (70, 300)
[M::mem_pestat] mean and std.dev: (186.03, 32.43)
[M::mem_pestat] low and high boundaries for proper pairs: (24, 346)
[M::mem_pestat] skip orientation RF as there are not enough pairs
[M::mem_pestat] skip orientation RR as there are not enough pairs
[M::mem_process_seqs] Processed 646814 reads in 812.492 CPU sec, 104.258 real sec
[M::process] 0 single-end sequences; 647010 paired-end sequences
[M::process] read 647142 sequences (80000162 bp)...
[M::mem_pestat] # candidate unique pairs for (FF, FR, RF, RR): (0, 243401, 6, 0)
[M::mem_pestat] skip orientation FF as there are not enough pairs
[M::mem_pestat] analyzing insert size distribution for orientation FR...
[M::mem_pestat] (25, 50, 75) percentile: (162, 184, 208)
[M::mem_pestat] low and high boundaries for computing mean and std.dev: (70, 300)
[M::mem_pestat] mean and std.dev: (186.19, 32.50)
[M::mem_pestat] low and high boundaries for proper pairs: (24, 346)
[M::mem_pestat] skip orientation RF as there are not enough pairs
[M::mem_pestat] skip orientation RR as there are not enough pairs
[M::mem_process_seqs] Processed 647010 reads in 815.981 CPU sec, 104.686 real sec
[M::process] 0 single-end sequences; 647142 paired-end sequences
[M::process] read 646294 sequences (80000093 bp)...
[M::mem_pestat] # candidate unique pairs for (FF, FR, RF, RR): (0, 243287, 3, 0)
[M::mem_pestat] skip orientation FF as there are not enough pairs
[M::mem_pestat] analyzing insert size distribution for orientation FR...
[M::mem_pestat] (25, 50, 75) percentile: (162, 184, 209)
[M::mem_pestat] low and high boundaries for computing mean and std.dev: (68, 303)
[M::mem_pestat] mean and std.dev: (186.54, 32.55)
[M::mem_pestat] low and high boundaries for proper pairs: (21, 350)
[M::mem_pestat] skip orientation RF as there are not enough pairs
[M::mem_pestat] skip orientation RR as there are not enough pairs
[M::mem_process_seqs] Processed 647142 reads in 819.541 CPU sec, 105.128 real sec
[M::process] 0 single-end sequences; 646294 paired-end sequences
[M::process] read 646236 sequences (80000062 bp)...
[M::mem_pestat] # candidate unique pairs for (FF, FR, RF, RR): (0, 243113, 3, 0)
[M::mem_pestat] skip orientation FF as there are not enough pairs
[M::mem_pestat] analyzing insert size distribution for orientation FR...
[M::mem_pestat] (25, 50, 75) percentile: (162, 184, 209)
[M::mem_pestat] low and high boundaries for computing mean and std.dev: (68, 303)
[M::mem_pestat] mean and std.dev: (186.41, 32.51)
[M::mem_pestat] low and high boundaries for proper pairs: (21, 350)
[M::mem_pestat] skip orientation RF as there are not enough pairs
[M::mem_pestat] skip orientation RR as there are not enough pairs
[M::mem_process_seqs] Processed 646294 reads in 818.098 CPU sec, 104.974 real sec
[M::process] 0 single-end sequences; 646236 paired-end sequences
[M::process] read 645942 sequences (80000249 bp)...
[M::mem_pestat] # candidate unique pairs for (FF, FR, RF, RR): (0, 243002, 3, 0)
[M::mem_pestat] skip orientation FF as there are not enough pairs
[M::mem_pestat] analyzing insert size distribution for orientation FR...
[M::mem_pestat] (25, 50, 75) percentile: (162, 184, 209)
[M::mem_pestat] low and high boundaries for computing mean and std.dev: (68, 303)
[M::mem_pestat] mean and std.dev: (186.41, 32.51)
[M::mem_pestat] low and high boundaries for proper pairs: (21, 350)
[M::mem_pestat] skip orientation RF as there are not enough pairs
[M::mem_pestat] skip orientation RR as there are not enough pairs
[M::mem_process_seqs] Processed 646236 reads in 829.678 CPU sec, 106.383 real sec
[M::process] 0 single-end sequences; 645942 paired-end sequences
[M::process] read 648340 sequences (80000198 bp)...
[M::mem_pestat] # candidate unique pairs for (FF, FR, RF, RR): (0, 242816, 1, 0)
[M::mem_pestat] skip orientation FF as there are not enough pairs
[M::mem_pestat] analyzing insert size distribution for orientation FR...
[M::mem_pestat] (25, 50, 75) percentile: (162, 184, 208)
[M::mem_pestat] low and high boundaries for computing mean and std.dev: (70, 300)
[M::mem_pestat] mean and std.dev: (186.06, 32.50)
[M::mem_pestat] low and high boundaries for proper pairs: (24, 346)
[M::mem_pestat] skip orientation RF as there are not enough pairs
[M::mem_pestat] skip orientation RR as there are not enough pairs
[M::mem_process_seqs] Processed 645942 reads in 819.287 CPU sec, 105.102 real sec
[M::process] 0 single-end sequences; 648340 paired-end sequences
[M::process] read 647452 sequences (80000027 bp)...
[M::mem_pestat] # candidate unique pairs for (FF, FR, RF, RR): (0, 243917, 4, 0)
[M::mem_pestat] skip orientation FF as there are not enough pairs
[M::mem_pestat] analyzing insert size distribution for orientation FR...
[M::mem_pestat] (25, 50, 75) percentile: (162, 184, 209)
[M::mem_pestat] low and high boundaries for computing mean and std.dev: (68, 303)
[M::mem_pestat] mean and std.dev: (186.31, 32.51)
[M::mem_pestat] low and high boundaries for proper pairs: (21, 350)
[M::mem_pestat] skip orientation RF as there are not enough pairs
[M::mem_pestat] skip orientation RR as there are not enough pairs
[M::mem_process_seqs] Processed 648340 reads in 822.833 CPU sec, 105.543 real sec
[M::process] 0 single-end sequences; 647452 paired-end sequences
[M::process] read 646716 sequences (80000220 bp)...
[M::mem_pestat] # candidate unique pairs for (FF, FR, RF, RR): (0, 243878, 6, 0)
[M::mem_pestat] skip orientation FF as there are not enough pairs
[M::mem_pestat] analyzing insert size distribution for orientation FR...
[M::mem_pestat] (25, 50, 75) percentile: (162, 184, 209)
[M::mem_pestat] low and high boundaries for computing mean and std.dev: (68, 303)
[M::mem_pestat] mean and std.dev: (186.37, 32.47)
[M::mem_pestat] low and high boundaries for proper pairs: (21, 350)
[M::mem_pestat] skip orientation RF as there are not enough pairs
[M::mem_pestat] skip orientation RR as there are not enough pairs
[M::mem_process_seqs] Processed 647452 reads in 807.674 CPU sec, 103.653 real sec
[M::process] 0 single-end sequences; 646716 paired-end sequences
[M::process] read 646538 sequences (80000041 bp)...
[M::mem_pestat] # candidate unique pairs for (FF, FR, RF, RR): (0, 243976, 2, 0)
[M::mem_pestat] skip orientation FF as there are not enough pairs
[M::mem_pestat] analyzing insert size distribution for orientation FR...
[M::mem_pestat] (25, 50, 75) percentile: (162, 184, 209)
[M::mem_pestat] low and high boundaries for computing mean and std.dev: (68, 303)
[M::mem_pestat] mean and std.dev: (186.21, 32.52)
[M::mem_pestat] low and high boundaries for proper pairs: (21, 350)
[M::mem_pestat] skip orientation RF as there are not enough pairs
[M::mem_pestat] skip orientation RR as there are not enough pairs
[M::mem_process_seqs] Processed 646716 reads in 801.941 CPU sec, 102.928 real sec
[M::process] 0 single-end sequences; 646538 paired-end sequences
[M::process] read 648006 sequences (80000181 bp)...
[M::mem_pestat] # candidate unique pairs for (FF, FR, RF, RR): (0, 242817, 6, 0)
[M::mem_pestat] skip orientation FF as there are not enough pairs
[M::mem_pestat] analyzing insert size distribution for orientation FR...
[M::mem_pestat] (25, 50, 75) percentile: (162, 184, 208)
[M::mem_pestat] low and high boundaries for computing mean and std.dev: (70, 300)
[M::mem_pestat] mean and std.dev: (186.05, 32.52)
[M::mem_pestat] low and high boundaries for proper pairs: (24, 346)
[M::mem_pestat] skip orientation RF as there are not enough pairs
[M::mem_pestat] skip orientation RR as there are not enough pairs
[M::mem_process_seqs] Processed 646538 reads in 818.871 CPU sec, 105.077 real sec
[M::process] 0 single-end sequences; 648006 paired-end sequences
[M::process] read 648156 sequences (80000172 bp)...
[M::mem_pestat] # candidate unique pairs for (FF, FR, RF, RR): (0, 243628, 6, 0)
[M::mem_pestat] skip orientation FF as there are not enough pairs
[M::mem_pestat] analyzing insert size distribution for orientation FR...
[M::mem_pestat] (25, 50, 75) percentile: (162, 184, 209)
[M::mem_pestat] low and high boundaries for computing mean and std.dev: (68, 303)
[M::mem_pestat] mean and std.dev: (186.26, 32.53)
[M::mem_pestat] low and high boundaries for proper pairs: (21, 350)
[M::mem_pestat] skip orientation RF as there are not enough pairs
[M::mem_pestat] skip orientation RR as there are not enough pairs
[M::mem_process_seqs] Processed 648006 reads in 846.487 CPU sec, 108.499 real sec
[M::process] 0 single-end sequences; 648156 paired-end sequences
[M::process] read 647480 sequences (80000044 bp)...
[M::mem_pestat] # candidate unique pairs for (FF, FR, RF, RR): (0, 244539, 5, 0)
[M::mem_pestat] skip orientation FF as there are not enough pairs
[M::mem_pestat] analyzing insert size distribution for orientation FR...
[M::mem_pestat] (25, 50, 75) percentile: (162, 184, 209)
[M::mem_pestat] low and high boundaries for computing mean and std.dev: (68, 303)
[M::mem_pestat] mean and std.dev: (186.40, 32.48)
[M::mem_pestat] low and high boundaries for proper pairs: (21, 350)
[M::mem_pestat] skip orientation RF as there are not enough pairs
[M::mem_pestat] skip orientation RR as there are not enough pairs
[M::mem_process_seqs] Processed 648156 reads in 810.457 CPU sec, 103.991 real sec
[M::process] 0 single-end sequences; 647480 paired-end sequences
[M::process] read 647450 sequences (80000145 bp)...
[M::mem_pestat] # candidate unique pairs for (FF, FR, RF, RR): (0, 244302, 3, 0)
[M::mem_pestat] skip orientation FF as there are not enough pairs
[M::mem_pestat] analyzing insert size distribution for orientation FR...
[M::mem_pestat] (25, 50, 75) percentile: (162, 184, 209)
[M::mem_pestat] low and high boundaries for computing mean and std.dev: (68, 303)
[M::mem_pestat] mean and std.dev: (186.27, 32.46)
[M::mem_pestat] low and high boundaries for proper pairs: (21, 350)
[M::mem_pestat] skip orientation RF as there are not enough pairs
[M::mem_pestat] skip orientation RR as there are not enough pairs
[M::mem_process_seqs] Processed 647480 reads in 793.429 CPU sec, 101.876 real sec
[M::process] 0 single-end sequences; 647450 paired-end sequences
[M::process] read 647292 sequences (80000155 bp)...
[M::mem_pestat] # candidate unique pairs for (FF, FR, RF, RR): (0, 243875, 4, 0)
[M::mem_pestat] skip orientation FF as there are not enough pairs
[M::mem_pestat] analyzing insert size distribution for orientation FR...
[M::mem_pestat] (25, 50, 75) percentile: (162, 184, 208)
[M::mem_pestat] low and high boundaries for computing mean and std.dev: (70, 300)
[M::mem_pestat] mean and std.dev: (186.14, 32.49)
[M::mem_pestat] low and high boundaries for proper pairs: (24, 346)
[M::mem_pestat] skip orientation RF as there are not enough pairs
[M::mem_pestat] skip orientation RR as there are not enough pairs
[M::mem_process_seqs] Processed 647450 reads in 801.867 CPU sec, 102.929 real sec
[M::process] 0 single-end sequences; 647292 paired-end sequences
[M::process] read 648158 sequences (80000243 bp)...
[M::mem_pestat] # candidate unique pairs for (FF, FR, RF, RR): (0, 243116, 3, 0)
[M::mem_pestat] skip orientation FF as there are not enough pairs
[M::mem_pestat] analyzing insert size distribution for orientation FR...
[M::mem_pestat] (25, 50, 75) percentile: (162, 184, 208)
[M::mem_pestat] low and high boundaries for computing mean and std.dev: (70, 300)
[M::mem_pestat] mean and std.dev: (186.10, 32.45)
[M::mem_pestat] low and high boundaries for proper pairs: (24, 346)
[M::mem_pestat] skip orientation RF as there are not enough pairs
[M::mem_pestat] skip orientation RR as there are not enough pairs
[M::mem_process_seqs] Processed 647292 reads in 816.072 CPU sec, 104.708 real sec
[M::process] 0 single-end sequences; 648158 paired-end sequences
[M::process] read 647238 sequences (80000078 bp)...
[M::mem_pestat] # candidate unique pairs for (FF, FR, RF, RR): (0, 244176, 8, 0)
[M::mem_pestat] skip orientation FF as there are not enough pairs
[M::mem_pestat] analyzing insert size distribution for orientation FR...
[M::mem_pestat] (25, 50, 75) percentile: (162, 184, 209)
[M::mem_pestat] low and high boundaries for computing mean and std.dev: (68, 303)
[M::mem_pestat] mean and std.dev: (186.51, 32.50)
[M::mem_pestat] low and high boundaries for proper pairs: (21, 350)
[M::mem_pestat] skip orientation RF as there are not enough pairs
[M::mem_pestat] skip orientation RR as there are not enough pairs
[M::mem_process_seqs] Processed 648158 reads in 822.066 CPU sec, 105.456 real sec
[M::process] 0 single-end sequences; 647238 paired-end sequences
[M::process] read 647030 sequences (80000120 bp)...
[M::mem_pestat] # candidate unique pairs for (FF, FR, RF, RR): (0, 243868, 4, 0)
[M::mem_pestat] skip orientation FF as there are not enough pairs
[M::mem_pestat] analyzing insert size distribution for orientation FR...
[M::mem_pestat] (25, 50, 75) percentile: (162, 184, 209)
[M::mem_pestat] low and high boundaries for computing mean and std.dev: (68, 303)
[M::mem_pestat] mean and std.dev: (186.49, 32.55)
[M::mem_pestat] low and high boundaries for proper pairs: (21, 350)
[M::mem_pestat] skip orientation RF as there are not enough pairs
[M::mem_pestat] skip orientation RR as there are not enough pairs
[M::mem_process_seqs] Processed 647238 reads in 807.713 CPU sec, 103.647 real sec
[M::process] 0 single-end sequences; 647030 paired-end sequences
[M::process] read 646248 sequences (80000154 bp)...
[M::mem_pestat] # candidate unique pairs for (FF, FR, RF, RR): (0, 243712, 3, 0)
[M::mem_pestat] skip orientation FF as there are not enough pairs
[M::mem_pestat] analyzing insert size distribution for orientation FR...
[M::mem_pestat] (25, 50, 75) percentile: (162, 184, 208)
[M::mem_pestat] low and high boundaries for computing mean and std.dev: (70, 300)
[M::mem_pestat] mean and std.dev: (186.20, 32.44)
[M::mem_pestat] low and high boundaries for proper pairs: (24, 346)
[M::mem_pestat] skip orientation RF as there are not enough pairs
[M::mem_pestat] skip orientation RR as there are not enough pairs
[M::mem_process_seqs] Processed 647030 reads in 808.131 CPU sec, 103.702 real sec
[M::process] 0 single-end sequences; 646248 paired-end sequences
[M::process] read 646680 sequences (80000105 bp)...
[M::mem_pestat] # candidate unique pairs for (FF, FR, RF, RR): (0, 242918, 2, 0)
[M::mem_pestat] skip orientation FF as there are not enough pairs
[M::mem_pestat] analyzing insert size distribution for orientation FR...
[M::mem_pestat] (25, 50, 75) percentile: (162, 184, 208)
[M::mem_pestat] low and high boundaries for computing mean and std.dev: (70, 300)
[M::mem_pestat] mean and std.dev: (186.02, 32.48)
[M::mem_pestat] low and high boundaries for proper pairs: (24, 346)
[M::mem_pestat] skip orientation RF as there are not enough pairs
[M::mem_pestat] skip orientation RR as there are not enough pairs
[M::mem_process_seqs] Processed 646248 reads in 813.990 CPU sec, 104.446 real sec
[M::process] 0 single-end sequences; 646680 paired-end sequences
[M::process] read 646426 sequences (80000180 bp)...
[M::mem_pestat] # candidate unique pairs for (FF, FR, RF, RR): (0, 243249, 2, 0)
[M::mem_pestat] skip orientation FF as there are not enough pairs
[M::mem_pestat] analyzing insert size distribution for orientation FR...
[M::mem_pestat] (25, 50, 75) percentile: (162, 184, 209)
[M::mem_pestat] low and high boundaries for computing mean and std.dev: (68, 303)
[M::mem_pestat] mean and std.dev: (186.39, 32.63)
[M::mem_pestat] low and high boundaries for proper pairs: (21, 350)
[M::mem_pestat] skip orientation RF as there are not enough pairs
[M::mem_pestat] skip orientation RR as there are not enough pairs
[M::mem_process_seqs] Processed 646680 reads in 813.014 CPU sec, 104.337 real sec
[M::process] 0 single-end sequences; 646426 paired-end sequences
[M::process] read 646026 sequences (80000051 bp)...
[M::mem_pestat] # candidate unique pairs for (FF, FR, RF, RR): (0, 243622, 3, 0)
[M::mem_pestat] skip orientation FF as there are not enough pairs
[M::mem_pestat] analyzing insert size distribution for orientation FR...
[M::mem_pestat] (25, 50, 75) percentile: (162, 184, 209)
[M::mem_pestat] low and high boundaries for computing mean and std.dev: (68, 303)
[M::mem_pestat] mean and std.dev: (186.31, 32.49)
[M::mem_pestat] low and high boundaries for proper pairs: (21, 350)
[M::mem_pestat] skip orientation RF as there are not enough pairs
[M::mem_pestat] skip orientation RR as there are not enough pairs
[M::mem_process_seqs] Processed 646426 reads in 804.779 CPU sec, 103.299 real sec
[M::process] 0 single-end sequences; 646026 paired-end sequences
[M::process] read 646198 sequences (80000196 bp)...
[M::mem_pestat] # candidate unique pairs for (FF, FR, RF, RR): (0, 243227, 1, 0)
[M::mem_pestat] skip orientation FF as there are not enough pairs
[M::mem_pestat] analyzing insert size distribution for orientation FR...
[M::mem_pestat] (25, 50, 75) percentile: (162, 184, 209)
[M::mem_pestat] low and high boundaries for computing mean and std.dev: (68, 303)
[M::mem_pestat] mean and std.dev: (186.27, 32.46)
[M::mem_pestat] low and high boundaries for proper pairs: (21, 350)
[M::mem_pestat] skip orientation RF as there are not enough pairs
[M::mem_pestat] skip orientation RR as there are not enough pairs
[M::mem_process_seqs] Processed 646026 reads in 813.592 CPU sec, 104.392 real sec
[M::process] 0 single-end sequences; 646198 paired-end sequences
[M::process] read 646418 sequences (80000014 bp)...
[M::mem_pestat] # candidate unique pairs for (FF, FR, RF, RR): (0, 242936, 3, 0)
[M::mem_pestat] skip orientation FF as there are not enough pairs
[M::mem_pestat] analyzing insert size distribution for orientation FR...
[M::mem_pestat] (25, 50, 75) percentile: (162, 184, 208)
[M::mem_pestat] low and high boundaries for computing mean and std.dev: (70, 300)
[M::mem_pestat] mean and std.dev: (185.97, 32.38)
[M::mem_pestat] low and high boundaries for proper pairs: (24, 346)
[M::mem_pestat] skip orientation RF as there are not enough pairs
[M::mem_pestat] skip orientation RR as there are not enough pairs
[M::mem_process_seqs] Processed 646198 reads in 825.539 CPU sec, 105.873 real sec
[M::process] 0 single-end sequences; 646418 paired-end sequences
[M::process] read 647808 sequences (80000011 bp)...
[M::mem_pestat] # candidate unique pairs for (FF, FR, RF, RR): (0, 243297, 8, 0)
[M::mem_pestat] skip orientation FF as there are not enough pairs
[M::mem_pestat] analyzing insert size distribution for orientation FR...
[M::mem_pestat] (25, 50, 75) percentile: (162, 184, 208)
[M::mem_pestat] low and high boundaries for computing mean and std.dev: (70, 300)
[M::mem_pestat] mean and std.dev: (186.08, 32.44)
[M::mem_pestat] low and high boundaries for proper pairs: (24, 346)
[M::mem_pestat] skip orientation RF as there are not enough pairs
[M::mem_pestat] skip orientation RR as there are not enough pairs
[M::mem_process_seqs] Processed 646418 reads in 815.826 CPU sec, 104.665 real sec
[M::process] 0 single-end sequences; 647808 paired-end sequences
[M::process] read 647170 sequences (80000093 bp)...
[M::mem_pestat] # candidate unique pairs for (FF, FR, RF, RR): (0, 243817, 5, 0)
[M::mem_pestat] skip orientation FF as there are not enough pairs
[M::mem_pestat] analyzing insert size distribution for orientation FR...
[M::mem_pestat] (25, 50, 75) percentile: (162, 184, 209)
[M::mem_pestat] low and high boundaries for computing mean and std.dev: (68, 303)
[M::mem_pestat] mean and std.dev: (186.53, 32.56)
[M::mem_pestat] low and high boundaries for proper pairs: (21, 350)
[M::mem_pestat] skip orientation RF as there are not enough pairs
[M::mem_pestat] skip orientation RR as there are not enough pairs
[M::mem_process_seqs] Processed 647808 reads in 804.592 CPU sec, 103.264 real sec
[M::process] 0 single-end sequences; 647170 paired-end sequences
[M::process] read 647120 sequences (80000203 bp)...
[M::mem_pestat] # candidate unique pairs for (FF, FR, RF, RR): (0, 244477, 3, 0)
[M::mem_pestat] skip orientation FF as there are not enough pairs
[M::mem_pestat] analyzing insert size distribution for orientation FR...
[M::mem_pestat] (25, 50, 75) percentile: (162, 184, 209)
[M::mem_pestat] low and high boundaries for computing mean and std.dev: (68, 303)
[M::mem_pestat] mean and std.dev: (186.34, 32.47)
[M::mem_pestat] low and high boundaries for proper pairs: (21, 350)
[M::mem_pestat] skip orientation RF as there are not enough pairs
[M::mem_pestat] skip orientation RR as there are not enough pairs
[M::mem_process_seqs] Processed 647170 reads in 787.866 CPU sec, 101.179 real sec
[M::process] 0 single-end sequences; 647120 paired-end sequences
[M::process] read 646494 sequences (80000239 bp)...
[M::mem_pestat] # candidate unique pairs for (FF, FR, RF, RR): (0, 244201, 4, 0)
[M::mem_pestat] skip orientation FF as there are not enough pairs
[M::mem_pestat] analyzing insert size distribution for orientation FR...
[M::mem_pestat] (25, 50, 75) percentile: (162, 184, 209)
[M::mem_pestat] low and high boundaries for computing mean and std.dev: (68, 303)
[M::mem_pestat] mean and std.dev: (186.34, 32.58)
[M::mem_pestat] low and high boundaries for proper pairs: (21, 350)
[M::mem_pestat] skip orientation RF as there are not enough pairs
[M::mem_pestat] skip orientation RR as there are not enough pairs
[M::mem_process_seqs] Processed 647120 reads in 802.928 CPU sec, 103.072 real sec
[M::process] 0 single-end sequences; 646494 paired-end sequences
[M::process] read 646694 sequences (80000005 bp)...
[M::mem_pestat] # candidate unique pairs for (FF, FR, RF, RR): (0, 243364, 7, 0)
[M::mem_pestat] skip orientation FF as there are not enough pairs
[M::mem_pestat] analyzing insert size distribution for orientation FR...
[M::mem_pestat] (25, 50, 75) percentile: (162, 184, 208)
[M::mem_pestat] low and high boundaries for computing mean and std.dev: (70, 300)
[M::mem_pestat] mean and std.dev: (186.03, 32.49)
[M::mem_pestat] low and high boundaries for proper pairs: (24, 346)
[M::mem_pestat] skip orientation RF as there are not enough pairs
[M::mem_pestat] skip orientation RR as there are not enough pairs
[M::mem_process_seqs] Processed 646494 reads in 812.895 CPU sec, 104.299 real sec
[M::process] 0 single-end sequences; 646694 paired-end sequences
[M::process] read 646372 sequences (80000172 bp)...
[M::mem_pestat] # candidate unique pairs for (FF, FR, RF, RR): (0, 243918, 4, 0)
[M::mem_pestat] skip orientation FF as there are not enough pairs
[M::mem_pestat] analyzing insert size distribution for orientation FR...
[M::mem_pestat] (25, 50, 75) percentile: (162, 184, 209)
[M::mem_pestat] low and high boundaries for computing mean and std.dev: (68, 303)
[M::mem_pestat] mean and std.dev: (186.37, 32.54)
[M::mem_pestat] low and high boundaries for proper pairs: (21, 350)
[M::mem_pestat] skip orientation RF as there are not enough pairs
[M::mem_pestat] skip orientation RR as there are not enough pairs
[M::mem_process_seqs] Processed 646694 reads in 806.856 CPU sec, 103.528 real sec
[M::process] 0 single-end sequences; 646372 paired-end sequences
[M::process] read 646144 sequences (80000038 bp)...
[M::mem_pestat] # candidate unique pairs for (FF, FR, RF, RR): (0, 243322, 4, 0)
[M::mem_pestat] skip orientation FF as there are not enough pairs
[M::mem_pestat] analyzing insert size distribution for orientation FR...
[M::mem_pestat] (25, 50, 75) percentile: (162, 184, 209)
[M::mem_pestat] low and high boundaries for computing mean and std.dev: (68, 303)
[M::mem_pestat] mean and std.dev: (186.53, 32.54)
[M::mem_pestat] low and high boundaries for proper pairs: (21, 350)
[M::mem_pestat] skip orientation RF as there are not enough pairs
[M::mem_pestat] skip orientation RR as there are not enough pairs
[M::mem_process_seqs] Processed 646372 reads in 806.848 CPU sec, 103.541 real sec
[M::process] 0 single-end sequences; 646144 paired-end sequences
[M::process] read 646172 sequences (80000226 bp)...
[M::mem_pestat] # candidate unique pairs for (FF, FR, RF, RR): (0, 243191, 7, 0)
[M::mem_pestat] skip orientation FF as there are not enough pairs
[M::mem_pestat] analyzing insert size distribution for orientation FR...
[M::mem_pestat] (25, 50, 75) percentile: (162, 184, 209)
[M::mem_pestat] low and high boundaries for computing mean and std.dev: (68, 303)
[M::mem_pestat] mean and std.dev: (186.30, 32.54)
[M::mem_pestat] low and high boundaries for proper pairs: (21, 350)
[M::mem_pestat] skip orientation RF as there are not enough pairs
[M::mem_pestat] skip orientation RR as there are not enough pairs
[M::mem_process_seqs] Processed 646144 reads in 812.692 CPU sec, 104.268 real sec
[M::process] 0 single-end sequences; 646172 paired-end sequences
[M::process] read 646112 sequences (80000190 bp)...
[M::mem_pestat] # candidate unique pairs for (FF, FR, RF, RR): (0, 242623, 5, 0)
[M::mem_pestat] skip orientation FF as there are not enough pairs
[M::mem_pestat] analyzing insert size distribution for orientation FR...
[M::mem_pestat] (25, 50, 75) percentile: (162, 184, 209)
[M::mem_pestat] low and high boundaries for computing mean and std.dev: (68, 303)
[M::mem_pestat] mean and std.dev: (186.25, 32.45)
[M::mem_pestat] low and high boundaries for proper pairs: (21, 350)
[M::mem_pestat] skip orientation RF as there are not enough pairs
[M::mem_pestat] skip orientation RR as there are not enough pairs
[M::mem_process_seqs] Processed 646172 reads in 832.561 CPU sec, 106.793 real sec
[M::process] 0 single-end sequences; 646112 paired-end sequences
[M::process] read 647486 sequences (80000206 bp)...
[M::mem_pestat] # candidate unique pairs for (FF, FR, RF, RR): (0, 243288, 8, 0)
[M::mem_pestat] skip orientation FF as there are not enough pairs
[M::mem_pestat] analyzing insert size distribution for orientation FR...
[M::mem_pestat] (25, 50, 75) percentile: (162, 184, 208)
[M::mem_pestat] low and high boundaries for computing mean and std.dev: (70, 300)
[M::mem_pestat] mean and std.dev: (186.10, 32.42)
[M::mem_pestat] low and high boundaries for proper pairs: (24, 346)
[M::mem_pestat] skip orientation RF as there are not enough pairs
[M::mem_pestat] skip orientation RR as there are not enough pairs
[M::mem_process_seqs] Processed 646112 reads in 811.861 CPU sec, 104.192 real sec
[M::process] 0 single-end sequences; 647486 paired-end sequences
[M::process] read 646658 sequences (80000038 bp)...
[M::mem_pestat] # candidate unique pairs for (FF, FR, RF, RR): (0, 243914, 7, 0)
[M::mem_pestat] skip orientation FF as there are not enough pairs
[M::mem_pestat] analyzing insert size distribution for orientation FR...
[M::mem_pestat] (25, 50, 75) percentile: (162, 184, 209)
[M::mem_pestat] low and high boundaries for computing mean and std.dev: (68, 303)
[M::mem_pestat] mean and std.dev: (186.41, 32.54)
[M::mem_pestat] low and high boundaries for proper pairs: (21, 350)
[M::mem_pestat] skip orientation RF as there are not enough pairs
[M::mem_pestat] skip orientation RR as there are not enough pairs
[M::mem_process_seqs] Processed 647486 reads in 818.248 CPU sec, 104.962 real sec
[M::process] 0 single-end sequences; 646658 paired-end sequences
[M::process] read 646594 sequences (80000007 bp)...
[M::mem_pestat] # candidate unique pairs for (FF, FR, RF, RR): (0, 243791, 5, 0)
[M::mem_pestat] skip orientation FF as there are not enough pairs
[M::mem_pestat] analyzing insert size distribution for orientation FR...
[M::mem_pestat] (25, 50, 75) percentile: (162, 184, 209)
[M::mem_pestat] low and high boundaries for computing mean and std.dev: (68, 303)
[M::mem_pestat] mean and std.dev: (186.31, 32.50)
[M::mem_pestat] low and high boundaries for proper pairs: (21, 350)
[M::mem_pestat] skip orientation RF as there are not enough pairs
[M::mem_pestat] skip orientation RR as there are not enough pairs
[M::mem_process_seqs] Processed 646658 reads in 808.009 CPU sec, 103.692 real sec
[M::process] 0 single-end sequences; 646594 paired-end sequences
[M::process] read 646354 sequences (80000133 bp)...
[M::mem_pestat] # candidate unique pairs for (FF, FR, RF, RR): (0, 243471, 1, 0)
[M::mem_pestat] skip orientation FF as there are not enough pairs
[M::mem_pestat] analyzing insert size distribution for orientation FR...
[M::mem_pestat] (25, 50, 75) percentile: (162, 184, 208)
[M::mem_pestat] low and high boundaries for computing mean and std.dev: (70, 300)
[M::mem_pestat] mean and std.dev: (186.15, 32.47)
[M::mem_pestat] low and high boundaries for proper pairs: (24, 346)
[M::mem_pestat] skip orientation RF as there are not enough pairs
[M::mem_pestat] skip orientation RR as there are not enough pairs
[M::mem_process_seqs] Processed 646594 reads in 814.156 CPU sec, 104.467 real sec
[M::process] 0 single-end sequences; 646354 paired-end sequences
[M::process] read 647946 sequences (80000238 bp)...
[M::mem_pestat] # candidate unique pairs for (FF, FR, RF, RR): (0, 242582, 3, 0)
[M::mem_pestat] skip orientation FF as there are not enough pairs
[M::mem_pestat] analyzing insert size distribution for orientation FR...
[M::mem_pestat] (25, 50, 75) percentile: (162, 184, 208)
[M::mem_pestat] low and high boundaries for computing mean and std.dev: (70, 300)
[M::mem_pestat] mean and std.dev: (185.97, 32.47)
[M::mem_pestat] low and high boundaries for proper pairs: (24, 346)
[M::mem_pestat] skip orientation RF as there are not enough pairs
[M::mem_pestat] skip orientation RR as there are not enough pairs
[M::mem_process_seqs] Processed 646354 reads in 815.959 CPU sec, 104.705 real sec
[M::process] 0 single-end sequences; 647946 paired-end sequences
[M::process] read 647604 sequences (80000018 bp)...
[M::mem_pestat] # candidate unique pairs for (FF, FR, RF, RR): (0, 244290, 4, 0)
[M::mem_pestat] skip orientation FF as there are not enough pairs
[M::mem_pestat] analyzing insert size distribution for orientation FR...
[M::mem_pestat] (25, 50, 75) percentile: (162, 184, 209)
[M::mem_pestat] low and high boundaries for computing mean and std.dev: (68, 303)
[M::mem_pestat] mean and std.dev: (186.48, 32.48)
[M::mem_pestat] low and high boundaries for proper pairs: (21, 350)
[M::mem_pestat] skip orientation RF as there are not enough pairs
[M::mem_pestat] skip orientation RR as there are not enough pairs
[M::mem_process_seqs] Processed 647946 reads in 818.049 CPU sec, 104.956 real sec
[M::process] 0 single-end sequences; 647604 paired-end sequences
[M::process] read 647288 sequences (80000193 bp)...
[M::mem_pestat] # candidate unique pairs for (FF, FR, RF, RR): (0, 244589, 4, 0)
[M::mem_pestat] skip orientation FF as there are not enough pairs
[M::mem_pestat] analyzing insert size distribution for orientation FR...
[M::mem_pestat] (25, 50, 75) percentile: (162, 184, 209)
[M::mem_pestat] low and high boundaries for computing mean and std.dev: (68, 303)
[M::mem_pestat] mean and std.dev: (186.47, 32.52)
[M::mem_pestat] low and high boundaries for proper pairs: (21, 350)
[M::mem_pestat] skip orientation RF as there are not enough pairs
[M::mem_pestat] skip orientation RR as there are not enough pairs
[M::mem_process_seqs] Processed 647604 reads in 790.716 CPU sec, 101.531 real sec
[M::process] 0 single-end sequences; 647288 paired-end sequences
[M::process] read 647382 sequences (80000168 bp)...
[M::mem_pestat] # candidate unique pairs for (FF, FR, RF, RR): (0, 244474, 6, 0)
[M::mem_pestat] skip orientation FF as there are not enough pairs
[M::mem_pestat] analyzing insert size distribution for orientation FR...
[M::mem_pestat] (25, 50, 75) percentile: (162, 184, 209)
[M::mem_pestat] low and high boundaries for computing mean and std.dev: (68, 303)
[M::mem_pestat] mean and std.dev: (186.26, 32.51)
[M::mem_pestat] low and high boundaries for proper pairs: (21, 350)
[M::mem_pestat] skip orientation RF as there are not enough pairs
[M::mem_pestat] skip orientation RR as there are not enough pairs
[M::mem_process_seqs] Processed 647288 reads in 792.816 CPU sec, 101.789 real sec
[M::process] 0 single-end sequences; 647382 paired-end sequences
[M::process] read 647564 sequences (80000119 bp)...
[M::mem_pestat] # candidate unique pairs for (FF, FR, RF, RR): (0, 243522, 2, 0)
[M::mem_pestat] skip orientation FF as there are not enough pairs
[M::mem_pestat] analyzing insert size distribution for orientation FR...
[M::mem_pestat] (25, 50, 75) percentile: (162, 184, 208)
[M::mem_pestat] low and high boundaries for computing mean and std.dev: (70, 300)
[M::mem_pestat] mean and std.dev: (186.15, 32.38)
[M::mem_pestat] low and high boundaries for proper pairs: (24, 346)
[M::mem_pestat] skip orientation RF as there are not enough pairs
[M::mem_pestat] skip orientation RR as there are not enough pairs
[M::mem_process_seqs] Processed 647382 reads in 808.658 CPU sec, 103.772 real sec
[M::process] 0 single-end sequences; 647564 paired-end sequences
[M::process] read 647408 sequences (80000007 bp)...
[M::mem_pestat] # candidate unique pairs for (FF, FR, RF, RR): (0, 243754, 1, 0)
[M::mem_pestat] skip orientation FF as there are not enough pairs
[M::mem_pestat] analyzing insert size distribution for orientation FR...
[M::mem_pestat] (25, 50, 75) percentile: (162, 184, 208)
[M::mem_pestat] low and high boundaries for computing mean and std.dev: (70, 300)
[M::mem_pestat] mean and std.dev: (186.13, 32.45)
[M::mem_pestat] low and high boundaries for proper pairs: (24, 346)
[M::mem_pestat] skip orientation RF as there are not enough pairs
[M::mem_pestat] skip orientation RR as there are not enough pairs
[M::mem_process_seqs] Processed 647564 reads in 795.699 CPU sec, 102.468 real sec
[M::process] 0 single-end sequences; 647408 paired-end sequences
[M::process] read 646994 sequences (80000007 bp)...
[M::mem_pestat] # candidate unique pairs for (FF, FR, RF, RR): (0, 244035, 5, 0)
[M::mem_pestat] skip orientation FF as there are not enough pairs
[M::mem_pestat] analyzing insert size distribution for orientation FR...
[M::mem_pestat] (25, 50, 75) percentile: (162, 184, 209)
[M::mem_pestat] low and high boundaries for computing mean and std.dev: (68, 303)
[M::mem_pestat] mean and std.dev: (186.38, 32.46)
[M::mem_pestat] low and high boundaries for proper pairs: (21, 350)
[M::mem_pestat] skip orientation RF as there are not enough pairs
[M::mem_pestat] skip orientation RR as there are not enough pairs
[M::mem_process_seqs] Processed 647408 reads in 815.293 CPU sec, 104.606 real sec
[M::process] 0 single-end sequences; 646994 paired-end sequences
[M::process] read 646698 sequences (80000207 bp)...
[M::mem_pestat] # candidate unique pairs for (FF, FR, RF, RR): (0, 244285, 6, 0)
[M::mem_pestat] skip orientation FF as there are not enough pairs
[M::mem_pestat] analyzing insert size distribution for orientation FR...
[M::mem_pestat] (25, 50, 75) percentile: (162, 184, 209)
[M::mem_pestat] low and high boundaries for computing mean and std.dev: (68, 303)
[M::mem_pestat] mean and std.dev: (186.39, 32.54)
[M::mem_pestat] low and high boundaries for proper pairs: (21, 350)
[M::mem_pestat] skip orientation RF as there are not enough pairs
[M::mem_pestat] skip orientation RR as there are not enough pairs
[M::mem_process_seqs] Processed 646994 reads in 796.944 CPU sec, 102.335 real sec
[M::process] 0 single-end sequences; 646698 paired-end sequences
[M::process] read 646442 sequences (80000152 bp)...
[M::mem_pestat] # candidate unique pairs for (FF, FR, RF, RR): (0, 243726, 4, 0)
[M::mem_pestat] skip orientation FF as there are not enough pairs
[M::mem_pestat] analyzing insert size distribution for orientation FR...
[M::mem_pestat] (25, 50, 75) percentile: (162, 184, 208)
[M::mem_pestat] low and high boundaries for computing mean and std.dev: (70, 300)
[M::mem_pestat] mean and std.dev: (186.08, 32.46)
[M::mem_pestat] low and high boundaries for proper pairs: (24, 346)
[M::mem_pestat] skip orientation RF as there are not enough pairs
[M::mem_pestat] skip orientation RR as there are not enough pairs
[M::mem_process_seqs] Processed 646698 reads in 812.882 CPU sec, 104.294 real sec
[M::process] 0 single-end sequences; 646442 paired-end sequences
[M::process] read 645566 sequences (80000186 bp)...
[M::mem_pestat] # candidate unique pairs for (FF, FR, RF, RR): (0, 243077, 3, 0)
[M::mem_pestat] skip orientation FF as there are not enough pairs
[M::mem_pestat] analyzing insert size distribution for orientation FR...
[M::mem_pestat] (25, 50, 75) percentile: (162, 184, 208)
[M::mem_pestat] low and high boundaries for computing mean and std.dev: (70, 300)
[M::mem_pestat] mean and std.dev: (186.05, 32.36)
[M::mem_pestat] low and high boundaries for proper pairs: (24, 346)
[M::mem_pestat] skip orientation RF as there are not enough pairs
[M::mem_pestat] skip orientation RR as there are not enough pairs
[M::mem_process_seqs] Processed 646442 reads in 806.407 CPU sec, 103.488 real sec
[M::process] 0 single-end sequences; 645566 paired-end sequences
[M::process] read 645262 sequences (80000217 bp)...
[M::mem_pestat] # candidate unique pairs for (FF, FR, RF, RR): (0, 243097, 3, 0)
[M::mem_pestat] skip orientation FF as there are not enough pairs
[M::mem_pestat] analyzing insert size distribution for orientation FR...
[M::mem_pestat] (25, 50, 75) percentile: (162, 184, 209)
[M::mem_pestat] low and high boundaries for computing mean and std.dev: (68, 303)
[M::mem_pestat] mean and std.dev: (186.51, 32.58)
[M::mem_pestat] low and high boundaries for proper pairs: (21, 350)
[M::mem_pestat] skip orientation RF as there are not enough pairs
[M::mem_pestat] skip orientation RR as there are not enough pairs
[M::mem_process_seqs] Processed 645566 reads in 829.086 CPU sec, 106.320 real sec
[M::process] 0 single-end sequences; 645262 paired-end sequences
[M::process] read 645096 sequences (80000185 bp)...
[M::mem_pestat] # candidate unique pairs for (FF, FR, RF, RR): (0, 243109, 4, 0)
[M::mem_pestat] skip orientation FF as there are not enough pairs
[M::mem_pestat] analyzing insert size distribution for orientation FR...
[M::mem_pestat] (25, 50, 75) percentile: (162, 184, 209)
[M::mem_pestat] low and high boundaries for computing mean and std.dev: (68, 303)
[M::mem_pestat] mean and std.dev: (186.52, 32.50)
[M::mem_pestat] low and high boundaries for proper pairs: (21, 350)
[M::mem_pestat] skip orientation RF as there are not enough pairs
[M::mem_pestat] skip orientation RR as there are not enough pairs
[M::mem_process_seqs] Processed 645262 reads in 815.535 CPU sec, 104.630 real sec
[M::process] 0 single-end sequences; 645096 paired-end sequences
[M::process] read 645132 sequences (80000031 bp)...
[M::mem_pestat] # candidate unique pairs for (FF, FR, RF, RR): (0, 243738, 4, 0)
[M::mem_pestat] skip orientation FF as there are not enough pairs
[M::mem_pestat] analyzing insert size distribution for orientation FR...
[M::mem_pestat] (25, 50, 75) percentile: (162, 184, 209)
[M::mem_pestat] low and high boundaries for computing mean and std.dev: (68, 303)
[M::mem_pestat] mean and std.dev: (186.38, 32.53)
[M::mem_pestat] low and high boundaries for proper pairs: (21, 350)
[M::mem_pestat] skip orientation RF as there are not enough pairs
[M::mem_pestat] skip orientation RR as there are not enough pairs
[M::mem_process_seqs] Processed 645096 reads in 805.522 CPU sec, 103.364 real sec
[M::process] 0 single-end sequences; 645132 paired-end sequences
[M::process] read 645200 sequences (80000209 bp)...
[M::mem_pestat] # candidate unique pairs for (FF, FR, RF, RR): (0, 242664, 2, 0)
[M::mem_pestat] skip orientation FF as there are not enough pairs
[M::mem_pestat] analyzing insert size distribution for orientation FR...
[M::mem_pestat] (25, 50, 75) percentile: (162, 184, 209)
[M::mem_pestat] low and high boundaries for computing mean and std.dev: (68, 303)
[M::mem_pestat] mean and std.dev: (186.35, 32.49)
[M::mem_pestat] low and high boundaries for proper pairs: (21, 350)
[M::mem_pestat] skip orientation RF as there are not enough pairs
[M::mem_pestat] skip orientation RR as there are not enough pairs
[M::mem_process_seqs] Processed 645132 reads in 822.592 CPU sec, 105.527 real sec
[M::process] 0 single-end sequences; 645200 paired-end sequences
[M::process] read 645176 sequences (80000134 bp)...
[M::mem_pestat] # candidate unique pairs for (FF, FR, RF, RR): (0, 243008, 5, 0)
[M::mem_pestat] skip orientation FF as there are not enough pairs
[M::mem_pestat] analyzing insert size distribution for orientation FR...
[M::mem_pestat] (25, 50, 75) percentile: (162, 184, 209)
[M::mem_pestat] low and high boundaries for computing mean and std.dev: (68, 303)
[M::mem_pestat] mean and std.dev: (186.30, 32.48)
[M::mem_pestat] low and high boundaries for proper pairs: (21, 350)
[M::mem_pestat] skip orientation RF as there are not enough pairs
[M::mem_pestat] skip orientation RR as there are not enough pairs
[M::mem_process_seqs] Processed 645200 reads in 828.596 CPU sec, 106.272 real sec
[M::process] 0 single-end sequences; 645176 paired-end sequences
[M::process] read 645474 sequences (80000223 bp)...
[M::mem_pestat] # candidate unique pairs for (FF, FR, RF, RR): (0, 242193, 6, 0)
[M::mem_pestat] skip orientation FF as there are not enough pairs
[M::mem_pestat] analyzing insert size distribution for orientation FR...
[M::mem_pestat] (25, 50, 75) percentile: (162, 184, 208)
[M::mem_pestat] low and high boundaries for computing mean and std.dev: (70, 300)
[M::mem_pestat] mean and std.dev: (186.04, 32.48)
[M::mem_pestat] low and high boundaries for proper pairs: (24, 346)
[M::mem_pestat] skip orientation RF as there are not enough pairs
[M::mem_pestat] skip orientation RR as there are not enough pairs
[M::mem_process_seqs] Processed 645176 reads in 832.229 CPU sec, 106.708 real sec
[M::process] 0 single-end sequences; 645474 paired-end sequences
[M::process] read 645130 sequences (80000084 bp)...
[M::mem_pestat] # candidate unique pairs for (FF, FR, RF, RR): (0, 243697, 2, 0)
[M::mem_pestat] skip orientation FF as there are not enough pairs
[M::mem_pestat] analyzing insert size distribution for orientation FR...
[M::mem_pestat] (25, 50, 75) percentile: (162, 184, 209)
[M::mem_pestat] low and high boundaries for computing mean and std.dev: (68, 303)
[M::mem_pestat] mean and std.dev: (186.46, 32.52)
[M::mem_pestat] low and high boundaries for proper pairs: (21, 350)
[M::mem_pestat] skip orientation RF as there are not enough pairs
[M::mem_pestat] skip orientation RR as there are not enough pairs
[M::mem_process_seqs] Processed 645474 reads in 812.263 CPU sec, 104.225 real sec
[M::process] 0 single-end sequences; 645130 paired-end sequences
[M::process] read 644982 sequences (80000101 bp)...
[M::mem_pestat] # candidate unique pairs for (FF, FR, RF, RR): (0, 243788, 3, 0)
[M::mem_pestat] skip orientation FF as there are not enough pairs
[M::mem_pestat] analyzing insert size distribution for orientation FR...
[M::mem_pestat] (25, 50, 75) percentile: (162, 184, 209)
[M::mem_pestat] low and high boundaries for computing mean and std.dev: (68, 303)
[M::mem_pestat] mean and std.dev: (186.41, 32.49)
[M::mem_pestat] low and high boundaries for proper pairs: (21, 350)
[M::mem_pestat] skip orientation RF as there are not enough pairs
[M::mem_pestat] skip orientation RR as there are not enough pairs
[M::mem_process_seqs] Processed 645130 reads in 805.719 CPU sec, 103.402 real sec
[M::process] 0 single-end sequences; 644982 paired-end sequences
[M::process] read 644970 sequences (80000132 bp)...
[M::mem_pestat] # candidate unique pairs for (FF, FR, RF, RR): (0, 243608, 3, 0)
[M::mem_pestat] skip orientation FF as there are not enough pairs
[M::mem_pestat] analyzing insert size distribution for orientation FR...
[M::mem_pestat] (25, 50, 75) percentile: (162, 184, 209)
[M::mem_pestat] low and high boundaries for computing mean and std.dev: (68, 303)
[M::mem_pestat] mean and std.dev: (186.34, 32.48)
[M::mem_pestat] low and high boundaries for proper pairs: (21, 350)
[M::mem_pestat] skip orientation RF as there are not enough pairs
[M::mem_pestat] skip orientation RR as there are not enough pairs
[M::mem_process_seqs] Processed 644982 reads in 802.306 CPU sec, 102.968 real sec
[M::process] 0 single-end sequences; 644970 paired-end sequences
[M::process] read 645082 sequences (80000246 bp)...
[M::mem_pestat] # candidate unique pairs for (FF, FR, RF, RR): (0, 243748, 4, 0)
[M::mem_pestat] skip orientation FF as there are not enough pairs
[M::mem_pestat] analyzing insert size distribution for orientation FR...
[M::mem_pestat] (25, 50, 75) percentile: (162, 184, 209)
[M::mem_pestat] low and high boundaries for computing mean and std.dev: (68, 303)
[M::mem_pestat] mean and std.dev: (186.23, 32.50)
[M::mem_pestat] low and high boundaries for proper pairs: (21, 350)
[M::mem_pestat] skip orientation RF as there are not enough pairs
[M::mem_pestat] skip orientation RR as there are not enough pairs
[M::mem_process_seqs] Processed 644970 reads in 809.729 CPU sec, 103.915 real sec
[M::process] 0 single-end sequences; 645082 paired-end sequences
[M::process] read 645090 sequences (80000077 bp)...
[M::mem_pestat] # candidate unique pairs for (FF, FR, RF, RR): (0, 243328, 1, 0)
[M::mem_pestat] skip orientation FF as there are not enough pairs
[M::mem_pestat] analyzing insert size distribution for orientation FR...
[M::mem_pestat] (25, 50, 75) percentile: (162, 184, 208)
[M::mem_pestat] low and high boundaries for computing mean and std.dev: (70, 300)
[M::mem_pestat] mean and std.dev: (186.07, 32.42)
[M::mem_pestat] low and high boundaries for proper pairs: (24, 346)
[M::mem_pestat] skip orientation RF as there are not enough pairs
[M::mem_pestat] skip orientation RR as there are not enough pairs
[M::mem_process_seqs] Processed 645082 reads in 815.162 CPU sec, 104.589 real sec
[M::process] 0 single-end sequences; 645090 paired-end sequences
[M::process] read 645430 sequences (80000009 bp)...
[M::mem_pestat] # candidate unique pairs for (FF, FR, RF, RR): (0, 243002, 2, 0)
[M::mem_pestat] skip orientation FF as there are not enough pairs
[M::mem_pestat] analyzing insert size distribution for orientation FR...
[M::mem_pestat] (25, 50, 75) percentile: (162, 184, 208)
[M::mem_pestat] low and high boundaries for computing mean and std.dev: (70, 300)
[M::mem_pestat] mean and std.dev: (186.03, 32.50)
[M::mem_pestat] low and high boundaries for proper pairs: (24, 346)
[M::mem_pestat] skip orientation RF as there are not enough pairs
[M::mem_pestat] skip orientation RR as there are not enough pairs
[M::mem_process_seqs] Processed 645090 reads in 821.895 CPU sec, 105.412 real sec
[M::process] 0 single-end sequences; 645430 paired-end sequences
[M::process] read 645220 sequences (80000223 bp)...
[M::mem_pestat] # candidate unique pairs for (FF, FR, RF, RR): (0, 242861, 3, 0)
[M::mem_pestat] skip orientation FF as there are not enough pairs
[M::mem_pestat] analyzing insert size distribution for orientation FR...
[M::mem_pestat] (25, 50, 75) percentile: (162, 184, 209)
[M::mem_pestat] low and high boundaries for computing mean and std.dev: (68, 303)
[M::mem_pestat] mean and std.dev: (186.37, 32.52)
[M::mem_pestat] low and high boundaries for proper pairs: (21, 350)
[M::mem_pestat] skip orientation RF as there are not enough pairs
[M::mem_pestat] skip orientation RR as there are not enough pairs
[M::mem_process_seqs] Processed 645430 reads in 828.907 CPU sec, 106.296 real sec
[M::process] 0 single-end sequences; 645220 paired-end sequences
[M::process] read 645034 sequences (80000245 bp)...
[M::mem_pestat] # candidate unique pairs for (FF, FR, RF, RR): (0, 243266, 4, 0)
[M::mem_pestat] skip orientation FF as there are not enough pairs
[M::mem_pestat] analyzing insert size distribution for orientation FR...
[M::mem_pestat] (25, 50, 75) percentile: (162, 184, 209)
[M::mem_pestat] low and high boundaries for computing mean and std.dev: (68, 303)
[M::mem_pestat] mean and std.dev: (186.47, 32.52)
[M::mem_pestat] low and high boundaries for proper pairs: (21, 350)
[M::mem_pestat] skip orientation RF as there are not enough pairs
[M::mem_pestat] skip orientation RR as there are not enough pairs
[M::mem_process_seqs] Processed 645220 reads in 813.779 CPU sec, 104.394 real sec
[M::process] 0 single-end sequences; 645034 paired-end sequences
[M::process] read 645018 sequences (80000095 bp)...
[M::mem_pestat] # candidate unique pairs for (FF, FR, RF, RR): (0, 243027, 2, 0)
[M::mem_pestat] skip orientation FF as there are not enough pairs
[M::mem_pestat] analyzing insert size distribution for orientation FR...
[M::mem_pestat] (25, 50, 75) percentile: (162, 184, 209)
[M::mem_pestat] low and high boundaries for computing mean and std.dev: (68, 303)
[M::mem_pestat] mean and std.dev: (186.43, 32.51)
[M::mem_pestat] low and high boundaries for proper pairs: (21, 350)
[M::mem_pestat] skip orientation RF as there are not enough pairs
[M::mem_pestat] skip orientation RR as there are not enough pairs
[M::mem_process_seqs] Processed 645034 reads in 813.507 CPU sec, 104.401 real sec
[M::process] 0 single-end sequences; 645018 paired-end sequences
[M::process] read 645152 sequences (80000125 bp)...
[M::mem_pestat] # candidate unique pairs for (FF, FR, RF, RR): (0, 243697, 4, 0)
[M::mem_pestat] skip orientation FF as there are not enough pairs
[M::mem_pestat] analyzing insert size distribution for orientation FR...
[M::mem_pestat] (25, 50, 75) percentile: (162, 184, 209)
[M::mem_pestat] low and high boundaries for computing mean and std.dev: (68, 303)
[M::mem_pestat] mean and std.dev: (186.26, 32.45)
[M::mem_pestat] low and high boundaries for proper pairs: (21, 350)
[M::mem_pestat] skip orientation RF as there are not enough pairs
[M::mem_pestat] skip orientation RR as there are not enough pairs
[M::mem_process_seqs] Processed 645018 reads in 806.510 CPU sec, 103.490 real sec
[M::process] 0 single-end sequences; 645152 paired-end sequences
[M::process] read 645102 sequences (80000135 bp)...
[M::mem_pestat] # candidate unique pairs for (FF, FR, RF, RR): (0, 242912, 4, 0)
[M::mem_pestat] skip orientation FF as there are not enough pairs
[M::mem_pestat] analyzing insert size distribution for orientation FR...
[M::mem_pestat] (25, 50, 75) percentile: (162, 184, 208)
[M::mem_pestat] low and high boundaries for computing mean and std.dev: (70, 300)
[M::mem_pestat] mean and std.dev: (186.08, 32.44)
[M::mem_pestat] low and high boundaries for proper pairs: (24, 346)
[M::mem_pestat] skip orientation RF as there are not enough pairs
[M::mem_pestat] skip orientation RR as there are not enough pairs
[M::mem_process_seqs] Processed 645152 reads in 826.960 CPU sec, 106.045 real sec
[M::process] 0 single-end sequences; 645102 paired-end sequences
[M::process] read 645478 sequences (80000048 bp)...
[M::mem_pestat] # candidate unique pairs for (FF, FR, RF, RR): (0, 242892, 1, 0)
[M::mem_pestat] skip orientation FF as there are not enough pairs
[M::mem_pestat] analyzing insert size distribution for orientation FR...
[M::mem_pestat] (25, 50, 75) percentile: (162, 184, 208)
[M::mem_pestat] low and high boundaries for computing mean and std.dev: (70, 300)
[M::mem_pestat] mean and std.dev: (186.04, 32.47)
[M::mem_pestat] low and high boundaries for proper pairs: (24, 346)
[M::mem_pestat] skip orientation RF as there are not enough pairs
[M::mem_pestat] skip orientation RR as there are not enough pairs
[M::mem_process_seqs] Processed 645102 reads in 827.357 CPU sec, 106.117 real sec
[M::process] 0 single-end sequences; 645478 paired-end sequences
[M::process] read 645426 sequences (80000074 bp)...
[M::mem_pestat] # candidate unique pairs for (FF, FR, RF, RR): (0, 242739, 4, 0)
[M::mem_pestat] skip orientation FF as there are not enough pairs
[M::mem_pestat] analyzing insert size distribution for orientation FR...
[M::mem_pestat] (25, 50, 75) percentile: (162, 184, 209)
[M::mem_pestat] low and high boundaries for computing mean and std.dev: (68, 303)
[M::mem_pestat] mean and std.dev: (186.34, 32.47)
[M::mem_pestat] low and high boundaries for proper pairs: (21, 350)
[M::mem_pestat] skip orientation RF as there are not enough pairs
[M::mem_pestat] skip orientation RR as there are not enough pairs
[M::mem_process_seqs] Processed 645478 reads in 841.215 CPU sec, 107.835 real sec
[M::process] 0 single-end sequences; 645426 paired-end sequences
[M::process] read 645106 sequences (80000231 bp)...
[M::mem_pestat] # candidate unique pairs for (FF, FR, RF, RR): (0, 242417, 4, 0)
[M::mem_pestat] skip orientation FF as there are not enough pairs
[M::mem_pestat] analyzing insert size distribution for orientation FR...
[M::mem_pestat] (25, 50, 75) percentile: (162, 184, 209)
[M::mem_pestat] low and high boundaries for computing mean and std.dev: (68, 303)
[M::mem_pestat] mean and std.dev: (186.53, 32.49)
[M::mem_pestat] low and high boundaries for proper pairs: (21, 350)
[M::mem_pestat] skip orientation RF as there are not enough pairs
[M::mem_pestat] skip orientation RR as there are not enough pairs
[M::mem_process_seqs] Processed 645426 reads in 844.913 CPU sec, 108.316 real sec
[M::process] 0 single-end sequences; 645106 paired-end sequences
[M::process] read 645066 sequences (80000038 bp)...
[M::mem_pestat] # candidate unique pairs for (FF, FR, RF, RR): (0, 243084, 1, 0)
[M::mem_pestat] skip orientation FF as there are not enough pairs
[M::mem_pestat] analyzing insert size distribution for orientation FR...
[M::mem_pestat] (25, 50, 75) percentile: (162, 184, 209)
[M::mem_pestat] low and high boundaries for computing mean and std.dev: (68, 303)
[M::mem_pestat] mean and std.dev: (186.35, 32.46)
[M::mem_pestat] low and high boundaries for proper pairs: (21, 350)
[M::mem_pestat] skip orientation RF as there are not enough pairs
[M::mem_pestat] skip orientation RR as there are not enough pairs
[M::mem_process_seqs] Processed 645106 reads in 819.368 CPU sec, 105.143 real sec
[M::process] 0 single-end sequences; 645066 paired-end sequences
[M::process] read 645218 sequences (80000117 bp)...
[M::mem_pestat] # candidate unique pairs for (FF, FR, RF, RR): (0, 243370, 3, 0)
[M::mem_pestat] skip orientation FF as there are not enough pairs
[M::mem_pestat] analyzing insert size distribution for orientation FR...
[M::mem_pestat] (25, 50, 75) percentile: (162, 184, 209)
[M::mem_pestat] low and high boundaries for computing mean and std.dev: (68, 303)
[M::mem_pestat] mean and std.dev: (186.39, 32.55)
[M::mem_pestat] low and high boundaries for proper pairs: (21, 350)
[M::mem_pestat] skip orientation RF as there are not enough pairs
[M::mem_pestat] skip orientation RR as there are not enough pairs
[M::mem_process_seqs] Processed 645066 reads in 822.991 CPU sec, 105.550 real sec
[M::process] 0 single-end sequences; 645218 paired-end sequences
[M::process] read 645514 sequences (80000074 bp)...
[M::mem_pestat] # candidate unique pairs for (FF, FR, RF, RR): (0, 243180, 4, 0)
[M::mem_pestat] skip orientation FF as there are not enough pairs
[M::mem_pestat] analyzing insert size distribution for orientation FR...
[M::mem_pestat] (25, 50, 75) percentile: (162, 184, 208)
[M::mem_pestat] low and high boundaries for computing mean and std.dev: (70, 300)
[M::mem_pestat] mean and std.dev: (186.17, 32.45)
[M::mem_pestat] low and high boundaries for proper pairs: (24, 346)
[M::mem_pestat] skip orientation RF as there are not enough pairs
[M::mem_pestat] skip orientation RR as there are not enough pairs
[M::mem_process_seqs] Processed 645218 reads in 828.353 CPU sec, 106.222 real sec
[M::process] 0 single-end sequences; 645514 paired-end sequences
[M::process] read 645588 sequences (80000176 bp)...
[M::mem_pestat] # candidate unique pairs for (FF, FR, RF, RR): (0, 242634, 2, 0)
[M::mem_pestat] skip orientation FF as there are not enough pairs
[M::mem_pestat] analyzing insert size distribution for orientation FR...
[M::mem_pestat] (25, 50, 75) percentile: (162, 184, 208)
[M::mem_pestat] low and high boundaries for computing mean and std.dev: (70, 300)
[M::mem_pestat] mean and std.dev: (186.13, 32.44)
[M::mem_pestat] low and high boundaries for proper pairs: (24, 346)
[M::mem_pestat] skip orientation RF as there are not enough pairs
[M::mem_pestat] skip orientation RR as there are not enough pairs
[M::mem_process_seqs] Processed 645514 reads in 839.238 CPU sec, 107.589 real sec
[M::process] 0 single-end sequences; 645588 paired-end sequences
[M::process] read 645260 sequences (80000214 bp)...
[M::mem_pestat] # candidate unique pairs for (FF, FR, RF, RR): (0, 242794, 3, 0)
[M::mem_pestat] skip orientation FF as there are not enough pairs
[M::mem_pestat] analyzing insert size distribution for orientation FR...
[M::mem_pestat] (25, 50, 75) percentile: (162, 184, 209)
[M::mem_pestat] low and high boundaries for computing mean and std.dev: (68, 303)
[M::mem_pestat] mean and std.dev: (186.38, 32.57)
[M::mem_pestat] low and high boundaries for proper pairs: (21, 350)
[M::mem_pestat] skip orientation RF as there are not enough pairs
[M::mem_pestat] skip orientation RR as there are not enough pairs
[M::mem_process_seqs] Processed 645588 reads in 849.805 CPU sec, 108.908 real sec
[M::process] 0 single-end sequences; 645260 paired-end sequences
[M::process] read 644992 sequences (80000242 bp)...
[M::mem_pestat] # candidate unique pairs for (FF, FR, RF, RR): (0, 243483, 5, 0)
[M::mem_pestat] skip orientation FF as there are not enough pairs
[M::mem_pestat] analyzing insert size distribution for orientation FR...
[M::mem_pestat] (25, 50, 75) percentile: (162, 184, 209)
[M::mem_pestat] low and high boundaries for computing mean and std.dev: (68, 303)
[M::mem_pestat] mean and std.dev: (186.27, 32.47)
[M::mem_pestat] low and high boundaries for proper pairs: (21, 350)
[M::mem_pestat] skip orientation RF as there are not enough pairs
[M::mem_pestat] skip orientation RR as there are not enough pairs
[M::mem_process_seqs] Processed 645260 reads in 823.172 CPU sec, 105.574 real sec
[M::process] 0 single-end sequences; 644992 paired-end sequences
[M::process] read 644974 sequences (80000235 bp)...
[M::mem_pestat] # candidate unique pairs for (FF, FR, RF, RR): (0, 243037, 5, 0)
[M::mem_pestat] skip orientation FF as there are not enough pairs
[M::mem_pestat] analyzing insert size distribution for orientation FR...
[M::mem_pestat] (25, 50, 75) percentile: (162, 184, 209)
[M::mem_pestat] low and high boundaries for computing mean and std.dev: (68, 303)
[M::mem_pestat] mean and std.dev: (186.27, 32.47)
[M::mem_pestat] low and high boundaries for proper pairs: (21, 350)
[M::mem_pestat] skip orientation RF as there are not enough pairs
[M::mem_pestat] skip orientation RR as there are not enough pairs
[M::mem_process_seqs] Processed 644992 reads in 814.891 CPU sec, 104.572 real sec
[M::process] 0 single-end sequences; 644974 paired-end sequences
[M::process] read 645128 sequences (80000094 bp)...
[M::mem_pestat] # candidate unique pairs for (FF, FR, RF, RR): (0, 242803, 6, 0)
[M::mem_pestat] skip orientation FF as there are not enough pairs
[M::mem_pestat] analyzing insert size distribution for orientation FR...
[M::mem_pestat] (25, 50, 75) percentile: (162, 184, 209)
[M::mem_pestat] low and high boundaries for computing mean and std.dev: (68, 303)
[M::mem_pestat] mean and std.dev: (186.22, 32.53)
[M::mem_pestat] low and high boundaries for proper pairs: (21, 350)
[M::mem_pestat] skip orientation RF as there are not enough pairs
[M::mem_pestat] skip orientation RR as there are not enough pairs
[M::mem_process_seqs] Processed 644974 reads in 824.387 CPU sec, 105.732 real sec
[M::process] 0 single-end sequences; 645128 paired-end sequences
[M::process] read 645050 sequences (80000060 bp)...
[M::mem_pestat] # candidate unique pairs for (FF, FR, RF, RR): (0, 242319, 0, 0)
[M::mem_pestat] skip orientation FF as there are not enough pairs
[M::mem_pestat] analyzing insert size distribution for orientation FR...
[M::mem_pestat] (25, 50, 75) percentile: (162, 184, 208)
[M::mem_pestat] low and high boundaries for computing mean and std.dev: (70, 300)
[M::mem_pestat] mean and std.dev: (186.14, 32.42)
[M::mem_pestat] low and high boundaries for proper pairs: (24, 346)
[M::mem_pestat] skip orientation RF as there are not enough pairs
[M::mem_pestat] skip orientation RR as there are not enough pairs
[M::mem_process_seqs] Processed 645128 reads in 843.706 CPU sec, 108.149 real sec
[M::process] 0 single-end sequences; 645050 paired-end sequences
[M::process] read 646168 sequences (80000241 bp)...
[M::mem_pestat] # candidate unique pairs for (FF, FR, RF, RR): (0, 242521, 5, 0)
[M::mem_pestat] skip orientation FF as there are not enough pairs
[M::mem_pestat] analyzing insert size distribution for orientation FR...
[M::mem_pestat] (25, 50, 75) percentile: (162, 184, 208)
[M::mem_pestat] low and high boundaries for computing mean and std.dev: (70, 300)
[M::mem_pestat] mean and std.dev: (185.95, 32.56)
[M::mem_pestat] low and high boundaries for proper pairs: (24, 346)
[M::mem_pestat] skip orientation RF as there are not enough pairs
[M::mem_pestat] skip orientation RR as there are not enough pairs
[M::mem_process_seqs] Processed 645050 reads in 836.460 CPU sec, 107.238 real sec
[M::process] 0 single-end sequences; 646168 paired-end sequences
[M::process] read 645466 sequences (80000080 bp)...
[M::mem_pestat] # candidate unique pairs for (FF, FR, RF, RR): (0, 243604, 5, 0)
[M::mem_pestat] skip orientation FF as there are not enough pairs
[M::mem_pestat] analyzing insert size distribution for orientation FR...
[M::mem_pestat] (25, 50, 75) percentile: (162, 184, 209)
[M::mem_pestat] low and high boundaries for computing mean and std.dev: (68, 303)
[M::mem_pestat] mean and std.dev: (186.46, 32.50)
[M::mem_pestat] low and high boundaries for proper pairs: (21, 350)
[M::mem_pestat] skip orientation RF as there are not enough pairs
[M::mem_pestat] skip orientation RR as there are not enough pairs
[M::mem_process_seqs] Processed 646168 reads in 819.276 CPU sec, 105.081 real sec
[M::process] 0 single-end sequences; 645466 paired-end sequences
[M::process] read 645140 sequences (80000024 bp)...
[M::mem_pestat] # candidate unique pairs for (FF, FR, RF, RR): (0, 242965, 2, 0)
[M::mem_pestat] skip orientation FF as there are not enough pairs
[M::mem_pestat] analyzing insert size distribution for orientation FR...
[M::mem_pestat] (25, 50, 75) percentile: (162, 184, 209)
[M::mem_pestat] low and high boundaries for computing mean and std.dev: (68, 303)
[M::mem_pestat] mean and std.dev: (186.37, 32.59)
[M::mem_pestat] low and high boundaries for proper pairs: (21, 350)
[M::mem_pestat] skip orientation RF as there are not enough pairs
[M::mem_pestat] skip orientation RR as there are not enough pairs
[M::mem_process_seqs] Processed 645466 reads in 822.035 CPU sec, 105.469 real sec
[M::process] 0 single-end sequences; 645140 paired-end sequences
[M::process] read 645072 sequences (80000199 bp)...
[M::mem_pestat] # candidate unique pairs for (FF, FR, RF, RR): (0, 243521, 3, 0)
[M::mem_pestat] skip orientation FF as there are not enough pairs
[M::mem_pestat] analyzing insert size distribution for orientation FR...
[M::mem_pestat] (25, 50, 75) percentile: (162, 184, 209)
[M::mem_pestat] low and high boundaries for computing mean and std.dev: (68, 303)
[M::mem_pestat] mean and std.dev: (186.35, 32.51)
[M::mem_pestat] low and high boundaries for proper pairs: (21, 350)
[M::mem_pestat] skip orientation RF as there are not enough pairs
[M::mem_pestat] skip orientation RR as there are not enough pairs
[M::mem_process_seqs] Processed 645140 reads in 812.912 CPU sec, 104.296 real sec
[M::process] 0 single-end sequences; 645072 paired-end sequences
[M::process] read 645190 sequences (80000137 bp)...
[M::mem_pestat] # candidate unique pairs for (FF, FR, RF, RR): (0, 243180, 2, 0)
[M::mem_pestat] skip orientation FF as there are not enough pairs
[M::mem_pestat] analyzing insert size distribution for orientation FR...
[M::mem_pestat] (25, 50, 75) percentile: (162, 184, 208)
[M::mem_pestat] low and high boundaries for computing mean and std.dev: (70, 300)
[M::mem_pestat] mean and std.dev: (186.19, 32.46)
[M::mem_pestat] low and high boundaries for proper pairs: (24, 346)
[M::mem_pestat] skip orientation RF as there are not enough pairs
[M::mem_pestat] skip orientation RR as there are not enough pairs
[M::mem_process_seqs] Processed 645072 reads in 818.643 CPU sec, 105.015 real sec
[M::process] 0 single-end sequences; 645190 paired-end sequences
[M::process] read 645266 sequences (80000077 bp)...
[M::mem_pestat] # candidate unique pairs for (FF, FR, RF, RR): (0, 242959, 6, 0)
[M::mem_pestat] skip orientation FF as there are not enough pairs
[M::mem_pestat] analyzing insert size distribution for orientation FR...
[M::mem_pestat] (25, 50, 75) percentile: (162, 184, 208)
[M::mem_pestat] low and high boundaries for computing mean and std.dev: (70, 300)
[M::mem_pestat] mean and std.dev: (186.20, 32.45)
[M::mem_pestat] low and high boundaries for proper pairs: (24, 346)
[M::mem_pestat] skip orientation RF as there are not enough pairs
[M::mem_pestat] skip orientation RR as there are not enough pairs
[M::mem_process_seqs] Processed 645190 reads in 829.380 CPU sec, 106.373 real sec
[M::process] 0 single-end sequences; 645266 paired-end sequences
[M::process] read 645550 sequences (80000094 bp)...
[M::mem_pestat] # candidate unique pairs for (FF, FR, RF, RR): (0, 242799, 3, 0)
[M::mem_pestat] skip orientation FF as there are not enough pairs
[M::mem_pestat] analyzing insert size distribution for orientation FR...
[M::mem_pestat] (25, 50, 75) percentile: (162, 183, 208)
[M::mem_pestat] low and high boundaries for computing mean and std.dev: (70, 300)
[M::mem_pestat] mean and std.dev: (185.95, 32.47)
[M::mem_pestat] low and high boundaries for proper pairs: (24, 346)
[M::mem_pestat] skip orientation RF as there are not enough pairs
[M::mem_pestat] skip orientation RR as there are not enough pairs
[M::mem_process_seqs] Processed 645266 reads in 831.417 CPU sec, 106.613 real sec
[M::process] 0 single-end sequences; 645550 paired-end sequences
[M::process] read 645234 sequences (80000132 bp)...
[M::mem_pestat] # candidate unique pairs for (FF, FR, RF, RR): (0, 243143, 0, 0)
[M::mem_pestat] skip orientation FF as there are not enough pairs
[M::mem_pestat] analyzing insert size distribution for orientation FR...
[M::mem_pestat] (25, 50, 75) percentile: (162, 184, 209)
[M::mem_pestat] low and high boundaries for computing mean and std.dev: (68, 303)
[M::mem_pestat] mean and std.dev: (186.50, 32.53)
[M::mem_pestat] low and high boundaries for proper pairs: (21, 350)
[M::mem_pestat] skip orientation RF as there are not enough pairs
[M::mem_pestat] skip orientation RR as there are not enough pairs
[M::mem_process_seqs] Processed 645550 reads in 820.999 CPU sec, 105.303 real sec
[M::process] 0 single-end sequences; 645234 paired-end sequences
[M::process] read 645138 sequences (80000069 bp)...
[M::mem_pestat] # candidate unique pairs for (FF, FR, RF, RR): (0, 243155, 5, 0)
[M::mem_pestat] skip orientation FF as there are not enough pairs
[M::mem_pestat] analyzing insert size distribution for orientation FR...
[M::mem_pestat] (25, 50, 75) percentile: (162, 184, 209)
[M::mem_pestat] low and high boundaries for computing mean and std.dev: (68, 303)
[M::mem_pestat] mean and std.dev: (186.45, 32.53)
[M::mem_pestat] low and high boundaries for proper pairs: (21, 350)
[M::mem_pestat] skip orientation RF as there are not enough pairs
[M::mem_pestat] skip orientation RR as there are not enough pairs
[M::mem_process_seqs] Processed 645234 reads in 802.231 CPU sec, 102.978 real sec
[M::process] 0 single-end sequences; 645138 paired-end sequences
[M::process] read 645104 sequences (80000064 bp)...
[M::mem_pestat] # candidate unique pairs for (FF, FR, RF, RR): (0, 244020, 0, 0)
[M::mem_pestat] skip orientation FF as there are not enough pairs
[M::mem_pestat] analyzing insert size distribution for orientation FR...
[M::mem_pestat] (25, 50, 75) percentile: (162, 184, 209)
[M::mem_pestat] low and high boundaries for computing mean and std.dev: (68, 303)
[M::mem_pestat] mean and std.dev: (186.40, 32.50)
[M::mem_pestat] low and high boundaries for proper pairs: (21, 350)
[M::mem_pestat] skip orientation RF as there are not enough pairs
[M::mem_pestat] skip orientation RR as there are not enough pairs
[M::mem_process_seqs] Processed 645138 reads in 799.470 CPU sec, 102.609 real sec
[M::process] 0 single-end sequences; 645104 paired-end sequences
[M::process] read 645204 sequences (80000167 bp)...
[M::mem_pestat] # candidate unique pairs for (FF, FR, RF, RR): (0, 243701, 2, 0)
[M::mem_pestat] skip orientation FF as there are not enough pairs
[M::mem_pestat] analyzing insert size distribution for orientation FR...
[M::mem_pestat] (25, 50, 75) percentile: (162, 184, 209)
[M::mem_pestat] low and high boundaries for computing mean and std.dev: (68, 303)
[M::mem_pestat] mean and std.dev: (186.34, 32.48)
[M::mem_pestat] low and high boundaries for proper pairs: (21, 350)
[M::mem_pestat] skip orientation RF as there are not enough pairs
[M::mem_pestat] skip orientation RR as there are not enough pairs
[M::mem_process_seqs] Processed 645104 reads in 809.157 CPU sec, 103.824 real sec
[M::process] 0 single-end sequences; 645204 paired-end sequences
[M::process] read 645140 sequences (80000017 bp)...
[M::mem_pestat] # candidate unique pairs for (FF, FR, RF, RR): (0, 243374, 6, 0)
[M::mem_pestat] skip orientation FF as there are not enough pairs
[M::mem_pestat] analyzing insert size distribution for orientation FR...
[M::mem_pestat] (25, 50, 75) percentile: (162, 184, 208)
[M::mem_pestat] low and high boundaries for computing mean and std.dev: (70, 300)
[M::mem_pestat] mean and std.dev: (186.10, 32.44)
[M::mem_pestat] low and high boundaries for proper pairs: (24, 346)
[M::mem_pestat] skip orientation RF as there are not enough pairs
[M::mem_pestat] skip orientation RR as there are not enough pairs
[M::mem_process_seqs] Processed 645204 reads in 815.989 CPU sec, 104.679 real sec
[M::process] 0 single-end sequences; 645140 paired-end sequences
[M::process] read 645676 sequences (80000163 bp)...
[M::mem_pestat] # candidate unique pairs for (FF, FR, RF, RR): (0, 242838, 1, 0)
[M::mem_pestat] skip orientation FF as there are not enough pairs
[M::mem_pestat] analyzing insert size distribution for orientation FR...
[M::mem_pestat] (25, 50, 75) percentile: (162, 184, 209)
[M::mem_pestat] low and high boundaries for computing mean and std.dev: (68, 303)
[M::mem_pestat] mean and std.dev: (186.21, 32.54)
[M::mem_pestat] low and high boundaries for proper pairs: (21, 350)
[M::mem_pestat] skip orientation RF as there are not enough pairs
[M::mem_pestat] skip orientation RR as there are not enough pairs
[M::mem_process_seqs] Processed 645140 reads in 827.420 CPU sec, 106.111 real sec
[M::process] 0 single-end sequences; 645676 paired-end sequences
[M::process] read 645254 sequences (80000005 bp)...
[M::mem_pestat] # candidate unique pairs for (FF, FR, RF, RR): (0, 243050, 2, 0)
[M::mem_pestat] skip orientation FF as there are not enough pairs
[M::mem_pestat] analyzing insert size distribution for orientation FR...
[M::mem_pestat] (25, 50, 75) percentile: (162, 184, 209)
[M::mem_pestat] low and high boundaries for computing mean and std.dev: (68, 303)
[M::mem_pestat] mean and std.dev: (186.33, 32.46)
[M::mem_pestat] low and high boundaries for proper pairs: (21, 350)
[M::mem_pestat] skip orientation RF as there are not enough pairs
[M::mem_pestat] skip orientation RR as there are not enough pairs
[M::mem_process_seqs] Processed 645676 reads in 816.899 CPU sec, 104.800 real sec
[M::process] 0 single-end sequences; 645254 paired-end sequences
[M::process] read 645092 sequences (80000023 bp)...
[M::mem_pestat] # candidate unique pairs for (FF, FR, RF, RR): (0, 243821, 4, 0)
[M::mem_pestat] skip orientation FF as there are not enough pairs
[M::mem_pestat] analyzing insert size distribution for orientation FR...
[M::mem_pestat] (25, 50, 75) percentile: (162, 184, 209)
[M::mem_pestat] low and high boundaries for computing mean and std.dev: (68, 303)
[M::mem_pestat] mean and std.dev: (186.50, 32.52)
[M::mem_pestat] low and high boundaries for proper pairs: (21, 350)
[M::mem_pestat] skip orientation RF as there are not enough pairs
[M::mem_pestat] skip orientation RR as there are not enough pairs
[M::mem_process_seqs] Processed 645254 reads in 802.153 CPU sec, 102.972 real sec
[M::process] 0 single-end sequences; 645092 paired-end sequences
[M::process] read 645082 sequences (80000246 bp)...
[M::mem_pestat] # candidate unique pairs for (FF, FR, RF, RR): (0, 243959, 1, 0)
[M::mem_pestat] skip orientation FF as there are not enough pairs
[M::mem_pestat] analyzing insert size distribution for orientation FR...
[M::mem_pestat] (25, 50, 75) percentile: (162, 184, 209)
[M::mem_pestat] low and high boundaries for computing mean and std.dev: (68, 303)
[M::mem_pestat] mean and std.dev: (186.37, 32.45)
[M::mem_pestat] low and high boundaries for proper pairs: (21, 350)
[M::mem_pestat] skip orientation RF as there are not enough pairs
[M::mem_pestat] skip orientation RR as there are not enough pairs
[M::mem_process_seqs] Processed 645092 reads in 796.468 CPU sec, 102.235 real sec
[M::process] 0 single-end sequences; 645082 paired-end sequences
[M::process] read 645156 sequences (80000089 bp)...
[M::mem_pestat] # candidate unique pairs for (FF, FR, RF, RR): (0, 243364, 5, 0)
[M::mem_pestat] skip orientation FF as there are not enough pairs
[M::mem_pestat] analyzing insert size distribution for orientation FR...
[M::mem_pestat] (25, 50, 75) percentile: (162, 184, 209)
[M::mem_pestat] low and high boundaries for computing mean and std.dev: (68, 303)
[M::mem_pestat] mean and std.dev: (186.29, 32.52)
[M::mem_pestat] low and high boundaries for proper pairs: (21, 350)
[M::mem_pestat] skip orientation RF as there are not enough pairs
[M::mem_pestat] skip orientation RR as there are not enough pairs
[M::mem_process_seqs] Processed 645082 reads in 805.619 CPU sec, 103.365 real sec
[M::process] 0 single-end sequences; 645156 paired-end sequences
[M::process] read 645100 sequences (80000118 bp)...
[M::mem_pestat] # candidate unique pairs for (FF, FR, RF, RR): (0, 243437, 7, 0)
[M::mem_pestat] skip orientation FF as there are not enough pairs
[M::mem_pestat] analyzing insert size distribution for orientation FR...
[M::mem_pestat] (25, 50, 75) percentile: (162, 184, 209)
[M::mem_pestat] low and high boundaries for computing mean and std.dev: (68, 303)
[M::mem_pestat] mean and std.dev: (186.20, 32.50)
[M::mem_pestat] low and high boundaries for proper pairs: (21, 350)
[M::mem_pestat] skip orientation RF as there are not enough pairs
[M::mem_pestat] skip orientation RR as there are not enough pairs
[M::mem_process_seqs] Processed 645156 reads in 811.634 CPU sec, 104.162 real sec
[M::process] 0 single-end sequences; 645100 paired-end sequences
[M::process] read 645926 sequences (80000062 bp)...
[M::mem_pestat] # candidate unique pairs for (FF, FR, RF, RR): (0, 242955, 5, 0)
[M::mem_pestat] skip orientation FF as there are not enough pairs
[M::mem_pestat] analyzing insert size distribution for orientation FR...
[M::mem_pestat] (25, 50, 75) percentile: (162, 184, 208)
[M::mem_pestat] low and high boundaries for computing mean and std.dev: (70, 300)
[M::mem_pestat] mean and std.dev: (186.11, 32.48)
[M::mem_pestat] low and high boundaries for proper pairs: (24, 346)
[M::mem_pestat] skip orientation RF as there are not enough pairs
[M::mem_pestat] skip orientation RR as there are not enough pairs
[M::mem_process_seqs] Processed 645100 reads in 818.975 CPU sec, 105.048 real sec
[M::process] 0 single-end sequences; 645926 paired-end sequences
[M::process] read 645432 sequences (80000153 bp)...
[M::mem_pestat] # candidate unique pairs for (FF, FR, RF, RR): (0, 243114, 4, 0)
[M::mem_pestat] skip orientation FF as there are not enough pairs
[M::mem_pestat] analyzing insert size distribution for orientation FR...
[M::mem_pestat] (25, 50, 75) percentile: (162, 184, 209)
[M::mem_pestat] low and high boundaries for computing mean and std.dev: (68, 303)
[M::mem_pestat] mean and std.dev: (186.37, 32.53)
[M::mem_pestat] low and high boundaries for proper pairs: (21, 350)
[M::mem_pestat] skip orientation RF as there are not enough pairs
[M::mem_pestat] skip orientation RR as there are not enough pairs
[M::mem_process_seqs] Processed 645926 reads in 827.315 CPU sec, 106.097 real sec
[M::process] 0 single-end sequences; 645432 paired-end sequences
[M::process] read 645306 sequences (80000102 bp)...
[M::mem_pestat] # candidate unique pairs for (FF, FR, RF, RR): (0, 243116, 6, 0)
[M::mem_pestat] skip orientation FF as there are not enough pairs
[M::mem_pestat] analyzing insert size distribution for orientation FR...
[M::mem_pestat] (25, 50, 75) percentile: (162, 184, 209)
[M::mem_pestat] low and high boundaries for computing mean and std.dev: (68, 303)
[M::mem_pestat] mean and std.dev: (186.53, 32.51)
[M::mem_pestat] low and high boundaries for proper pairs: (21, 350)
[M::mem_pestat] skip orientation RF as there are not enough pairs
[M::mem_pestat] skip orientation RR as there are not enough pairs
[M::mem_process_seqs] Processed 645432 reads in 819.961 CPU sec, 105.191 real sec
[M::process] 0 single-end sequences; 645306 paired-end sequences
[M::process] read 645258 sequences (80000046 bp)...
[M::mem_pestat] # candidate unique pairs for (FF, FR, RF, RR): (0, 243946, 4, 0)
[M::mem_pestat] skip orientation FF as there are not enough pairs
[M::mem_pestat] analyzing insert size distribution for orientation FR...
[M::mem_pestat] (25, 50, 75) percentile: (162, 184, 209)
[M::mem_pestat] low and high boundaries for computing mean and std.dev: (68, 303)
[M::mem_pestat] mean and std.dev: (186.51, 32.58)
[M::mem_pestat] low and high boundaries for proper pairs: (21, 350)
[M::mem_pestat] skip orientation RF as there are not enough pairs
[M::mem_pestat] skip orientation RR as there are not enough pairs
[M::mem_process_seqs] Processed 645306 reads in 807.944 CPU sec, 103.671 real sec
[M::process] 0 single-end sequences; 645258 paired-end sequences
[M::process] read 645338 sequences (80000141 bp)...
[M::mem_pestat] # candidate unique pairs for (FF, FR, RF, RR): (0, 243167, 4, 0)
[M::mem_pestat] skip orientation FF as there are not enough pairs
[M::mem_pestat] analyzing insert size distribution for orientation FR...
[M::mem_pestat] (25, 50, 75) percentile: (162, 184, 209)
[M::mem_pestat] low and high boundaries for computing mean and std.dev: (68, 303)
[M::mem_pestat] mean and std.dev: (186.38, 32.55)
[M::mem_pestat] low and high boundaries for proper pairs: (21, 350)
[M::mem_pestat] skip orientation RF as there are not enough pairs
[M::mem_pestat] skip orientation RR as there are not enough pairs
[M::mem_process_seqs] Processed 645258 reads in 810.146 CPU sec, 103.945 real sec
[M::process] 0 single-end sequences; 645338 paired-end sequences
[M::process] read 645342 sequences (80000147 bp)...
[M::mem_pestat] # candidate unique pairs for (FF, FR, RF, RR): (0, 243177, 3, 0)
[M::mem_pestat] skip orientation FF as there are not enough pairs
[M::mem_pestat] analyzing insert size distribution for orientation FR...
[M::mem_pestat] (25, 50, 75) percentile: (162, 184, 209)
[M::mem_pestat] low and high boundaries for computing mean and std.dev: (68, 303)
[M::mem_pestat] mean and std.dev: (186.15, 32.52)
[M::mem_pestat] low and high boundaries for proper pairs: (21, 350)
[M::mem_pestat] skip orientation RF as there are not enough pairs
[M::mem_pestat] skip orientation RR as there are not enough pairs
[M::mem_process_seqs] Processed 645338 reads in 817.754 CPU sec, 104.899 real sec
[M::process] 0 single-end sequences; 645342 paired-end sequences
[M::process] read 645528 sequences (80000194 bp)...
[M::mem_pestat] # candidate unique pairs for (FF, FR, RF, RR): (0, 242836, 5, 0)
[M::mem_pestat] skip orientation FF as there are not enough pairs
[M::mem_pestat] analyzing insert size distribution for orientation FR...
[M::mem_pestat] (25, 50, 75) percentile: (162, 184, 209)
[M::mem_pestat] low and high boundaries for computing mean and std.dev: (68, 303)
[M::mem_pestat] mean and std.dev: (186.21, 32.47)
[M::mem_pestat] low and high boundaries for proper pairs: (21, 350)
[M::mem_pestat] skip orientation RF as there are not enough pairs
[M::mem_pestat] skip orientation RR as there are not enough pairs
[M::mem_process_seqs] Processed 645342 reads in 832.540 CPU sec, 106.776 real sec
[M::process] 0 single-end sequences; 645528 paired-end sequences
[M::process] read 645538 sequences (80000209 bp)...
[M::mem_pestat] # candidate unique pairs for (FF, FR, RF, RR): (0, 242891, 2, 0)
[M::mem_pestat] skip orientation FF as there are not enough pairs
[M::mem_pestat] analyzing insert size distribution for orientation FR...
[M::mem_pestat] (25, 50, 75) percentile: (162, 184, 209)
[M::mem_pestat] low and high boundaries for computing mean and std.dev: (68, 303)
[M::mem_pestat] mean and std.dev: (186.41, 32.53)
[M::mem_pestat] low and high boundaries for proper pairs: (21, 350)
[M::mem_pestat] skip orientation RF as there are not enough pairs
[M::mem_pestat] skip orientation RR as there are not enough pairs
[M::mem_process_seqs] Processed 645528 reads in 835.871 CPU sec, 107.189 real sec
[M::process] 0 single-end sequences; 645538 paired-end sequences
[M::process] read 645098 sequences (80000210 bp)...
[M::mem_pestat] # candidate unique pairs for (FF, FR, RF, RR): (0, 243309, 6, 0)
[M::mem_pestat] skip orientation FF as there are not enough pairs
[M::mem_pestat] analyzing insert size distribution for orientation FR...
[M::mem_pestat] (25, 50, 75) percentile: (162, 184, 209)
[M::mem_pestat] low and high boundaries for computing mean and std.dev: (68, 303)
[M::mem_pestat] mean and std.dev: (186.51, 32.53)
[M::mem_pestat] low and high boundaries for proper pairs: (21, 350)
[M::mem_pestat] skip orientation RF as there are not enough pairs
[M::mem_pestat] skip orientation RR as there are not enough pairs
[M::mem_process_seqs] Processed 645538 reads in 820.014 CPU sec, 105.198 real sec
[M::process] 0 single-end sequences; 645098 paired-end sequences
[M::process] read 645050 sequences (80000221 bp)...
[M::mem_pestat] # candidate unique pairs for (FF, FR, RF, RR): (0, 242724, 8, 0)
[M::mem_pestat] skip orientation FF as there are not enough pairs
[M::mem_pestat] analyzing insert size distribution for orientation FR...
[M::mem_pestat] (25, 50, 75) percentile: (162, 184, 209)
[M::mem_pestat] low and high boundaries for computing mean and std.dev: (68, 303)
[M::mem_pestat] mean and std.dev: (186.43, 32.56)
[M::mem_pestat] low and high boundaries for proper pairs: (21, 350)
[M::mem_pestat] skip orientation RF as there are not enough pairs
[M::mem_pestat] skip orientation RR as there are not enough pairs
[M::mem_process_seqs] Processed 645098 reads in 823.879 CPU sec, 105.682 real sec
[M::process] 0 single-end sequences; 645050 paired-end sequences
[M::process] read 645188 sequences (80000139 bp)...
[M::mem_pestat] # candidate unique pairs for (FF, FR, RF, RR): (0, 243355, 3, 0)
[M::mem_pestat] skip orientation FF as there are not enough pairs
[M::mem_pestat] analyzing insert size distribution for orientation FR...
[M::mem_pestat] (25, 50, 75) percentile: (162, 184, 209)
[M::mem_pestat] low and high boundaries for computing mean and std.dev: (68, 303)
[M::mem_pestat] mean and std.dev: (186.29, 32.45)
[M::mem_pestat] low and high boundaries for proper pairs: (21, 350)
[M::mem_pestat] skip orientation RF as there are not enough pairs
[M::mem_pestat] skip orientation RR as there are not enough pairs
[M::mem_process_seqs] Processed 645050 reads in 818.374 CPU sec, 104.994 real sec
[M::process] 0 single-end sequences; 645188 paired-end sequences
[M::process] read 645344 sequences (80000160 bp)...
[M::mem_pestat] # candidate unique pairs for (FF, FR, RF, RR): (0, 243004, 3, 0)
[M::mem_pestat] skip orientation FF as there are not enough pairs
[M::mem_pestat] analyzing insert size distribution for orientation FR...
[M::mem_pestat] (25, 50, 75) percentile: (162, 184, 209)
[M::mem_pestat] low and high boundaries for computing mean and std.dev: (68, 303)
[M::mem_pestat] mean and std.dev: (186.24, 32.46)
[M::mem_pestat] low and high boundaries for proper pairs: (21, 350)
[M::mem_pestat] skip orientation RF as there are not enough pairs
[M::mem_pestat] skip orientation RR as there are not enough pairs
[M::mem_process_seqs] Processed 645188 reads in 831.545 CPU sec, 106.652 real sec
[M::process] 0 single-end sequences; 645344 paired-end sequences
[M::process] read 645818 sequences (80000105 bp)...
[M::mem_pestat] # candidate unique pairs for (FF, FR, RF, RR): (0, 242583, 4, 0)
[M::mem_pestat] skip orientation FF as there are not enough pairs
[M::mem_pestat] analyzing insert size distribution for orientation FR...
[M::mem_pestat] (25, 50, 75) percentile: (162, 184, 208)
[M::mem_pestat] low and high boundaries for computing mean and std.dev: (70, 300)
[M::mem_pestat] mean and std.dev: (186.08, 32.46)
[M::mem_pestat] low and high boundaries for proper pairs: (24, 346)
[M::mem_pestat] skip orientation RF as there are not enough pairs
[M::mem_pestat] skip orientation RR as there are not enough pairs
[M::mem_process_seqs] Processed 645344 reads in 837.758 CPU sec, 107.419 real sec
[M::process] 0 single-end sequences; 645818 paired-end sequences
[M::process] read 645360 sequences (80000040 bp)...
[M::mem_pestat] # candidate unique pairs for (FF, FR, RF, RR): (0, 243732, 3, 0)
[M::mem_pestat] skip orientation FF as there are not enough pairs
[M::mem_pestat] analyzing insert size distribution for orientation FR...
[M::mem_pestat] (25, 50, 75) percentile: (162, 184, 208)
[M::mem_pestat] low and high boundaries for computing mean and std.dev: (70, 300)
[M::mem_pestat] mean and std.dev: (186.22, 32.47)
[M::mem_pestat] low and high boundaries for proper pairs: (24, 346)
[M::mem_pestat] skip orientation RF as there are not enough pairs
[M::mem_pestat] skip orientation RR as there are not enough pairs
[M::mem_process_seqs] Processed 645818 reads in 813.084 CPU sec, 104.337 real sec
[M::process] 0 single-end sequences; 645360 paired-end sequences
[M::process] read 645102 sequences (80000115 bp)...
[M::mem_pestat] # candidate unique pairs for (FF, FR, RF, RR): (0, 243190, 1, 0)
[M::mem_pestat] skip orientation FF as there are not enough pairs
[M::mem_pestat] analyzing insert size distribution for orientation FR...
[M::mem_pestat] (25, 50, 75) percentile: (162, 184, 209)
[M::mem_pestat] low and high boundaries for computing mean and std.dev: (68, 303)
[M::mem_pestat] mean and std.dev: (186.45, 32.52)
[M::mem_pestat] low and high boundaries for proper pairs: (21, 350)
[M::mem_pestat] skip orientation RF as there are not enough pairs
[M::mem_pestat] skip orientation RR as there are not enough pairs
[M::mem_process_seqs] Processed 645360 reads in 818.069 CPU sec, 104.942 real sec
[M::process] 0 single-end sequences; 645102 paired-end sequences
[M::process] read 644992 sequences (80000029 bp)...
[M::mem_pestat] # candidate unique pairs for (FF, FR, RF, RR): (0, 243773, 3, 0)
[M::mem_pestat] skip orientation FF as there are not enough pairs
[M::mem_pestat] analyzing insert size distribution for orientation FR...
[M::mem_pestat] (25, 50, 75) percentile: (162, 184, 209)
[M::mem_pestat] low and high boundaries for computing mean and std.dev: (68, 303)
[M::mem_pestat] mean and std.dev: (186.40, 32.43)
[M::mem_pestat] low and high boundaries for proper pairs: (21, 350)
[M::mem_pestat] skip orientation RF as there are not enough pairs
[M::mem_pestat] skip orientation RR as there are not enough pairs
[M::mem_process_seqs] Processed 645102 reads in 811.569 CPU sec, 104.129 real sec
[M::process] 0 single-end sequences; 644992 paired-end sequences
[M::process] read 645202 sequences (80000242 bp)...
[M::mem_pestat] # candidate unique pairs for (FF, FR, RF, RR): (0, 242986, 4, 0)
[M::mem_pestat] skip orientation FF as there are not enough pairs
[M::mem_pestat] analyzing insert size distribution for orientation FR...
[M::mem_pestat] (25, 50, 75) percentile: (162, 184, 209)
[M::mem_pestat] low and high boundaries for computing mean and std.dev: (68, 303)
[M::mem_pestat] mean and std.dev: (186.31, 32.51)
[M::mem_pestat] low and high boundaries for proper pairs: (21, 350)
[M::mem_pestat] skip orientation RF as there are not enough pairs
[M::mem_pestat] skip orientation RR as there are not enough pairs
[M::mem_process_seqs] Processed 644992 reads in 822.996 CPU sec, 105.557 real sec
[M::process] 0 single-end sequences; 645202 paired-end sequences
[M::process] read 645254 sequences (80000204 bp)...
[M::mem_pestat] # candidate unique pairs for (FF, FR, RF, RR): (0, 242624, 3, 0)
[M::mem_pestat] skip orientation FF as there are not enough pairs
[M::mem_pestat] analyzing insert size distribution for orientation FR...
[M::mem_pestat] (25, 50, 75) percentile: (162, 184, 209)
[M::mem_pestat] low and high boundaries for computing mean and std.dev: (68, 303)
[M::mem_pestat] mean and std.dev: (186.18, 32.48)
[M::mem_pestat] low and high boundaries for proper pairs: (21, 350)
[M::mem_pestat] skip orientation RF as there are not enough pairs
[M::mem_pestat] skip orientation RR as there are not enough pairs
[M::mem_process_seqs] Processed 645202 reads in 833.535 CPU sec, 106.896 real sec
[M::process] 0 single-end sequences; 645254 paired-end sequences
[M::process] read 646450 sequences (80000116 bp)...
[M::mem_pestat] # candidate unique pairs for (FF, FR, RF, RR): (0, 242723, 4, 0)
[M::mem_pestat] skip orientation FF as there are not enough pairs
[M::mem_pestat] analyzing insert size distribution for orientation FR...
[M::mem_pestat] (25, 50, 75) percentile: (162, 184, 208)
[M::mem_pestat] low and high boundaries for computing mean and std.dev: (70, 300)
[M::mem_pestat] mean and std.dev: (186.03, 32.43)
[M::mem_pestat] low and high boundaries for proper pairs: (24, 346)
[M::mem_pestat] skip orientation RF as there are not enough pairs
[M::mem_pestat] skip orientation RR as there are not enough pairs
[M::mem_process_seqs] Processed 645254 reads in 833.019 CPU sec, 106.814 real sec
[M::process] 0 single-end sequences; 646450 paired-end sequences
[M::process] read 645742 sequences (80000132 bp)...
[M::mem_pestat] # candidate unique pairs for (FF, FR, RF, RR): (0, 243606, 4, 0)
[M::mem_pestat] skip orientation FF as there are not enough pairs
[M::mem_pestat] analyzing insert size distribution for orientation FR...
[M::mem_pestat] (25, 50, 75) percentile: (162, 184, 209)
[M::mem_pestat] low and high boundaries for computing mean and std.dev: (68, 303)
[M::mem_pestat] mean and std.dev: (186.28, 32.42)
[M::mem_pestat] low and high boundaries for proper pairs: (21, 350)
[M::mem_pestat] skip orientation RF as there are not enough pairs
[M::mem_pestat] skip orientation RR as there are not enough pairs
[M::mem_process_seqs] Processed 646450 reads in 824.883 CPU sec, 105.836 real sec
[M::process] 0 single-end sequences; 645742 paired-end sequences
[M::process] read 645472 sequences (80000243 bp)...
[M::mem_pestat] # candidate unique pairs for (FF, FR, RF, RR): (0, 242835, 0, 0)
[M::mem_pestat] skip orientation FF as there are not enough pairs
[M::mem_pestat] analyzing insert size distribution for orientation FR...
[M::mem_pestat] (25, 50, 75) percentile: (162, 184, 209)
[M::mem_pestat] low and high boundaries for computing mean and std.dev: (68, 303)
[M::mem_pestat] mean and std.dev: (186.44, 32.59)
[M::mem_pestat] low and high boundaries for proper pairs: (21, 350)
[M::mem_pestat] skip orientation RF as there are not enough pairs
[M::mem_pestat] skip orientation RR as there are not enough pairs
[M::mem_process_seqs] Processed 645742 reads in 827.247 CPU sec, 106.100 real sec
[M::process] 0 single-end sequences; 645472 paired-end sequences
[M::process] read 645252 sequences (80000013 bp)...
[M::mem_pestat] # candidate unique pairs for (FF, FR, RF, RR): (0, 243319, 3, 0)
[M::mem_pestat] skip orientation FF as there are not enough pairs
[M::mem_pestat] analyzing insert size distribution for orientation FR...
[M::mem_pestat] (25, 50, 75) percentile: (162, 184, 209)
[M::mem_pestat] low and high boundaries for computing mean and std.dev: (68, 303)
[M::mem_pestat] mean and std.dev: (186.35, 32.51)
[M::mem_pestat] low and high boundaries for proper pairs: (21, 350)
[M::mem_pestat] skip orientation RF as there are not enough pairs
[M::mem_pestat] skip orientation RR as there are not enough pairs
[M::mem_process_seqs] Processed 645472 reads in 818.072 CPU sec, 104.957 real sec
[M::process] 0 single-end sequences; 645252 paired-end sequences
[M::process] read 645402 sequences (80000044 bp)...
[M::mem_pestat] # candidate unique pairs for (FF, FR, RF, RR): (0, 242999, 4, 0)
[M::mem_pestat] skip orientation FF as there are not enough pairs
[M::mem_pestat] analyzing insert size distribution for orientation FR...
[M::mem_pestat] (25, 50, 75) percentile: (162, 184, 209)
[M::mem_pestat] low and high boundaries for computing mean and std.dev: (68, 303)
[M::mem_pestat] mean and std.dev: (186.30, 32.55)
[M::mem_pestat] low and high boundaries for proper pairs: (21, 350)
[M::mem_pestat] skip orientation RF as there are not enough pairs
[M::mem_pestat] skip orientation RR as there are not enough pairs
[M::mem_process_seqs] Processed 645252 reads in 832.771 CPU sec, 106.786 real sec
[M::process] 0 single-end sequences; 645402 paired-end sequences
[M::process] read 645650 sequences (80000047 bp)...
[M::mem_pestat] # candidate unique pairs for (FF, FR, RF, RR): (0, 242220, 6, 0)
[M::mem_pestat] skip orientation FF as there are not enough pairs
[M::mem_pestat] analyzing insert size distribution for orientation FR...
[M::mem_pestat] (25, 50, 75) percentile: (162, 184, 209)
[M::mem_pestat] low and high boundaries for computing mean and std.dev: (68, 303)
[M::mem_pestat] mean and std.dev: (186.26, 32.51)
[M::mem_pestat] low and high boundaries for proper pairs: (21, 350)
[M::mem_pestat] skip orientation RF as there are not enough pairs
[M::mem_pestat] skip orientation RR as there are not enough pairs
[M::mem_process_seqs] Processed 645402 reads in 840.266 CPU sec, 107.726 real sec
[M::process] 0 single-end sequences; 645650 paired-end sequences
[M::process] read 645708 sequences (80000087 bp)...
[M::mem_pestat] # candidate unique pairs for (FF, FR, RF, RR): (0, 242596, 6, 0)
[M::mem_pestat] skip orientation FF as there are not enough pairs
[M::mem_pestat] analyzing insert size distribution for orientation FR...
[M::mem_pestat] (25, 50, 75) percentile: (162, 184, 208)
[M::mem_pestat] low and high boundaries for computing mean and std.dev: (70, 300)
[M::mem_pestat] mean and std.dev: (185.93, 32.41)
[M::mem_pestat] low and high boundaries for proper pairs: (24, 346)
[M::mem_pestat] skip orientation RF as there are not enough pairs
[M::mem_pestat] skip orientation RR as there are not enough pairs
[M::mem_process_seqs] Processed 645650 reads in 835.452 CPU sec, 107.134 real sec
[M::process] 0 single-end sequences; 645708 paired-end sequences
[M::process] read 645302 sequences (80000010 bp)...
[M::mem_pestat] # candidate unique pairs for (FF, FR, RF, RR): (0, 243158, 4, 0)
[M::mem_pestat] skip orientation FF as there are not enough pairs
[M::mem_pestat] analyzing insert size distribution for orientation FR...
[M::mem_pestat] (25, 50, 75) percentile: (162, 184, 209)
[M::mem_pestat] low and high boundaries for computing mean and std.dev: (68, 303)
[M::mem_pestat] mean and std.dev: (186.52, 32.50)
[M::mem_pestat] low and high boundaries for proper pairs: (21, 350)
[M::mem_pestat] skip orientation RF as there are not enough pairs
[M::mem_pestat] skip orientation RR as there are not enough pairs
[M::mem_process_seqs] Processed 645708 reads in 832.181 CPU sec, 106.705 real sec
[M::process] 0 single-end sequences; 645302 paired-end sequences
[M::process] read 645214 sequences (80000241 bp)...
[M::mem_pestat] # candidate unique pairs for (FF, FR, RF, RR): (0, 243631, 5, 0)
[M::mem_pestat] skip orientation FF as there are not enough pairs
[M::mem_pestat] analyzing insert size distribution for orientation FR...
[M::mem_pestat] (25, 50, 75) percentile: (162, 184, 209)
[M::mem_pestat] low and high boundaries for computing mean and std.dev: (68, 303)
[M::mem_pestat] mean and std.dev: (186.43, 32.47)
[M::mem_pestat] low and high boundaries for proper pairs: (21, 350)
[M::mem_pestat] skip orientation RF as there are not enough pairs
[M::mem_pestat] skip orientation RR as there are not enough pairs
[M::mem_process_seqs] Processed 645302 reads in 810.742 CPU sec, 104.033 real sec
[M::process] 0 single-end sequences; 645214 paired-end sequences
[M::process] read 645128 sequences (80000173 bp)...
[M::mem_pestat] # candidate unique pairs for (FF, FR, RF, RR): (0, 243913, 3, 0)
[M::mem_pestat] skip orientation FF as there are not enough pairs
[M::mem_pestat] analyzing insert size distribution for orientation FR...
[M::mem_pestat] (25, 50, 75) percentile: (162, 184, 209)
[M::mem_pestat] low and high boundaries for computing mean and std.dev: (68, 303)
[M::mem_pestat] mean and std.dev: (186.47, 32.54)
[M::mem_pestat] low and high boundaries for proper pairs: (21, 350)
[M::mem_pestat] skip orientation RF as there are not enough pairs
[M::mem_pestat] skip orientation RR as there are not enough pairs
[M::mem_process_seqs] Processed 645214 reads in 805.084 CPU sec, 103.318 real sec
[M::process] 0 single-end sequences; 645128 paired-end sequences
[M::process] read 645264 sequences (80000143 bp)...
[M::mem_pestat] # candidate unique pairs for (FF, FR, RF, RR): (0, 243680, 5, 0)
[M::mem_pestat] skip orientation FF as there are not enough pairs
[M::mem_pestat] analyzing insert size distribution for orientation FR...
[M::mem_pestat] (25, 50, 75) percentile: (162, 184, 209)
[M::mem_pestat] low and high boundaries for computing mean and std.dev: (68, 303)
[M::mem_pestat] mean and std.dev: (186.25, 32.47)
[M::mem_pestat] low and high boundaries for proper pairs: (21, 350)
[M::mem_pestat] skip orientation RF as there are not enough pairs
[M::mem_pestat] skip orientation RR as there are not enough pairs
[M::mem_process_seqs] Processed 645128 reads in 816.282 CPU sec, 104.716 real sec
[M::process] 0 single-end sequences; 645264 paired-end sequences
[M::process] read 645198 sequences (80000066 bp)...
[M::mem_pestat] # candidate unique pairs for (FF, FR, RF, RR): (0, 243470, 4, 0)
[M::mem_pestat] skip orientation FF as there are not enough pairs
[M::mem_pestat] analyzing insert size distribution for orientation FR...
[M::mem_pestat] (25, 50, 75) percentile: (162, 184, 208)
[M::mem_pestat] low and high boundaries for computing mean and std.dev: (70, 300)
[M::mem_pestat] mean and std.dev: (186.20, 32.52)
[M::mem_pestat] low and high boundaries for proper pairs: (24, 346)
[M::mem_pestat] skip orientation RF as there are not enough pairs
[M::mem_pestat] skip orientation RR as there are not enough pairs
[M::mem_process_seqs] Processed 645264 reads in 823.709 CPU sec, 105.649 real sec
[M::process] 0 single-end sequences; 645198 paired-end sequences
[M::process] read 645936 sequences (80000207 bp)...
[M::mem_pestat] # candidate unique pairs for (FF, FR, RF, RR): (0, 243120, 2, 0)
[M::mem_pestat] skip orientation FF as there are not enough pairs
[M::mem_pestat] analyzing insert size distribution for orientation FR...
[M::mem_pestat] (25, 50, 75) percentile: (162, 184, 208)
[M::mem_pestat] low and high boundaries for computing mean and std.dev: (70, 300)
[M::mem_pestat] mean and std.dev: (186.04, 32.51)
[M::mem_pestat] low and high boundaries for proper pairs: (24, 346)
[M::mem_pestat] skip orientation RF as there are not enough pairs
[M::mem_pestat] skip orientation RR as there are not enough pairs
[M::mem_process_seqs] Processed 645198 reads in 822.523 CPU sec, 105.522 real sec
[M::process] 0 single-end sequences; 645936 paired-end sequences
[M::process] read 645348 sequences (80000231 bp)...
[M::mem_pestat] # candidate unique pairs for (FF, FR, RF, RR): (0, 243320, 6, 0)
[M::mem_pestat] skip orientation FF as there are not enough pairs
[M::mem_pestat] analyzing insert size distribution for orientation FR...
[M::mem_pestat] (25, 50, 75) percentile: (162, 184, 209)
[M::mem_pestat] low and high boundaries for computing mean and std.dev: (68, 303)
[M::mem_pestat] mean and std.dev: (186.42, 32.51)
[M::mem_pestat] low and high boundaries for proper pairs: (21, 350)
[M::mem_pestat] skip orientation RF as there are not enough pairs
[M::mem_pestat] skip orientation RR as there are not enough pairs
[M::mem_process_seqs] Processed 645936 reads in 818.301 CPU sec, 104.951 real sec
[M::process] 0 single-end sequences; 645348 paired-end sequences
[M::process] read 645128 sequences (80000102 bp)...
[M::mem_pestat] # candidate unique pairs for (FF, FR, RF, RR): (0, 243459, 3, 0)
[M::mem_pestat] skip orientation FF as there are not enough pairs
[M::mem_pestat] analyzing insert size distribution for orientation FR...
[M::mem_pestat] (25, 50, 75) percentile: (162, 184, 209)
[M::mem_pestat] low and high boundaries for computing mean and std.dev: (68, 303)
[M::mem_pestat] mean and std.dev: (186.41, 32.50)
[M::mem_pestat] low and high boundaries for proper pairs: (21, 350)
[M::mem_pestat] skip orientation RF as there are not enough pairs
[M::mem_pestat] skip orientation RR as there are not enough pairs
[M::mem_process_seqs] Processed 645348 reads in 804.301 CPU sec, 103.223 real sec
[M::process] 0 single-end sequences; 645128 paired-end sequences
[M::process] read 645116 sequences (80000107 bp)...
[M::mem_pestat] # candidate unique pairs for (FF, FR, RF, RR): (0, 243993, 2, 0)
[M::mem_pestat] skip orientation FF as there are not enough pairs
[M::mem_pestat] analyzing insert size distribution for orientation FR...
[M::mem_pestat] (25, 50, 75) percentile: (162, 184, 209)
[M::mem_pestat] low and high boundaries for computing mean and std.dev: (68, 303)
[M::mem_pestat] mean and std.dev: (186.51, 32.56)
[M::mem_pestat] low and high boundaries for proper pairs: (21, 350)
[M::mem_pestat] skip orientation RF as there are not enough pairs
[M::mem_pestat] skip orientation RR as there are not enough pairs
[M::mem_process_seqs] Processed 645128 reads in 795.209 CPU sec, 102.087 real sec
[M::process] 0 single-end sequences; 645116 paired-end sequences
[M::process] read 645238 sequences (80000135 bp)...
[M::mem_pestat] # candidate unique pairs for (FF, FR, RF, RR): (0, 243887, 2, 0)
[M::mem_pestat] skip orientation FF as there are not enough pairs
[M::mem_pestat] analyzing insert size distribution for orientation FR...
[M::mem_pestat] (25, 50, 75) percentile: (162, 184, 209)
[M::mem_pestat] low and high boundaries for computing mean and std.dev: (68, 303)
[M::mem_pestat] mean and std.dev: (186.34, 32.44)
[M::mem_pestat] low and high boundaries for proper pairs: (21, 350)
[M::mem_pestat] skip orientation RF as there are not enough pairs
[M::mem_pestat] skip orientation RR as there are not enough pairs
[M::mem_process_seqs] Processed 645116 reads in 806.005 CPU sec, 103.423 real sec
[M::process] 0 single-end sequences; 645238 paired-end sequences
[M::process] read 645208 sequences (80000081 bp)...
[M::mem_pestat] # candidate unique pairs for (FF, FR, RF, RR): (0, 243497, 1, 0)
[M::mem_pestat] skip orientation FF as there are not enough pairs
[M::mem_pestat] analyzing insert size distribution for orientation FR...
[M::mem_pestat] (25, 50, 75) percentile: (162, 184, 208)
[M::mem_pestat] low and high boundaries for computing mean and std.dev: (70, 300)
[M::mem_pestat] mean and std.dev: (186.16, 32.45)
[M::mem_pestat] low and high boundaries for proper pairs: (24, 346)
[M::mem_pestat] skip orientation RF as there are not enough pairs
[M::mem_pestat] skip orientation RR as there are not enough pairs
[M::mem_process_seqs] Processed 645238 reads in 817.413 CPU sec, 104.875 real sec
[M::process] 0 single-end sequences; 645208 paired-end sequences
[M::process] read 645646 sequences (80000021 bp)...
[M::mem_pestat] # candidate unique pairs for (FF, FR, RF, RR): (0, 243350, 5, 0)
[M::mem_pestat] skip orientation FF as there are not enough pairs
[M::mem_pestat] analyzing insert size distribution for orientation FR...
[M::mem_pestat] (25, 50, 75) percentile: (162, 184, 208)
[M::mem_pestat] low and high boundaries for computing mean and std.dev: (70, 300)
[M::mem_pestat] mean and std.dev: (186.13, 32.50)
[M::mem_pestat] low and high boundaries for proper pairs: (24, 346)
[M::mem_pestat] skip orientation RF as there are not enough pairs
[M::mem_pestat] skip orientation RR as there are not enough pairs
[M::mem_process_seqs] Processed 645208 reads in 816.997 CPU sec, 104.818 real sec
[M::process] 0 single-end sequences; 645646 paired-end sequences
[M::process] read 645428 sequences (80000148 bp)...
[M::mem_pestat] # candidate unique pairs for (FF, FR, RF, RR): (0, 242780, 2, 0)
[M::mem_pestat] skip orientation FF as there are not enough pairs
[M::mem_pestat] analyzing insert size distribution for orientation FR...
[M::mem_pestat] (25, 50, 75) percentile: (162, 184, 209)
[M::mem_pestat] low and high boundaries for computing mean and std.dev: (68, 303)
[M::mem_pestat] mean and std.dev: (186.34, 32.42)
[M::mem_pestat] low and high boundaries for proper pairs: (21, 350)
[M::mem_pestat] skip orientation RF as there are not enough pairs
[M::mem_pestat] skip orientation RR as there are not enough pairs
[M::mem_process_seqs] Processed 645646 reads in 825.054 CPU sec, 105.827 real sec
[M::process] 0 single-end sequences; 645428 paired-end sequences
[M::process] read 645220 sequences (80000020 bp)...
[M::mem_pestat] # candidate unique pairs for (FF, FR, RF, RR): (0, 243409, 1, 0)
[M::mem_pestat] skip orientation FF as there are not enough pairs
[M::mem_pestat] analyzing insert size distribution for orientation FR...
[M::mem_pestat] (25, 50, 75) percentile: (162, 184, 209)
[M::mem_pestat] low and high boundaries for computing mean and std.dev: (68, 303)
[M::mem_pestat] mean and std.dev: (186.59, 32.44)
[M::mem_pestat] low and high boundaries for proper pairs: (21, 350)
[M::mem_pestat] skip orientation RF as there are not enough pairs
[M::mem_pestat] skip orientation RR as there are not enough pairs
[M::mem_process_seqs] Processed 645428 reads in 812.494 CPU sec, 104.254 real sec
[M::process] 0 single-end sequences; 645220 paired-end sequences
[M::process] read 645244 sequences (80000167 bp)...
[M::mem_pestat] # candidate unique pairs for (FF, FR, RF, RR): (0, 243659, 3, 0)
[M::mem_pestat] skip orientation FF as there are not enough pairs
[M::mem_pestat] analyzing insert size distribution for orientation FR...
[M::mem_pestat] (25, 50, 75) percentile: (162, 184, 209)
[M::mem_pestat] low and high boundaries for computing mean and std.dev: (68, 303)
[M::mem_pestat] mean and std.dev: (186.51, 32.53)
[M::mem_pestat] low and high boundaries for proper pairs: (21, 350)
[M::mem_pestat] skip orientation RF as there are not enough pairs
[M::mem_pestat] skip orientation RR as there are not enough pairs
[M::mem_process_seqs] Processed 645220 reads in 803.431 CPU sec, 103.117 real sec
[M::process] 0 single-end sequences; 645244 paired-end sequences
[M::process] read 645330 sequences (80000122 bp)...
[M::mem_pestat] # candidate unique pairs for (FF, FR, RF, RR): (0, 242755, 2, 0)
[M::mem_pestat] skip orientation FF as there are not enough pairs
[M::mem_pestat] analyzing insert size distribution for orientation FR...
[M::mem_pestat] (25, 50, 75) percentile: (162, 184, 209)
[M::mem_pestat] low and high boundaries for computing mean and std.dev: (68, 303)
[M::mem_pestat] mean and std.dev: (186.40, 32.48)
[M::mem_pestat] low and high boundaries for proper pairs: (21, 350)
[M::mem_pestat] skip orientation RF as there are not enough pairs
[M::mem_pestat] skip orientation RR as there are not enough pairs
[M::mem_process_seqs] Processed 645244 reads in 820.056 CPU sec, 105.185 real sec
[M::process] 0 single-end sequences; 645330 paired-end sequences
[M::process] read 645344 sequences (80000003 bp)...
[M::mem_pestat] # candidate unique pairs for (FF, FR, RF, RR): (0, 242948, 4, 0)
[M::mem_pestat] skip orientation FF as there are not enough pairs
[M::mem_pestat] analyzing insert size distribution for orientation FR...
[M::mem_pestat] (25, 50, 75) percentile: (162, 184, 209)
[M::mem_pestat] low and high boundaries for computing mean and std.dev: (68, 303)
[M::mem_pestat] mean and std.dev: (186.21, 32.48)
[M::mem_pestat] low and high boundaries for proper pairs: (21, 350)
[M::mem_pestat] skip orientation RF as there are not enough pairs
[M::mem_pestat] skip orientation RR as there are not enough pairs
[M::mem_process_seqs] Processed 645330 reads in 824.079 CPU sec, 105.703 real sec
[M::process] 0 single-end sequences; 645344 paired-end sequences
[M::process] read 646214 sequences (80000170 bp)...
[M::mem_pestat] # candidate unique pairs for (FF, FR, RF, RR): (0, 243144, 6, 0)
[M::mem_pestat] skip orientation FF as there are not enough pairs
[M::mem_pestat] analyzing insert size distribution for orientation FR...
[M::mem_pestat] (25, 50, 75) percentile: (162, 184, 208)
[M::mem_pestat] low and high boundaries for computing mean and std.dev: (70, 300)
[M::mem_pestat] mean and std.dev: (186.05, 32.43)
[M::mem_pestat] low and high boundaries for proper pairs: (24, 346)
[M::mem_pestat] skip orientation RF as there are not enough pairs
[M::mem_pestat] skip orientation RR as there are not enough pairs
[M::mem_process_seqs] Processed 645344 reads in 817.921 CPU sec, 104.944 real sec
[M::process] 0 single-end sequences; 646214 paired-end sequences
[M::process] read 645700 sequences (80000189 bp)...
[M::mem_pestat] # candidate unique pairs for (FF, FR, RF, RR): (0, 243309, 5, 0)
[M::mem_pestat] skip orientation FF as there are not enough pairs
[M::mem_pestat] analyzing insert size distribution for orientation FR...
[M::mem_pestat] (25, 50, 75) percentile: (162, 184, 209)
[M::mem_pestat] low and high boundaries for computing mean and std.dev: (68, 303)
[M::mem_pestat] mean and std.dev: (186.37, 32.55)
[M::mem_pestat] low and high boundaries for proper pairs: (21, 350)
[M::mem_pestat] skip orientation RF as there are not enough pairs
[M::mem_pestat] skip orientation RR as there are not enough pairs
[M::mem_process_seqs] Processed 646214 reads in 828.038 CPU sec, 106.194 real sec
[M::process] 0 single-end sequences; 645700 paired-end sequences
[M::process] read 645242 sequences (80000071 bp)...
[M::mem_pestat] # candidate unique pairs for (FF, FR, RF, RR): (0, 243482, 6, 0)
[M::mem_pestat] skip orientation FF as there are not enough pairs
[M::mem_pestat] analyzing insert size distribution for orientation FR...
[M::mem_pestat] (25, 50, 75) percentile: (162, 184, 209)
[M::mem_pestat] low and high boundaries for computing mean and std.dev: (68, 303)
[M::mem_pestat] mean and std.dev: (186.37, 32.52)
[M::mem_pestat] low and high boundaries for proper pairs: (21, 350)
[M::mem_pestat] skip orientation RF as there are not enough pairs
[M::mem_pestat] skip orientation RR as there are not enough pairs
[M::mem_process_seqs] Processed 645700 reads in 820.019 CPU sec, 105.179 real sec
[M::process] 0 single-end sequences; 645242 paired-end sequences
[M::process] read 645072 sequences (80000041 bp)...
[M::mem_pestat] # candidate unique pairs for (FF, FR, RF, RR): (0, 243602, 6, 0)
[M::mem_pestat] skip orientation FF as there are not enough pairs
[M::mem_pestat] analyzing insert size distribution for orientation FR...
[M::mem_pestat] (25, 50, 75) percentile: (162, 184, 209)
[M::mem_pestat] low and high boundaries for computing mean and std.dev: (68, 303)
[M::mem_pestat] mean and std.dev: (186.44, 32.45)
[M::mem_pestat] low and high boundaries for proper pairs: (21, 350)
[M::mem_pestat] skip orientation RF as there are not enough pairs
[M::mem_pestat] skip orientation RR as there are not enough pairs
[M::mem_process_seqs] Processed 645242 reads in 817.857 CPU sec, 104.918 real sec
[M::process] 0 single-end sequences; 645072 paired-end sequences
[M::process] read 645264 sequences (80000048 bp)...
[M::mem_pestat] # candidate unique pairs for (FF, FR, RF, RR): (0, 243142, 1, 0)
[M::mem_pestat] skip orientation FF as there are not enough pairs
[M::mem_pestat] analyzing insert size distribution for orientation FR...
[M::mem_pestat] (25, 50, 75) percentile: (162, 184, 209)
[M::mem_pestat] low and high boundaries for computing mean and std.dev: (68, 303)
[M::mem_pestat] mean and std.dev: (186.28, 32.50)
[M::mem_pestat] low and high boundaries for proper pairs: (21, 350)
[M::mem_pestat] skip orientation RF as there are not enough pairs
[M::mem_pestat] skip orientation RR as there are not enough pairs
[M::mem_process_seqs] Processed 645072 reads in 824.860 CPU sec, 105.789 real sec
[M::process] 0 single-end sequences; 645264 paired-end sequences
[M::process] read 645366 sequences (80000157 bp)...
[M::mem_pestat] # candidate unique pairs for (FF, FR, RF, RR): (0, 242501, 4, 0)
[M::mem_pestat] skip orientation FF as there are not enough pairs
[M::mem_pestat] analyzing insert size distribution for orientation FR...
[M::mem_pestat] (25, 50, 75) percentile: (162, 184, 208)
[M::mem_pestat] low and high boundaries for computing mean and std.dev: (70, 300)
[M::mem_pestat] mean and std.dev: (186.05, 32.49)
[M::mem_pestat] low and high boundaries for proper pairs: (24, 346)
[M::mem_pestat] skip orientation RF as there are not enough pairs
[M::mem_pestat] skip orientation RR as there are not enough pairs
[M::mem_process_seqs] Processed 645264 reads in 834.014 CPU sec, 106.962 real sec
[M::process] 0 single-end sequences; 645366 paired-end sequences
[M::process] read 646260 sequences (80000095 bp)...
[M::mem_pestat] # candidate unique pairs for (FF, FR, RF, RR): (0, 242558, 4, 0)
[M::mem_pestat] skip orientation FF as there are not enough pairs
[M::mem_pestat] analyzing insert size distribution for orientation FR...
[M::mem_pestat] (25, 50, 75) percentile: (162, 184, 208)
[M::mem_pestat] low and high boundaries for computing mean and std.dev: (70, 300)
[M::mem_pestat] mean and std.dev: (186.04, 32.56)
[M::mem_pestat] low and high boundaries for proper pairs: (24, 346)
[M::mem_pestat] skip orientation RF as there are not enough pairs
[M::mem_pestat] skip orientation RR as there are not enough pairs
[M::mem_process_seqs] Processed 645366 reads in 839.956 CPU sec, 107.681 real sec
[M::process] 0 single-end sequences; 646260 paired-end sequences
[M::process] read 645432 sequences (80000170 bp)...
[M::mem_pestat] # candidate unique pairs for (FF, FR, RF, RR): (0, 243049, 2, 0)
[M::mem_pestat] skip orientation FF as there are not enough pairs
[M::mem_pestat] analyzing insert size distribution for orientation FR...
[M::mem_pestat] (25, 50, 75) percentile: (162, 184, 209)
[M::mem_pestat] low and high boundaries for computing mean and std.dev: (68, 303)
[M::mem_pestat] mean and std.dev: (186.52, 32.52)
[M::mem_pestat] low and high boundaries for proper pairs: (21, 350)
[M::mem_pestat] skip orientation RF as there are not enough pairs
[M::mem_pestat] skip orientation RR as there are not enough pairs
[M::mem_process_seqs] Processed 646260 reads in 822.196 CPU sec, 105.463 real sec
[M::process] 0 single-end sequences; 645432 paired-end sequences
[M::process] read 645184 sequences (80000147 bp)...
[M::mem_pestat] # candidate unique pairs for (FF, FR, RF, RR): (0, 243658, 5, 0)
[M::mem_pestat] skip orientation FF as there are not enough pairs
[M::mem_pestat] analyzing insert size distribution for orientation FR...
[M::mem_pestat] (25, 50, 75) percentile: (162, 184, 209)
[M::mem_pestat] low and high boundaries for computing mean and std.dev: (68, 303)
[M::mem_pestat] mean and std.dev: (186.45, 32.47)
[M::mem_pestat] low and high boundaries for proper pairs: (21, 350)
[M::mem_pestat] skip orientation RF as there are not enough pairs
[M::mem_pestat] skip orientation RR as there are not enough pairs
[M::mem_process_seqs] Processed 645432 reads in 815.497 CPU sec, 104.951 real sec
[M::process] 0 single-end sequences; 645184 paired-end sequences
[M::process] read 645082 sequences (80000166 bp)...
[M::mem_pestat] # candidate unique pairs for (FF, FR, RF, RR): (0, 243909, 4, 0)
[M::mem_pestat] skip orientation FF as there are not enough pairs
[M::mem_pestat] analyzing insert size distribution for orientation FR...
[M::mem_pestat] (25, 50, 75) percentile: (162, 184, 209)
[M::mem_pestat] low and high boundaries for computing mean and std.dev: (68, 303)
[M::mem_pestat] mean and std.dev: (186.45, 32.51)
[M::mem_pestat] low and high boundaries for proper pairs: (21, 350)
[M::mem_pestat] skip orientation RF as there are not enough pairs
[M::mem_pestat] skip orientation RR as there are not enough pairs
[M::mem_process_seqs] Processed 645184 reads in 805.940 CPU sec, 103.430 real sec
[M::process] 0 single-end sequences; 645082 paired-end sequences
[M::process] read 645338 sequences (80000115 bp)...
[M::mem_pestat] # candidate unique pairs for (FF, FR, RF, RR): (0, 243503, 5, 0)
[M::mem_pestat] skip orientation FF as there are not enough pairs
[M::mem_pestat] analyzing insert size distribution for orientation FR...
[M::mem_pestat] (25, 50, 75) percentile: (162, 184, 209)
[M::mem_pestat] low and high boundaries for computing mean and std.dev: (68, 303)
[M::mem_pestat] mean and std.dev: (186.29, 32.55)
[M::mem_pestat] low and high boundaries for proper pairs: (21, 350)
[M::mem_pestat] skip orientation RF as there are not enough pairs
[M::mem_pestat] skip orientation RR as there are not enough pairs
[M::mem_process_seqs] Processed 645082 reads in 812.435 CPU sec, 104.236 real sec
[M::process] 0 single-end sequences; 645338 paired-end sequences
[M::process] read 645352 sequences (80000046 bp)...
[M::mem_pestat] # candidate unique pairs for (FF, FR, RF, RR): (0, 242756, 3, 0)
[M::mem_pestat] skip orientation FF as there are not enough pairs
[M::mem_pestat] analyzing insert size distribution for orientation FR...
[M::mem_pestat] (25, 50, 75) percentile: (162, 184, 208)
[M::mem_pestat] low and high boundaries for computing mean and std.dev: (70, 300)
[M::mem_pestat] mean and std.dev: (186.18, 32.50)
[M::mem_pestat] low and high boundaries for proper pairs: (24, 346)
[M::mem_pestat] skip orientation RF as there are not enough pairs
[M::mem_pestat] skip orientation RR as there are not enough pairs
[M::mem_process_seqs] Processed 645338 reads in 828.731 CPU sec, 106.309 real sec
[M::process] 0 single-end sequences; 645352 paired-end sequences
[M::process] read 646182 sequences (80000159 bp)...
[M::mem_pestat] # candidate unique pairs for (FF, FR, RF, RR): (0, 242675, 2, 0)
[M::mem_pestat] skip orientation FF as there are not enough pairs
[M::mem_pestat] analyzing insert size distribution for orientation FR...
[M::mem_pestat] (25, 50, 75) percentile: (162, 184, 208)
[M::mem_pestat] low and high boundaries for computing mean and std.dev: (70, 300)
[M::mem_pestat] mean and std.dev: (186.00, 32.45)
[M::mem_pestat] low and high boundaries for proper pairs: (24, 346)
[M::mem_pestat] skip orientation RF as there are not enough pairs
[M::mem_pestat] skip orientation RR as there are not enough pairs
[M::mem_process_seqs] Processed 645352 reads in 835.578 CPU sec, 107.133 real sec
[M::process] 0 single-end sequences; 646182 paired-end sequences
[M::process] read 645426 sequences (80000203 bp)...
[M::mem_pestat] # candidate unique pairs for (FF, FR, RF, RR): (0, 242899, 3, 0)
[M::mem_pestat] skip orientation FF as there are not enough pairs
[M::mem_pestat] analyzing insert size distribution for orientation FR...
[M::mem_pestat] (25, 50, 75) percentile: (162, 184, 209)
[M::mem_pestat] low and high boundaries for computing mean and std.dev: (68, 303)
[M::mem_pestat] mean and std.dev: (186.46, 32.47)
[M::mem_pestat] low and high boundaries for proper pairs: (21, 350)
[M::mem_pestat] skip orientation RF as there are not enough pairs
[M::mem_pestat] skip orientation RR as there are not enough pairs
[M::mem_process_seqs] Processed 646182 reads in 830.057 CPU sec, 106.440 real sec
[M::process] 0 single-end sequences; 645426 paired-end sequences
[M::process] read 645228 sequences (80000121 bp)...
[M::mem_pestat] # candidate unique pairs for (FF, FR, RF, RR): (0, 242279, 2, 0)
[M::mem_pestat] skip orientation FF as there are not enough pairs
[M::mem_pestat] analyzing insert size distribution for orientation FR...
[M::mem_pestat] (25, 50, 75) percentile: (162, 184, 209)
[M::mem_pestat] low and high boundaries for computing mean and std.dev: (68, 303)
[M::mem_pestat] mean and std.dev: (186.49, 32.56)
[M::mem_pestat] low and high boundaries for proper pairs: (21, 350)
[M::mem_pestat] skip orientation RF as there are not enough pairs
[M::mem_pestat] skip orientation RR as there are not enough pairs
[M::mem_process_seqs] Processed 645426 reads in 830.832 CPU sec, 106.539 real sec
[M::process] 0 single-end sequences; 645228 paired-end sequences
[M::process] read 645170 sequences (80000019 bp)...
[M::mem_pestat] # candidate unique pairs for (FF, FR, RF, RR): (0, 243095, 3, 0)
[M::mem_pestat] skip orientation FF as there are not enough pairs
[M::mem_pestat] analyzing insert size distribution for orientation FR...
[M::mem_pestat] (25, 50, 75) percentile: (162, 184, 209)
[M::mem_pestat] low and high boundaries for computing mean and std.dev: (68, 303)
[M::mem_pestat] mean and std.dev: (186.36, 32.53)
[M::mem_pestat] low and high boundaries for proper pairs: (21, 350)
[M::mem_pestat] skip orientation RF as there are not enough pairs
[M::mem_pestat] skip orientation RR as there are not enough pairs
[M::mem_process_seqs] Processed 645228 reads in 818.202 CPU sec, 104.965 real sec
[M::process] 0 single-end sequences; 645170 paired-end sequences
[M::process] read 645318 sequences (80000137 bp)...
[M::mem_pestat] # candidate unique pairs for (FF, FR, RF, RR): (0, 242809, 0, 0)
[M::mem_pestat] skip orientation FF as there are not enough pairs
[M::mem_pestat] analyzing insert size distribution for orientation FR...
[M::mem_pestat] (25, 50, 75) percentile: (162, 184, 208)
[M::mem_pestat] low and high boundaries for computing mean and std.dev: (70, 300)
[M::mem_pestat] mean and std.dev: (186.22, 32.43)
[M::mem_pestat] low and high boundaries for proper pairs: (24, 346)
[M::mem_pestat] skip orientation RF as there are not enough pairs
[M::mem_pestat] skip orientation RR as there are not enough pairs
[M::mem_process_seqs] Processed 645170 reads in 828.702 CPU sec, 106.288 real sec
[M::process] 0 single-end sequences; 645318 paired-end sequences
[M::process] read 645464 sequences (80000200 bp)...
[M::mem_pestat] # candidate unique pairs for (FF, FR, RF, RR): (0, 242317, 5, 0)
[M::mem_pestat] skip orientation FF as there are not enough pairs
[M::mem_pestat] analyzing insert size distribution for orientation FR...
[M::mem_pestat] (25, 50, 75) percentile: (162, 184, 208)
[M::mem_pestat] low and high boundaries for computing mean and std.dev: (70, 300)
[M::mem_pestat] mean and std.dev: (186.09, 32.46)
[M::mem_pestat] low and high boundaries for proper pairs: (24, 346)
[M::mem_pestat] skip orientation RF as there are not enough pairs
[M::mem_pestat] skip orientation RR as there are not enough pairs
[M::mem_process_seqs] Processed 645318 reads in 840.757 CPU sec, 107.806 real sec
[M::process] 0 single-end sequences; 645464 paired-end sequences
[M::process] read 645436 sequences (80000221 bp)...
[M::mem_pestat] # candidate unique pairs for (FF, FR, RF, RR): (0, 242237, 2, 0)
[M::mem_pestat] skip orientation FF as there are not enough pairs
[M::mem_pestat] analyzing insert size distribution for orientation FR...
[M::mem_pestat] (25, 50, 75) percentile: (162, 184, 208)
[M::mem_pestat] low and high boundaries for computing mean and std.dev: (70, 300)
[M::mem_pestat] mean and std.dev: (186.10, 32.52)
[M::mem_pestat] low and high boundaries for proper pairs: (24, 346)
[M::mem_pestat] skip orientation RF as there are not enough pairs
[M::mem_pestat] skip orientation RR as there are not enough pairs
[M::mem_process_seqs] Processed 645464 reads in 833.865 CPU sec, 106.916 real sec
[M::process] 0 single-end sequences; 645436 paired-end sequences
[M::process] read 645144 sequences (80000197 bp)...
[M::mem_pestat] # candidate unique pairs for (FF, FR, RF, RR): (0, 243089, 2, 0)
[M::mem_pestat] skip orientation FF as there are not enough pairs
[M::mem_pestat] analyzing insert size distribution for orientation FR...
[M::mem_pestat] (25, 50, 75) percentile: (162, 184, 209)
[M::mem_pestat] low and high boundaries for computing mean and std.dev: (68, 303)
[M::mem_pestat] mean and std.dev: (186.50, 32.55)
[M::mem_pestat] low and high boundaries for proper pairs: (21, 350)
[M::mem_pestat] skip orientation RF as there are not enough pairs
[M::mem_pestat] skip orientation RR as there are not enough pairs
[M::mem_process_seqs] Processed 645436 reads in 825.669 CPU sec, 105.894 real sec
[M::process] 0 single-end sequences; 645144 paired-end sequences
[M::process] read 645046 sequences (80000054 bp)...
[M::mem_pestat] # candidate unique pairs for (FF, FR, RF, RR): (0, 243744, 3, 0)
[M::mem_pestat] skip orientation FF as there are not enough pairs
[M::mem_pestat] analyzing insert size distribution for orientation FR...
[M::mem_pestat] (25, 50, 75) percentile: (162, 184, 209)
[M::mem_pestat] low and high boundaries for computing mean and std.dev: (68, 303)
[M::mem_pestat] mean and std.dev: (186.50, 32.51)
[M::mem_pestat] low and high boundaries for proper pairs: (21, 350)
[M::mem_pestat] skip orientation RF as there are not enough pairs
[M::mem_pestat] skip orientation RR as there are not enough pairs
[M::mem_process_seqs] Processed 645144 reads in 808.748 CPU sec, 103.774 real sec
[M::process] 0 single-end sequences; 645046 paired-end sequences
[M::process] read 645002 sequences (80000119 bp)...
[M::mem_pestat] # candidate unique pairs for (FF, FR, RF, RR): (0, 243170, 5, 0)
[M::mem_pestat] skip orientation FF as there are not enough pairs
[M::mem_pestat] analyzing insert size distribution for orientation FR...
[M::mem_pestat] (25, 50, 75) percentile: (162, 184, 209)
[M::mem_pestat] low and high boundaries for computing mean and std.dev: (68, 303)
[M::mem_pestat] mean and std.dev: (186.29, 32.49)
[M::mem_pestat] low and high boundaries for proper pairs: (21, 350)
[M::mem_pestat] skip orientation RF as there are not enough pairs
[M::mem_pestat] skip orientation RR as there are not enough pairs
[M::mem_process_seqs] Processed 645046 reads in 808.536 CPU sec, 103.767 real sec
[M::process] 0 single-end sequences; 645002 paired-end sequences
[M::process] read 645218 sequences (80000241 bp)...
[M::mem_pestat] # candidate unique pairs for (FF, FR, RF, RR): (0, 243044, 3, 0)
[M::mem_pestat] skip orientation FF as there are not enough pairs
[M::mem_pestat] analyzing insert size distribution for orientation FR...
[M::mem_pestat] (25, 50, 75) percentile: (162, 184, 209)
[M::mem_pestat] low and high boundaries for computing mean and std.dev: (68, 303)
[M::mem_pestat] mean and std.dev: (186.29, 32.48)
[M::mem_pestat] low and high boundaries for proper pairs: (21, 350)
[M::mem_pestat] skip orientation RF as there are not enough pairs
[M::mem_pestat] skip orientation RR as there are not enough pairs
[M::mem_process_seqs] Processed 645002 reads in 811.157 CPU sec, 104.111 real sec
[M::process] 0 single-end sequences; 645218 paired-end sequences
[M::process] read 645160 sequences (80000107 bp)...
[M::mem_pestat] # candidate unique pairs for (FF, FR, RF, RR): (0, 242508, 4, 0)
[M::mem_pestat] skip orientation FF as there are not enough pairs
[M::mem_pestat] analyzing insert size distribution for orientation FR...
[M::mem_pestat] (25, 50, 75) percentile: (162, 184, 208)
[M::mem_pestat] low and high boundaries for computing mean and std.dev: (70, 300)
[M::mem_pestat] mean and std.dev: (186.05, 32.51)
[M::mem_pestat] low and high boundaries for proper pairs: (24, 346)
[M::mem_pestat] skip orientation RF as there are not enough pairs
[M::mem_pestat] skip orientation RR as there are not enough pairs
[M::mem_process_seqs] Processed 645218 reads in 829.021 CPU sec, 106.398 real sec
[M::process] 0 single-end sequences; 645160 paired-end sequences
[M::process] read 645488 sequences (80000145 bp)...
[M::mem_pestat] # candidate unique pairs for (FF, FR, RF, RR): (0, 242943, 2, 0)
[M::mem_pestat] skip orientation FF as there are not enough pairs
[M::mem_pestat] analyzing insert size distribution for orientation FR...
[M::mem_pestat] (25, 50, 75) percentile: (162, 184, 208)
[M::mem_pestat] low and high boundaries for computing mean and std.dev: (70, 300)
[M::mem_pestat] mean and std.dev: (186.01, 32.48)
[M::mem_pestat] low and high boundaries for proper pairs: (24, 346)
[M::mem_pestat] skip orientation RF as there are not enough pairs
[M::mem_pestat] skip orientation RR as there are not enough pairs
[M::mem_process_seqs] Processed 645160 reads in 825.812 CPU sec, 105.899 real sec
[M::process] 0 single-end sequences; 645488 paired-end sequences
[M::process] read 645282 sequences (80000030 bp)...
[M::mem_pestat] # candidate unique pairs for (FF, FR, RF, RR): (0, 243347, 1, 0)
[M::mem_pestat] skip orientation FF as there are not enough pairs
[M::mem_pestat] analyzing insert size distribution for orientation FR...
[M::mem_pestat] (25, 50, 75) percentile: (162, 184, 209)
[M::mem_pestat] low and high boundaries for computing mean and std.dev: (68, 303)
[M::mem_pestat] mean and std.dev: (186.43, 32.51)
[M::mem_pestat] low and high boundaries for proper pairs: (21, 350)
[M::mem_pestat] skip orientation RF as there are not enough pairs
[M::mem_pestat] skip orientation RR as there are not enough pairs
[M::mem_process_seqs] Processed 645488 reads in 822.993 CPU sec, 105.563 real sec
[M::process] 0 single-end sequences; 645282 paired-end sequences
[M::process] read 645140 sequences (80000044 bp)...
[M::mem_pestat] # candidate unique pairs for (FF, FR, RF, RR): (0, 243652, 4, 0)
[M::mem_pestat] skip orientation FF as there are not enough pairs
[M::mem_pestat] analyzing insert size distribution for orientation FR...
[M::mem_pestat] (25, 50, 75) percentile: (162, 184, 209)
[M::mem_pestat] low and high boundaries for computing mean and std.dev: (68, 303)
[M::mem_pestat] mean and std.dev: (186.46, 32.51)
[M::mem_pestat] low and high boundaries for proper pairs: (21, 350)
[M::mem_pestat] skip orientation RF as there are not enough pairs
[M::mem_pestat] skip orientation RR as there are not enough pairs
[M::mem_process_seqs] Processed 645282 reads in 805.261 CPU sec, 103.332 real sec
[M::process] 0 single-end sequences; 645140 paired-end sequences
[M::process] read 645066 sequences (80000068 bp)...
[M::mem_pestat] # candidate unique pairs for (FF, FR, RF, RR): (0, 243620, 3, 0)
[M::mem_pestat] skip orientation FF as there are not enough pairs
[M::mem_pestat] analyzing insert size distribution for orientation FR...
[M::mem_pestat] (25, 50, 75) percentile: (162, 184, 209)
[M::mem_pestat] low and high boundaries for computing mean and std.dev: (68, 303)
[M::mem_pestat] mean and std.dev: (186.30, 32.53)
[M::mem_pestat] low and high boundaries for proper pairs: (21, 350)
[M::mem_pestat] skip orientation RF as there are not enough pairs
[M::mem_pestat] skip orientation RR as there are not enough pairs
[M::mem_process_seqs] Processed 645140 reads in 802.729 CPU sec, 103.033 real sec
[M::process] 0 single-end sequences; 645066 paired-end sequences
[M::process] read 645256 sequences (80000058 bp)...
[M::mem_pestat] # candidate unique pairs for (FF, FR, RF, RR): (0, 243394, 5, 0)
[M::mem_pestat] skip orientation FF as there are not enough pairs
[M::mem_pestat] analyzing insert size distribution for orientation FR...
[M::mem_pestat] (25, 50, 75) percentile: (162, 184, 209)
[M::mem_pestat] low and high boundaries for computing mean and std.dev: (68, 303)
[M::mem_pestat] mean and std.dev: (186.19, 32.60)
[M::mem_pestat] low and high boundaries for proper pairs: (21, 350)
[M::mem_pestat] skip orientation RF as there are not enough pairs
[M::mem_pestat] skip orientation RR as there are not enough pairs
[M::mem_process_seqs] Processed 645066 reads in 807.150 CPU sec, 103.599 real sec
[M::process] 0 single-end sequences; 645256 paired-end sequences
[M::process] read 645282 sequences (80000120 bp)...
[M::mem_pestat] # candidate unique pairs for (FF, FR, RF, RR): (0, 243292, 6, 0)
[M::mem_pestat] skip orientation FF as there are not enough pairs
[M::mem_pestat] analyzing insert size distribution for orientation FR...
[M::mem_pestat] (25, 50, 75) percentile: (162, 184, 209)
[M::mem_pestat] low and high boundaries for computing mean and std.dev: (68, 303)
[M::mem_pestat] mean and std.dev: (186.22, 32.52)
[M::mem_pestat] low and high boundaries for proper pairs: (21, 350)
[M::mem_pestat] skip orientation RF as there are not enough pairs
[M::mem_pestat] skip orientation RR as there are not enough pairs
[M::mem_process_seqs] Processed 645256 reads in 818.637 CPU sec, 105.021 real sec
[M::process] 0 single-end sequences; 645282 paired-end sequences
[M::process] read 645348 sequences (80000210 bp)...
[M::mem_pestat] # candidate unique pairs for (FF, FR, RF, RR): (0, 243318, 6, 0)
[M::mem_pestat] skip orientation FF as there are not enough pairs
[M::mem_pestat] analyzing insert size distribution for orientation FR...
[M::mem_pestat] (25, 50, 75) percentile: (162, 184, 208)
[M::mem_pestat] low and high boundaries for computing mean and std.dev: (70, 300)
[M::mem_pestat] mean and std.dev: (186.03, 32.50)
[M::mem_pestat] low and high boundaries for proper pairs: (24, 346)
[M::mem_pestat] skip orientation RF as there are not enough pairs
[M::mem_pestat] skip orientation RR as there are not enough pairs
[M::mem_process_seqs] Processed 645282 reads in 817.452 CPU sec, 104.857 real sec
[M::process] 0 single-end sequences; 645348 paired-end sequences
[M::process] read 645326 sequences (80000090 bp)...
[M::mem_pestat] # candidate unique pairs for (FF, FR, RF, RR): (0, 243283, 3, 0)
[M::mem_pestat] skip orientation FF as there are not enough pairs
[M::mem_pestat] analyzing insert size distribution for orientation FR...
[M::mem_pestat] (25, 50, 75) percentile: (162, 184, 209)
[M::mem_pestat] low and high boundaries for computing mean and std.dev: (68, 303)
[M::mem_pestat] mean and std.dev: (186.30, 32.50)
[M::mem_pestat] low and high boundaries for proper pairs: (21, 350)
[M::mem_pestat] skip orientation RF as there are not enough pairs
[M::mem_pestat] skip orientation RR as there are not enough pairs
[M::mem_process_seqs] Processed 645348 reads in 823.143 CPU sec, 105.576 real sec
[M::process] 0 single-end sequences; 645326 paired-end sequences
[M::process] read 645138 sequences (80000124 bp)...
[M::mem_pestat] # candidate unique pairs for (FF, FR, RF, RR): (0, 243377, 6, 0)
[M::mem_pestat] skip orientation FF as there are not enough pairs
[M::mem_pestat] analyzing insert size distribution for orientation FR...
[M::mem_pestat] (25, 50, 75) percentile: (162, 184, 209)
[M::mem_pestat] low and high boundaries for computing mean and std.dev: (68, 303)
[M::mem_pestat] mean and std.dev: (186.54, 32.48)
[M::mem_pestat] low and high boundaries for proper pairs: (21, 350)
[M::mem_pestat] skip orientation RF as there are not enough pairs
[M::mem_pestat] skip orientation RR as there are not enough pairs
[M::mem_process_seqs] Processed 645326 reads in 814.281 CPU sec, 104.466 real sec
[M::process] 0 single-end sequences; 645138 paired-end sequences
[M::process] read 645120 sequences (80000231 bp)...
[M::mem_pestat] # candidate unique pairs for (FF, FR, RF, RR): (0, 242876, 2, 0)
[M::mem_pestat] skip orientation FF as there are not enough pairs
[M::mem_pestat] analyzing insert size distribution for orientation FR...
[M::mem_pestat] (25, 50, 75) percentile: (162, 184, 209)
[M::mem_pestat] low and high boundaries for computing mean and std.dev: (68, 303)
[M::mem_pestat] mean and std.dev: (186.52, 32.53)
[M::mem_pestat] low and high boundaries for proper pairs: (21, 350)
[M::mem_pestat] skip orientation RF as there are not enough pairs
[M::mem_pestat] skip orientation RR as there are not enough pairs
[M::mem_process_seqs] Processed 645138 reads in 818.294 CPU sec, 104.977 real sec
[M::process] 0 single-end sequences; 645120 paired-end sequences
[M::process] read 645258 sequences (80000117 bp)...
[M::mem_pestat] # candidate unique pairs for (FF, FR, RF, RR): (0, 243341, 3, 0)
[M::mem_pestat] skip orientation FF as there are not enough pairs
[M::mem_pestat] analyzing insert size distribution for orientation FR...
[M::mem_pestat] (25, 50, 75) percentile: (162, 184, 209)
[M::mem_pestat] low and high boundaries for computing mean and std.dev: (68, 303)
[M::mem_pestat] mean and std.dev: (186.35, 32.54)
[M::mem_pestat] low and high boundaries for proper pairs: (21, 350)
[M::mem_pestat] skip orientation RF as there are not enough pairs
[M::mem_pestat] skip orientation RR as there are not enough pairs
[M::mem_process_seqs] Processed 645120 reads in 814.355 CPU sec, 104.513 real sec
[M::process] 0 single-end sequences; 645258 paired-end sequences
[M::process] read 645342 sequences (80000006 bp)...
[M::mem_pestat] # candidate unique pairs for (FF, FR, RF, RR): (0, 242939, 3, 0)
[M::mem_pestat] skip orientation FF as there are not enough pairs
[M::mem_pestat] analyzing insert size distribution for orientation FR...
[M::mem_pestat] (25, 50, 75) percentile: (162, 184, 208)
[M::mem_pestat] low and high boundaries for computing mean and std.dev: (70, 300)
[M::mem_pestat] mean and std.dev: (186.18, 32.44)
[M::mem_pestat] low and high boundaries for proper pairs: (24, 346)
[M::mem_pestat] skip orientation RF as there are not enough pairs
[M::mem_pestat] skip orientation RR as there are not enough pairs
[M::mem_process_seqs] Processed 645258 reads in 834.251 CPU sec, 106.968 real sec
[M::process] 0 single-end sequences; 645342 paired-end sequences
[M::process] read 645762 sequences (80000231 bp)...
[M::mem_pestat] # candidate unique pairs for (FF, FR, RF, RR): (0, 242338, 4, 0)
[M::mem_pestat] skip orientation FF as there are not enough pairs
[M::mem_pestat] analyzing insert size distribution for orientation FR...
[M::mem_pestat] (25, 50, 75) percentile: (162, 184, 208)
[M::mem_pestat] low and high boundaries for computing mean and std.dev: (70, 300)
[M::mem_pestat] mean and std.dev: (186.14, 32.42)
[M::mem_pestat] low and high boundaries for proper pairs: (24, 346)
[M::mem_pestat] skip orientation RF as there are not enough pairs
[M::mem_pestat] skip orientation RR as there are not enough pairs
[M::mem_process_seqs] Processed 645342 reads in 832.081 CPU sec, 106.706 real sec
[M::process] 0 single-end sequences; 645762 paired-end sequences
[M::process] read 645458 sequences (80000165 bp)...
[M::mem_pestat] # candidate unique pairs for (FF, FR, RF, RR): (0, 243599, 3, 0)
[M::mem_pestat] skip orientation FF as there are not enough pairs
[M::mem_pestat] analyzing insert size distribution for orientation FR...
[M::mem_pestat] (25, 50, 75) percentile: (162, 184, 209)
[M::mem_pestat] low and high boundaries for computing mean and std.dev: (68, 303)
[M::mem_pestat] mean and std.dev: (186.31, 32.46)
[M::mem_pestat] low and high boundaries for proper pairs: (21, 350)
[M::mem_pestat] skip orientation RF as there are not enough pairs
[M::mem_pestat] skip orientation RR as there are not enough pairs
[M::mem_process_seqs] Processed 645762 reads in 819.305 CPU sec, 105.104 real sec
[M::process] 0 single-end sequences; 645458 paired-end sequences
[M::process] read 645166 sequences (80000164 bp)...
[M::mem_pestat] # candidate unique pairs for (FF, FR, RF, RR): (0, 243307, 5, 0)
[M::mem_pestat] skip orientation FF as there are not enough pairs
[M::mem_pestat] analyzing insert size distribution for orientation FR...
[M::mem_pestat] (25, 50, 75) percentile: (162, 184, 209)
[M::mem_pestat] low and high boundaries for computing mean and std.dev: (68, 303)
[M::mem_pestat] mean and std.dev: (186.36, 32.55)
[M::mem_pestat] low and high boundaries for proper pairs: (21, 350)
[M::mem_pestat] skip orientation RF as there are not enough pairs
[M::mem_pestat] skip orientation RR as there are not enough pairs
[M::mem_process_seqs] Processed 645458 reads in 822.860 CPU sec, 105.557 real sec
[M::process] 0 single-end sequences; 645166 paired-end sequences
[M::process] read 645052 sequences (80000003 bp)...
[M::mem_pestat] # candidate unique pairs for (FF, FR, RF, RR): (0, 243177, 1, 0)
[M::mem_pestat] skip orientation FF as there are not enough pairs
[M::mem_pestat] analyzing insert size distribution for orientation FR...
[M::mem_pestat] (25, 50, 75) percentile: (162, 184, 209)
[M::mem_pestat] low and high boundaries for computing mean and std.dev: (68, 303)
[M::mem_pestat] mean and std.dev: (186.33, 32.50)
[M::mem_pestat] low and high boundaries for proper pairs: (21, 350)
[M::mem_pestat] skip orientation RF as there are not enough pairs
[M::mem_pestat] skip orientation RR as there are not enough pairs
[M::mem_process_seqs] Processed 645166 reads in 822.836 CPU sec, 105.562 real sec
[M::process] 0 single-end sequences; 645052 paired-end sequences
[M::process] read 645198 sequences (80000014 bp)...
[M::mem_pestat] # candidate unique pairs for (FF, FR, RF, RR): (0, 243035, 2, 0)
[M::mem_pestat] skip orientation FF as there are not enough pairs
[M::mem_pestat] analyzing insert size distribution for orientation FR...
[M::mem_pestat] (25, 50, 75) percentile: (162, 184, 209)
[M::mem_pestat] low and high boundaries for computing mean and std.dev: (68, 303)
[M::mem_pestat] mean and std.dev: (186.25, 32.54)
[M::mem_pestat] low and high boundaries for proper pairs: (21, 350)
[M::mem_pestat] skip orientation RF as there are not enough pairs
[M::mem_pestat] skip orientation RR as there are not enough pairs
[M::mem_process_seqs] Processed 645052 reads in 818.535 CPU sec, 105.002 real sec
[M::process] 0 single-end sequences; 645198 paired-end sequences
[M::process] read 645334 sequences (80000186 bp)...
[M::mem_pestat] # candidate unique pairs for (FF, FR, RF, RR): (0, 242540, 2, 0)
[M::mem_pestat] skip orientation FF as there are not enough pairs
[M::mem_pestat] analyzing insert size distribution for orientation FR...
[M::mem_pestat] (25, 50, 75) percentile: (162, 184, 208)
[M::mem_pestat] low and high boundaries for computing mean and std.dev: (70, 300)
[M::mem_pestat] mean and std.dev: (186.11, 32.43)
[M::mem_pestat] low and high boundaries for proper pairs: (24, 346)
[M::mem_pestat] skip orientation RF as there are not enough pairs
[M::mem_pestat] skip orientation RR as there are not enough pairs
[M::mem_process_seqs] Processed 645198 reads in 836.391 CPU sec, 107.247 real sec
[M::process] 0 single-end sequences; 645334 paired-end sequences
[M::process] read 645462 sequences (80000050 bp)...
[M::mem_pestat] # candidate unique pairs for (FF, FR, RF, RR): (0, 242628, 5, 0)
[M::mem_pestat] skip orientation FF as there are not enough pairs
[M::mem_pestat] analyzing insert size distribution for orientation FR...
[M::mem_pestat] (25, 50, 75) percentile: (162, 184, 208)
[M::mem_pestat] low and high boundaries for computing mean and std.dev: (70, 300)
[M::mem_pestat] mean and std.dev: (186.16, 32.41)
[M::mem_pestat] low and high boundaries for proper pairs: (24, 346)
[M::mem_pestat] skip orientation RF as there are not enough pairs
[M::mem_pestat] skip orientation RR as there are not enough pairs
[M::mem_process_seqs] Processed 645334 reads in 852.988 CPU sec, 109.322 real sec
[M::process] 0 single-end sequences; 645462 paired-end sequences
[M::process] read 645368 sequences (80000038 bp)...
[M::mem_pestat] # candidate unique pairs for (FF, FR, RF, RR): (0, 242930, 5, 0)
[M::mem_pestat] skip orientation FF as there are not enough pairs
[M::mem_pestat] analyzing insert size distribution for orientation FR...
[M::mem_pestat] (25, 50, 75) percentile: (162, 184, 209)
[M::mem_pestat] low and high boundaries for computing mean and std.dev: (68, 303)
[M::mem_pestat] mean and std.dev: (186.24, 32.51)
[M::mem_pestat] low and high boundaries for proper pairs: (21, 350)
[M::mem_pestat] skip orientation RF as there are not enough pairs
[M::mem_pestat] skip orientation RR as there are not enough pairs
[M::mem_process_seqs] Processed 645462 reads in 859.552 CPU sec, 110.125 real sec
[M::process] 0 single-end sequences; 645368 paired-end sequences
[M::process] read 645036 sequences (80000009 bp)...
[M::mem_pestat] # candidate unique pairs for (FF, FR, RF, RR): (0, 243613, 6, 0)
[M::mem_pestat] skip orientation FF as there are not enough pairs
[M::mem_pestat] analyzing insert size distribution for orientation FR...
[M::mem_pestat] (25, 50, 75) percentile: (162, 184, 209)
[M::mem_pestat] low and high boundaries for computing mean and std.dev: (68, 303)
[M::mem_pestat] mean and std.dev: (186.49, 32.57)
[M::mem_pestat] low and high boundaries for proper pairs: (21, 350)
[M::mem_pestat] skip orientation RF as there are not enough pairs
[M::mem_pestat] skip orientation RR as there are not enough pairs
[M::mem_process_seqs] Processed 645368 reads in 817.719 CPU sec, 104.905 real sec
[M::process] 0 single-end sequences; 645036 paired-end sequences
[M::process] read 645068 sequences (80000010 bp)...
[M::mem_pestat] # candidate unique pairs for (FF, FR, RF, RR): (0, 242832, 4, 0)
[M::mem_pestat] skip orientation FF as there are not enough pairs
[M::mem_pestat] analyzing insert size distribution for orientation FR...
[M::mem_pestat] (25, 50, 75) percentile: (162, 184, 209)
[M::mem_pestat] low and high boundaries for computing mean and std.dev: (68, 303)
[M::mem_pestat] mean and std.dev: (186.33, 32.54)
[M::mem_pestat] low and high boundaries for proper pairs: (21, 350)
[M::mem_pestat] skip orientation RF as there are not enough pairs
[M::mem_pestat] skip orientation RR as there are not enough pairs
[M::mem_process_seqs] Processed 645036 reads in 818.587 CPU sec, 105.037 real sec
[M::process] 0 single-end sequences; 645068 paired-end sequences
[M::process] read 645176 sequences (80000158 bp)...
[M::mem_pestat] # candidate unique pairs for (FF, FR, RF, RR): (0, 243564, 2, 0)
[M::mem_pestat] skip orientation FF as there are not enough pairs
[M::mem_pestat] analyzing insert size distribution for orientation FR...
[M::mem_pestat] (25, 50, 75) percentile: (162, 184, 209)
[M::mem_pestat] low and high boundaries for computing mean and std.dev: (68, 303)
[M::mem_pestat] mean and std.dev: (186.17, 32.48)
[M::mem_pestat] low and high boundaries for proper pairs: (21, 350)
[M::mem_pestat] skip orientation RF as there are not enough pairs
[M::mem_pestat] skip orientation RR as there are not enough pairs
[M::mem_process_seqs] Processed 645068 reads in 824.880 CPU sec, 105.797 real sec
[M::process] 0 single-end sequences; 645176 paired-end sequences
[M::process] read 645470 sequences (80000102 bp)...
[M::mem_pestat] # candidate unique pairs for (FF, FR, RF, RR): (0, 242778, 2, 0)
[M::mem_pestat] skip orientation FF as there are not enough pairs
[M::mem_pestat] analyzing insert size distribution for orientation FR...
[M::mem_pestat] (25, 50, 75) percentile: (162, 184, 208)
[M::mem_pestat] low and high boundaries for computing mean and std.dev: (70, 300)
[M::mem_pestat] mean and std.dev: (186.21, 32.49)
[M::mem_pestat] low and high boundaries for proper pairs: (24, 346)
[M::mem_pestat] skip orientation RF as there are not enough pairs
[M::mem_pestat] skip orientation RR as there are not enough pairs
[M::mem_process_seqs] Processed 645176 reads in 837.298 CPU sec, 107.349 real sec
[M::process] 0 single-end sequences; 645470 paired-end sequences
[M::process] read 645530 sequences (80000237 bp)...
[M::mem_pestat] # candidate unique pairs for (FF, FR, RF, RR): (0, 242566, 3, 0)
[M::mem_pestat] skip orientation FF as there are not enough pairs
[M::mem_pestat] analyzing insert size distribution for orientation FR...
[M::mem_pestat] (25, 50, 75) percentile: (162, 184, 208)
[M::mem_pestat] low and high boundaries for computing mean and std.dev: (70, 300)
[M::mem_pestat] mean and std.dev: (186.04, 32.42)
[M::mem_pestat] low and high boundaries for proper pairs: (24, 346)
[M::mem_pestat] skip orientation RF as there are not enough pairs
[M::mem_pestat] skip orientation RR as there are not enough pairs
[M::mem_process_seqs] Processed 645470 reads in 839.228 CPU sec, 107.598 real sec
[M::process] 0 single-end sequences; 645530 paired-end sequences
[M::process] read 645330 sequences (80000175 bp)...
[M::mem_pestat] # candidate unique pairs for (FF, FR, RF, RR): (0, 242667, 7, 0)
[M::mem_pestat] skip orientation FF as there are not enough pairs
[M::mem_pestat] analyzing insert size distribution for orientation FR...
[M::mem_pestat] (25, 50, 75) percentile: (162, 184, 209)
[M::mem_pestat] low and high boundaries for computing mean and std.dev: (68, 303)
[M::mem_pestat] mean and std.dev: (186.37, 32.44)
[M::mem_pestat] low and high boundaries for proper pairs: (21, 350)
[M::mem_pestat] skip orientation RF as there are not enough pairs
[M::mem_pestat] skip orientation RR as there are not enough pairs
[M::mem_process_seqs] Processed 645530 reads in 840.288 CPU sec, 107.711 real sec
[M::process] 0 single-end sequences; 645330 paired-end sequences
[M::process] read 645138 sequences (80000086 bp)...
[M::mem_pestat] # candidate unique pairs for (FF, FR, RF, RR): (0, 242579, 3, 0)
[M::mem_pestat] skip orientation FF as there are not enough pairs
[M::mem_pestat] analyzing insert size distribution for orientation FR...
[M::mem_pestat] (25, 50, 75) percentile: (162, 184, 209)
[M::mem_pestat] low and high boundaries for computing mean and std.dev: (68, 303)
[M::mem_pestat] mean and std.dev: (186.45, 32.53)
[M::mem_pestat] low and high boundaries for proper pairs: (21, 350)
[M::mem_pestat] skip orientation RF as there are not enough pairs
[M::mem_pestat] skip orientation RR as there are not enough pairs
[M::mem_process_seqs] Processed 645330 reads in 828.576 CPU sec, 106.260 real sec
[M::process] 0 single-end sequences; 645138 paired-end sequences
[M::process] read 645098 sequences (80000056 bp)...
[M::mem_pestat] # candidate unique pairs for (FF, FR, RF, RR): (0, 243300, 4, 0)
[M::mem_pestat] skip orientation FF as there are not enough pairs
[M::mem_pestat] analyzing insert size distribution for orientation FR...
[M::mem_pestat] (25, 50, 75) percentile: (162, 184, 209)
[M::mem_pestat] low and high boundaries for computing mean and std.dev: (68, 303)
[M::mem_pestat] mean and std.dev: (186.42, 32.49)
[M::mem_pestat] low and high boundaries for proper pairs: (21, 350)
[M::mem_pestat] skip orientation RF as there are not enough pairs
[M::mem_pestat] skip orientation RR as there are not enough pairs
[M::mem_process_seqs] Processed 645138 reads in 825.634 CPU sec, 105.958 real sec
[M::process] 0 single-end sequences; 645098 paired-end sequences
[M::process] read 645218 sequences (80000007 bp)...
[M::mem_pestat] # candidate unique pairs for (FF, FR, RF, RR): (0, 242738, 5, 0)
[M::mem_pestat] skip orientation FF as there are not enough pairs
[M::mem_pestat] analyzing insert size distribution for orientation FR...
[M::mem_pestat] (25, 50, 75) percentile: (162, 184, 209)
[M::mem_pestat] low and high boundaries for computing mean and std.dev: (68, 303)
[M::mem_pestat] mean and std.dev: (186.28, 32.49)
[M::mem_pestat] low and high boundaries for proper pairs: (21, 350)
[M::mem_pestat] skip orientation RF as there are not enough pairs
[M::mem_pestat] skip orientation RR as there are not enough pairs
[M::mem_process_seqs] Processed 645098 reads in 835.737 CPU sec, 107.162 real sec
[M::process] 0 single-end sequences; 645218 paired-end sequences
[M::process] read 645302 sequences (80000227 bp)...
[M::mem_pestat] # candidate unique pairs for (FF, FR, RF, RR): (0, 242352, 4, 0)
[M::mem_pestat] skip orientation FF as there are not enough pairs
[M::mem_pestat] analyzing insert size distribution for orientation FR...
[M::mem_pestat] (25, 50, 75) percentile: (162, 184, 208)
[M::mem_pestat] low and high boundaries for computing mean and std.dev: (70, 300)
[M::mem_pestat] mean and std.dev: (186.15, 32.49)
[M::mem_pestat] low and high boundaries for proper pairs: (24, 346)
[M::mem_pestat] skip orientation RF as there are not enough pairs
[M::mem_pestat] skip orientation RR as there are not enough pairs
[M::mem_process_seqs] Processed 645218 reads in 848.792 CPU sec, 108.787 real sec
[M::process] 0 single-end sequences; 645302 paired-end sequences
[M::process] read 645404 sequences (80000039 bp)...
[M::mem_pestat] # candidate unique pairs for (FF, FR, RF, RR): (0, 242619, 10, 0)
[M::mem_pestat] skip orientation FF as there are not enough pairs
[M::mem_pestat] analyzing insert size distribution for orientation FR...
[M::mem_pestat] (25, 50, 75) percentile: (162, 184, 208)
[M::mem_pestat] low and high boundaries for computing mean and std.dev: (70, 300)
[M::mem_pestat] mean and std.dev: (186.12, 32.47)
[M::mem_pestat] low and high boundaries for proper pairs: (24, 346)
[M::mem_pestat] analyzing insert size distribution for orientation RF...
[M::mem_pestat] (25, 50, 75) percentile: (163, 499, 4610)
[M::mem_pestat] low and high boundaries for computing mean and std.dev: (1, 13504)
[M::mem_pestat] mean and std.dev: (1570.00, 2009.70)
[M::mem_pestat] low and high boundaries for proper pairs: (1, 17951)
[M::mem_pestat] skip orientation RR as there are not enough pairs
[M::mem_pestat] skip orientation RF
[M::mem_process_seqs] Processed 645302 reads in 838.970 CPU sec, 107.554 real sec
[M::process] 0 single-end sequences; 645404 paired-end sequences
[M::process] read 645106 sequences (80000064 bp)...
[M::mem_pestat] # candidate unique pairs for (FF, FR, RF, RR): (0, 243260, 4, 0)
[M::mem_pestat] skip orientation FF as there are not enough pairs
[M::mem_pestat] analyzing insert size distribution for orientation FR...
[M::mem_pestat] (25, 50, 75) percentile: (162, 184, 209)
[M::mem_pestat] low and high boundaries for computing mean and std.dev: (68, 303)
[M::mem_pestat] mean and std.dev: (186.42, 32.57)
[M::mem_pestat] low and high boundaries for proper pairs: (21, 350)
[M::mem_pestat] skip orientation RF as there are not enough pairs
[M::mem_pestat] skip orientation RR as there are not enough pairs
[M::mem_process_seqs] Processed 645404 reads in 827.198 CPU sec, 106.077 real sec
[M::process] 0 single-end sequences; 645106 paired-end sequences
[M::process] read 644990 sequences (80000192 bp)...
[M::mem_pestat] # candidate unique pairs for (FF, FR, RF, RR): (0, 243257, 3, 0)
[M::mem_pestat] skip orientation FF as there are not enough pairs
[M::mem_pestat] analyzing insert size distribution for orientation FR...
[M::mem_pestat] (25, 50, 75) percentile: (162, 184, 209)
[M::mem_pestat] low and high boundaries for computing mean and std.dev: (68, 303)
[M::mem_pestat] mean and std.dev: (186.56, 32.49)
[M::mem_pestat] low and high boundaries for proper pairs: (21, 350)
[M::mem_pestat] skip orientation RF as there are not enough pairs
[M::mem_pestat] skip orientation RR as there are not enough pairs
[M::mem_process_seqs] Processed 645106 reads in 810.933 CPU sec, 104.073 real sec
[M::process] 0 single-end sequences; 644990 paired-end sequences
[M::process] read 645002 sequences (80000064 bp)...
[M::mem_pestat] # candidate unique pairs for (FF, FR, RF, RR): (0, 243754, 4, 0)
[M::mem_pestat] skip orientation FF as there are not enough pairs
[M::mem_pestat] analyzing insert size distribution for orientation FR...
[M::mem_pestat] (25, 50, 75) percentile: (162, 184, 209)
[M::mem_pestat] low and high boundaries for computing mean and std.dev: (68, 303)
[M::mem_pestat] mean and std.dev: (186.33, 32.53)
[M::mem_pestat] low and high boundaries for proper pairs: (21, 350)
[M::mem_pestat] skip orientation RF as there are not enough pairs
[M::mem_pestat] skip orientation RR as there are not enough pairs
[M::mem_process_seqs] Processed 644990 reads in 798.009 CPU sec, 102.422 real sec
[M::process] 0 single-end sequences; 645002 paired-end sequences
[M::process] read 645094 sequences (80000027 bp)...
[M::mem_pestat] # candidate unique pairs for (FF, FR, RF, RR): (0, 243609, 7, 0)
[M::mem_pestat] skip orientation FF as there are not enough pairs
[M::mem_pestat] analyzing insert size distribution for orientation FR...
[M::mem_pestat] (25, 50, 75) percentile: (162, 184, 209)
[M::mem_pestat] low and high boundaries for computing mean and std.dev: (68, 303)
[M::mem_pestat] mean and std.dev: (186.25, 32.45)
[M::mem_pestat] low and high boundaries for proper pairs: (21, 350)
[M::mem_pestat] skip orientation RF as there are not enough pairs
[M::mem_pestat] skip orientation RR as there are not enough pairs
[M::mem_process_seqs] Processed 645002 reads in 804.490 CPU sec, 103.231 real sec
[M::process] 0 single-end sequences; 645094 paired-end sequences
[M::process] read 645148 sequences (80000145 bp)...
[M::mem_pestat] # candidate unique pairs for (FF, FR, RF, RR): (0, 243423, 1, 0)
[M::mem_pestat] skip orientation FF as there are not enough pairs
[M::mem_pestat] analyzing insert size distribution for orientation FR...
[M::mem_pestat] (25, 50, 75) percentile: (162, 184, 208)
[M::mem_pestat] low and high boundaries for computing mean and std.dev: (70, 300)
[M::mem_pestat] mean and std.dev: (186.11, 32.49)
[M::mem_pestat] low and high boundaries for proper pairs: (24, 346)
[M::mem_pestat] skip orientation RF as there are not enough pairs
[M::mem_pestat] skip orientation RR as there are not enough pairs
[M::mem_process_seqs] Processed 645094 reads in 818.551 CPU sec, 105.008 real sec
[M::process] 0 single-end sequences; 645148 paired-end sequences
[M::process] read 645576 sequences (80000000 bp)...
[M::mem_pestat] # candidate unique pairs for (FF, FR, RF, RR): (0, 243585, 5, 0)
[M::mem_pestat] skip orientation FF as there are not enough pairs
[M::mem_pestat] analyzing insert size distribution for orientation FR...
[M::mem_pestat] (25, 50, 75) percentile: (162, 184, 208)
[M::mem_pestat] low and high boundaries for computing mean and std.dev: (70, 300)
[M::mem_pestat] mean and std.dev: (186.05, 32.58)
[M::mem_pestat] low and high boundaries for proper pairs: (24, 346)
[M::mem_pestat] skip orientation RF as there are not enough pairs
[M::mem_pestat] skip orientation RR as there are not enough pairs
[M::mem_process_seqs] Processed 645148 reads in 818.582 CPU sec, 105.012 real sec
[M::process] 0 single-end sequences; 645576 paired-end sequences
[M::process] read 645404 sequences (80000194 bp)...
[M::mem_pestat] # candidate unique pairs for (FF, FR, RF, RR): (0, 243064, 1, 0)
[M::mem_pestat] skip orientation FF as there are not enough pairs
[M::mem_pestat] analyzing insert size distribution for orientation FR...
[M::mem_pestat] (25, 50, 75) percentile: (162, 184, 208)
[M::mem_pestat] low and high boundaries for computing mean and std.dev: (70, 300)
[M::mem_pestat] mean and std.dev: (186.25, 32.49)
[M::mem_pestat] low and high boundaries for proper pairs: (24, 346)
[M::mem_pestat] skip orientation RF as there are not enough pairs
[M::mem_pestat] skip orientation RR as there are not enough pairs
[M::mem_process_seqs] Processed 645576 reads in 829.051 CPU sec, 106.313 real sec
[M::process] 0 single-end sequences; 645404 paired-end sequences
[M::process] read 645070 sequences (80000010 bp)...
[M::mem_pestat] # candidate unique pairs for (FF, FR, RF, RR): (0, 243185, 3, 0)
[M::mem_pestat] skip orientation FF as there are not enough pairs
[M::mem_pestat] analyzing insert size distribution for orientation FR...
[M::mem_pestat] (25, 50, 75) percentile: (162, 184, 209)
[M::mem_pestat] low and high boundaries for computing mean and std.dev: (68, 303)
[M::mem_pestat] mean and std.dev: (186.45, 32.49)
[M::mem_pestat] low and high boundaries for proper pairs: (21, 350)
[M::mem_pestat] skip orientation RF as there are not enough pairs
[M::mem_pestat] skip orientation RR as there are not enough pairs
[M::mem_process_seqs] Processed 645404 reads in 820.577 CPU sec, 105.274 real sec
[M::process] 0 single-end sequences; 645070 paired-end sequences
[M::process] read 645062 sequences (80000136 bp)...
[M::mem_pestat] # candidate unique pairs for (FF, FR, RF, RR): (0, 243567, 4, 0)
[M::mem_pestat] skip orientation FF as there are not enough pairs
[M::mem_pestat] analyzing insert size distribution for orientation FR...
[M::mem_pestat] (25, 50, 75) percentile: (162, 184, 209)
[M::mem_pestat] low and high boundaries for computing mean and std.dev: (68, 303)
[M::mem_pestat] mean and std.dev: (186.45, 32.47)
[M::mem_pestat] low and high boundaries for proper pairs: (21, 350)
[M::mem_pestat] skip orientation RF as there are not enough pairs
[M::mem_pestat] skip orientation RR as there are not enough pairs
[M::mem_process_seqs] Processed 645070 reads in 806.100 CPU sec, 103.442 real sec
[M::process] 0 single-end sequences; 645062 paired-end sequences
[M::process] read 645088 sequences (80000049 bp)...
[M::mem_pestat] # candidate unique pairs for (FF, FR, RF, RR): (0, 244051, 2, 0)
[M::mem_pestat] skip orientation FF as there are not enough pairs
[M::mem_pestat] analyzing insert size distribution for orientation FR...
[M::mem_pestat] (25, 50, 75) percentile: (162, 184, 209)
[M::mem_pestat] low and high boundaries for computing mean and std.dev: (68, 303)
[M::mem_pestat] mean and std.dev: (186.39, 32.53)
[M::mem_pestat] low and high boundaries for proper pairs: (21, 350)
[M::mem_pestat] skip orientation RF as there are not enough pairs
[M::mem_pestat] skip orientation RR as there are not enough pairs
[M::mem_process_seqs] Processed 645062 reads in 808.043 CPU sec, 103.686 real sec
[M::process] 0 single-end sequences; 645088 paired-end sequences
[M::process] read 645218 sequences (80000120 bp)...
[M::mem_pestat] # candidate unique pairs for (FF, FR, RF, RR): (0, 243526, 2, 0)
[M::mem_pestat] skip orientation FF as there are not enough pairs
[M::mem_pestat] analyzing insert size distribution for orientation FR...
[M::mem_pestat] (25, 50, 75) percentile: (162, 184, 209)
[M::mem_pestat] low and high boundaries for computing mean and std.dev: (68, 303)
[M::mem_pestat] mean and std.dev: (186.34, 32.45)
[M::mem_pestat] low and high boundaries for proper pairs: (21, 350)
[M::mem_pestat] skip orientation RF as there are not enough pairs
[M::mem_pestat] skip orientation RR as there are not enough pairs
[M::mem_process_seqs] Processed 645088 reads in 813.001 CPU sec, 104.310 real sec
[M::process] 0 single-end sequences; 645218 paired-end sequences
[M::process] read 645544 sequences (80000239 bp)...
[M::mem_pestat] # candidate unique pairs for (FF, FR, RF, RR): (0, 243645, 2, 0)
[M::mem_pestat] skip orientation FF as there are not enough pairs
[M::mem_pestat] analyzing insert size distribution for orientation FR...
[M::mem_pestat] (25, 50, 75) percentile: (162, 184, 208)
[M::mem_pestat] low and high boundaries for computing mean and std.dev: (70, 300)
[M::mem_pestat] mean and std.dev: (186.12, 32.47)
[M::mem_pestat] low and high boundaries for proper pairs: (24, 346)
[M::mem_pestat] skip orientation RF as there are not enough pairs
[M::mem_pestat] skip orientation RR as there are not enough pairs
[M::mem_process_seqs] Processed 645218 reads in 818.934 CPU sec, 105.055 real sec
[M::process] 0 single-end sequences; 645544 paired-end sequences
[M::process] read 645582 sequences (80000195 bp)...
[M::mem_pestat] # candidate unique pairs for (FF, FR, RF, RR): (0, 243302, 3, 0)
[M::mem_pestat] skip orientation FF as there are not enough pairs
[M::mem_pestat] analyzing insert size distribution for orientation FR...
[M::mem_pestat] (25, 50, 75) percentile: (162, 184, 209)
[M::mem_pestat] low and high boundaries for computing mean and std.dev: (68, 303)
[M::mem_pestat] mean and std.dev: (186.29, 32.51)
[M::mem_pestat] low and high boundaries for proper pairs: (21, 350)
[M::mem_pestat] skip orientation RF as there are not enough pairs
[M::mem_pestat] skip orientation RR as there are not enough pairs
[M::mem_process_seqs] Processed 645544 reads in 827.963 CPU sec, 106.185 real sec
[M::process] 0 single-end sequences; 645582 paired-end sequences
[M::process] read 645106 sequences (80000142 bp)...
[M::mem_pestat] # candidate unique pairs for (FF, FR, RF, RR): (0, 242998, 4, 0)
[M::mem_pestat] skip orientation FF as there are not enough pairs
[M::mem_pestat] analyzing insert size distribution for orientation FR...
[M::mem_pestat] (25, 50, 75) percentile: (162, 184, 209)
[M::mem_pestat] low and high boundaries for computing mean and std.dev: (68, 303)
[M::mem_pestat] mean and std.dev: (186.50, 32.48)
[M::mem_pestat] low and high boundaries for proper pairs: (21, 350)
[M::mem_pestat] skip orientation RF as there are not enough pairs
[M::mem_pestat] skip orientation RR as there are not enough pairs
[M::mem_process_seqs] Processed 645582 reads in 827.175 CPU sec, 106.099 real sec
[M::process] 0 single-end sequences; 645106 paired-end sequences
[M::process] read 645016 sequences (80000070 bp)...
[M::mem_pestat] # candidate unique pairs for (FF, FR, RF, RR): (0, 243151, 3, 0)
[M::mem_pestat] skip orientation FF as there are not enough pairs
[M::mem_pestat] analyzing insert size distribution for orientation FR...
[M::mem_pestat] (25, 50, 75) percentile: (162, 184, 209)
[M::mem_pestat] low and high boundaries for computing mean and std.dev: (68, 303)
[M::mem_pestat] mean and std.dev: (186.47, 32.47)
[M::mem_pestat] low and high boundaries for proper pairs: (21, 350)
[M::mem_pestat] skip orientation RF as there are not enough pairs
[M::mem_pestat] skip orientation RR as there are not enough pairs
[M::mem_process_seqs] Processed 645106 reads in 809.713 CPU sec, 103.893 real sec
[M::process] 0 single-end sequences; 645016 paired-end sequences
[M::process] read 645046 sequences (80000054 bp)...
[M::mem_pestat] # candidate unique pairs for (FF, FR, RF, RR): (0, 243207, 3, 0)
[M::mem_pestat] skip orientation FF as there are not enough pairs
[M::mem_pestat] analyzing insert size distribution for orientation FR...
[M::mem_pestat] (25, 50, 75) percentile: (162, 184, 209)
[M::mem_pestat] low and high boundaries for computing mean and std.dev: (68, 303)
[M::mem_pestat] mean and std.dev: (186.30, 32.49)
[M::mem_pestat] low and high boundaries for proper pairs: (21, 350)
[M::mem_pestat] skip orientation RF as there are not enough pairs
[M::mem_pestat] skip orientation RR as there are not enough pairs
[M::mem_process_seqs] Processed 645016 reads in 810.349 CPU sec, 103.983 real sec
[M::process] 0 single-end sequences; 645046 paired-end sequences
[M::process] read 645188 sequences (80000037 bp)...
[M::mem_pestat] # candidate unique pairs for (FF, FR, RF, RR): (0, 243511, 3, 0)
[M::mem_pestat] skip orientation FF as there are not enough pairs
[M::mem_pestat] analyzing insert size distribution for orientation FR...
[M::mem_pestat] (25, 50, 75) percentile: (162, 184, 209)
[M::mem_pestat] low and high boundaries for computing mean and std.dev: (68, 303)
[M::mem_pestat] mean and std.dev: (186.33, 32.51)
[M::mem_pestat] low and high boundaries for proper pairs: (21, 350)
[M::mem_pestat] skip orientation RF as there are not enough pairs
[M::mem_pestat] skip orientation RR as there are not enough pairs
[M::mem_process_seqs] Processed 645046 reads in 811.279 CPU sec, 104.107 real sec
[M::process] 0 single-end sequences; 645188 paired-end sequences
[M::process] read 645282 sequences (80000148 bp)...
[M::mem_pestat] # candidate unique pairs for (FF, FR, RF, RR): (0, 243476, 2, 0)
[M::mem_pestat] skip orientation FF as there are not enough pairs
[M::mem_pestat] analyzing insert size distribution for orientation FR...
[M::mem_pestat] (25, 50, 75) percentile: (162, 184, 208)
[M::mem_pestat] low and high boundaries for computing mean and std.dev: (70, 300)
[M::mem_pestat] mean and std.dev: (186.20, 32.50)
[M::mem_pestat] low and high boundaries for proper pairs: (24, 346)
[M::mem_pestat] skip orientation RF as there are not enough pairs
[M::mem_pestat] skip orientation RR as there are not enough pairs
[M::mem_process_seqs] Processed 645188 reads in 819.406 CPU sec, 105.105 real sec
[M::process] 0 single-end sequences; 645282 paired-end sequences
[M::process] read 645518 sequences (80000058 bp)...
[M::mem_pestat] # candidate unique pairs for (FF, FR, RF, RR): (0, 243408, 5, 0)
[M::mem_pestat] skip orientation FF as there are not enough pairs
[M::mem_pestat] analyzing insert size distribution for orientation FR...
[M::mem_pestat] (25, 50, 75) percentile: (162, 184, 208)
[M::mem_pestat] low and high boundaries for computing mean and std.dev: (70, 300)
[M::mem_pestat] mean and std.dev: (186.08, 32.48)
[M::mem_pestat] low and high boundaries for proper pairs: (24, 346)
[M::mem_pestat] skip orientation RF as there are not enough pairs
[M::mem_pestat] skip orientation RR as there are not enough pairs
[M::mem_process_seqs] Processed 645282 reads in 821.743 CPU sec, 105.423 real sec
[M::process] 0 single-end sequences; 645518 paired-end sequences
[M::process] read 645074 sequences (80000189 bp)...
[M::mem_pestat] # candidate unique pairs for (FF, FR, RF, RR): (0, 242478, 1, 0)
[M::mem_pestat] skip orientation FF as there are not enough pairs
[M::mem_pestat] analyzing insert size distribution for orientation FR...
[M::mem_pestat] (25, 50, 75) percentile: (162, 184, 209)
[M::mem_pestat] low and high boundaries for computing mean and std.dev: (68, 303)
[M::mem_pestat] mean and std.dev: (186.38, 32.49)
[M::mem_pestat] low and high boundaries for proper pairs: (21, 350)
[M::mem_pestat] skip orientation RF as there are not enough pairs
[M::mem_pestat] skip orientation RR as there are not enough pairs
[M::mem_process_seqs] Processed 645518 reads in 831.928 CPU sec, 106.667 real sec
[M::process] 0 single-end sequences; 645074 paired-end sequences
[M::process] read 644992 sequences (80000030 bp)...
[M::mem_pestat] # candidate unique pairs for (FF, FR, RF, RR): (0, 243549, 3, 0)
[M::mem_pestat] skip orientation FF as there are not enough pairs
[M::mem_pestat] analyzing insert size distribution for orientation FR...
[M::mem_pestat] (25, 50, 75) percentile: (162, 184, 209)
[M::mem_pestat] low and high boundaries for computing mean and std.dev: (68, 303)
[M::mem_pestat] mean and std.dev: (186.32, 32.49)
[M::mem_pestat] low and high boundaries for proper pairs: (21, 350)
[M::mem_pestat] skip orientation RF as there are not enough pairs
[M::mem_pestat] skip orientation RR as there are not enough pairs
[M::mem_process_seqs] Processed 645074 reads in 817.116 CPU sec, 104.824 real sec
[M::process] 0 single-end sequences; 644992 paired-end sequences
[M::process] read 645030 sequences (80000218 bp)...
[M::mem_pestat] # candidate unique pairs for (FF, FR, RF, RR): (0, 243491, 4, 0)
[M::mem_pestat] skip orientation FF as there are not enough pairs
[M::mem_pestat] analyzing insert size distribution for orientation FR...
[M::mem_pestat] (25, 50, 75) percentile: (162, 184, 209)
[M::mem_pestat] low and high boundaries for computing mean and std.dev: (68, 303)
[M::mem_pestat] mean and std.dev: (186.26, 32.46)
[M::mem_pestat] low and high boundaries for proper pairs: (21, 350)
[M::mem_pestat] skip orientation RF as there are not enough pairs
[M::mem_pestat] skip orientation RR as there are not enough pairs
[M::mem_process_seqs] Processed 644992 reads in 813.811 CPU sec, 104.444 real sec
[M::process] 0 single-end sequences; 645030 paired-end sequences
[M::process] read 645182 sequences (80000092 bp)...
[M::mem_pestat] # candidate unique pairs for (FF, FR, RF, RR): (0, 243086, 5, 0)
[M::mem_pestat] skip orientation FF as there are not enough pairs
[M::mem_pestat] analyzing insert size distribution for orientation FR...
[M::mem_pestat] (25, 50, 75) percentile: (162, 184, 209)
[M::mem_pestat] low and high boundaries for computing mean and std.dev: (68, 303)
[M::mem_pestat] mean and std.dev: (186.17, 32.48)
[M::mem_pestat] low and high boundaries for proper pairs: (21, 350)
[M::mem_pestat] skip orientation RF as there are not enough pairs
[M::mem_pestat] skip orientation RR as there are not enough pairs
[M::mem_process_seqs] Processed 645030 reads in 841.148 CPU sec, 107.830 real sec
[M::process] 0 single-end sequences; 645182 paired-end sequences
[M::process] read 645668 sequences (80000192 bp)...
[M::mem_pestat] # candidate unique pairs for (FF, FR, RF, RR): (0, 242623, 4, 0)
[M::mem_pestat] skip orientation FF as there are not enough pairs
[M::mem_pestat] analyzing insert size distribution for orientation FR...
[M::mem_pestat] (25, 50, 75) percentile: (162, 184, 209)
[M::mem_pestat] low and high boundaries for computing mean and std.dev: (68, 303)
[M::mem_pestat] mean and std.dev: (186.17, 32.53)
[M::mem_pestat] low and high boundaries for proper pairs: (21, 350)
[M::mem_pestat] skip orientation RF as there are not enough pairs
[M::mem_pestat] skip orientation RR as there are not enough pairs
[M::mem_process_seqs] Processed 645182 reads in 849.218 CPU sec, 108.847 real sec
[M::process] 0 single-end sequences; 645668 paired-end sequences
[M::process] read 645764 sequences (80000010 bp)...
[M::mem_pestat] # candidate unique pairs for (FF, FR, RF, RR): (0, 242844, 5, 0)
[M::mem_pestat] skip orientation FF as there are not enough pairs
[M::mem_pestat] analyzing insert size distribution for orientation FR...
[M::mem_pestat] (25, 50, 75) percentile: (162, 184, 208)
[M::mem_pestat] low and high boundaries for computing mean and std.dev: (70, 300)
[M::mem_pestat] mean and std.dev: (186.12, 32.47)
[M::mem_pestat] low and high boundaries for proper pairs: (24, 346)
[M::mem_pestat] skip orientation RF as there are not enough pairs
[M::mem_pestat] skip orientation RR as there are not enough pairs
[M::mem_process_seqs] Processed 645668 reads in 836.529 CPU sec, 107.271 real sec
[M::process] 0 single-end sequences; 645764 paired-end sequences
[M::process] read 645186 sequences (80000053 bp)...
[M::mem_pestat] # candidate unique pairs for (FF, FR, RF, RR): (0, 243081, 5, 0)
[M::mem_pestat] skip orientation FF as there are not enough pairs
[M::mem_pestat] analyzing insert size distribution for orientation FR...
[M::mem_pestat] (25, 50, 75) percentile: (162, 184, 209)
[M::mem_pestat] low and high boundaries for computing mean and std.dev: (68, 303)
[M::mem_pestat] mean and std.dev: (186.45, 32.59)
[M::mem_pestat] low and high boundaries for proper pairs: (21, 350)
[M::mem_pestat] skip orientation RF as there are not enough pairs
[M::mem_pestat] skip orientation RR as there are not enough pairs
[M::mem_process_seqs] Processed 645764 reads in 832.666 CPU sec, 106.756 real sec
[M::process] 0 single-end sequences; 645186 paired-end sequences
[M::process] read 645060 sequences (80000196 bp)...
[M::mem_pestat] # candidate unique pairs for (FF, FR, RF, RR): (0, 242994, 3, 0)
[M::mem_pestat] skip orientation FF as there are not enough pairs
[M::mem_pestat] analyzing insert size distribution for orientation FR...
[M::mem_pestat] (25, 50, 75) percentile: (162, 184, 209)
[M::mem_pestat] low and high boundaries for computing mean and std.dev: (68, 303)
[M::mem_pestat] mean and std.dev: (186.32, 32.51)
[M::mem_pestat] low and high boundaries for proper pairs: (21, 350)
[M::mem_pestat] skip orientation RF as there are not enough pairs
[M::mem_pestat] skip orientation RR as there are not enough pairs
[M::mem_process_seqs] Processed 645186 reads in 815.964 CPU sec, 104.684 real sec
[M::process] 0 single-end sequences; 645060 paired-end sequences
[M::process] read 645072 sequences (80000202 bp)...
[M::mem_pestat] # candidate unique pairs for (FF, FR, RF, RR): (0, 243258, 4, 0)
[M::mem_pestat] skip orientation FF as there are not enough pairs
[M::mem_pestat] analyzing insert size distribution for orientation FR...
[M::mem_pestat] (25, 50, 75) percentile: (162, 184, 208)
[M::mem_pestat] low and high boundaries for computing mean and std.dev: (70, 300)
[M::mem_pestat] mean and std.dev: (186.26, 32.45)
[M::mem_pestat] low and high boundaries for proper pairs: (24, 346)
[M::mem_pestat] skip orientation RF as there are not enough pairs
[M::mem_pestat] skip orientation RR as there are not enough pairs
[M::mem_process_seqs] Processed 645060 reads in 821.277 CPU sec, 105.357 real sec
[M::process] 0 single-end sequences; 645072 paired-end sequences
[M::process] read 645250 sequences (80000200 bp)...
[M::mem_pestat] # candidate unique pairs for (FF, FR, RF, RR): (0, 243368, 1, 0)
[M::mem_pestat] skip orientation FF as there are not enough pairs
[M::mem_pestat] analyzing insert size distribution for orientation FR...
[M::mem_pestat] (25, 50, 75) percentile: (162, 184, 208)
[M::mem_pestat] low and high boundaries for computing mean and std.dev: (70, 300)
[M::mem_pestat] mean and std.dev: (186.18, 32.45)
[M::mem_pestat] low and high boundaries for proper pairs: (24, 346)
[M::mem_pestat] skip orientation RF as there are not enough pairs
[M::mem_pestat] skip orientation RR as there are not enough pairs
[M::mem_process_seqs] Processed 645072 reads in 823.117 CPU sec, 105.575 real sec
[M::process] 0 single-end sequences; 645250 paired-end sequences
[M::process] read 645504 sequences (80000238 bp)...
[M::mem_pestat] # candidate unique pairs for (FF, FR, RF, RR): (0, 243384, 4, 0)
[M::mem_pestat] skip orientation FF as there are not enough pairs
[M::mem_pestat] analyzing insert size distribution for orientation FR...
[M::mem_pestat] (25, 50, 75) percentile: (162, 184, 208)
[M::mem_pestat] low and high boundaries for computing mean and std.dev: (70, 300)
[M::mem_pestat] mean and std.dev: (186.12, 32.45)
[M::mem_pestat] low and high boundaries for proper pairs: (24, 346)
[M::mem_pestat] skip orientation RF as there are not enough pairs
[M::mem_pestat] skip orientation RR as there are not enough pairs
[M::mem_process_seqs] Processed 645250 reads in 829.359 CPU sec, 106.371 real sec
[M::process] 0 single-end sequences; 645504 paired-end sequences
[M::process] read 645932 sequences (80000160 bp)...
[M::mem_pestat] # candidate unique pairs for (FF, FR, RF, RR): (0, 243379, 7, 0)
[M::mem_pestat] skip orientation FF as there are not enough pairs
[M::mem_pestat] analyzing insert size distribution for orientation FR...
[M::mem_pestat] (25, 50, 75) percentile: (162, 184, 208)
[M::mem_pestat] low and high boundaries for computing mean and std.dev: (70, 300)
[M::mem_pestat] mean and std.dev: (186.10, 32.50)
[M::mem_pestat] low and high boundaries for proper pairs: (24, 346)
[M::mem_pestat] skip orientation RF as there are not enough pairs
[M::mem_pestat] skip orientation RR as there are not enough pairs
[M::mem_process_seqs] Processed 645504 reads in 831.063 CPU sec, 106.583 real sec
[M::process] 0 single-end sequences; 645932 paired-end sequences
[M::process] read 645354 sequences (80000038 bp)...
[M::mem_pestat] # candidate unique pairs for (FF, FR, RF, RR): (0, 242727, 3, 0)
[M::mem_pestat] skip orientation FF as there are not enough pairs
[M::mem_pestat] analyzing insert size distribution for orientation FR...
[M::mem_pestat] (25, 50, 75) percentile: (162, 184, 209)
[M::mem_pestat] low and high boundaries for computing mean and std.dev: (68, 303)
[M::mem_pestat] mean and std.dev: (186.44, 32.49)
[M::mem_pestat] low and high boundaries for proper pairs: (21, 350)
[M::mem_pestat] skip orientation RF as there are not enough pairs
[M::mem_pestat] skip orientation RR as there are not enough pairs
[M::mem_process_seqs] Processed 645932 reads in 843.863 CPU sec, 108.168 real sec
[M::process] 0 single-end sequences; 645354 paired-end sequences
[M::process] read 645146 sequences (80000124 bp)...
[M::mem_pestat] # candidate unique pairs for (FF, FR, RF, RR): (0, 243200, 7, 0)
[M::mem_pestat] skip orientation FF as there are not enough pairs
[M::mem_pestat] analyzing insert size distribution for orientation FR...
[M::mem_pestat] (25, 50, 75) percentile: (162, 184, 209)
[M::mem_pestat] low and high boundaries for computing mean and std.dev: (68, 303)
[M::mem_pestat] mean and std.dev: (186.28, 32.49)
[M::mem_pestat] low and high boundaries for proper pairs: (21, 350)
[M::mem_pestat] skip orientation RF as there are not enough pairs
[M::mem_pestat] skip orientation RR as there are not enough pairs
[M::mem_process_seqs] Processed 645354 reads in 821.248 CPU sec, 105.341 real sec
[M::process] 0 single-end sequences; 645146 paired-end sequences
[M::process] read 645060 sequences (80000071 bp)...
[M::mem_pestat] # candidate unique pairs for (FF, FR, RF, RR): (0, 243455, 6, 0)
[M::mem_pestat] skip orientation FF as there are not enough pairs
[M::mem_pestat] analyzing insert size distribution for orientation FR...
[M::mem_pestat] (25, 50, 75) percentile: (162, 184, 209)
[M::mem_pestat] low and high boundaries for computing mean and std.dev: (68, 303)
[M::mem_pestat] mean and std.dev: (186.42, 32.49)
[M::mem_pestat] low and high boundaries for proper pairs: (21, 350)
[M::mem_pestat] skip orientation RF as there are not enough pairs
[M::mem_pestat] skip orientation RR as there are not enough pairs
[M::mem_process_seqs] Processed 645146 reads in 817.836 CPU sec, 104.912 real sec
[M::process] 0 single-end sequences; 645060 paired-end sequences
[M::process] read 645154 sequences (80000140 bp)...
[M::mem_pestat] # candidate unique pairs for (FF, FR, RF, RR): (0, 242693, 3, 0)
[M::mem_pestat] skip orientation FF as there are not enough pairs
[M::mem_pestat] analyzing insert size distribution for orientation FR...
[M::mem_pestat] (25, 50, 75) percentile: (162, 184, 209)
[M::mem_pestat] low and high boundaries for computing mean and std.dev: (68, 303)
[M::mem_pestat] mean and std.dev: (186.23, 32.52)
[M::mem_pestat] low and high boundaries for proper pairs: (21, 350)
[M::mem_pestat] skip orientation RF as there are not enough pairs
[M::mem_pestat] skip orientation RR as there are not enough pairs
[M::mem_process_seqs] Processed 645060 reads in 826.365 CPU sec, 105.985 real sec
[M::process] 0 single-end sequences; 645154 paired-end sequences
[M::process] read 646632 sequences (80000108 bp)...
[M::mem_pestat] # candidate unique pairs for (FF, FR, RF, RR): (0, 243498, 5, 0)
[M::mem_pestat] skip orientation FF as there are not enough pairs
[M::mem_pestat] analyzing insert size distribution for orientation FR...
[M::mem_pestat] (25, 50, 75) percentile: (162, 184, 208)
[M::mem_pestat] low and high boundaries for computing mean and std.dev: (70, 300)
[M::mem_pestat] mean and std.dev: (186.15, 32.49)
[M::mem_pestat] low and high boundaries for proper pairs: (24, 346)
[M::mem_pestat] skip orientation RF as there are not enough pairs
[M::mem_pestat] skip orientation RR as there are not enough pairs
[M::mem_process_seqs] Processed 645154 reads in 828.082 CPU sec, 106.225 real sec
[M::process] 0 single-end sequences; 646632 paired-end sequences
[M::process] read 647840 sequences (80000078 bp)...
[M::mem_pestat] # candidate unique pairs for (FF, FR, RF, RR): (0, 243728, 3, 0)
[M::mem_pestat] skip orientation FF as there are not enough pairs
[M::mem_pestat] analyzing insert size distribution for orientation FR...
[M::mem_pestat] (25, 50, 75) percentile: (162, 184, 208)
[M::mem_pestat] low and high boundaries for computing mean and std.dev: (70, 300)
[M::mem_pestat] mean and std.dev: (186.18, 32.47)
[M::mem_pestat] low and high boundaries for proper pairs: (24, 346)
[M::mem_pestat] skip orientation RF as there are not enough pairs
[M::mem_pestat] skip orientation RR as there are not enough pairs
[M::mem_process_seqs] Processed 646632 reads in 825.874 CPU sec, 105.917 real sec
[M::process] 0 single-end sequences; 647840 paired-end sequences
[M::process] read 647186 sequences (80000127 bp)...
[M::mem_pestat] # candidate unique pairs for (FF, FR, RF, RR): (0, 243476, 4, 0)
[M::mem_pestat] skip orientation FF as there are not enough pairs
[M::mem_pestat] analyzing insert size distribution for orientation FR...
[M::mem_pestat] (25, 50, 75) percentile: (162, 184, 209)
[M::mem_pestat] low and high boundaries for computing mean and std.dev: (68, 303)
[M::mem_pestat] mean and std.dev: (186.38, 32.52)
[M::mem_pestat] low and high boundaries for proper pairs: (21, 350)
[M::mem_pestat] skip orientation RF as there are not enough pairs
[M::mem_pestat] skip orientation RR as there are not enough pairs
[M::mem_process_seqs] Processed 647840 reads in 827.555 CPU sec, 106.136 real sec
[M::process] 0 single-end sequences; 647186 paired-end sequences
[M::process] read 646406 sequences (80000056 bp)...
[M::mem_pestat] # candidate unique pairs for (FF, FR, RF, RR): (0, 243744, 4, 0)
[M::mem_pestat] skip orientation FF as there are not enough pairs
[M::mem_pestat] analyzing insert size distribution for orientation FR...
[M::mem_pestat] (25, 50, 75) percentile: (162, 184, 209)
[M::mem_pestat] low and high boundaries for computing mean and std.dev: (68, 303)
[M::mem_pestat] mean and std.dev: (186.44, 32.55)
[M::mem_pestat] low and high boundaries for proper pairs: (21, 350)
[M::mem_pestat] skip orientation RF as there are not enough pairs
[M::mem_pestat] skip orientation RR as there are not enough pairs
[M::mem_process_seqs] Processed 647186 reads in 815.732 CPU sec, 104.666 real sec
[M::process] 0 single-end sequences; 646406 paired-end sequences
[M::process] read 645548 sequences (80000228 bp)...
[M::mem_pestat] # candidate unique pairs for (FF, FR, RF, RR): (0, 243882, 5, 0)
[M::mem_pestat] skip orientation FF as there are not enough pairs
[M::mem_pestat] analyzing insert size distribution for orientation FR...
[M::mem_pestat] (25, 50, 75) percentile: (162, 184, 209)
[M::mem_pestat] low and high boundaries for computing mean and std.dev: (68, 303)
[M::mem_pestat] mean and std.dev: (186.23, 32.51)
[M::mem_pestat] low and high boundaries for proper pairs: (21, 350)
[M::mem_pestat] skip orientation RF as there are not enough pairs
[M::mem_pestat] skip orientation RR as there are not enough pairs
[M::mem_process_seqs] Processed 646406 reads in 808.729 CPU sec, 103.799 real sec
[M::process] 0 single-end sequences; 645548 paired-end sequences
[M::process] read 645534 sequences (80000050 bp)...
[M::mem_pestat] # candidate unique pairs for (FF, FR, RF, RR): (0, 243116, 4, 0)
[M::mem_pestat] skip orientation FF as there are not enough pairs
[M::mem_pestat] analyzing insert size distribution for orientation FR...
[M::mem_pestat] (25, 50, 75) percentile: (162, 184, 208)
[M::mem_pestat] low and high boundaries for computing mean and std.dev: (70, 300)
[M::mem_pestat] mean and std.dev: (186.09, 32.51)
[M::mem_pestat] low and high boundaries for proper pairs: (24, 346)
[M::mem_pestat] skip orientation RF as there are not enough pairs
[M::mem_pestat] skip orientation RR as there are not enough pairs
[M::mem_process_seqs] Processed 645548 reads in 822.933 CPU sec, 105.565 real sec
[M::process] 0 single-end sequences; 645534 paired-end sequences
[M::process] read 647208 sequences (80000194 bp)...
[M::mem_pestat] # candidate unique pairs for (FF, FR, RF, RR): (0, 243091, 5, 0)
[M::mem_pestat] skip orientation FF as there are not enough pairs
[M::mem_pestat] analyzing insert size distribution for orientation FR...
[M::mem_pestat] (25, 50, 75) percentile: (162, 184, 209)
[M::mem_pestat] low and high boundaries for computing mean and std.dev: (68, 303)
[M::mem_pestat] mean and std.dev: (186.19, 32.52)
[M::mem_pestat] low and high boundaries for proper pairs: (21, 350)
[M::mem_pestat] skip orientation RF as there are not enough pairs
[M::mem_pestat] skip orientation RR as there are not enough pairs
[M::mem_process_seqs] Processed 645534 reads in 822.986 CPU sec, 105.596 real sec
[M::process] 0 single-end sequences; 647208 paired-end sequences
[M::process] read 648196 sequences (80000230 bp)...
[M::mem_pestat] # candidate unique pairs for (FF, FR, RF, RR): (0, 243268, 4, 0)
[M::mem_pestat] skip orientation FF as there are not enough pairs
[M::mem_pestat] analyzing insert size distribution for orientation FR...
[M::mem_pestat] (25, 50, 75) percentile: (162, 184, 209)
[M::mem_pestat] low and high boundaries for computing mean and std.dev: (68, 303)
[M::mem_pestat] mean and std.dev: (186.31, 32.52)
[M::mem_pestat] low and high boundaries for proper pairs: (21, 350)
[M::mem_pestat] skip orientation RF as there are not enough pairs
[M::mem_pestat] skip orientation RR as there are not enough pairs
[M::mem_process_seqs] Processed 647208 reads in 831.336 CPU sec, 106.608 real sec
[M::process] 0 single-end sequences; 648196 paired-end sequences
[M::process] read 647498 sequences (80000126 bp)...
[M::mem_pestat] # candidate unique pairs for (FF, FR, RF, RR): (0, 244186, 5, 0)
[M::mem_pestat] skip orientation FF as there are not enough pairs
[M::mem_pestat] analyzing insert size distribution for orientation FR...
[M::mem_pestat] (25, 50, 75) percentile: (162, 184, 209)
[M::mem_pestat] low and high boundaries for computing mean and std.dev: (68, 303)
[M::mem_pestat] mean and std.dev: (186.34, 32.50)
[M::mem_pestat] low and high boundaries for proper pairs: (21, 350)
[M::mem_pestat] skip orientation RF as there are not enough pairs
[M::mem_pestat] skip orientation RR as there are not enough pairs
[M::mem_process_seqs] Processed 648196 reads in 816.677 CPU sec, 104.783 real sec
[M::process] 0 single-end sequences; 647498 paired-end sequences
[M::process] read 646638 sequences (80000144 bp)...
[M::mem_pestat] # candidate unique pairs for (FF, FR, RF, RR): (0, 244491, 4, 0)
[M::mem_pestat] skip orientation FF as there are not enough pairs
[M::mem_pestat] analyzing insert size distribution for orientation FR...
[M::mem_pestat] (25, 50, 75) percentile: (162, 184, 209)
[M::mem_pestat] low and high boundaries for computing mean and std.dev: (68, 303)
[M::mem_pestat] mean and std.dev: (186.34, 32.46)
[M::mem_pestat] low and high boundaries for proper pairs: (21, 350)
[M::mem_pestat] skip orientation RF as there are not enough pairs
[M::mem_pestat] skip orientation RR as there are not enough pairs
[M::mem_process_seqs] Processed 647498 reads in 814.709 CPU sec, 104.548 real sec
[M::process] 0 single-end sequences; 646638 paired-end sequences
[M::process] read 645864 sequences (80000131 bp)...
[M::mem_pestat] # candidate unique pairs for (FF, FR, RF, RR): (0, 244440, 3, 0)
[M::mem_pestat] skip orientation FF as there are not enough pairs
[M::mem_pestat] analyzing insert size distribution for orientation FR...
[M::mem_pestat] (25, 50, 75) percentile: (162, 184, 209)
[M::mem_pestat] low and high boundaries for computing mean and std.dev: (68, 303)
[M::mem_pestat] mean and std.dev: (186.29, 32.55)
[M::mem_pestat] low and high boundaries for proper pairs: (21, 350)
[M::mem_pestat] skip orientation RF as there are not enough pairs
[M::mem_pestat] skip orientation RR as there are not enough pairs
[M::mem_process_seqs] Processed 646638 reads in 803.410 CPU sec, 103.132 real sec
[M::process] 0 single-end sequences; 645864 paired-end sequences
[M::process] read 645654 sequences (80000095 bp)...
[M::mem_pestat] # candidate unique pairs for (FF, FR, RF, RR): (0, 243621, 4, 0)
[M::mem_pestat] skip orientation FF as there are not enough pairs
[M::mem_pestat] analyzing insert size distribution for orientation FR...
[M::mem_pestat] (25, 50, 75) percentile: (162, 184, 208)
[M::mem_pestat] low and high boundaries for computing mean and std.dev: (70, 300)
[M::mem_pestat] mean and std.dev: (186.07, 32.47)
[M::mem_pestat] low and high boundaries for proper pairs: (24, 346)
[M::mem_pestat] skip orientation RF as there are not enough pairs
[M::mem_pestat] skip orientation RR as there are not enough pairs
[M::mem_process_seqs] Processed 645864 reads in 815.010 CPU sec, 104.574 real sec
[M::process] 0 single-end sequences; 645654 paired-end sequences
[M::process] read 648332 sequences (80000025 bp)...
[M::mem_pestat] # candidate unique pairs for (FF, FR, RF, RR): (0, 243180, 3, 0)
[M::mem_pestat] skip orientation FF as there are not enough pairs
[M::mem_pestat] analyzing insert size distribution for orientation FR...
[M::mem_pestat] (25, 50, 75) percentile: (162, 184, 208)
[M::mem_pestat] low and high boundaries for computing mean and std.dev: (70, 300)
[M::mem_pestat] mean and std.dev: (186.00, 32.37)
[M::mem_pestat] low and high boundaries for proper pairs: (24, 346)
[M::mem_pestat] skip orientation RF as there are not enough pairs
[M::mem_pestat] skip orientation RR as there are not enough pairs
[M::mem_process_seqs] Processed 645654 reads in 820.568 CPU sec, 105.276 real sec
[M::process] 0 single-end sequences; 648332 paired-end sequences
[M::process] read 648400 sequences (80000077 bp)...
[M::mem_pestat] # candidate unique pairs for (FF, FR, RF, RR): (0, 243824, 9, 0)
[M::mem_pestat] skip orientation FF as there are not enough pairs
[M::mem_pestat] analyzing insert size distribution for orientation FR...
[M::mem_pestat] (25, 50, 75) percentile: (162, 184, 209)
[M::mem_pestat] low and high boundaries for computing mean and std.dev: (68, 303)
[M::mem_pestat] mean and std.dev: (186.36, 32.50)
[M::mem_pestat] low and high boundaries for proper pairs: (21, 350)
[M::mem_pestat] skip orientation RF as there are not enough pairs
[M::mem_pestat] skip orientation RR as there are not enough pairs
[M::mem_process_seqs] Processed 648332 reads in 842.882 CPU sec, 108.050 real sec
[M::process] 0 single-end sequences; 648400 paired-end sequences
[M::process] read 647722 sequences (80000160 bp)...
[M::mem_pestat] # candidate unique pairs for (FF, FR, RF, RR): (0, 243480, 5, 0)
[M::mem_pestat] skip orientation FF as there are not enough pairs
[M::mem_pestat] analyzing insert size distribution for orientation FR...
[M::mem_pestat] (25, 50, 75) percentile: (162, 184, 209)
[M::mem_pestat] low and high boundaries for computing mean and std.dev: (68, 303)
[M::mem_pestat] mean and std.dev: (186.41, 32.48)
[M::mem_pestat] low and high boundaries for proper pairs: (21, 350)
[M::mem_pestat] skip orientation RF as there are not enough pairs
[M::mem_pestat] skip orientation RR as there are not enough pairs
[M::mem_process_seqs] Processed 648400 reads in 826.753 CPU sec, 106.060 real sec
[M::process] 0 single-end sequences; 647722 paired-end sequences
[M::process] read 646780 sequences (80000131 bp)...
[M::mem_pestat] # candidate unique pairs for (FF, FR, RF, RR): (0, 244816, 10, 0)
[M::mem_pestat] skip orientation FF as there are not enough pairs
[M::mem_pestat] analyzing insert size distribution for orientation FR...
[M::mem_pestat] (25, 50, 75) percentile: (162, 184, 209)
[M::mem_pestat] low and high boundaries for computing mean and std.dev: (68, 303)
[M::mem_pestat] mean and std.dev: (186.31, 32.58)
[M::mem_pestat] low and high boundaries for proper pairs: (21, 350)
[M::mem_pestat] analyzing insert size distribution for orientation RF...
[M::mem_pestat] (25, 50, 75) percentile: (158, 182, 2126)
[M::mem_pestat] low and high boundaries for computing mean and std.dev: (1, 6062)
[M::mem_pestat] mean and std.dev: (1162.50, 1648.28)
[M::mem_pestat] low and high boundaries for proper pairs: (1, 8030)
[M::mem_pestat] skip orientation RR as there are not enough pairs
[M::mem_pestat] skip orientation RF
[M::mem_process_seqs] Processed 647722 reads in 812.148 CPU sec, 104.247 real sec
[M::process] 0 single-end sequences; 646780 paired-end sequences
[M::process] read 646382 sequences (80000117 bp)...
[M::mem_pestat] # candidate unique pairs for (FF, FR, RF, RR): (0, 244169, 3, 0)
[M::mem_pestat] skip orientation FF as there are not enough pairs
[M::mem_pestat] analyzing insert size distribution for orientation FR...
[M::mem_pestat] (25, 50, 75) percentile: (162, 184, 209)
[M::mem_pestat] low and high boundaries for computing mean and std.dev: (68, 303)
[M::mem_pestat] mean and std.dev: (186.30, 32.47)
[M::mem_pestat] low and high boundaries for proper pairs: (21, 350)
[M::mem_pestat] skip orientation RF as there are not enough pairs
[M::mem_pestat] skip orientation RR as there are not enough pairs
[M::mem_process_seqs] Processed 646780 reads in 810.419 CPU sec, 104.016 real sec
[M::process] 0 single-end sequences; 646382 paired-end sequences
[M::process] read 645818 sequences (80000101 bp)...
[M::mem_pestat] # candidate unique pairs for (FF, FR, RF, RR): (0, 243585, 6, 0)
[M::mem_pestat] skip orientation FF as there are not enough pairs
[M::mem_pestat] analyzing insert size distribution for orientation FR...
[M::mem_pestat] (25, 50, 75) percentile: (162, 184, 208)
[M::mem_pestat] low and high boundaries for computing mean and std.dev: (70, 300)
[M::mem_pestat] mean and std.dev: (186.17, 32.46)
[M::mem_pestat] low and high boundaries for proper pairs: (24, 346)
[M::mem_pestat] skip orientation RF as there are not enough pairs
[M::mem_pestat] skip orientation RR as there are not enough pairs
[M::mem_process_seqs] Processed 646382 reads in 821.596 CPU sec, 105.420 real sec
[M::process] 0 single-end sequences; 645818 paired-end sequences
[M::process] read 648474 sequences (80000136 bp)...
[M::mem_pestat] # candidate unique pairs for (FF, FR, RF, RR): (0, 242701, 2, 0)
[M::mem_pestat] skip orientation FF as there are not enough pairs
[M::mem_pestat] analyzing insert size distribution for orientation FR...
[M::mem_pestat] (25, 50, 75) percentile: (162, 184, 208)
[M::mem_pestat] low and high boundaries for computing mean and std.dev: (70, 300)
[M::mem_pestat] mean and std.dev: (186.04, 32.37)
[M::mem_pestat] low and high boundaries for proper pairs: (24, 346)
[M::mem_pestat] skip orientation RF as there are not enough pairs
[M::mem_pestat] skip orientation RR as there are not enough pairs
[M::mem_process_seqs] Processed 645818 reads in 828.260 CPU sec, 106.228 real sec
[M::process] 0 single-end sequences; 648474 paired-end sequences
[M::process] read 647680 sequences (80000073 bp)...
[M::mem_pestat] # candidate unique pairs for (FF, FR, RF, RR): (0, 243066, 3, 0)
[M::mem_pestat] skip orientation FF as there are not enough pairs
[M::mem_pestat] analyzing insert size distribution for orientation FR...
[M::mem_pestat] (25, 50, 75) percentile: (162, 184, 209)
[M::mem_pestat] low and high boundaries for computing mean and std.dev: (68, 303)
[M::mem_pestat] mean and std.dev: (186.38, 32.42)
[M::mem_pestat] low and high boundaries for proper pairs: (21, 350)
[M::mem_pestat] skip orientation RF as there are not enough pairs
[M::mem_pestat] skip orientation RR as there are not enough pairs
[M::mem_process_seqs] Processed 648474 reads in 882.790 CPU sec, 113.060 real sec
[M::process] 0 single-end sequences; 647680 paired-end sequences
[M::process] read 647098 sequences (80000065 bp)...
[M::mem_pestat] # candidate unique pairs for (FF, FR, RF, RR): (0, 243468, 6, 0)
[M::mem_pestat] skip orientation FF as there are not enough pairs
[M::mem_pestat] analyzing insert size distribution for orientation FR...
[M::mem_pestat] (25, 50, 75) percentile: (162, 184, 209)
[M::mem_pestat] low and high boundaries for computing mean and std.dev: (68, 303)
[M::mem_pestat] mean and std.dev: (186.46, 32.53)
[M::mem_pestat] low and high boundaries for proper pairs: (21, 350)
[M::mem_pestat] skip orientation RF as there are not enough pairs
[M::mem_pestat] skip orientation RR as there are not enough pairs
[M::mem_process_seqs] Processed 647680 reads in 849.873 CPU sec, 108.965 real sec
[M::process] 0 single-end sequences; 647098 paired-end sequences
[M::process] read 646154 sequences (80000225 bp)...
[M::mem_pestat] # candidate unique pairs for (FF, FR, RF, RR): (0, 243601, 5, 0)
[M::mem_pestat] skip orientation FF as there are not enough pairs
[M::mem_pestat] analyzing insert size distribution for orientation FR...
[M::mem_pestat] (25, 50, 75) percentile: (162, 184, 209)
[M::mem_pestat] low and high boundaries for computing mean and std.dev: (68, 303)
[M::mem_pestat] mean and std.dev: (186.33, 32.56)
[M::mem_pestat] low and high boundaries for proper pairs: (21, 350)
[M::mem_pestat] skip orientation RF as there are not enough pairs
[M::mem_pestat] skip orientation RR as there are not enough pairs
[M::mem_process_seqs] Processed 647098 reads in 831.035 CPU sec, 106.841 real sec
[M::process] 0 single-end sequences; 646154 paired-end sequences
[M::process] read 645816 sequences (80000007 bp)...
[M::mem_pestat] # candidate unique pairs for (FF, FR, RF, RR): (0, 243219, 3, 0)
[M::mem_pestat] skip orientation FF as there are not enough pairs
[M::mem_pestat] analyzing insert size distribution for orientation FR...
[M::mem_pestat] (25, 50, 75) percentile: (162, 184, 208)
[M::mem_pestat] low and high boundaries for computing mean and std.dev: (70, 300)
[M::mem_pestat] mean and std.dev: (186.22, 32.45)
[M::mem_pestat] low and high boundaries for proper pairs: (24, 346)
[M::mem_pestat] skip orientation RF as there are not enough pairs
[M::mem_pestat] skip orientation RR as there are not enough pairs
[M::mem_process_seqs] Processed 646154 reads in 910.369 CPU sec, 116.494 real sec
[M::process] 0 single-end sequences; 645816 paired-end sequences
[M::process] read 647224 sequences (80000165 bp)...
[M::mem_pestat] # candidate unique pairs for (FF, FR, RF, RR): (0, 243432, 1, 0)
[M::mem_pestat] skip orientation FF as there are not enough pairs
[M::mem_pestat] analyzing insert size distribution for orientation FR...
[M::mem_pestat] (25, 50, 75) percentile: (162, 184, 208)
[M::mem_pestat] low and high boundaries for computing mean and std.dev: (70, 300)
[M::mem_pestat] mean and std.dev: (186.09, 32.44)
[M::mem_pestat] low and high boundaries for proper pairs: (24, 346)
[M::mem_pestat] skip orientation RF as there are not enough pairs
[M::mem_pestat] skip orientation RR as there are not enough pairs
[M::mem_process_seqs] Processed 645816 reads in 833.118 CPU sec, 106.858 real sec
[M::process] 0 single-end sequences; 647224 paired-end sequences
[M::process] read 648870 sequences (80000210 bp)...
[M::mem_pestat] # candidate unique pairs for (FF, FR, RF, RR): (0, 243557, 5, 0)
[M::mem_pestat] skip orientation FF as there are not enough pairs
[M::mem_pestat] analyzing insert size distribution for orientation FR...
[M::mem_pestat] (25, 50, 75) percentile: (162, 184, 208)
[M::mem_pestat] low and high boundaries for computing mean and std.dev: (70, 300)
[M::mem_pestat] mean and std.dev: (186.01, 32.38)
[M::mem_pestat] low and high boundaries for proper pairs: (24, 346)
[M::mem_pestat] skip orientation RF as there are not enough pairs
[M::mem_pestat] skip orientation RR as there are not enough pairs
[M::mem_process_seqs] Processed 647224 reads in 837.401 CPU sec, 107.372 real sec
[M::process] 0 single-end sequences; 648870 paired-end sequences
[M::process] read 647928 sequences (80000188 bp)...
[M::mem_pestat] # candidate unique pairs for (FF, FR, RF, RR): (0, 244273, 2, 0)
[M::mem_pestat] skip orientation FF as there are not enough pairs
[M::mem_pestat] analyzing insert size distribution for orientation FR...
[M::mem_pestat] (25, 50, 75) percentile: (162, 184, 209)
[M::mem_pestat] low and high boundaries for computing mean and std.dev: (68, 303)
[M::mem_pestat] mean and std.dev: (186.43, 32.50)
[M::mem_pestat] low and high boundaries for proper pairs: (21, 350)
[M::mem_pestat] skip orientation RF as there are not enough pairs
[M::mem_pestat] skip orientation RR as there are not enough pairs
[M::mem_process_seqs] Processed 648870 reads in 840.499 CPU sec, 107.748 real sec
[M::process] 0 single-end sequences; 647928 paired-end sequences
[M::process] read 646990 sequences (80000201 bp)...
[M::mem_pestat] # candidate unique pairs for (FF, FR, RF, RR): (0, 244323, 4, 0)
[M::mem_pestat] skip orientation FF as there are not enough pairs
[M::mem_pestat] analyzing insert size distribution for orientation FR...
[M::mem_pestat] (25, 50, 75) percentile: (162, 184, 209)
[M::mem_pestat] low and high boundaries for computing mean and std.dev: (68, 303)
[M::mem_pestat] mean and std.dev: (186.40, 32.53)
[M::mem_pestat] low and high boundaries for proper pairs: (21, 350)
[M::mem_pestat] skip orientation RF as there are not enough pairs
[M::mem_pestat] skip orientation RR as there are not enough pairs
[M::mem_process_seqs] Processed 647928 reads in 820.292 CPU sec, 105.244 real sec
[M::process] 0 single-end sequences; 646990 paired-end sequences
[M::process] read 646188 sequences (80000001 bp)...
[M::mem_pestat] # candidate unique pairs for (FF, FR, RF, RR): (0, 243890, 8, 0)
[M::mem_pestat] skip orientation FF as there are not enough pairs
[M::mem_pestat] analyzing insert size distribution for orientation FR...
[M::mem_pestat] (25, 50, 75) percentile: (162, 184, 208)
[M::mem_pestat] low and high boundaries for computing mean and std.dev: (70, 300)
[M::mem_pestat] mean and std.dev: (186.27, 32.44)
[M::mem_pestat] low and high boundaries for proper pairs: (24, 346)
[M::mem_pestat] skip orientation RF as there are not enough pairs
[M::mem_pestat] skip orientation RR as there are not enough pairs
[M::mem_process_seqs] Processed 646990 reads in 826.287 CPU sec, 105.981 real sec
[M::process] 0 single-end sequences; 646188 paired-end sequences
[M::process] read 645806 sequences (80000001 bp)...
[M::mem_pestat] # candidate unique pairs for (FF, FR, RF, RR): (0, 243725, 5, 0)
[M::mem_pestat] skip orientation FF as there are not enough pairs
[M::mem_pestat] analyzing insert size distribution for orientation FR...
[M::mem_pestat] (25, 50, 75) percentile: (162, 184, 209)
[M::mem_pestat] low and high boundaries for computing mean and std.dev: (68, 303)
[M::mem_pestat] mean and std.dev: (186.20, 32.52)
[M::mem_pestat] low and high boundaries for proper pairs: (21, 350)
[M::mem_pestat] skip orientation RF as there are not enough pairs
[M::mem_pestat] skip orientation RR as there are not enough pairs
[M::mem_process_seqs] Processed 646188 reads in 846.845 CPU sec, 108.578 real sec
[M::process] 0 single-end sequences; 645806 paired-end sequences
[M::process] read 648772 sequences (80000201 bp)...
[M::mem_pestat] # candidate unique pairs for (FF, FR, RF, RR): (0, 243257, 1, 0)
[M::mem_pestat] skip orientation FF as there are not enough pairs
[M::mem_pestat] analyzing insert size distribution for orientation FR...
[M::mem_pestat] (25, 50, 75) percentile: (162, 184, 209)
[M::mem_pestat] low and high boundaries for computing mean and std.dev: (68, 303)
[M::mem_pestat] mean and std.dev: (186.18, 32.41)
[M::mem_pestat] low and high boundaries for proper pairs: (21, 350)
[M::mem_pestat] skip orientation RF as there are not enough pairs
[M::mem_pestat] skip orientation RR as there are not enough pairs
[M::mem_process_seqs] Processed 645806 reads in 862.364 CPU sec, 110.501 real sec
[M::process] 0 single-end sequences; 648772 paired-end sequences
[M::process] read 648786 sequences (80000002 bp)...
[M::mem_pestat] # candidate unique pairs for (FF, FR, RF, RR): (0, 243942, 6, 0)
[M::mem_pestat] skip orientation FF as there are not enough pairs
[M::mem_pestat] analyzing insert size distribution for orientation FR...
[M::mem_pestat] (25, 50, 75) percentile: (162, 184, 209)
[M::mem_pestat] low and high boundaries for computing mean and std.dev: (68, 303)
[M::mem_pestat] mean and std.dev: (186.23, 32.49)
[M::mem_pestat] low and high boundaries for proper pairs: (21, 350)
[M::mem_pestat] skip orientation RF as there are not enough pairs
[M::mem_pestat] skip orientation RR as there are not enough pairs
[M::mem_process_seqs] Processed 648772 reads in 847.188 CPU sec, 108.595 real sec
[M::process] 0 single-end sequences; 648786 paired-end sequences
[M::process] read 648002 sequences (80000146 bp)...
[M::mem_pestat] # candidate unique pairs for (FF, FR, RF, RR): (0, 244090, 4, 0)
[M::mem_pestat] skip orientation FF as there are not enough pairs
[M::mem_pestat] analyzing insert size distribution for orientation FR...
[M::mem_pestat] (25, 50, 75) percentile: (162, 184, 209)
[M::mem_pestat] low and high boundaries for computing mean and std.dev: (68, 303)
[M::mem_pestat] mean and std.dev: (186.52, 32.53)
[M::mem_pestat] low and high boundaries for proper pairs: (21, 350)
[M::mem_pestat] skip orientation RF as there are not enough pairs
[M::mem_pestat] skip orientation RR as there are not enough pairs
[M::mem_process_seqs] Processed 648786 reads in 840.475 CPU sec, 107.765 real sec
[M::process] 0 single-end sequences; 648002 paired-end sequences
[M::process] read 647002 sequences (80000091 bp)...
[M::mem_pestat] # candidate unique pairs for (FF, FR, RF, RR): (0, 244132, 7, 0)
[M::mem_pestat] skip orientation FF as there are not enough pairs
[M::mem_pestat] analyzing insert size distribution for orientation FR...
[M::mem_pestat] (25, 50, 75) percentile: (162, 184, 208)
[M::mem_pestat] low and high boundaries for computing mean and std.dev: (70, 300)
[M::mem_pestat] mean and std.dev: (186.19, 32.40)
[M::mem_pestat] low and high boundaries for proper pairs: (24, 346)
[M::mem_pestat] skip orientation RF as there are not enough pairs
[M::mem_pestat] skip orientation RR as there are not enough pairs
[M::mem_process_seqs] Processed 648002 reads in 827.929 CPU sec, 106.205 real sec
[M::process] 0 single-end sequences; 647002 paired-end sequences
[M::process] read 646724 sequences (80000151 bp)...
[M::mem_pestat] # candidate unique pairs for (FF, FR, RF, RR): (0, 243960, 3, 0)
[M::mem_pestat] skip orientation FF as there are not enough pairs
[M::mem_pestat] analyzing insert size distribution for orientation FR...
[M::mem_pestat] (25, 50, 75) percentile: (162, 184, 208)
[M::mem_pestat] low and high boundaries for computing mean and std.dev: (70, 300)
[M::mem_pestat] mean and std.dev: (186.21, 32.46)
[M::mem_pestat] low and high boundaries for proper pairs: (24, 346)
[M::mem_pestat] skip orientation RF as there are not enough pairs
[M::mem_pestat] skip orientation RR as there are not enough pairs
[M::mem_process_seqs] Processed 647002 reads in 818.932 CPU sec, 105.069 real sec
[M::process] 0 single-end sequences; 646724 paired-end sequences
[M::process] read 646712 sequences (80000052 bp)...
[M::mem_pestat] # candidate unique pairs for (FF, FR, RF, RR): (0, 243614, 8, 0)
[M::mem_pestat] skip orientation FF as there are not enough pairs
[M::mem_pestat] analyzing insert size distribution for orientation FR...
[M::mem_pestat] (25, 50, 75) percentile: (162, 184, 208)
[M::mem_pestat] low and high boundaries for computing mean and std.dev: (70, 300)
[M::mem_pestat] mean and std.dev: (186.23, 32.45)
[M::mem_pestat] low and high boundaries for proper pairs: (24, 346)
[M::mem_pestat] skip orientation RF as there are not enough pairs
[M::mem_pestat] skip orientation RR as there are not enough pairs
[M::mem_process_seqs] Processed 646724 reads in 862.736 CPU sec, 110.568 real sec
[M::process] 0 single-end sequences; 646712 paired-end sequences
[M::process] read 647998 sequences (80000124 bp)...
[M::mem_pestat] # candidate unique pairs for (FF, FR, RF, RR): (0, 243550, 4, 0)
[M::mem_pestat] skip orientation FF as there are not enough pairs
[M::mem_pestat] analyzing insert size distribution for orientation FR...
[M::mem_pestat] (25, 50, 75) percentile: (162, 184, 208)
[M::mem_pestat] low and high boundaries for computing mean and std.dev: (70, 300)
[M::mem_pestat] mean and std.dev: (186.04, 32.51)
[M::mem_pestat] low and high boundaries for proper pairs: (24, 346)
[M::mem_pestat] skip orientation RF as there are not enough pairs
[M::mem_pestat] skip orientation RR as there are not enough pairs
[M::mem_process_seqs] Processed 646712 reads in 851.645 CPU sec, 109.156 real sec
[M::process] 0 single-end sequences; 647998 paired-end sequences
[M::process] read 647098 sequences (80000187 bp)...
[M::mem_pestat] # candidate unique pairs for (FF, FR, RF, RR): (0, 243729, 4, 0)
[M::mem_pestat] skip orientation FF as there are not enough pairs
[M::mem_pestat] analyzing insert size distribution for orientation FR...
[M::mem_pestat] (25, 50, 75) percentile: (162, 184, 209)
[M::mem_pestat] low and high boundaries for computing mean and std.dev: (68, 303)
[M::mem_pestat] mean and std.dev: (186.49, 32.51)
[M::mem_pestat] low and high boundaries for proper pairs: (21, 350)
[M::mem_pestat] skip orientation RF as there are not enough pairs
[M::mem_pestat] skip orientation RR as there are not enough pairs
[M::mem_process_seqs] Processed 647998 reads in 837.276 CPU sec, 107.356 real sec
[M::process] 0 single-end sequences; 647098 paired-end sequences
[M::process] read 647062 sequences (80000005 bp)...
[M::mem_pestat] # candidate unique pairs for (FF, FR, RF, RR): (0, 243792, 7, 0)
[M::mem_pestat] skip orientation FF as there are not enough pairs
[M::mem_pestat] analyzing insert size distribution for orientation FR...
[M::mem_pestat] (25, 50, 75) percentile: (162, 184, 209)
[M::mem_pestat] low and high boundaries for computing mean and std.dev: (68, 303)
[M::mem_pestat] mean and std.dev: (186.44, 32.45)
[M::mem_pestat] low and high boundaries for proper pairs: (21, 350)
[M::mem_pestat] skip orientation RF as there are not enough pairs
[M::mem_pestat] skip orientation RR as there are not enough pairs
[M::mem_process_seqs] Processed 647098 reads in 816.492 CPU sec, 104.776 real sec
[M::process] 0 single-end sequences; 647062 paired-end sequences
[M::process] read 646346 sequences (80000224 bp)...
[M::mem_pestat] # candidate unique pairs for (FF, FR, RF, RR): (0, 243656, 2, 0)
[M::mem_pestat] skip orientation FF as there are not enough pairs
[M::mem_pestat] analyzing insert size distribution for orientation FR...
[M::mem_pestat] (25, 50, 75) percentile: (162, 184, 209)
[M::mem_pestat] low and high boundaries for computing mean and std.dev: (68, 303)
[M::mem_pestat] mean and std.dev: (186.43, 32.58)
[M::mem_pestat] low and high boundaries for proper pairs: (21, 350)
[M::mem_pestat] skip orientation RF as there are not enough pairs
[M::mem_pestat] skip orientation RR as there are not enough pairs
[M::mem_process_seqs] Processed 647062 reads in 808.152 CPU sec, 103.711 real sec
[M::process] 0 single-end sequences; 646346 paired-end sequences
[M::process] read 645774 sequences (80000007 bp)...
[M::mem_pestat] # candidate unique pairs for (FF, FR, RF, RR): (0, 243370, 4, 0)
[M::mem_pestat] skip orientation FF as there are not enough pairs
[M::mem_pestat] analyzing insert size distribution for orientation FR...
[M::mem_pestat] (25, 50, 75) percentile: (162, 184, 209)
[M::mem_pestat] low and high boundaries for computing mean and std.dev: (68, 303)
[M::mem_pestat] mean and std.dev: (186.37, 32.46)
[M::mem_pestat] low and high boundaries for proper pairs: (21, 350)
[M::mem_pestat] skip orientation RF as there are not enough pairs
[M::mem_pestat] skip orientation RR as there are not enough pairs
[M::mem_process_seqs] Processed 646346 reads in 811.807 CPU sec, 104.176 real sec
[M::process] 0 single-end sequences; 645774 paired-end sequences
[M::process] read 646084 sequences (80000058 bp)...
[M::mem_pestat] # candidate unique pairs for (FF, FR, RF, RR): (0, 242996, 1, 0)
[M::mem_pestat] skip orientation FF as there are not enough pairs
[M::mem_pestat] analyzing insert size distribution for orientation FR...
[M::mem_pestat] (25, 50, 75) percentile: (162, 184, 208)
[M::mem_pestat] low and high boundaries for computing mean and std.dev: (70, 300)
[M::mem_pestat] mean and std.dev: (186.04, 32.46)
[M::mem_pestat] low and high boundaries for proper pairs: (24, 346)
[M::mem_pestat] skip orientation RF as there are not enough pairs
[M::mem_pestat] skip orientation RR as there are not enough pairs
[M::mem_process_seqs] Processed 645774 reads in 824.847 CPU sec, 105.818 real sec
[M::process] 0 single-end sequences; 646084 paired-end sequences
[M::process] read 649804 sequences (80000014 bp)...
[M::mem_pestat] # candidate unique pairs for (FF, FR, RF, RR): (0, 243170, 4, 0)
[M::mem_pestat] skip orientation FF as there are not enough pairs
[M::mem_pestat] analyzing insert size distribution for orientation FR...
[M::mem_pestat] (25, 50, 75) percentile: (162, 184, 208)
[M::mem_pestat] low and high boundaries for computing mean and std.dev: (70, 300)
[M::mem_pestat] mean and std.dev: (186.02, 32.51)
[M::mem_pestat] low and high boundaries for proper pairs: (24, 346)
[M::mem_pestat] skip orientation RF as there are not enough pairs
[M::mem_pestat] skip orientation RR as there are not enough pairs
[M::mem_process_seqs] Processed 646084 reads in 829.311 CPU sec, 106.343 real sec
[M::process] 0 single-end sequences; 649804 paired-end sequences
[M::process] read 648210 sequences (80000072 bp)...
[M::mem_pestat] # candidate unique pairs for (FF, FR, RF, RR): (0, 244559, 3, 0)
[M::mem_pestat] skip orientation FF as there are not enough pairs
[M::mem_pestat] analyzing insert size distribution for orientation FR...
[M::mem_pestat] (25, 50, 75) percentile: (162, 184, 209)
[M::mem_pestat] low and high boundaries for computing mean and std.dev: (68, 303)
[M::mem_pestat] mean and std.dev: (186.53, 32.53)
[M::mem_pestat] low and high boundaries for proper pairs: (21, 350)
[M::mem_pestat] skip orientation RF as there are not enough pairs
[M::mem_pestat] skip orientation RR as there are not enough pairs
[M::mem_process_seqs] Processed 649804 reads in 831.701 CPU sec, 106.656 real sec
[M::process] 0 single-end sequences; 648210 paired-end sequences
[M::process] read 648030 sequences (80000236 bp)...
[M::mem_pestat] # candidate unique pairs for (FF, FR, RF, RR): (0, 244491, 5, 0)
[M::mem_pestat] skip orientation FF as there are not enough pairs
[M::mem_pestat] analyzing insert size distribution for orientation FR...
[M::mem_pestat] (25, 50, 75) percentile: (162, 184, 209)
[M::mem_pestat] low and high boundaries for computing mean and std.dev: (68, 303)
[M::mem_pestat] mean and std.dev: (186.52, 32.58)
[M::mem_pestat] low and high boundaries for proper pairs: (21, 350)
[M::mem_pestat] skip orientation RF as there are not enough pairs
[M::mem_pestat] skip orientation RR as there are not enough pairs
[M::mem_process_seqs] Processed 648210 reads in 814.581 CPU sec, 104.537 real sec
[M::process] 0 single-end sequences; 648030 paired-end sequences
[M::process] read 646788 sequences (80000059 bp)...
[M::mem_pestat] # candidate unique pairs for (FF, FR, RF, RR): (0, 244747, 3, 0)
[M::mem_pestat] skip orientation FF as there are not enough pairs
[M::mem_pestat] analyzing insert size distribution for orientation FR...
[M::mem_pestat] (25, 50, 75) percentile: (162, 184, 209)
[M::mem_pestat] low and high boundaries for computing mean and std.dev: (68, 303)
[M::mem_pestat] mean and std.dev: (186.40, 32.59)
[M::mem_pestat] low and high boundaries for proper pairs: (21, 350)
[M::mem_pestat] skip orientation RF as there are not enough pairs
[M::mem_pestat] skip orientation RR as there are not enough pairs
[M::mem_process_seqs] Processed 648030 reads in 811.900 CPU sec, 104.217 real sec
[M::process] 0 single-end sequences; 646788 paired-end sequences
[M::process] read 646292 sequences (80000041 bp)...
[M::mem_pestat] # candidate unique pairs for (FF, FR, RF, RR): (0, 244312, 2, 0)
[M::mem_pestat] skip orientation FF as there are not enough pairs
[M::mem_pestat] analyzing insert size distribution for orientation FR...
[M::mem_pestat] (25, 50, 75) percentile: (162, 184, 209)
[M::mem_pestat] low and high boundaries for computing mean and std.dev: (68, 303)
[M::mem_pestat] mean and std.dev: (186.24, 32.50)
[M::mem_pestat] low and high boundaries for proper pairs: (21, 350)
[M::mem_pestat] skip orientation RF as there are not enough pairs
[M::mem_pestat] skip orientation RR as there are not enough pairs
[M::mem_process_seqs] Processed 646788 reads in 811.144 CPU sec, 104.143 real sec
[M::process] 0 single-end sequences; 646292 paired-end sequences
[M::process] read 647746 sequences (80000002 bp)...
[M::mem_pestat] # candidate unique pairs for (FF, FR, RF, RR): (0, 243319, 2, 0)
[M::mem_pestat] skip orientation FF as there are not enough pairs
[M::mem_pestat] analyzing insert size distribution for orientation FR...
[M::mem_pestat] (25, 50, 75) percentile: (162, 184, 208)
[M::mem_pestat] low and high boundaries for computing mean and std.dev: (70, 300)
[M::mem_pestat] mean and std.dev: (186.12, 32.50)
[M::mem_pestat] low and high boundaries for proper pairs: (24, 346)
[M::mem_pestat] skip orientation RF as there are not enough pairs
[M::mem_pestat] skip orientation RR as there are not enough pairs
[M::mem_process_seqs] Processed 646292 reads in 821.357 CPU sec, 105.389 real sec
[M::process] 0 single-end sequences; 647746 paired-end sequences
[M::process] read 650166 sequences (80000078 bp)...
[M::mem_pestat] # candidate unique pairs for (FF, FR, RF, RR): (0, 243917, 6, 0)
[M::mem_pestat] skip orientation FF as there are not enough pairs
[M::mem_pestat] analyzing insert size distribution for orientation FR...
[M::mem_pestat] (25, 50, 75) percentile: (162, 184, 209)
[M::mem_pestat] low and high boundaries for computing mean and std.dev: (68, 303)
[M::mem_pestat] mean and std.dev: (186.23, 32.44)
[M::mem_pestat] low and high boundaries for proper pairs: (21, 350)
[M::mem_pestat] skip orientation RF as there are not enough pairs
[M::mem_pestat] skip orientation RR as there are not enough pairs
[M::mem_process_seqs] Processed 647746 reads in 833.425 CPU sec, 106.873 real sec
[M::process] 0 single-end sequences; 650166 paired-end sequences
[M::process] read 648688 sequences (80000106 bp)...
[M::mem_pestat] # candidate unique pairs for (FF, FR, RF, RR): (0, 244986, 4, 0)
[M::mem_pestat] skip orientation FF as there are not enough pairs
[M::mem_pestat] analyzing insert size distribution for orientation FR...
[M::mem_pestat] (25, 50, 75) percentile: (162, 184, 209)
[M::mem_pestat] low and high boundaries for computing mean and std.dev: (68, 303)
[M::mem_pestat] mean and std.dev: (186.56, 32.51)
[M::mem_pestat] low and high boundaries for proper pairs: (21, 350)
[M::mem_pestat] skip orientation RF as there are not enough pairs
[M::mem_pestat] skip orientation RR as there are not enough pairs
[M::mem_process_seqs] Processed 650166 reads in 832.951 CPU sec, 106.826 real sec
[M::process] 0 single-end sequences; 648688 paired-end sequences
[M::process] read 648290 sequences (80000050 bp)...
[M::mem_pestat] # candidate unique pairs for (FF, FR, RF, RR): (0, 244109, 4, 0)
[M::mem_pestat] skip orientation FF as there are not enough pairs
[M::mem_pestat] analyzing insert size distribution for orientation FR...
[M::mem_pestat] (25, 50, 75) percentile: (162, 184, 209)
[M::mem_pestat] low and high boundaries for computing mean and std.dev: (68, 303)
[M::mem_pestat] mean and std.dev: (186.43, 32.52)
[M::mem_pestat] low and high boundaries for proper pairs: (21, 350)
[M::mem_pestat] skip orientation RF as there are not enough pairs
[M::mem_pestat] skip orientation RR as there are not enough pairs
[M::mem_process_seqs] Processed 648688 reads in 838.528 CPU sec, 107.529 real sec
[M::process] 0 single-end sequences; 648290 paired-end sequences
[M::process] read 646908 sequences (80000211 bp)...
[M::mem_pestat] # candidate unique pairs for (FF, FR, RF, RR): (0, 244565, 5, 0)
[M::mem_pestat] skip orientation FF as there are not enough pairs
[M::mem_pestat] analyzing insert size distribution for orientation FR...
[M::mem_pestat] (25, 50, 75) percentile: (162, 184, 209)
[M::mem_pestat] low and high boundaries for computing mean and std.dev: (68, 303)
[M::mem_pestat] mean and std.dev: (186.35, 32.53)
[M::mem_pestat] low and high boundaries for proper pairs: (21, 350)
[M::mem_pestat] skip orientation RF as there are not enough pairs
[M::mem_pestat] skip orientation RR as there are not enough pairs
[M::mem_process_seqs] Processed 648290 reads in 826.538 CPU sec, 106.005 real sec
[M::process] 0 single-end sequences; 646908 paired-end sequences
[M::process] read 646442 sequences (80000137 bp)...
[M::mem_pestat] # candidate unique pairs for (FF, FR, RF, RR): (0, 243705, 8, 0)
[M::mem_pestat] skip orientation FF as there are not enough pairs
[M::mem_pestat] analyzing insert size distribution for orientation FR...
[M::mem_pestat] (25, 50, 75) percentile: (162, 184, 208)
[M::mem_pestat] low and high boundaries for computing mean and std.dev: (70, 300)
[M::mem_pestat] mean and std.dev: (186.20, 32.48)
[M::mem_pestat] low and high boundaries for proper pairs: (24, 346)
[M::mem_pestat] skip orientation RF as there are not enough pairs
[M::mem_pestat] skip orientation RR as there are not enough pairs
[M::mem_process_seqs] Processed 646908 reads in 816.201 CPU sec, 104.743 real sec
[M::process] 0 single-end sequences; 646442 paired-end sequences
[M::process] read 647068 sequences (80000050 bp)...
[M::mem_pestat] # candidate unique pairs for (FF, FR, RF, RR): (0, 243451, 3, 0)
[M::mem_pestat] skip orientation FF as there are not enough pairs
[M::mem_pestat] analyzing insert size distribution for orientation FR...
[M::mem_pestat] (25, 50, 75) percentile: (162, 184, 208)
[M::mem_pestat] low and high boundaries for computing mean and std.dev: (70, 300)
[M::mem_pestat] mean and std.dev: (186.21, 32.47)
[M::mem_pestat] low and high boundaries for proper pairs: (24, 346)
[M::mem_pestat] skip orientation RF as there are not enough pairs
[M::mem_pestat] skip orientation RR as there are not enough pairs
[M::mem_process_seqs] Processed 646442 reads in 826.521 CPU sec, 106.022 real sec
[M::process] 0 single-end sequences; 647068 paired-end sequences
[M::process] read 647756 sequences (80000086 bp)...
[M::mem_pestat] # candidate unique pairs for (FF, FR, RF, RR): (0, 243121, 3, 0)
[M::mem_pestat] skip orientation FF as there are not enough pairs
[M::mem_pestat] analyzing insert size distribution for orientation FR...
[M::mem_pestat] (25, 50, 75) percentile: (162, 184, 208)
[M::mem_pestat] low and high boundaries for computing mean and std.dev: (70, 300)
[M::mem_pestat] mean and std.dev: (186.29, 32.46)
[M::mem_pestat] low and high boundaries for proper pairs: (24, 346)
[M::mem_pestat] skip orientation RF as there are not enough pairs
[M::mem_pestat] skip orientation RR as there are not enough pairs
[M::mem_process_seqs] Processed 647068 reads in 870.708 CPU sec, 111.534 real sec
[M::process] 0 single-end sequences; 647756 paired-end sequences
[M::process] read 647354 sequences (80000127 bp)...
[M::mem_pestat] # candidate unique pairs for (FF, FR, RF, RR): (0, 242980, 4, 0)
[M::mem_pestat] skip orientation FF as there are not enough pairs
[M::mem_pestat] analyzing insert size distribution for orientation FR...
[M::mem_pestat] (25, 50, 75) percentile: (162, 184, 209)
[M::mem_pestat] low and high boundaries for computing mean and std.dev: (68, 303)
[M::mem_pestat] mean and std.dev: (186.41, 32.47)
[M::mem_pestat] low and high boundaries for proper pairs: (21, 350)
[M::mem_pestat] skip orientation RF as there are not enough pairs
[M::mem_pestat] skip orientation RR as there are not enough pairs
[M::mem_process_seqs] Processed 647756 reads in 851.395 CPU sec, 109.126 real sec
[M::process] 0 single-end sequences; 647354 paired-end sequences
[M::process] read 646594 sequences (80000196 bp)...
[M::mem_pestat] # candidate unique pairs for (FF, FR, RF, RR): (0, 244061, 4, 0)
[M::mem_pestat] skip orientation FF as there are not enough pairs
[M::mem_pestat] analyzing insert size distribution for orientation FR...
[M::mem_pestat] (25, 50, 75) percentile: (162, 184, 209)
[M::mem_pestat] low and high boundaries for computing mean and std.dev: (68, 303)
[M::mem_pestat] mean and std.dev: (186.43, 32.55)
[M::mem_pestat] low and high boundaries for proper pairs: (21, 350)
[M::mem_pestat] skip orientation RF as there are not enough pairs
[M::mem_pestat] skip orientation RR as there are not enough pairs
[M::mem_process_seqs] Processed 647354 reads in 827.068 CPU sec, 106.083 real sec
[M::process] 0 single-end sequences; 646594 paired-end sequences
[M::process] read 646254 sequences (80000002 bp)...
[M::mem_pestat] # candidate unique pairs for (FF, FR, RF, RR): (0, 243770, 5, 0)
[M::mem_pestat] skip orientation FF as there are not enough pairs
[M::mem_pestat] analyzing insert size distribution for orientation FR...
[M::mem_pestat] (25, 50, 75) percentile: (162, 184, 208)
[M::mem_pestat] low and high boundaries for computing mean and std.dev: (70, 300)
[M::mem_pestat] mean and std.dev: (186.22, 32.43)
[M::mem_pestat] low and high boundaries for proper pairs: (24, 346)
[M::mem_pestat] skip orientation RF as there are not enough pairs
[M::mem_pestat] skip orientation RR as there are not enough pairs
[M::mem_process_seqs] Processed 646594 reads in 857.265 CPU sec, 109.853 real sec
[M::process] 0 single-end sequences; 646254 paired-end sequences
[M::process] read 646354 sequences (80000241 bp)...
[M::mem_pestat] # candidate unique pairs for (FF, FR, RF, RR): (0, 243135, 2, 0)
[M::mem_pestat] skip orientation FF as there are not enough pairs
[M::mem_pestat] analyzing insert size distribution for orientation FR...
[M::mem_pestat] (25, 50, 75) percentile: (162, 184, 208)
[M::mem_pestat] low and high boundaries for computing mean and std.dev: (70, 300)
[M::mem_pestat] mean and std.dev: (186.13, 32.49)
[M::mem_pestat] low and high boundaries for proper pairs: (24, 346)
[M::mem_pestat] skip orientation RF as there are not enough pairs
[M::mem_pestat] skip orientation RR as there are not enough pairs
[M::mem_process_seqs] Processed 646254 reads in 837.157 CPU sec, 107.356 real sec
[M::process] 0 single-end sequences; 646354 paired-end sequences
[M::process] read 649456 sequences (80000120 bp)...
[M::mem_pestat] # candidate unique pairs for (FF, FR, RF, RR): (0, 242675, 3, 0)
[M::mem_pestat] skip orientation FF as there are not enough pairs
[M::mem_pestat] analyzing insert size distribution for orientation FR...
[M::mem_pestat] (25, 50, 75) percentile: (162, 184, 208)
[M::mem_pestat] low and high boundaries for computing mean and std.dev: (70, 300)
[M::mem_pestat] mean and std.dev: (185.98, 32.44)
[M::mem_pestat] low and high boundaries for proper pairs: (24, 346)
[M::mem_pestat] skip orientation RF as there are not enough pairs
[M::mem_pestat] skip orientation RR as there are not enough pairs
[M::mem_process_seqs] Processed 646354 reads in 850.832 CPU sec, 109.061 real sec
[M::process] 0 single-end sequences; 649456 paired-end sequences
[M::process] read 648518 sequences (80000196 bp)...
[M::mem_pestat] # candidate unique pairs for (FF, FR, RF, RR): (0, 244514, 1, 0)
[M::mem_pestat] skip orientation FF as there are not enough pairs
[M::mem_pestat] analyzing insert size distribution for orientation FR...
[M::mem_pestat] (25, 50, 75) percentile: (162, 184, 209)
[M::mem_pestat] low and high boundaries for computing mean and std.dev: (68, 303)
[M::mem_pestat] mean and std.dev: (186.24, 32.48)
[M::mem_pestat] low and high boundaries for proper pairs: (21, 350)
[M::mem_pestat] skip orientation RF as there are not enough pairs
[M::mem_pestat] skip orientation RR as there are not enough pairs
[M::mem_process_seqs] Processed 649456 reads in 854.425 CPU sec, 109.499 real sec
[M::process] 0 single-end sequences; 648518 paired-end sequences
[M::process] read 648204 sequences (80000087 bp)...
[M::mem_pestat] # candidate unique pairs for (FF, FR, RF, RR): (0, 244316, 4, 0)
[M::mem_pestat] skip orientation FF as there are not enough pairs
[M::mem_pestat] analyzing insert size distribution for orientation FR...
[M::mem_pestat] (25, 50, 75) percentile: (162, 184, 209)
[M::mem_pestat] low and high boundaries for computing mean and std.dev: (68, 303)
[M::mem_pestat] mean and std.dev: (186.46, 32.48)
[M::mem_pestat] low and high boundaries for proper pairs: (21, 350)
[M::mem_pestat] skip orientation RF as there are not enough pairs
[M::mem_pestat] skip orientation RR as there are not enough pairs
[M::mem_process_seqs] Processed 648518 reads in 829.810 CPU sec, 106.441 real sec
[M::process] 0 single-end sequences; 648204 paired-end sequences
[M::process] read 647132 sequences (80000071 bp)...
[M::mem_pestat] # candidate unique pairs for (FF, FR, RF, RR): (0, 244771, 3, 0)
[M::mem_pestat] skip orientation FF as there are not enough pairs
[M::mem_pestat] analyzing insert size distribution for orientation FR...
[M::mem_pestat] (25, 50, 75) percentile: (162, 184, 209)
[M::mem_pestat] low and high boundaries for computing mean and std.dev: (68, 303)
[M::mem_pestat] mean and std.dev: (186.23, 32.49)
[M::mem_pestat] low and high boundaries for proper pairs: (21, 350)
[M::mem_pestat] skip orientation RF as there are not enough pairs
[M::mem_pestat] skip orientation RR as there are not enough pairs
[M::mem_process_seqs] Processed 648204 reads in 829.328 CPU sec, 106.383 real sec
[M::process] 0 single-end sequences; 647132 paired-end sequences
[M::process] read 646946 sequences (80000009 bp)...
[M::mem_pestat] # candidate unique pairs for (FF, FR, RF, RR): (0, 243948, 3, 0)
[M::mem_pestat] skip orientation FF as there are not enough pairs
[M::mem_pestat] analyzing insert size distribution for orientation FR...
[M::mem_pestat] (25, 50, 75) percentile: (162, 184, 208)
[M::mem_pestat] low and high boundaries for computing mean and std.dev: (70, 300)
[M::mem_pestat] mean and std.dev: (186.17, 32.49)
[M::mem_pestat] low and high boundaries for proper pairs: (24, 346)
[M::mem_pestat] skip orientation RF as there are not enough pairs
[M::mem_pestat] skip orientation RR as there are not enough pairs
[M::mem_process_seqs] Processed 647132 reads in 821.839 CPU sec, 105.447 real sec
[M::process] 0 single-end sequences; 646946 paired-end sequences
[M::process] read 647398 sequences (80000010 bp)...
[M::mem_pestat] # candidate unique pairs for (FF, FR, RF, RR): (0, 243778, 3, 0)
[M::mem_pestat] skip orientation FF as there are not enough pairs
[M::mem_pestat] analyzing insert size distribution for orientation FR...
[M::mem_pestat] (25, 50, 75) percentile: (162, 184, 208)
[M::mem_pestat] low and high boundaries for computing mean and std.dev: (70, 300)
[M::mem_pestat] mean and std.dev: (185.98, 32.50)
[M::mem_pestat] low and high boundaries for proper pairs: (24, 346)
[M::mem_pestat] skip orientation RF as there are not enough pairs
[M::mem_pestat] skip orientation RR as there are not enough pairs
[M::mem_process_seqs] Processed 646946 reads in 820.153 CPU sec, 105.228 real sec
[M::process] 0 single-end sequences; 647398 paired-end sequences
[M::process] read 650946 sequences (80000004 bp)...
[M::mem_pestat] # candidate unique pairs for (FF, FR, RF, RR): (0, 243524, 3, 0)
[M::mem_pestat] skip orientation FF as there are not enough pairs
[M::mem_pestat] analyzing insert size distribution for orientation FR...
[M::mem_pestat] (25, 50, 75) percentile: (162, 184, 208)
[M::mem_pestat] low and high boundaries for computing mean and std.dev: (70, 300)
[M::mem_pestat] mean and std.dev: (185.98, 32.49)
[M::mem_pestat] low and high boundaries for proper pairs: (24, 346)
[M::mem_pestat] skip orientation RF as there are not enough pairs
[M::mem_pestat] skip orientation RR as there are not enough pairs
[M::mem_process_seqs] Processed 647398 reads in 836.291 CPU sec, 107.223 real sec
[M::process] 0 single-end sequences; 650946 paired-end sequences
[M::process] read 649366 sequences (80000041 bp)...
[M::mem_pestat] # candidate unique pairs for (FF, FR, RF, RR): (0, 244675, 2, 0)
[M::mem_pestat] skip orientation FF as there are not enough pairs
[M::mem_pestat] analyzing insert size distribution for orientation FR...
[M::mem_pestat] (25, 50, 75) percentile: (162, 184, 209)
[M::mem_pestat] low and high boundaries for computing mean and std.dev: (68, 303)
[M::mem_pestat] mean and std.dev: (186.39, 32.50)
[M::mem_pestat] low and high boundaries for proper pairs: (21, 350)
[M::mem_pestat] skip orientation RF as there are not enough pairs
[M::mem_pestat] skip orientation RR as there are not enough pairs
[M::mem_process_seqs] Processed 650946 reads in 857.850 CPU sec, 110.032 real sec
[M::process] 0 single-end sequences; 649366 paired-end sequences
[M::process] read 648818 sequences (80000048 bp)...
[M::mem_pestat] # candidate unique pairs for (FF, FR, RF, RR): (0, 244496, 5, 0)
[M::mem_pestat] skip orientation FF as there are not enough pairs
[M::mem_pestat] analyzing insert size distribution for orientation FR...
[M::mem_pestat] (25, 50, 75) percentile: (162, 184, 209)
[M::mem_pestat] low and high boundaries for computing mean and std.dev: (68, 303)
[M::mem_pestat] mean and std.dev: (186.43, 32.46)
[M::mem_pestat] low and high boundaries for proper pairs: (21, 350)
[M::mem_pestat] skip orientation RF as there are not enough pairs
[M::mem_pestat] skip orientation RR as there are not enough pairs
[M::mem_process_seqs] Processed 649366 reads in 845.212 CPU sec, 108.387 real sec
[M::process] 0 single-end sequences; 648818 paired-end sequences
[M::process] read 647208 sequences (80000193 bp)...
[M::mem_pestat] # candidate unique pairs for (FF, FR, RF, RR): (0, 244410, 4, 0)
[M::mem_pestat] skip orientation FF as there are not enough pairs
[M::mem_pestat] analyzing insert size distribution for orientation FR...
[M::mem_pestat] (25, 50, 75) percentile: (162, 184, 209)
[M::mem_pestat] low and high boundaries for computing mean and std.dev: (68, 303)
[M::mem_pestat] mean and std.dev: (186.33, 32.47)
[M::mem_pestat] low and high boundaries for proper pairs: (21, 350)
[M::mem_pestat] skip orientation RF as there are not enough pairs
[M::mem_pestat] skip orientation RR as there are not enough pairs
[M::mem_process_seqs] Processed 648818 reads in 842.412 CPU sec, 108.027 real sec
[M::process] 0 single-end sequences; 647208 paired-end sequences
[M::process] read 646860 sequences (80000144 bp)...
[M::mem_pestat] # candidate unique pairs for (FF, FR, RF, RR): (0, 243812, 2, 0)
[M::mem_pestat] skip orientation FF as there are not enough pairs
[M::mem_pestat] analyzing insert size distribution for orientation FR...
[M::mem_pestat] (25, 50, 75) percentile: (162, 184, 208)
[M::mem_pestat] low and high boundaries for computing mean and std.dev: (70, 300)
[M::mem_pestat] mean and std.dev: (186.16, 32.53)
[M::mem_pestat] low and high boundaries for proper pairs: (24, 346)
[M::mem_pestat] skip orientation RF as there are not enough pairs
[M::mem_pestat] skip orientation RR as there are not enough pairs
[M::mem_process_seqs] Processed 647208 reads in 829.494 CPU sec, 106.410 real sec
[M::process] 0 single-end sequences; 646860 paired-end sequences
[M::process] read 649308 sequences (80000010 bp)...
[M::mem_pestat] # candidate unique pairs for (FF, FR, RF, RR): (0, 243167, 5, 0)
[M::mem_pestat] skip orientation FF as there are not enough pairs
[M::mem_pestat] analyzing insert size distribution for orientation FR...
[M::mem_pestat] (25, 50, 75) percentile: (162, 184, 208)
[M::mem_pestat] low and high boundaries for computing mean and std.dev: (70, 300)
[M::mem_pestat] mean and std.dev: (185.97, 32.50)
[M::mem_pestat] low and high boundaries for proper pairs: (24, 346)
[M::mem_pestat] skip orientation RF as there are not enough pairs
[M::mem_pestat] skip orientation RR as there are not enough pairs
[M::mem_process_seqs] Processed 646860 reads in 837.139 CPU sec, 107.340 real sec
[M::process] 0 single-end sequences; 649308 paired-end sequences
[M::process] read 649326 sequences (80000191 bp)...
[M::mem_pestat] # candidate unique pairs for (FF, FR, RF, RR): (0, 243958, 1, 0)
[M::mem_pestat] skip orientation FF as there are not enough pairs
[M::mem_pestat] analyzing insert size distribution for orientation FR...
[M::mem_pestat] (25, 50, 75) percentile: (162, 184, 208)
[M::mem_pestat] low and high boundaries for computing mean and std.dev: (70, 300)
[M::mem_pestat] mean and std.dev: (186.18, 32.48)
[M::mem_pestat] low and high boundaries for proper pairs: (24, 346)
[M::mem_pestat] skip orientation RF as there are not enough pairs
[M::mem_pestat] skip orientation RR as there are not enough pairs
[M::mem_process_seqs] Processed 649308 reads in 837.370 CPU sec, 107.366 real sec
[M::process] 0 single-end sequences; 649326 paired-end sequences
[M::process] read 651262 sequences (80000075 bp)...
[M::mem_pestat] # candidate unique pairs for (FF, FR, RF, RR): (0, 244582, 6, 0)
[M::mem_pestat] skip orientation FF as there are not enough pairs
[M::mem_pestat] analyzing insert size distribution for orientation FR...
[M::mem_pestat] (25, 50, 75) percentile: (162, 184, 209)
[M::mem_pestat] low and high boundaries for computing mean and std.dev: (68, 303)
[M::mem_pestat] mean and std.dev: (186.39, 32.52)
[M::mem_pestat] low and high boundaries for proper pairs: (21, 350)
[M::mem_pestat] skip orientation RF as there are not enough pairs
[M::mem_pestat] skip orientation RR as there are not enough pairs
[M::mem_process_seqs] Processed 649326 reads in 834.882 CPU sec, 107.072 real sec
[M::process] 0 single-end sequences; 651262 paired-end sequences
[M::process] read 648104 sequences (80000196 bp)...
[M::mem_pestat] # candidate unique pairs for (FF, FR, RF, RR): (0, 245205, 2, 0)
[M::mem_pestat] skip orientation FF as there are not enough pairs
[M::mem_pestat] analyzing insert size distribution for orientation FR...
[M::mem_pestat] (25, 50, 75) percentile: (162, 184, 209)
[M::mem_pestat] low and high boundaries for computing mean and std.dev: (68, 303)
[M::mem_pestat] mean and std.dev: (186.34, 32.48)
[M::mem_pestat] low and high boundaries for proper pairs: (21, 350)
[M::mem_pestat] skip orientation RF as there are not enough pairs
[M::mem_pestat] skip orientation RR as there are not enough pairs
[M::mem_process_seqs] Processed 651262 reads in 864.659 CPU sec, 110.793 real sec
[M::process] 0 single-end sequences; 648104 paired-end sequences
[M::process] read 646660 sequences (80000231 bp)...
[M::mem_pestat] # candidate unique pairs for (FF, FR, RF, RR): (0, 244536, 5, 0)
[M::mem_pestat] skip orientation FF as there are not enough pairs
[M::mem_pestat] analyzing insert size distribution for orientation FR...
[M::mem_pestat] (25, 50, 75) percentile: (162, 184, 209)
[M::mem_pestat] low and high boundaries for computing mean and std.dev: (68, 303)
[M::mem_pestat] mean and std.dev: (186.31, 32.44)
[M::mem_pestat] low and high boundaries for proper pairs: (21, 350)
[M::mem_pestat] skip orientation RF as there are not enough pairs
[M::mem_pestat] skip orientation RR as there are not enough pairs
[M::mem_process_seqs] Processed 648104 reads in 820.513 CPU sec, 105.293 real sec
[M::process] 0 single-end sequences; 646660 paired-end sequences
[M::process] read 646198 sequences (80000028 bp)...
[M::mem_pestat] # candidate unique pairs for (FF, FR, RF, RR): (0, 244216, 5, 0)
[M::mem_pestat] skip orientation FF as there are not enough pairs
[M::mem_pestat] analyzing insert size distribution for orientation FR...
[M::mem_pestat] (25, 50, 75) percentile: (162, 184, 208)
[M::mem_pestat] low and high boundaries for computing mean and std.dev: (70, 300)
[M::mem_pestat] mean and std.dev: (186.12, 32.48)
[M::mem_pestat] low and high boundaries for proper pairs: (24, 346)
[M::mem_pestat] skip orientation RF as there are not enough pairs
[M::mem_pestat] skip orientation RR as there are not enough pairs
[M::mem_process_seqs] Processed 646660 reads in 818.424 CPU sec, 105.010 real sec
[M::process] 0 single-end sequences; 646198 paired-end sequences
[M::process] read 653696 sequences (80000040 bp)...
[M::mem_pestat] # candidate unique pairs for (FF, FR, RF, RR): (0, 242700, 1, 0)
[M::mem_pestat] skip orientation FF as there are not enough pairs
[M::mem_pestat] analyzing insert size distribution for orientation FR...
[M::mem_pestat] (25, 50, 75) percentile: (162, 184, 208)
[M::mem_pestat] low and high boundaries for computing mean and std.dev: (70, 300)
[M::mem_pestat] mean and std.dev: (186.08, 32.38)
[M::mem_pestat] low and high boundaries for proper pairs: (24, 346)
[M::mem_pestat] skip orientation RF as there are not enough pairs
[M::mem_pestat] skip orientation RR as there are not enough pairs
[M::mem_process_seqs] Processed 646198 reads in 832.076 CPU sec, 106.705 real sec
[M::process] 0 single-end sequences; 653696 paired-end sequences
[M::process] read 654716 sequences (80000088 bp)...
[M::mem_pestat] # candidate unique pairs for (FF, FR, RF, RR): (0, 245757, 3, 0)
[M::mem_pestat] skip orientation FF as there are not enough pairs
[M::mem_pestat] analyzing insert size distribution for orientation FR...
[M::mem_pestat] (25, 50, 75) percentile: (162, 184, 209)
[M::mem_pestat] low and high boundaries for computing mean and std.dev: (68, 303)
[M::mem_pestat] mean and std.dev: (186.23, 32.47)
[M::mem_pestat] low and high boundaries for proper pairs: (21, 350)
[M::mem_pestat] skip orientation RF as there are not enough pairs
[M::mem_pestat] skip orientation RR as there are not enough pairs
[M::mem_process_seqs] Processed 653696 reads in 874.353 CPU sec, 112.004 real sec
[M::process] 0 single-end sequences; 654716 paired-end sequences
[M::process] read 657842 sequences (80000050 bp)...
[M::mem_pestat] # candidate unique pairs for (FF, FR, RF, RR): (0, 247029, 3, 0)
[M::mem_pestat] skip orientation FF as there are not enough pairs
[M::mem_pestat] analyzing insert size distribution for orientation FR...
[M::mem_pestat] (25, 50, 75) percentile: (162, 184, 209)
[M::mem_pestat] low and high boundaries for computing mean and std.dev: (68, 303)
[M::mem_pestat] mean and std.dev: (186.42, 32.49)
[M::mem_pestat] low and high boundaries for proper pairs: (21, 350)
[M::mem_pestat] skip orientation RF as there are not enough pairs
[M::mem_pestat] skip orientation RR as there are not enough pairs
[M::mem_process_seqs] Processed 654716 reads in 874.462 CPU sec, 112.064 real sec
[M::process] 0 single-end sequences; 657842 paired-end sequences
[M::process] read 651366 sequences (80000129 bp)...
[M::mem_pestat] # candidate unique pairs for (FF, FR, RF, RR): (0, 246116, 12, 0)
[M::mem_pestat] skip orientation FF as there are not enough pairs
[M::mem_pestat] analyzing insert size distribution for orientation FR...
[M::mem_pestat] (25, 50, 75) percentile: (162, 184, 209)
[M::mem_pestat] low and high boundaries for computing mean and std.dev: (68, 303)
[M::mem_pestat] mean and std.dev: (186.31, 32.52)
[M::mem_pestat] low and high boundaries for proper pairs: (21, 350)
[M::mem_pestat] analyzing insert size distribution for orientation RF...
[M::mem_pestat] (25, 50, 75) percentile: (136, 146, 177)
[M::mem_pestat] low and high boundaries for computing mean and std.dev: (54, 259)
[M::mem_pestat] mean and std.dev: (142.00, 24.94)
[M::mem_pestat] low and high boundaries for proper pairs: (13, 300)
[M::mem_pestat] skip orientation RR as there are not enough pairs
[M::mem_pestat] skip orientation RF
[M::mem_process_seqs] Processed 657842 reads in 983.755 CPU sec, 125.777 real sec
[M::process] 0 single-end sequences; 651366 paired-end sequences
[M::process] read 648912 sequences (80000188 bp)...
[M::mem_pestat] # candidate unique pairs for (FF, FR, RF, RR): (0, 245452, 4, 0)
[M::mem_pestat] skip orientation FF as there are not enough pairs
[M::mem_pestat] analyzing insert size distribution for orientation FR...
[M::mem_pestat] (25, 50, 75) percentile: (162, 184, 209)
[M::mem_pestat] low and high boundaries for computing mean and std.dev: (68, 303)
[M::mem_pestat] mean and std.dev: (186.29, 32.47)
[M::mem_pestat] low and high boundaries for proper pairs: (21, 350)
[M::mem_pestat] skip orientation RF as there are not enough pairs
[M::mem_pestat] skip orientation RR as there are not enough pairs
[M::mem_process_seqs] Processed 651366 reads in 855.553 CPU sec, 109.732 real sec
[M::process] 0 single-end sequences; 648912 paired-end sequences
[M::process] read 647856 sequences (80000160 bp)...
[M::mem_pestat] # candidate unique pairs for (FF, FR, RF, RR): (0, 244833, 6, 0)
[M::mem_pestat] skip orientation FF as there are not enough pairs
[M::mem_pestat] analyzing insert size distribution for orientation FR...
[M::mem_pestat] (25, 50, 75) percentile: (162, 184, 208)
[M::mem_pestat] low and high boundaries for computing mean and std.dev: (70, 300)
[M::mem_pestat] mean and std.dev: (186.15, 32.46)
[M::mem_pestat] low and high boundaries for proper pairs: (24, 346)
[M::mem_pestat] skip orientation RF as there are not enough pairs
[M::mem_pestat] skip orientation RR as there are not enough pairs
[M::mem_process_seqs] Processed 648912 reads in 822.196 CPU sec, 105.496 real sec
[M::process] 0 single-end sequences; 647856 paired-end sequences
[M::process] read 649718 sequences (80000115 bp)...
[M::mem_pestat] # candidate unique pairs for (FF, FR, RF, RR): (0, 244436, 4, 0)
[M::mem_pestat] skip orientation FF as there are not enough pairs
[M::mem_pestat] analyzing insert size distribution for orientation FR...
[M::mem_pestat] (25, 50, 75) percentile: (162, 184, 208)
[M::mem_pestat] low and high boundaries for computing mean and std.dev: (70, 300)
[M::mem_pestat] mean and std.dev: (186.01, 32.42)
[M::mem_pestat] low and high boundaries for proper pairs: (24, 346)
[M::mem_pestat] skip orientation RF as there are not enough pairs
[M::mem_pestat] skip orientation RR as there are not enough pairs
[M::mem_process_seqs] Processed 647856 reads in 818.023 CPU sec, 104.957 real sec
[M::process] 0 single-end sequences; 649718 paired-end sequences
[M::process] read 648416 sequences (80000057 bp)...
[M::mem_pestat] # candidate unique pairs for (FF, FR, RF, RR): (0, 244335, 6, 0)
[M::mem_pestat] skip orientation FF as there are not enough pairs
[M::mem_pestat] analyzing insert size distribution for orientation FR...
[M::mem_pestat] (25, 50, 75) percentile: (162, 184, 209)
[M::mem_pestat] low and high boundaries for computing mean and std.dev: (68, 303)
[M::mem_pestat] mean and std.dev: (186.48, 32.51)
[M::mem_pestat] low and high boundaries for proper pairs: (21, 350)
[M::mem_pestat] skip orientation RF as there are not enough pairs
[M::mem_pestat] skip orientation RR as there are not enough pairs
[M::mem_process_seqs] Processed 649718 reads in 829.441 CPU sec, 106.391 real sec
[M::process] 0 single-end sequences; 648416 paired-end sequences
[M::process] read 648002 sequences (80000045 bp)...
[M::mem_pestat] # candidate unique pairs for (FF, FR, RF, RR): (0, 244538, 2, 0)
[M::mem_pestat] skip orientation FF as there are not enough pairs
[M::mem_pestat] analyzing insert size distribution for orientation FR...
[M::mem_pestat] (25, 50, 75) percentile: (162, 184, 209)
[M::mem_pestat] low and high boundaries for computing mean and std.dev: (68, 303)
[M::mem_pestat] mean and std.dev: (186.46, 32.54)
[M::mem_pestat] low and high boundaries for proper pairs: (21, 350)
[M::mem_pestat] skip orientation RF as there are not enough pairs
[M::mem_pestat] skip orientation RR as there are not enough pairs
[M::mem_process_seqs] Processed 648416 reads in 827.955 CPU sec, 106.201 real sec
[M::process] 0 single-end sequences; 648002 paired-end sequences
[M::process] read 646768 sequences (80000085 bp)...
[M::mem_pestat] # candidate unique pairs for (FF, FR, RF, RR): (0, 244091, 6, 0)
[M::mem_pestat] skip orientation FF as there are not enough pairs
[M::mem_pestat] analyzing insert size distribution for orientation FR...
[M::mem_pestat] (25, 50, 75) percentile: (162, 184, 209)
[M::mem_pestat] low and high boundaries for computing mean and std.dev: (68, 303)
[M::mem_pestat] mean and std.dev: (186.31, 32.51)
[M::mem_pestat] low and high boundaries for proper pairs: (21, 350)
[M::mem_pestat] skip orientation RF as there are not enough pairs
[M::mem_pestat] skip orientation RR as there are not enough pairs
[M::mem_process_seqs] Processed 648002 reads in 812.205 CPU sec, 104.243 real sec
[M::process] 0 single-end sequences; 646768 paired-end sequences
[M::process] read 646244 sequences (80000043 bp)...
[M::mem_pestat] # candidate unique pairs for (FF, FR, RF, RR): (0, 244313, 3, 0)
[M::mem_pestat] skip orientation FF as there are not enough pairs
[M::mem_pestat] analyzing insert size distribution for orientation FR...
[M::mem_pestat] (25, 50, 75) percentile: (162, 184, 209)
[M::mem_pestat] low and high boundaries for computing mean and std.dev: (68, 303)
[M::mem_pestat] mean and std.dev: (186.26, 32.53)
[M::mem_pestat] low and high boundaries for proper pairs: (21, 350)
[M::mem_pestat] skip orientation RF as there are not enough pairs
[M::mem_pestat] skip orientation RR as there are not enough pairs
[M::mem_process_seqs] Processed 646768 reads in 814.149 CPU sec, 104.473 real sec
[M::process] 0 single-end sequences; 646244 paired-end sequences
[M::process] read 645750 sequences (80000033 bp)...
[M::mem_pestat] # candidate unique pairs for (FF, FR, RF, RR): (0, 243328, 2, 0)
[M::mem_pestat] skip orientation FF as there are not enough pairs
[M::mem_pestat] analyzing insert size distribution for orientation FR...
[M::mem_pestat] (25, 50, 75) percentile: (162, 184, 208)
[M::mem_pestat] low and high boundaries for computing mean and std.dev: (70, 300)
[M::mem_pestat] mean and std.dev: (186.14, 32.45)
[M::mem_pestat] low and high boundaries for proper pairs: (24, 346)
[M::mem_pestat] skip orientation RF as there are not enough pairs
[M::mem_pestat] skip orientation RR as there are not enough pairs
[M::mem_process_seqs] Processed 646244 reads in 821.323 CPU sec, 105.398 real sec
[M::process] 0 single-end sequences; 645750 paired-end sequences
[M::process] read 650602 sequences (80000114 bp)...
[M::mem_pestat] # candidate unique pairs for (FF, FR, RF, RR): (0, 243646, 1, 0)
[M::mem_pestat] skip orientation FF as there are not enough pairs
[M::mem_pestat] analyzing insert size distribution for orientation FR...
[M::mem_pestat] (25, 50, 75) percentile: (162, 184, 208)
[M::mem_pestat] low and high boundaries for computing mean and std.dev: (70, 300)
[M::mem_pestat] mean and std.dev: (185.98, 32.45)
[M::mem_pestat] low and high boundaries for proper pairs: (24, 346)
[M::mem_pestat] skip orientation RF as there are not enough pairs
[M::mem_pestat] skip orientation RR as there are not enough pairs
[M::mem_process_seqs] Processed 645750 reads in 822.826 CPU sec, 105.553 real sec
[M::process] 0 single-end sequences; 650602 paired-end sequences
[M::process] read 650890 sequences (80000064 bp)...
[M::mem_pestat] # candidate unique pairs for (FF, FR, RF, RR): (0, 244673, 3, 0)
[M::mem_pestat] skip orientation FF as there are not enough pairs
[M::mem_pestat] analyzing insert size distribution for orientation FR...
[M::mem_pestat] (25, 50, 75) percentile: (162, 184, 209)
[M::mem_pestat] low and high boundaries for computing mean and std.dev: (68, 303)
[M::mem_pestat] mean and std.dev: (186.34, 32.51)
[M::mem_pestat] low and high boundaries for proper pairs: (21, 350)
[M::mem_pestat] skip orientation RF as there are not enough pairs
[M::mem_pestat] skip orientation RR as there are not enough pairs
[M::mem_process_seqs] Processed 650602 reads in 860.081 CPU sec, 110.225 real sec
[M::process] 0 single-end sequences; 650890 paired-end sequences
[M::process] read 650646 sequences (80000049 bp)...
[M::mem_pestat] # candidate unique pairs for (FF, FR, RF, RR): (0, 245143, 5, 0)
[M::mem_pestat] skip orientation FF as there are not enough pairs
[M::mem_pestat] analyzing insert size distribution for orientation FR...
[M::mem_pestat] (25, 50, 75) percentile: (162, 184, 209)
[M::mem_pestat] low and high boundaries for computing mean and std.dev: (68, 303)
[M::mem_pestat] mean and std.dev: (186.45, 32.51)
[M::mem_pestat] low and high boundaries for proper pairs: (21, 350)
[M::mem_pestat] skip orientation RF as there are not enough pairs
[M::mem_pestat] skip orientation RR as there are not enough pairs
[M::mem_process_seqs] Processed 650890 reads in 858.866 CPU sec, 110.120 real sec
[M::process] 0 single-end sequences; 650646 paired-end sequences
[M::process] read 647116 sequences (80000027 bp)...
[M::mem_pestat] # candidate unique pairs for (FF, FR, RF, RR): (0, 244903, 6, 0)
[M::mem_pestat] skip orientation FF as there are not enough pairs
[M::mem_pestat] analyzing insert size distribution for orientation FR...
[M::mem_pestat] (25, 50, 75) percentile: (162, 184, 209)
[M::mem_pestat] low and high boundaries for computing mean and std.dev: (68, 303)
[M::mem_pestat] mean and std.dev: (186.32, 32.52)
[M::mem_pestat] low and high boundaries for proper pairs: (21, 350)
[M::mem_pestat] skip orientation RF as there are not enough pairs
[M::mem_pestat] skip orientation RR as there are not enough pairs
[M::mem_process_seqs] Processed 650646 reads in 861.096 CPU sec, 110.392 real sec
[M::process] 0 single-end sequences; 647116 paired-end sequences
[M::process] read 647962 sequences (80000105 bp)...
[M::mem_pestat] # candidate unique pairs for (FF, FR, RF, RR): (0, 243918, 5, 0)
[M::mem_pestat] skip orientation FF as there are not enough pairs
[M::mem_pestat] analyzing insert size distribution for orientation FR...
[M::mem_pestat] (25, 50, 75) percentile: (162, 184, 208)
[M::mem_pestat] low and high boundaries for computing mean and std.dev: (70, 300)
[M::mem_pestat] mean and std.dev: (186.10, 32.43)
[M::mem_pestat] low and high boundaries for proper pairs: (24, 346)
[M::mem_pestat] skip orientation RF as there are not enough pairs
[M::mem_pestat] skip orientation RR as there are not enough pairs
[M::mem_process_seqs] Processed 647116 reads in 848.410 CPU sec, 108.773 real sec
[M::process] 0 single-end sequences; 647962 paired-end sequences
[M::process] read 652598 sequences (80000036 bp)...
[M::mem_pestat] # candidate unique pairs for (FF, FR, RF, RR): (0, 241828, 3, 0)
[M::mem_pestat] skip orientation FF as there are not enough pairs
[M::mem_pestat] analyzing insert size distribution for orientation FR...
[M::mem_pestat] (25, 50, 75) percentile: (162, 184, 208)
[M::mem_pestat] low and high boundaries for computing mean and std.dev: (70, 300)
[M::mem_pestat] mean and std.dev: (185.86, 32.40)
[M::mem_pestat] low and high boundaries for proper pairs: (24, 346)
[M::mem_pestat] skip orientation RF as there are not enough pairs
[M::mem_pestat] skip orientation RR as there are not enough pairs
[M::mem_process_seqs] Processed 647962 reads in 1084.884 CPU sec, 138.377 real sec
[M::process] 0 single-end sequences; 652598 paired-end sequences
[M::process] read 655342 sequences (80000040 bp)...
[M::mem_pestat] # candidate unique pairs for (FF, FR, RF, RR): (0, 244041, 3, 0)
[M::mem_pestat] skip orientation FF as there are not enough pairs
[M::mem_pestat] analyzing insert size distribution for orientation FR...
[M::mem_pestat] (25, 50, 75) percentile: (162, 184, 208)
[M::mem_pestat] low and high boundaries for computing mean and std.dev: (70, 300)
[M::mem_pestat] mean and std.dev: (186.07, 32.42)
[M::mem_pestat] low and high boundaries for proper pairs: (24, 346)
[M::mem_pestat] skip orientation RF as there are not enough pairs
[M::mem_pestat] skip orientation RR as there are not enough pairs
[M::mem_process_seqs] Processed 652598 reads in 998.229 CPU sec, 127.532 real sec
[M::process] 0 single-end sequences; 655342 paired-end sequences
[M::process] read 658794 sequences (80000106 bp)...
[M::mem_pestat] # candidate unique pairs for (FF, FR, RF, RR): (0, 245826, 0, 0)
[M::mem_pestat] skip orientation FF as there are not enough pairs
[M::mem_pestat] analyzing insert size distribution for orientation FR...
[M::mem_pestat] (25, 50, 75) percentile: (162, 184, 209)
[M::mem_pestat] low and high boundaries for computing mean and std.dev: (68, 303)
[M::mem_pestat] mean and std.dev: (186.35, 32.46)
[M::mem_pestat] low and high boundaries for proper pairs: (21, 350)
[M::mem_pestat] skip orientation RF as there are not enough pairs
[M::mem_pestat] skip orientation RR as there are not enough pairs
[M::mem_process_seqs] Processed 655342 reads in 909.619 CPU sec, 116.545 real sec
[M::process] 0 single-end sequences; 658794 paired-end sequences
[M::process] read 653732 sequences (80000043 bp)...
[M::mem_pestat] # candidate unique pairs for (FF, FR, RF, RR): (0, 246630, 2, 0)
[M::mem_pestat] skip orientation FF as there are not enough pairs
[M::mem_pestat] analyzing insert size distribution for orientation FR...
[M::mem_pestat] (25, 50, 75) percentile: (162, 184, 209)
[M::mem_pestat] low and high boundaries for computing mean and std.dev: (68, 303)
[M::mem_pestat] mean and std.dev: (186.31, 32.48)
[M::mem_pestat] low and high boundaries for proper pairs: (21, 350)
[M::mem_pestat] skip orientation RF as there are not enough pairs
[M::mem_pestat] skip orientation RR as there are not enough pairs
[M::mem_process_seqs] Processed 658794 reads in 1005.465 CPU sec, 128.480 real sec
[M::process] 0 single-end sequences; 653732 paired-end sequences
[M::process] read 650230 sequences (80000189 bp)...
[M::mem_pestat] # candidate unique pairs for (FF, FR, RF, RR): (0, 246174, 6, 0)
[M::mem_pestat] skip orientation FF as there are not enough pairs
[M::mem_pestat] analyzing insert size distribution for orientation FR...
[M::mem_pestat] (25, 50, 75) percentile: (162, 184, 208)
[M::mem_pestat] low and high boundaries for computing mean and std.dev: (70, 300)
[M::mem_pestat] mean and std.dev: (186.11, 32.51)
[M::mem_pestat] low and high boundaries for proper pairs: (24, 346)
[M::mem_pestat] skip orientation RF as there are not enough pairs
[M::mem_pestat] skip orientation RR as there are not enough pairs
[M::mem_process_seqs] Processed 653732 reads in 899.270 CPU sec, 115.198 real sec
[M::process] 0 single-end sequences; 650230 paired-end sequences
[M::process] read 649780 sequences (80000032 bp)...
[M::mem_pestat] # candidate unique pairs for (FF, FR, RF, RR): (0, 244919, 3, 0)
[M::mem_pestat] skip orientation FF as there are not enough pairs
[M::mem_pestat] analyzing insert size distribution for orientation FR...
[M::mem_pestat] (25, 50, 75) percentile: (162, 184, 208)
[M::mem_pestat] low and high boundaries for computing mean and std.dev: (70, 300)
[M::mem_pestat] mean and std.dev: (186.01, 32.45)
[M::mem_pestat] low and high boundaries for proper pairs: (24, 346)
[M::mem_pestat] skip orientation RF as there are not enough pairs
[M::mem_pestat] skip orientation RR as there are not enough pairs
[M::mem_process_seqs] Processed 650230 reads in 853.417 CPU sec, 109.474 real sec
[M::process] 0 single-end sequences; 649780 paired-end sequences
[M::process] read 649850 sequences (80000177 bp)...
[M::mem_pestat] # candidate unique pairs for (FF, FR, RF, RR): (0, 244024, 5, 0)
[M::mem_pestat] skip orientation FF as there are not enough pairs
[M::mem_pestat] analyzing insert size distribution for orientation FR...
[M::mem_pestat] (25, 50, 75) percentile: (162, 184, 208)
[M::mem_pestat] low and high boundaries for computing mean and std.dev: (70, 300)
[M::mem_pestat] mean and std.dev: (186.06, 32.45)
[M::mem_pestat] low and high boundaries for proper pairs: (24, 346)
[M::mem_pestat] skip orientation RF as there are not enough pairs
[M::mem_pestat] skip orientation RR as there are not enough pairs
[M::mem_process_seqs] Processed 649780 reads in 865.523 CPU sec, 110.930 real sec
[M::process] 0 single-end sequences; 649850 paired-end sequences
[M::process] read 648612 sequences (80000241 bp)...
[M::mem_pestat] # candidate unique pairs for (FF, FR, RF, RR): (0, 244439, 3, 0)
[M::mem_pestat] skip orientation FF as there are not enough pairs
[M::mem_pestat] analyzing insert size distribution for orientation FR...
[M::mem_pestat] (25, 50, 75) percentile: (162, 184, 209)
[M::mem_pestat] low and high boundaries for computing mean and std.dev: (68, 303)
[M::mem_pestat] mean and std.dev: (186.35, 32.51)
[M::mem_pestat] low and high boundaries for proper pairs: (21, 350)
[M::mem_pestat] skip orientation RF as there are not enough pairs
[M::mem_pestat] skip orientation RR as there are not enough pairs
[M::mem_process_seqs] Processed 649850 reads in 849.494 CPU sec, 108.906 real sec
[M::process] 0 single-end sequences; 648612 paired-end sequences
[M::process] read 648086 sequences (80000091 bp)...
[M::mem_pestat] # candidate unique pairs for (FF, FR, RF, RR): (0, 244072, 3, 0)
[M::mem_pestat] skip orientation FF as there are not enough pairs
[M::mem_pestat] analyzing insert size distribution for orientation FR...
[M::mem_pestat] (25, 50, 75) percentile: (162, 184, 209)
[M::mem_pestat] low and high boundaries for computing mean and std.dev: (68, 303)
[M::mem_pestat] mean and std.dev: (186.42, 32.51)
[M::mem_pestat] low and high boundaries for proper pairs: (21, 350)
[M::mem_pestat] skip orientation RF as there are not enough pairs
[M::mem_pestat] skip orientation RR as there are not enough pairs
[M::mem_process_seqs] Processed 648612 reads in 835.002 CPU sec, 107.095 real sec
[M::process] 0 single-end sequences; 648086 paired-end sequences
[M::process] read 647042 sequences (80000138 bp)...
[M::mem_pestat] # candidate unique pairs for (FF, FR, RF, RR): (0, 243940, 1, 0)
[M::mem_pestat] skip orientation FF as there are not enough pairs
[M::mem_pestat] analyzing insert size distribution for orientation FR...
[M::mem_pestat] (25, 50, 75) percentile: (162, 184, 209)
[M::mem_pestat] low and high boundaries for computing mean and std.dev: (68, 303)
[M::mem_pestat] mean and std.dev: (186.31, 32.50)
[M::mem_pestat] low and high boundaries for proper pairs: (21, 350)
[M::mem_pestat] skip orientation RF as there are not enough pairs
[M::mem_pestat] skip orientation RR as there are not enough pairs
[M::mem_process_seqs] Processed 648086 reads in 834.549 CPU sec, 107.039 real sec
[M::process] 0 single-end sequences; 647042 paired-end sequences
[M::process] read 646544 sequences (80000146 bp)...
[M::mem_pestat] # candidate unique pairs for (FF, FR, RF, RR): (0, 243706, 3, 0)
[M::mem_pestat] skip orientation FF as there are not enough pairs
[M::mem_pestat] analyzing insert size distribution for orientation FR...
[M::mem_pestat] (25, 50, 75) percentile: (162, 184, 208)
[M::mem_pestat] low and high boundaries for computing mean and std.dev: (70, 300)
[M::mem_pestat] mean and std.dev: (186.16, 32.48)
[M::mem_pestat] low and high boundaries for proper pairs: (24, 346)
[M::mem_pestat] skip orientation RF as there are not enough pairs
[M::mem_pestat] skip orientation RR as there are not enough pairs
[M::mem_process_seqs] Processed 647042 reads in 819.640 CPU sec, 105.528 real sec
[M::process] 0 single-end sequences; 646544 paired-end sequences
[M::process] read 647368 sequences (80000196 bp)...
[M::mem_pestat] # candidate unique pairs for (FF, FR, RF, RR): (0, 243079, 3, 0)
[M::mem_pestat] skip orientation FF as there are not enough pairs
[M::mem_pestat] analyzing insert size distribution for orientation FR...
[M::mem_pestat] (25, 50, 75) percentile: (162, 184, 208)
[M::mem_pestat] low and high boundaries for computing mean and std.dev: (70, 300)
[M::mem_pestat] mean and std.dev: (186.03, 32.38)
[M::mem_pestat] low and high boundaries for proper pairs: (24, 346)
[M::mem_pestat] skip orientation RF as there are not enough pairs
[M::mem_pestat] skip orientation RR as there are not enough pairs
[M::mem_process_seqs] Processed 646544 reads in 840.538 CPU sec, 108.581 real sec
[M::process] 0 single-end sequences; 647368 paired-end sequences
[M::process] read 650500 sequences (80000057 bp)...
[M::mem_pestat] # candidate unique pairs for (FF, FR, RF, RR): (0, 243785, 3, 0)
[M::mem_pestat] skip orientation FF as there are not enough pairs
[M::mem_pestat] analyzing insert size distribution for orientation FR...
[M::mem_pestat] (25, 50, 75) percentile: (162, 184, 208)
[M::mem_pestat] low and high boundaries for computing mean and std.dev: (70, 300)
[M::mem_pestat] mean and std.dev: (186.04, 32.49)
[M::mem_pestat] low and high boundaries for proper pairs: (24, 346)
[M::mem_pestat] skip orientation RF as there are not enough pairs
[M::mem_pestat] skip orientation RR as there are not enough pairs
[M::mem_process_seqs] Processed 647368 reads in 843.129 CPU sec, 109.300 real sec
[M::process] 0 single-end sequences; 650500 paired-end sequences
[M::process] read 649370 sequences (80000062 bp)...
[M::mem_pestat] # candidate unique pairs for (FF, FR, RF, RR): (0, 244768, 7, 0)
[M::mem_pestat] skip orientation FF as there are not enough pairs
[M::mem_pestat] analyzing insert size distribution for orientation FR...
[M::mem_pestat] (25, 50, 75) percentile: (162, 184, 209)
[M::mem_pestat] low and high boundaries for computing mean and std.dev: (68, 303)
[M::mem_pestat] mean and std.dev: (186.31, 32.51)
[M::mem_pestat] low and high boundaries for proper pairs: (21, 350)
[M::mem_pestat] skip orientation RF as there are not enough pairs
[M::mem_pestat] skip orientation RR as there are not enough pairs
[M::mem_process_seqs] Processed 650500 reads in 855.132 CPU sec, 111.319 real sec
[M::process] 0 single-end sequences; 649370 paired-end sequences
[M::process] read 648552 sequences (80000064 bp)...
[M::mem_pestat] # candidate unique pairs for (FF, FR, RF, RR): (0, 244682, 1, 0)
[M::mem_pestat] skip orientation FF as there are not enough pairs
[M::mem_pestat] analyzing insert size distribution for orientation FR...
[M::mem_pestat] (25, 50, 75) percentile: (162, 184, 209)
[M::mem_pestat] low and high boundaries for computing mean and std.dev: (68, 303)
[M::mem_pestat] mean and std.dev: (186.43, 32.43)
[M::mem_pestat] low and high boundaries for proper pairs: (21, 350)
[M::mem_pestat] skip orientation RF as there are not enough pairs
[M::mem_pestat] skip orientation RR as there are not enough pairs
[M::mem_process_seqs] Processed 649370 reads in 833.823 CPU sec, 109.291 real sec
[M::process] 0 single-end sequences; 648552 paired-end sequences
[M::process] read 646674 sequences (80000235 bp)...
[M::mem_pestat] # candidate unique pairs for (FF, FR, RF, RR): (0, 244914, 6, 0)
[M::mem_pestat] skip orientation FF as there are not enough pairs
[M::mem_pestat] analyzing insert size distribution for orientation FR...
[M::mem_pestat] (25, 50, 75) percentile: (162, 184, 209)
[M::mem_pestat] low and high boundaries for computing mean and std.dev: (68, 303)
[M::mem_pestat] mean and std.dev: (186.17, 32.50)
[M::mem_pestat] low and high boundaries for proper pairs: (21, 350)
[M::mem_pestat] skip orientation RF as there are not enough pairs
[M::mem_pestat] skip orientation RR as there are not enough pairs
[M::mem_process_seqs] Processed 648552 reads in 815.768 CPU sec, 111.054 real sec
[M::process] 0 single-end sequences; 646674 paired-end sequences
[M::process] read 646114 sequences (80000119 bp)...
[M::mem_pestat] # candidate unique pairs for (FF, FR, RF, RR): (0, 244296, 7, 0)
[M::mem_pestat] skip orientation FF as there are not enough pairs
[M::mem_pestat] analyzing insert size distribution for orientation FR...
[M::mem_pestat] (25, 50, 75) percentile: (162, 184, 209)
[M::mem_pestat] low and high boundaries for computing mean and std.dev: (68, 303)
[M::mem_pestat] mean and std.dev: (186.16, 32.51)
[M::mem_pestat] low and high boundaries for proper pairs: (21, 350)
[M::mem_pestat] skip orientation RF as there are not enough pairs
[M::mem_pestat] skip orientation RR as there are not enough pairs
[M::mem_process_seqs] Processed 646674 reads in 792.605 CPU sec, 111.232 real sec
[M::process] 0 single-end sequences; 646114 paired-end sequences
[M::process] read 647906 sequences (80000013 bp)...
[M::mem_pestat] # candidate unique pairs for (FF, FR, RF, RR): (0, 243878, 4, 0)
[M::mem_pestat] skip orientation FF as there are not enough pairs
[M::mem_pestat] analyzing insert size distribution for orientation FR...
[M::mem_pestat] (25, 50, 75) percentile: (162, 184, 208)
[M::mem_pestat] low and high boundaries for computing mean and std.dev: (70, 300)
[M::mem_pestat] mean and std.dev: (185.99, 32.46)
[M::mem_pestat] low and high boundaries for proper pairs: (24, 346)
[M::mem_pestat] skip orientation RF as there are not enough pairs
[M::mem_pestat] skip orientation RR as there are not enough pairs
[M::mem_process_seqs] Processed 646114 reads in 799.763 CPU sec, 108.817 real sec
[M::process] 0 single-end sequences; 647906 paired-end sequences
[M::process] read 651920 sequences (80000026 bp)...
[M::mem_pestat] # candidate unique pairs for (FF, FR, RF, RR): (0, 244070, 2, 0)
[M::mem_pestat] skip orientation FF as there are not enough pairs
[M::mem_pestat] analyzing insert size distribution for orientation FR...
[M::mem_pestat] (25, 50, 75) percentile: (162, 184, 208)
[M::mem_pestat] low and high boundaries for computing mean and std.dev: (70, 300)
[M::mem_pestat] mean and std.dev: (186.08, 32.45)
[M::mem_pestat] low and high boundaries for proper pairs: (24, 346)
[M::mem_pestat] skip orientation RF as there are not enough pairs
[M::mem_pestat] skip orientation RR as there are not enough pairs
[M::mem_process_seqs] Processed 647906 reads in 829.033 CPU sec, 108.906 real sec
[M::process] 0 single-end sequences; 651920 paired-end sequences
[M::process] read 650414 sequences (80000018 bp)...
[M::mem_pestat] # candidate unique pairs for (FF, FR, RF, RR): (0, 245372, 2, 0)
[M::mem_pestat] skip orientation FF as there are not enough pairs
[M::mem_pestat] analyzing insert size distribution for orientation FR...
[M::mem_pestat] (25, 50, 75) percentile: (162, 184, 209)
[M::mem_pestat] low and high boundaries for computing mean and std.dev: (68, 303)
[M::mem_pestat] mean and std.dev: (186.50, 32.53)
[M::mem_pestat] low and high boundaries for proper pairs: (21, 350)
[M::mem_pestat] skip orientation RF as there are not enough pairs
[M::mem_pestat] skip orientation RR as there are not enough pairs
[M::mem_process_seqs] Processed 651920 reads in 853.016 CPU sec, 110.887 real sec
[M::process] 0 single-end sequences; 650414 paired-end sequences
[M::process] read 650058 sequences (80000209 bp)...
[M::mem_pestat] # candidate unique pairs for (FF, FR, RF, RR): (0, 245283, 2, 0)
[M::mem_pestat] skip orientation FF as there are not enough pairs
[M::mem_pestat] analyzing insert size distribution for orientation FR...
[M::mem_pestat] (25, 50, 75) percentile: (162, 184, 209)
[M::mem_pestat] low and high boundaries for computing mean and std.dev: (68, 303)
[M::mem_pestat] mean and std.dev: (186.28, 32.49)
[M::mem_pestat] low and high boundaries for proper pairs: (21, 350)
[M::mem_pestat] skip orientation RF as there are not enough pairs
[M::mem_pestat] skip orientation RR as there are not enough pairs
[M::mem_process_seqs] Processed 650414 reads in 843.848 CPU sec, 108.977 real sec
[M::process] 0 single-end sequences; 650058 paired-end sequences
[M::process] read 647692 sequences (80000162 bp)...
[M::mem_pestat] # candidate unique pairs for (FF, FR, RF, RR): (0, 245507, 5, 0)
[M::mem_pestat] skip orientation FF as there are not enough pairs
[M::mem_pestat] analyzing insert size distribution for orientation FR...
[M::mem_pestat] (25, 50, 75) percentile: (162, 184, 208)
[M::mem_pestat] low and high boundaries for computing mean and std.dev: (70, 300)
[M::mem_pestat] mean and std.dev: (186.17, 32.45)
[M::mem_pestat] low and high boundaries for proper pairs: (24, 346)
[M::mem_pestat] skip orientation RF as there are not enough pairs
[M::mem_pestat] skip orientation RR as there are not enough pairs
[M::mem_process_seqs] Processed 650058 reads in 827.201 CPU sec, 107.664 real sec
[M::process] 0 single-end sequences; 647692 paired-end sequences
[M::process] read 647030 sequences (80000168 bp)...
[M::mem_pestat] # candidate unique pairs for (FF, FR, RF, RR): (0, 245249, 4, 0)
[M::mem_pestat] skip orientation FF as there are not enough pairs
[M::mem_pestat] analyzing insert size distribution for orientation FR...
[M::mem_pestat] (25, 50, 75) percentile: (162, 184, 209)
[M::mem_pestat] low and high boundaries for computing mean and std.dev: (68, 303)
[M::mem_pestat] mean and std.dev: (186.25, 32.51)
[M::mem_pestat] low and high boundaries for proper pairs: (21, 350)
[M::mem_pestat] skip orientation RF as there are not enough pairs
[M::mem_pestat] skip orientation RR as there are not enough pairs
[M::mem_process_seqs] Processed 647692 reads in 801.309 CPU sec, 103.456 real sec
[M::process] 0 single-end sequences; 647030 paired-end sequences
[M::process] read 648092 sequences (80000010 bp)...
[M::mem_pestat] # candidate unique pairs for (FF, FR, RF, RR): (0, 244447, 2, 0)
[M::mem_pestat] skip orientation FF as there are not enough pairs
[M::mem_pestat] analyzing insert size distribution for orientation FR...
[M::mem_pestat] (25, 50, 75) percentile: (162, 184, 208)
[M::mem_pestat] low and high boundaries for computing mean and std.dev: (70, 300)
[M::mem_pestat] mean and std.dev: (186.01, 32.44)
[M::mem_pestat] low and high boundaries for proper pairs: (24, 346)
[M::mem_pestat] skip orientation RF as there are not enough pairs
[M::mem_pestat] skip orientation RR as there are not enough pairs
[M::mem_process_seqs] Processed 647030 reads in 804.948 CPU sec, 103.841 real sec
[M::process] 0 single-end sequences; 648092 paired-end sequences
[M::process] read 649234 sequences (80000141 bp)...
[M::mem_pestat] # candidate unique pairs for (FF, FR, RF, RR): (0, 244468, 2, 0)
[M::mem_pestat] skip orientation FF as there are not enough pairs
[M::mem_pestat] analyzing insert size distribution for orientation FR...
[M::mem_pestat] (25, 50, 75) percentile: (162, 184, 208)
[M::mem_pestat] low and high boundaries for computing mean and std.dev: (70, 300)
[M::mem_pestat] mean and std.dev: (186.03, 32.48)
[M::mem_pestat] low and high boundaries for proper pairs: (24, 346)
[M::mem_pestat] skip orientation RF as there are not enough pairs
[M::mem_pestat] skip orientation RR as there are not enough pairs
[M::mem_process_seqs] Processed 648092 reads in 824.052 CPU sec, 106.241 real sec
[M::process] 0 single-end sequences; 649234 paired-end sequences
[M::process] read 647746 sequences (80000153 bp)...
[M::mem_pestat] # candidate unique pairs for (FF, FR, RF, RR): (0, 243680, 2, 0)
[M::mem_pestat] skip orientation FF as there are not enough pairs
[M::mem_pestat] analyzing insert size distribution for orientation FR...
[M::mem_pestat] (25, 50, 75) percentile: (162, 184, 209)
[M::mem_pestat] low and high boundaries for computing mean and std.dev: (68, 303)
[M::mem_pestat] mean and std.dev: (186.42, 32.49)
[M::mem_pestat] low and high boundaries for proper pairs: (21, 350)
[M::mem_pestat] skip orientation RF as there are not enough pairs
[M::mem_pestat] skip orientation RR as there are not enough pairs
[M::mem_process_seqs] Processed 649234 reads in 837.950 CPU sec, 108.229 real sec
[M::process] 0 single-end sequences; 647746 paired-end sequences
[M::process] read 647018 sequences (80000051 bp)...
[M::mem_pestat] # candidate unique pairs for (FF, FR, RF, RR): (0, 244250, 4, 0)
[M::mem_pestat] skip orientation FF as there are not enough pairs
[M::mem_pestat] analyzing insert size distribution for orientation FR...
[M::mem_pestat] (25, 50, 75) percentile: (162, 184, 209)
[M::mem_pestat] low and high boundaries for computing mean and std.dev: (68, 303)
[M::mem_pestat] mean and std.dev: (186.30, 32.44)
[M::mem_pestat] low and high boundaries for proper pairs: (21, 350)
[M::mem_pestat] skip orientation RF as there are not enough pairs
[M::mem_pestat] skip orientation RR as there are not enough pairs
[M::mem_process_seqs] Processed 647746 reads in 816.319 CPU sec, 105.099 real sec
[M::process] 0 single-end sequences; 647018 paired-end sequences
[M::process] read 646208 sequences (80000002 bp)...
[M::mem_pestat] # candidate unique pairs for (FF, FR, RF, RR): (0, 244096, 1, 0)
[M::mem_pestat] skip orientation FF as there are not enough pairs
[M::mem_pestat] analyzing insert size distribution for orientation FR...
[M::mem_pestat] (25, 50, 75) percentile: (162, 184, 208)
[M::mem_pestat] low and high boundaries for computing mean and std.dev: (70, 300)
[M::mem_pestat] mean and std.dev: (186.24, 32.47)
[M::mem_pestat] low and high boundaries for proper pairs: (24, 346)
[M::mem_pestat] skip orientation RF as there are not enough pairs
[M::mem_pestat] skip orientation RR as there are not enough pairs
[M::mem_process_seqs] Processed 647018 reads in 803.618 CPU sec, 103.415 real sec
[M::process] 0 single-end sequences; 646208 paired-end sequences
[M::process] read 645694 sequences (80000086 bp)...
[M::mem_pestat] # candidate unique pairs for (FF, FR, RF, RR): (0, 243880, 2, 0)
[M::mem_pestat] skip orientation FF as there are not enough pairs
[M::mem_pestat] analyzing insert size distribution for orientation FR...
[M::mem_pestat] (25, 50, 75) percentile: (162, 184, 209)
[M::mem_pestat] low and high boundaries for computing mean and std.dev: (68, 303)
[M::mem_pestat] mean and std.dev: (186.26, 32.49)
[M::mem_pestat] low and high boundaries for proper pairs: (21, 350)
[M::mem_pestat] skip orientation RF as there are not enough pairs
[M::mem_pestat] skip orientation RR as there are not enough pairs
[M::mem_process_seqs] Processed 646208 reads in 806.717 CPU sec, 104.558 real sec
[M::process] 0 single-end sequences; 645694 paired-end sequences
[M::process] read 648240 sequences (80000203 bp)...
[M::mem_pestat] # candidate unique pairs for (FF, FR, RF, RR): (0, 244418, 3, 0)
[M::mem_pestat] skip orientation FF as there are not enough pairs
[M::mem_pestat] analyzing insert size distribution for orientation FR...
[M::mem_pestat] (25, 50, 75) percentile: (162, 184, 208)
[M::mem_pestat] low and high boundaries for computing mean and std.dev: (70, 300)
[M::mem_pestat] mean and std.dev: (186.13, 32.48)
[M::mem_pestat] low and high boundaries for proper pairs: (24, 346)
[M::mem_pestat] skip orientation RF as there are not enough pairs
[M::mem_pestat] skip orientation RR as there are not enough pairs
[M::mem_process_seqs] Processed 645694 reads in 806.931 CPU sec, 104.101 real sec
[M::process] 0 single-end sequences; 648240 paired-end sequences
[M::process] read 649560 sequences (80000077 bp)...
[M::mem_pestat] # candidate unique pairs for (FF, FR, RF, RR): (0, 244301, 3, 0)
[M::mem_pestat] skip orientation FF as there are not enough pairs
[M::mem_pestat] analyzing insert size distribution for orientation FR...
[M::mem_pestat] (25, 50, 75) percentile: (162, 184, 208)
[M::mem_pestat] low and high boundaries for computing mean and std.dev: (70, 300)
[M::mem_pestat] mean and std.dev: (186.14, 32.41)
[M::mem_pestat] low and high boundaries for proper pairs: (24, 346)
[M::mem_pestat] skip orientation RF as there are not enough pairs
[M::mem_pestat] skip orientation RR as there are not enough pairs
[M::mem_process_seqs] Processed 648240 reads in 873.696 CPU sec, 112.751 real sec
[M::process] 0 single-end sequences; 649560 paired-end sequences
[M::process] read 649254 sequences (80000079 bp)...
[M::mem_pestat] # candidate unique pairs for (FF, FR, RF, RR): (0, 244040, 3, 0)
[M::mem_pestat] skip orientation FF as there are not enough pairs
[M::mem_pestat] analyzing insert size distribution for orientation FR...
[M::mem_pestat] (25, 50, 75) percentile: (162, 184, 209)
[M::mem_pestat] low and high boundaries for computing mean and std.dev: (68, 303)
[M::mem_pestat] mean and std.dev: (186.31, 32.49)
[M::mem_pestat] low and high boundaries for proper pairs: (21, 350)
[M::mem_pestat] skip orientation RF as there are not enough pairs
[M::mem_pestat] skip orientation RR as there are not enough pairs
[M::mem_process_seqs] Processed 649560 reads in 895.185 CPU sec, 115.473 real sec
[M::process] 0 single-end sequences; 649254 paired-end sequences
[M::process] read 647770 sequences (80000066 bp)...
[M::mem_pestat] # candidate unique pairs for (FF, FR, RF, RR): (0, 244605, 2, 0)
[M::mem_pestat] skip orientation FF as there are not enough pairs
[M::mem_pestat] analyzing insert size distribution for orientation FR...
[M::mem_pestat] (25, 50, 75) percentile: (162, 184, 209)
[M::mem_pestat] low and high boundaries for computing mean and std.dev: (68, 303)
[M::mem_pestat] mean and std.dev: (186.23, 32.54)
[M::mem_pestat] low and high boundaries for proper pairs: (21, 350)
[M::mem_pestat] skip orientation RF as there are not enough pairs
[M::mem_pestat] skip orientation RR as there are not enough pairs
[M::mem_process_seqs] Processed 649254 reads in 911.976 CPU sec, 117.132 real sec
[M::process] 0 single-end sequences; 647770 paired-end sequences
[M::process] read 646968 sequences (80000010 bp)...
[M::mem_pestat] # candidate unique pairs for (FF, FR, RF, RR): (0, 243439, 5, 0)
[M::mem_pestat] skip orientation FF as there are not enough pairs
[M::mem_pestat] analyzing insert size distribution for orientation FR...
[M::mem_pestat] (25, 50, 75) percentile: (162, 184, 208)
[M::mem_pestat] low and high boundaries for computing mean and std.dev: (70, 300)
[M::mem_pestat] mean and std.dev: (186.16, 32.43)
[M::mem_pestat] low and high boundaries for proper pairs: (24, 346)
[M::mem_pestat] skip orientation RF as there are not enough pairs
[M::mem_pestat] skip orientation RR as there are not enough pairs
[M::mem_process_seqs] Processed 647770 reads in 1110.906 CPU sec, 142.918 real sec
[M::process] 0 single-end sequences; 646968 paired-end sequences
[M::process] read 648190 sequences (80000025 bp)...
[M::mem_pestat] # candidate unique pairs for (FF, FR, RF, RR): (0, 242549, 2, 0)
[M::mem_pestat] skip orientation FF as there are not enough pairs
[M::mem_pestat] analyzing insert size distribution for orientation FR...
[M::mem_pestat] (25, 50, 75) percentile: (162, 184, 208)
[M::mem_pestat] low and high boundaries for computing mean and std.dev: (70, 300)
[M::mem_pestat] mean and std.dev: (186.00, 32.43)
[M::mem_pestat] low and high boundaries for proper pairs: (24, 346)
[M::mem_pestat] skip orientation RF as there are not enough pairs
[M::mem_pestat] skip orientation RR as there are not enough pairs
[M::mem_process_seqs] Processed 646968 reads in 1011.054 CPU sec, 129.500 real sec
[M::process] 0 single-end sequences; 648190 paired-end sequences
[M::process] read 652266 sequences (80000216 bp)...
[M::mem_pestat] # candidate unique pairs for (FF, FR, RF, RR): (0, 244091, 4, 0)
[M::mem_pestat] skip orientation FF as there are not enough pairs
[M::mem_pestat] analyzing insert size distribution for orientation FR...
[M::mem_pestat] (25, 50, 75) percentile: (162, 184, 208)
[M::mem_pestat] low and high boundaries for computing mean and std.dev: (70, 300)
[M::mem_pestat] mean and std.dev: (185.98, 32.46)
[M::mem_pestat] low and high boundaries for proper pairs: (24, 346)
[M::mem_pestat] skip orientation RF as there are not enough pairs
[M::mem_pestat] skip orientation RR as there are not enough pairs
[M::mem_process_seqs] Processed 648190 reads in 875.018 CPU sec, 112.402 real sec
[M::process] 0 single-end sequences; 652266 paired-end sequences
[M::process] read 650360 sequences (80000139 bp)...
[M::mem_pestat] # candidate unique pairs for (FF, FR, RF, RR): (0, 245314, 3, 0)
[M::mem_pestat] skip orientation FF as there are not enough pairs
[M::mem_pestat] analyzing insert size distribution for orientation FR...
[M::mem_pestat] (25, 50, 75) percentile: (162, 184, 209)
[M::mem_pestat] low and high boundaries for computing mean and std.dev: (68, 303)
[M::mem_pestat] mean and std.dev: (186.35, 32.55)
[M::mem_pestat] low and high boundaries for proper pairs: (21, 350)
[M::mem_pestat] skip orientation RF as there are not enough pairs
[M::mem_pestat] skip orientation RR as there are not enough pairs
[M::mem_process_seqs] Processed 652266 reads in 877.130 CPU sec, 112.685 real sec
[M::process] 0 single-end sequences; 650360 paired-end sequences
[M::process] read 650422 sequences (80000018 bp)...
[M::mem_pestat] # candidate unique pairs for (FF, FR, RF, RR): (0, 245201, 5, 0)
[M::mem_pestat] skip orientation FF as there are not enough pairs
[M::mem_pestat] analyzing insert size distribution for orientation FR...
[M::mem_pestat] (25, 50, 75) percentile: (162, 184, 209)
[M::mem_pestat] low and high boundaries for computing mean and std.dev: (68, 303)
[M::mem_pestat] mean and std.dev: (186.23, 32.47)
[M::mem_pestat] low and high boundaries for proper pairs: (21, 350)
[M::mem_pestat] skip orientation RF as there are not enough pairs
[M::mem_pestat] skip orientation RR as there are not enough pairs
[M::mem_process_seqs] Processed 650360 reads in 867.910 CPU sec, 111.560 real sec
[M::process] 0 single-end sequences; 650422 paired-end sequences
[M::process] read 648210 sequences (80000119 bp)...
[M::mem_pestat] # candidate unique pairs for (FF, FR, RF, RR): (0, 245244, 4, 0)
[M::mem_pestat] skip orientation FF as there are not enough pairs
[M::mem_pestat] analyzing insert size distribution for orientation FR...
[M::mem_pestat] (25, 50, 75) percentile: (162, 184, 208)
[M::mem_pestat] low and high boundaries for computing mean and std.dev: (70, 300)
[M::mem_pestat] mean and std.dev: (186.08, 32.38)
[M::mem_pestat] low and high boundaries for proper pairs: (24, 346)
[M::mem_pestat] skip orientation RF as there are not enough pairs
[M::mem_pestat] skip orientation RR as there are not enough pairs
[M::mem_process_seqs] Processed 650422 reads in 860.955 CPU sec, 110.572 real sec
[M::process] 0 single-end sequences; 648210 paired-end sequences
[M::process] read 647954 sequences (80000174 bp)...
[M::mem_pestat] # candidate unique pairs for (FF, FR, RF, RR): (0, 244606, 1, 0)
[M::mem_pestat] skip orientation FF as there are not enough pairs
[M::mem_pestat] analyzing insert size distribution for orientation FR...
[M::mem_pestat] (25, 50, 75) percentile: (162, 184, 208)
[M::mem_pestat] low and high boundaries for computing mean and std.dev: (70, 300)
[M::mem_pestat] mean and std.dev: (186.05, 32.45)
[M::mem_pestat] low and high boundaries for proper pairs: (24, 346)
[M::mem_pestat] skip orientation RF as there are not enough pairs
[M::mem_pestat] skip orientation RR as there are not enough pairs
[M::mem_process_seqs] Processed 648210 reads in 834.548 CPU sec, 107.456 real sec
[M::process] 0 single-end sequences; 647954 paired-end sequences
[M::process] read 649430 sequences (80000179 bp)...
[M::mem_pestat] # candidate unique pairs for (FF, FR, RF, RR): (0, 244763, 4, 0)
[M::mem_pestat] skip orientation FF as there are not enough pairs
[M::mem_pestat] analyzing insert size distribution for orientation FR...
[M::mem_pestat] (25, 50, 75) percentile: (162, 184, 208)
[M::mem_pestat] low and high boundaries for computing mean and std.dev: (70, 300)
[M::mem_pestat] mean and std.dev: (186.07, 32.46)
[M::mem_pestat] low and high boundaries for proper pairs: (24, 346)
[M::mem_pestat] skip orientation RF as there are not enough pairs
[M::mem_pestat] skip orientation RR as there are not enough pairs
[M::mem_process_seqs] Processed 647954 reads in 815.559 CPU sec, 104.784 real sec
[M::process] 0 single-end sequences; 649430 paired-end sequences
[M::process] read 649368 sequences (80000230 bp)...
[M::mem_pestat] # candidate unique pairs for (FF, FR, RF, RR): (0, 245127, 3, 0)
[M::mem_pestat] skip orientation FF as there are not enough pairs
[M::mem_pestat] analyzing insert size distribution for orientation FR...
[M::mem_pestat] (25, 50, 75) percentile: (162, 184, 208)
[M::mem_pestat] low and high boundaries for computing mean and std.dev: (70, 300)
[M::mem_pestat] mean and std.dev: (186.08, 32.40)
[M::mem_pestat] low and high boundaries for proper pairs: (24, 346)
[M::mem_pestat] skip orientation RF as there are not enough pairs
[M::mem_pestat] skip orientation RR as there are not enough pairs
[M::mem_process_seqs] Processed 649430 reads in 827.521 CPU sec, 106.466 real sec
[M::process] 0 single-end sequences; 649368 paired-end sequences
[M::process] read 648124 sequences (80000244 bp)...
[M::mem_pestat] # candidate unique pairs for (FF, FR, RF, RR): (0, 243679, 0, 0)
[M::mem_pestat] skip orientation FF as there are not enough pairs
[M::mem_pestat] analyzing insert size distribution for orientation FR...
[M::mem_pestat] (25, 50, 75) percentile: (162, 184, 209)
[M::mem_pestat] low and high boundaries for computing mean and std.dev: (68, 303)
[M::mem_pestat] mean and std.dev: (186.51, 32.48)
[M::mem_pestat] low and high boundaries for proper pairs: (21, 350)
[M::mem_pestat] skip orientation RF as there are not enough pairs
[M::mem_pestat] skip orientation RR as there are not enough pairs
[M::mem_process_seqs] Processed 649368 reads in 843.062 CPU sec, 108.220 real sec
[M::process] 0 single-end sequences; 648124 paired-end sequences
[M::process] read 647454 sequences (80000244 bp)...
[M::mem_pestat] # candidate unique pairs for (FF, FR, RF, RR): (0, 244263, 8, 0)
[M::mem_pestat] skip orientation FF as there are not enough pairs
[M::mem_pestat] analyzing insert size distribution for orientation FR...
[M::mem_pestat] (25, 50, 75) percentile: (162, 184, 209)
[M::mem_pestat] low and high boundaries for computing mean and std.dev: (68, 303)
[M::mem_pestat] mean and std.dev: (186.34, 32.57)
[M::mem_pestat] low and high boundaries for proper pairs: (21, 350)
[M::mem_pestat] skip orientation RF as there are not enough pairs
[M::mem_pestat] skip orientation RR as there are not enough pairs
[M::mem_process_seqs] Processed 648124 reads in 822.107 CPU sec, 105.649 real sec
[M::process] 0 single-end sequences; 647454 paired-end sequences
[M::process] read 646470 sequences (80000177 bp)...
[M::mem_pestat] # candidate unique pairs for (FF, FR, RF, RR): (0, 244140, 5, 0)
[M::mem_pestat] skip orientation FF as there are not enough pairs
[M::mem_pestat] analyzing insert size distribution for orientation FR...
[M::mem_pestat] (25, 50, 75) percentile: (162, 184, 209)
[M::mem_pestat] low and high boundaries for computing mean and std.dev: (68, 303)
[M::mem_pestat] mean and std.dev: (186.28, 32.48)
[M::mem_pestat] low and high boundaries for proper pairs: (21, 350)
[M::mem_pestat] skip orientation RF as there are not enough pairs
[M::mem_pestat] skip orientation RR as there are not enough pairs
[M::mem_process_seqs] Processed 647454 reads in 808.736 CPU sec, 103.949 real sec
[M::process] 0 single-end sequences; 646470 paired-end sequences
[M::process] read 646024 sequences (80000020 bp)...
[M::mem_pestat] # candidate unique pairs for (FF, FR, RF, RR): (0, 243910, 8, 0)
[M::mem_pestat] skip orientation FF as there are not enough pairs
[M::mem_pestat] analyzing insert size distribution for orientation FR...
[M::mem_pestat] (25, 50, 75) percentile: (162, 184, 208)
[M::mem_pestat] low and high boundaries for computing mean and std.dev: (70, 300)
[M::mem_pestat] mean and std.dev: (186.06, 32.41)
[M::mem_pestat] low and high boundaries for proper pairs: (24, 346)
[M::mem_pestat] skip orientation RF as there are not enough pairs
[M::mem_pestat] skip orientation RR as there are not enough pairs
[M::mem_process_seqs] Processed 646470 reads in 809.049 CPU sec, 103.923 real sec
[M::process] 0 single-end sequences; 646024 paired-end sequences
[M::process] read 646068 sequences (80000134 bp)...
[M::mem_pestat] # candidate unique pairs for (FF, FR, RF, RR): (0, 244063, 1, 0)
[M::mem_pestat] skip orientation FF as there are not enough pairs
[M::mem_pestat] analyzing insert size distribution for orientation FR...
[M::mem_pestat] (25, 50, 75) percentile: (162, 184, 208)
[M::mem_pestat] low and high boundaries for computing mean and std.dev: (70, 300)
[M::mem_pestat] mean and std.dev: (186.02, 32.52)
[M::mem_pestat] low and high boundaries for proper pairs: (24, 346)
[M::mem_pestat] skip orientation RF as there are not enough pairs
[M::mem_pestat] skip orientation RR as there are not enough pairs
[M::mem_process_seqs] Processed 646024 reads in 815.520 CPU sec, 104.756 real sec
[M::process] 0 single-end sequences; 646068 paired-end sequences
[M::process] read 645552 sequences (80000035 bp)...
[M::mem_pestat] # candidate unique pairs for (FF, FR, RF, RR): (0, 244037, 6, 0)
[M::mem_pestat] skip orientation FF as there are not enough pairs
[M::mem_pestat] analyzing insert size distribution for orientation FR...
[M::mem_pestat] (25, 50, 75) percentile: (162, 184, 209)
[M::mem_pestat] low and high boundaries for computing mean and std.dev: (68, 303)
[M::mem_pestat] mean and std.dev: (186.35, 32.48)
[M::mem_pestat] low and high boundaries for proper pairs: (21, 350)
[M::mem_pestat] skip orientation RF as there are not enough pairs
[M::mem_pestat] skip orientation RR as there are not enough pairs
[M::mem_process_seqs] Processed 646068 reads in 812.794 CPU sec, 104.578 real sec
[M::process] 0 single-end sequences; 645552 paired-end sequences
[M::process] read 645444 sequences (80000193 bp)...
[M::mem_pestat] # candidate unique pairs for (FF, FR, RF, RR): (0, 242705, 1, 0)
[M::mem_pestat] skip orientation FF as there are not enough pairs
[M::mem_pestat] analyzing insert size distribution for orientation FR...
[M::mem_pestat] (25, 50, 75) percentile: (162, 184, 209)
[M::mem_pestat] low and high boundaries for computing mean and std.dev: (68, 303)
[M::mem_pestat] mean and std.dev: (186.55, 32.51)
[M::mem_pestat] low and high boundaries for proper pairs: (21, 350)
[M::mem_pestat] skip orientation RF as there are not enough pairs
[M::mem_pestat] skip orientation RR as there are not enough pairs
[M::mem_process_seqs] Processed 645552 reads in 825.906 CPU sec, 105.998 real sec
[M::process] 0 single-end sequences; 645444 paired-end sequences
[M::process] read 645434 sequences (80000242 bp)...
[M::mem_pestat] # candidate unique pairs for (FF, FR, RF, RR): (0, 242784, 6, 0)
[M::mem_pestat] skip orientation FF as there are not enough pairs
[M::mem_pestat] analyzing insert size distribution for orientation FR...
[M::mem_pestat] (25, 50, 75) percentile: (162, 184, 209)
[M::mem_pestat] low and high boundaries for computing mean and std.dev: (68, 303)
[M::mem_pestat] mean and std.dev: (186.39, 32.53)
[M::mem_pestat] low and high boundaries for proper pairs: (21, 350)
[M::mem_pestat] skip orientation RF as there are not enough pairs
[M::mem_pestat] skip orientation RR as there are not enough pairs
[M::mem_process_seqs] Processed 645444 reads in 833.815 CPU sec, 107.059 real sec
[M::process] 0 single-end sequences; 645434 paired-end sequences
[M::process] read 645488 sequences (80000021 bp)...
[M::mem_pestat] # candidate unique pairs for (FF, FR, RF, RR): (0, 241439, 4, 0)
[M::mem_pestat] skip orientation FF as there are not enough pairs
[M::mem_pestat] analyzing insert size distribution for orientation FR...
[M::mem_pestat] (25, 50, 75) percentile: (162, 184, 209)
[M::mem_pestat] low and high boundaries for computing mean and std.dev: (68, 303)
[M::mem_pestat] mean and std.dev: (186.30, 32.52)
[M::mem_pestat] low and high boundaries for proper pairs: (21, 350)
[M::mem_pestat] skip orientation RF as there are not enough pairs
[M::mem_pestat] skip orientation RR as there are not enough pairs
[M::mem_process_seqs] Processed 645434 reads in 854.446 CPU sec, 109.858 real sec
[M::process] 0 single-end sequences; 645488 paired-end sequences
[M::process] read 645678 sequences (80000220 bp)...
[M::mem_pestat] # candidate unique pairs for (FF, FR, RF, RR): (0, 240356, 3, 0)
[M::mem_pestat] skip orientation FF as there are not enough pairs
[M::mem_pestat] analyzing insert size distribution for orientation FR...
[M::mem_pestat] (25, 50, 75) percentile: (162, 184, 208)
[M::mem_pestat] low and high boundaries for computing mean and std.dev: (70, 300)
[M::mem_pestat] mean and std.dev: (186.13, 32.47)
[M::mem_pestat] low and high boundaries for proper pairs: (24, 346)
[M::mem_pestat] skip orientation RF as there are not enough pairs
[M::mem_pestat] skip orientation RR as there are not enough pairs
[M::mem_process_seqs] Processed 645488 reads in 872.879 CPU sec, 111.997 real sec
[M::process] 0 single-end sequences; 645678 paired-end sequences
[M::process] read 645852 sequences (80000158 bp)...
[M::mem_pestat] # candidate unique pairs for (FF, FR, RF, RR): (0, 239628, 1, 0)
[M::mem_pestat] skip orientation FF as there are not enough pairs
[M::mem_pestat] analyzing insert size distribution for orientation FR...
[M::mem_pestat] (25, 50, 75) percentile: (162, 184, 208)
[M::mem_pestat] low and high boundaries for computing mean and std.dev: (70, 300)
[M::mem_pestat] mean and std.dev: (186.14, 32.50)
[M::mem_pestat] low and high boundaries for proper pairs: (24, 346)
[M::mem_pestat] skip orientation RF as there are not enough pairs
[M::mem_pestat] skip orientation RR as there are not enough pairs
[M::mem_process_seqs] Processed 645678 reads in 880.004 CPU sec, 112.847 real sec
[M::process] 0 single-end sequences; 645852 paired-end sequences
[M::process] read 645518 sequences (80000039 bp)...
[M::mem_pestat] # candidate unique pairs for (FF, FR, RF, RR): (0, 243718, 6, 0)
[M::mem_pestat] skip orientation FF as there are not enough pairs
[M::mem_pestat] analyzing insert size distribution for orientation FR...
[M::mem_pestat] (25, 50, 75) percentile: (162, 184, 209)
[M::mem_pestat] low and high boundaries for computing mean and std.dev: (68, 303)
[M::mem_pestat] mean and std.dev: (186.52, 32.51)
[M::mem_pestat] low and high boundaries for proper pairs: (21, 350)
[M::mem_pestat] skip orientation RF as there are not enough pairs
[M::mem_pestat] skip orientation RR as there are not enough pairs
[M::mem_process_seqs] Processed 645852 reads in 813.568 CPU sec, 104.472 real sec
[M::process] 0 single-end sequences; 645518 paired-end sequences
[M::process] read 645552 sequences (80000004 bp)...
[M::mem_pestat] # candidate unique pairs for (FF, FR, RF, RR): (0, 242820, 5, 0)
[M::mem_pestat] skip orientation FF as there are not enough pairs
[M::mem_pestat] analyzing insert size distribution for orientation FR...
[M::mem_pestat] (25, 50, 75) percentile: (162, 184, 209)
[M::mem_pestat] low and high boundaries for computing mean and std.dev: (68, 303)
[M::mem_pestat] mean and std.dev: (186.44, 32.51)
[M::mem_pestat] low and high boundaries for proper pairs: (21, 350)
[M::mem_pestat] skip orientation RF as there are not enough pairs
[M::mem_pestat] skip orientation RR as there are not enough pairs
[M::mem_process_seqs] Processed 645518 reads in 817.336 CPU sec, 104.951 real sec
[M::process] 0 single-end sequences; 645552 paired-end sequences
[M::process] read 645452 sequences (80000133 bp)...
[M::mem_pestat] # candidate unique pairs for (FF, FR, RF, RR): (0, 242788, 6, 0)
[M::mem_pestat] skip orientation FF as there are not enough pairs
[M::mem_pestat] analyzing insert size distribution for orientation FR...
[M::mem_pestat] (25, 50, 75) percentile: (162, 184, 209)
[M::mem_pestat] low and high boundaries for computing mean and std.dev: (68, 303)
[M::mem_pestat] mean and std.dev: (186.23, 32.53)
[M::mem_pestat] low and high boundaries for proper pairs: (21, 350)
[M::mem_pestat] skip orientation RF as there are not enough pairs
[M::mem_pestat] skip orientation RR as there are not enough pairs
[M::mem_process_seqs] Processed 645552 reads in 820.526 CPU sec, 105.333 real sec
[M::process] 0 single-end sequences; 645452 paired-end sequences
[M::process] read 645688 sequences (80000209 bp)...
[M::mem_pestat] # candidate unique pairs for (FF, FR, RF, RR): (0, 241917, 2, 0)
[M::mem_pestat] skip orientation FF as there are not enough pairs
[M::mem_pestat] analyzing insert size distribution for orientation FR...
[M::mem_pestat] (25, 50, 75) percentile: (162, 184, 209)
[M::mem_pestat] low and high boundaries for computing mean and std.dev: (68, 303)
[M::mem_pestat] mean and std.dev: (186.24, 32.47)
[M::mem_pestat] low and high boundaries for proper pairs: (21, 350)
[M::mem_pestat] skip orientation RF as there are not enough pairs
[M::mem_pestat] skip orientation RR as there are not enough pairs
[M::mem_process_seqs] Processed 645452 reads in 847.323 CPU sec, 108.796 real sec
[M::process] 0 single-end sequences; 645688 paired-end sequences
[M::process] read 645744 sequences (80000035 bp)...
[M::mem_pestat] # candidate unique pairs for (FF, FR, RF, RR): (0, 240949, 4, 0)
[M::mem_pestat] skip orientation FF as there are not enough pairs
[M::mem_pestat] analyzing insert size distribution for orientation FR...
[M::mem_pestat] (25, 50, 75) percentile: (162, 184, 208)
[M::mem_pestat] low and high boundaries for computing mean and std.dev: (70, 300)
[M::mem_pestat] mean and std.dev: (185.97, 32.45)
[M::mem_pestat] low and high boundaries for proper pairs: (24, 346)
[M::mem_pestat] skip orientation RF as there are not enough pairs
[M::mem_pestat] skip orientation RR as there are not enough pairs
[M::mem_process_seqs] Processed 645688 reads in 856.354 CPU sec, 109.793 real sec
[M::process] 0 single-end sequences; 645744 paired-end sequences
[M::process] read 645434 sequences (80000186 bp)...
[M::mem_pestat] # candidate unique pairs for (FF, FR, RF, RR): (0, 241882, 2, 0)
[M::mem_pestat] skip orientation FF as there are not enough pairs
[M::mem_pestat] analyzing insert size distribution for orientation FR...
[M::mem_pestat] (25, 50, 75) percentile: (162, 184, 209)
[M::mem_pestat] low and high boundaries for computing mean and std.dev: (68, 303)
[M::mem_pestat] mean and std.dev: (186.19, 32.49)
[M::mem_pestat] low and high boundaries for proper pairs: (21, 350)
[M::mem_pestat] skip orientation RF as there are not enough pairs
[M::mem_pestat] skip orientation RR as there are not enough pairs
[M::mem_process_seqs] Processed 645744 reads in 844.367 CPU sec, 108.446 real sec
[M::process] 0 single-end sequences; 645434 paired-end sequences
[M::process] read 645366 sequences (80000067 bp)...
[M::mem_pestat] # candidate unique pairs for (FF, FR, RF, RR): (0, 242778, 4, 0)
[M::mem_pestat] skip orientation FF as there are not enough pairs
[M::mem_pestat] analyzing insert size distribution for orientation FR...
[M::mem_pestat] (25, 50, 75) percentile: (162, 184, 209)
[M::mem_pestat] low and high boundaries for computing mean and std.dev: (68, 303)
[M::mem_pestat] mean and std.dev: (186.52, 32.54)
[M::mem_pestat] low and high boundaries for proper pairs: (21, 350)
[M::mem_pestat] skip orientation RF as there are not enough pairs
[M::mem_pestat] skip orientation RR as there are not enough pairs
[M::mem_process_seqs] Processed 645434 reads in 828.989 CPU sec, 106.458 real sec
[M::process] 0 single-end sequences; 645366 paired-end sequences
[M::process] read 645430 sequences (80000158 bp)...
[M::mem_pestat] # candidate unique pairs for (FF, FR, RF, RR): (0, 242279, 3, 0)
[M::mem_pestat] skip orientation FF as there are not enough pairs
[M::mem_pestat] analyzing insert size distribution for orientation FR...
[M::mem_pestat] (25, 50, 75) percentile: (162, 184, 209)
[M::mem_pestat] low and high boundaries for computing mean and std.dev: (68, 303)
[M::mem_pestat] mean and std.dev: (186.47, 32.47)
[M::mem_pestat] low and high boundaries for proper pairs: (21, 350)
[M::mem_pestat] skip orientation RF as there are not enough pairs
[M::mem_pestat] skip orientation RR as there are not enough pairs
[M::mem_process_seqs] Processed 645366 reads in 830.700 CPU sec, 106.610 real sec
[M::process] 0 single-end sequences; 645430 paired-end sequences
[M::process] read 645534 sequences (80000184 bp)...
[M::mem_pestat] # candidate unique pairs for (FF, FR, RF, RR): (0, 241843, 5, 0)
[M::mem_pestat] skip orientation FF as there are not enough pairs
[M::mem_pestat] analyzing insert size distribution for orientation FR...
[M::mem_pestat] (25, 50, 75) percentile: (162, 184, 209)
[M::mem_pestat] low and high boundaries for computing mean and std.dev: (68, 303)
[M::mem_pestat] mean and std.dev: (186.42, 32.57)
[M::mem_pestat] low and high boundaries for proper pairs: (21, 350)
[M::mem_pestat] skip orientation RF as there are not enough pairs
[M::mem_pestat] skip orientation RR as there are not enough pairs
[M::mem_process_seqs] Processed 645430 reads in 853.089 CPU sec, 109.505 real sec
[M::process] 0 single-end sequences; 645534 paired-end sequences
[M::process] read 645728 sequences (80000027 bp)...
[M::mem_pestat] # candidate unique pairs for (FF, FR, RF, RR): (0, 240397, 3, 0)
[M::mem_pestat] skip orientation FF as there are not enough pairs
[M::mem_pestat] analyzing insert size distribution for orientation FR...
[M::mem_pestat] (25, 50, 75) percentile: (162, 184, 208)
[M::mem_pestat] low and high boundaries for computing mean and std.dev: (70, 300)
[M::mem_pestat] mean and std.dev: (186.22, 32.48)
[M::mem_pestat] low and high boundaries for proper pairs: (24, 346)
[M::mem_pestat] skip orientation RF as there are not enough pairs
[M::mem_pestat] skip orientation RR as there are not enough pairs
[M::mem_process_seqs] Processed 645534 reads in 873.358 CPU sec, 111.945 real sec
[M::process] 0 single-end sequences; 645728 paired-end sequences
[M::process] read 646146 sequences (80000064 bp)...
[M::mem_pestat] # candidate unique pairs for (FF, FR, RF, RR): (0, 239936, 6, 0)
[M::mem_pestat] skip orientation FF as there are not enough pairs
[M::mem_pestat] analyzing insert size distribution for orientation FR...
[M::mem_pestat] (25, 50, 75) percentile: (162, 184, 208)
[M::mem_pestat] low and high boundaries for computing mean and std.dev: (70, 300)
[M::mem_pestat] mean and std.dev: (186.16, 32.44)
[M::mem_pestat] low and high boundaries for proper pairs: (24, 346)
[M::mem_pestat] skip orientation RF as there are not enough pairs
[M::mem_pestat] skip orientation RR as there are not enough pairs
[M::mem_process_seqs] Processed 645728 reads in 877.214 CPU sec, 112.505 real sec
[M::process] 0 single-end sequences; 646146 paired-end sequences
[M::process] read 645956 sequences (80000216 bp)...
[M::mem_pestat] # candidate unique pairs for (FF, FR, RF, RR): (0, 242272, 2, 0)
[M::mem_pestat] skip orientation FF as there are not enough pairs
[M::mem_pestat] analyzing insert size distribution for orientation FR...
[M::mem_pestat] (25, 50, 75) percentile: (162, 184, 209)
[M::mem_pestat] low and high boundaries for computing mean and std.dev: (68, 303)
[M::mem_pestat] mean and std.dev: (186.34, 32.50)
[M::mem_pestat] low and high boundaries for proper pairs: (21, 350)
[M::mem_pestat] skip orientation RF as there are not enough pairs
[M::mem_pestat] skip orientation RR as there are not enough pairs
[M::mem_process_seqs] Processed 646146 reads in 844.182 CPU sec, 108.295 real sec
[M::process] 0 single-end sequences; 645956 paired-end sequences
[M::process] read 645666 sequences (80000232 bp)...
[M::mem_pestat] # candidate unique pairs for (FF, FR, RF, RR): (0, 242098, 4, 0)
[M::mem_pestat] skip orientation FF as there are not enough pairs
[M::mem_pestat] analyzing insert size distribution for orientation FR...
[M::mem_pestat] (25, 50, 75) percentile: (162, 184, 209)
[M::mem_pestat] low and high boundaries for computing mean and std.dev: (68, 303)
[M::mem_pestat] mean and std.dev: (186.31, 32.58)
[M::mem_pestat] low and high boundaries for proper pairs: (21, 350)
[M::mem_pestat] skip orientation RF as there are not enough pairs
[M::mem_pestat] skip orientation RR as there are not enough pairs
[M::mem_process_seqs] Processed 645956 reads in 850.211 CPU sec, 109.070 real sec
[M::process] 0 single-end sequences; 645666 paired-end sequences
[M::process] read 645622 sequences (80000061 bp)...
[M::mem_pestat] # candidate unique pairs for (FF, FR, RF, RR): (0, 241741, 3, 0)
[M::mem_pestat] skip orientation FF as there are not enough pairs
[M::mem_pestat] analyzing insert size distribution for orientation FR...
[M::mem_pestat] (25, 50, 75) percentile: (162, 184, 209)
[M::mem_pestat] low and high boundaries for computing mean and std.dev: (68, 303)
[M::mem_pestat] mean and std.dev: (186.32, 32.54)
[M::mem_pestat] low and high boundaries for proper pairs: (21, 350)
[M::mem_pestat] skip orientation RF as there are not enough pairs
[M::mem_pestat] skip orientation RR as there are not enough pairs
[M::mem_process_seqs] Processed 645666 reads in 855.080 CPU sec, 109.653 real sec
[M::process] 0 single-end sequences; 645622 paired-end sequences
[M::process] read 646080 sequences (80000175 bp)...
[M::mem_pestat] # candidate unique pairs for (FF, FR, RF, RR): (0, 240763, 3, 0)
[M::mem_pestat] skip orientation FF as there are not enough pairs
[M::mem_pestat] analyzing insert size distribution for orientation FR...
[M::mem_pestat] (25, 50, 75) percentile: (162, 184, 209)
[M::mem_pestat] low and high boundaries for computing mean and std.dev: (68, 303)
[M::mem_pestat] mean and std.dev: (186.25, 32.55)
[M::mem_pestat] low and high boundaries for proper pairs: (21, 350)
[M::mem_pestat] skip orientation RF as there are not enough pairs
[M::mem_pestat] skip orientation RR as there are not enough pairs
[M::mem_process_seqs] Processed 645622 reads in 873.378 CPU sec, 111.991 real sec
[M::process] 0 single-end sequences; 646080 paired-end sequences
[M::process] read 646390 sequences (80000028 bp)...
[M::mem_pestat] # candidate unique pairs for (FF, FR, RF, RR): (0, 239521, 3, 0)
[M::mem_pestat] skip orientation FF as there are not enough pairs
[M::mem_pestat] analyzing insert size distribution for orientation FR...
[M::mem_pestat] (25, 50, 75) percentile: (162, 184, 208)
[M::mem_pestat] low and high boundaries for computing mean and std.dev: (70, 300)
[M::mem_pestat] mean and std.dev: (186.01, 32.46)
[M::mem_pestat] low and high boundaries for proper pairs: (24, 346)
[M::mem_pestat] skip orientation RF as there are not enough pairs
[M::mem_pestat] skip orientation RR as there are not enough pairs
[M::mem_process_seqs] Processed 646080 reads in 901.966 CPU sec, 115.614 real sec
[M::process] 0 single-end sequences; 646390 paired-end sequences
[M::process] read 646206 sequences (80000229 bp)...
[M::mem_pestat] # candidate unique pairs for (FF, FR, RF, RR): (0, 240188, 4, 0)
[M::mem_pestat] skip orientation FF as there are not enough pairs
[M::mem_pestat] analyzing insert size distribution for orientation FR...
[M::mem_pestat] (25, 50, 75) percentile: (162, 184, 209)
[M::mem_pestat] low and high boundaries for computing mean and std.dev: (68, 303)
[M::mem_pestat] mean and std.dev: (186.17, 32.53)
[M::mem_pestat] low and high boundaries for proper pairs: (21, 350)
[M::mem_pestat] skip orientation RF as there are not enough pairs
[M::mem_pestat] skip orientation RR as there are not enough pairs
[M::mem_process_seqs] Processed 646390 reads in 891.387 CPU sec, 114.265 real sec
[M::process] 0 single-end sequences; 646206 paired-end sequences
[M::process] read 645552 sequences (80000194 bp)...
[M::mem_pestat] # candidate unique pairs for (FF, FR, RF, RR): (0, 242491, 2, 0)
[M::mem_pestat] skip orientation FF as there are not enough pairs
[M::mem_pestat] analyzing insert size distribution for orientation FR...
[M::mem_pestat] (25, 50, 75) percentile: (162, 184, 209)
[M::mem_pestat] low and high boundaries for computing mean and std.dev: (68, 303)
[M::mem_pestat] mean and std.dev: (186.34, 32.56)
[M::mem_pestat] low and high boundaries for proper pairs: (21, 350)
[M::mem_pestat] skip orientation RF as there are not enough pairs
[M::mem_pestat] skip orientation RR as there are not enough pairs
[M::mem_process_seqs] Processed 646206 reads in 845.468 CPU sec, 108.430 real sec
[M::process] 0 single-end sequences; 645552 paired-end sequences
[M::process] read 645536 sequences (80000147 bp)...
[M::mem_pestat] # candidate unique pairs for (FF, FR, RF, RR): (0, 242215, 1, 0)
[M::mem_pestat] skip orientation FF as there are not enough pairs
[M::mem_pestat] analyzing insert size distribution for orientation FR...
[M::mem_pestat] (25, 50, 75) percentile: (162, 184, 209)
[M::mem_pestat] low and high boundaries for computing mean and std.dev: (68, 303)
[M::mem_pestat] mean and std.dev: (186.26, 32.58)
[M::mem_pestat] low and high boundaries for proper pairs: (21, 350)
[M::mem_pestat] skip orientation RF as there are not enough pairs
[M::mem_pestat] skip orientation RR as there are not enough pairs
[M::mem_process_seqs] Processed 645552 reads in 835.697 CPU sec, 107.232 real sec
[M::process] 0 single-end sequences; 645536 paired-end sequences
[M::process] read 645792 sequences (80000049 bp)...
[M::mem_pestat] # candidate unique pairs for (FF, FR, RF, RR): (0, 242321, 1, 0)
[M::mem_pestat] skip orientation FF as there are not enough pairs
[M::mem_pestat] analyzing insert size distribution for orientation FR...
[M::mem_pestat] (25, 50, 75) percentile: (162, 184, 209)
[M::mem_pestat] low and high boundaries for computing mean and std.dev: (68, 303)
[M::mem_pestat] mean and std.dev: (186.24, 32.49)
[M::mem_pestat] low and high boundaries for proper pairs: (21, 350)
[M::mem_pestat] skip orientation RF as there are not enough pairs
[M::mem_pestat] skip orientation RR as there are not enough pairs
[M::mem_process_seqs] Processed 645536 reads in 839.293 CPU sec, 107.933 real sec
[M::process] 0 single-end sequences; 645792 paired-end sequences
[M::process] read 646916 sequences (80000060 bp)...
[M::mem_pestat] # candidate unique pairs for (FF, FR, RF, RR): (0, 241351, 3, 0)
[M::mem_pestat] skip orientation FF as there are not enough pairs
[M::mem_pestat] analyzing insert size distribution for orientation FR...
[M::mem_pestat] (25, 50, 75) percentile: (162, 184, 208)
[M::mem_pestat] low and high boundaries for computing mean and std.dev: (70, 300)
[M::mem_pestat] mean and std.dev: (186.11, 32.50)
[M::mem_pestat] low and high boundaries for proper pairs: (24, 346)
[M::mem_pestat] skip orientation RF as there are not enough pairs
[M::mem_pestat] skip orientation RR as there are not enough pairs
[M::mem_process_seqs] Processed 645792 reads in 891.955 CPU sec, 114.421 real sec
[M::process] 0 single-end sequences; 646916 paired-end sequences
[M::process] read 645808 sequences (80000067 bp)...
[M::mem_pestat] # candidate unique pairs for (FF, FR, RF, RR): (0, 241173, 2, 0)
[M::mem_pestat] skip orientation FF as there are not enough pairs
[M::mem_pestat] analyzing insert size distribution for orientation FR...
[M::mem_pestat] (25, 50, 75) percentile: (162, 183, 208)
[M::mem_pestat] low and high boundaries for computing mean and std.dev: (70, 300)
[M::mem_pestat] mean and std.dev: (185.94, 32.45)
[M::mem_pestat] low and high boundaries for proper pairs: (24, 346)
[M::mem_pestat] skip orientation RF as there are not enough pairs
[M::mem_pestat] skip orientation RR as there are not enough pairs
[M::mem_process_seqs] Processed 646916 reads in 857.122 CPU sec, 109.939 real sec
[M::process] 0 single-end sequences; 645808 paired-end sequences
[M::process] read 645570 sequences (80000086 bp)...
[M::mem_pestat] # candidate unique pairs for (FF, FR, RF, RR): (0, 242123, 7, 0)
[M::mem_pestat] skip orientation FF as there are not enough pairs
[M::mem_pestat] analyzing insert size distribution for orientation FR...
[M::mem_pestat] (25, 50, 75) percentile: (162, 184, 209)
[M::mem_pestat] low and high boundaries for computing mean and std.dev: (68, 303)
[M::mem_pestat] mean and std.dev: (186.51, 32.53)
[M::mem_pestat] low and high boundaries for proper pairs: (21, 350)
[M::mem_pestat] skip orientation RF as there are not enough pairs
[M::mem_pestat] skip orientation RR as there are not enough pairs
[M::mem_process_seqs] Processed 645808 reads in 906.636 CPU sec, 116.324 real sec
[M::process] 0 single-end sequences; 645570 paired-end sequences
[M::process] read 645468 sequences (80000235 bp)...
[M::mem_pestat] # candidate unique pairs for (FF, FR, RF, RR): (0, 241915, 1, 0)
[M::mem_pestat] skip orientation FF as there are not enough pairs
[M::mem_pestat] analyzing insert size distribution for orientation FR...
[M::mem_pestat] (25, 50, 75) percentile: (162, 184, 209)
[M::mem_pestat] low and high boundaries for computing mean and std.dev: (68, 303)
[M::mem_pestat] mean and std.dev: (186.44, 32.57)
[M::mem_pestat] low and high boundaries for proper pairs: (21, 350)
[M::mem_pestat] skip orientation RF as there are not enough pairs
[M::mem_pestat] skip orientation RR as there are not enough pairs
[M::mem_process_seqs] Processed 645570 reads in 853.086 CPU sec, 109.405 real sec
[M::process] 0 single-end sequences; 645468 paired-end sequences
[M::process] read 645616 sequences (80000025 bp)...
[M::mem_pestat] # candidate unique pairs for (FF, FR, RF, RR): (0, 241944, 3, 0)
[M::mem_pestat] skip orientation FF as there are not enough pairs
[M::mem_pestat] analyzing insert size distribution for orientation FR...
[M::mem_pestat] (25, 50, 75) percentile: (162, 184, 209)
[M::mem_pestat] low and high boundaries for computing mean and std.dev: (68, 303)
[M::mem_pestat] mean and std.dev: (186.38, 32.50)
[M::mem_pestat] low and high boundaries for proper pairs: (21, 350)
[M::mem_pestat] skip orientation RF as there are not enough pairs
[M::mem_pestat] skip orientation RR as there are not enough pairs
[M::mem_process_seqs] Processed 645468 reads in 850.150 CPU sec, 109.153 real sec
[M::process] 0 single-end sequences; 645616 paired-end sequences
[M::process] read 645960 sequences (80000152 bp)...
[M::mem_pestat] # candidate unique pairs for (FF, FR, RF, RR): (0, 240495, 5, 0)
[M::mem_pestat] skip orientation FF as there are not enough pairs
[M::mem_pestat] analyzing insert size distribution for orientation FR...
[M::mem_pestat] (25, 50, 75) percentile: (162, 184, 209)
[M::mem_pestat] low and high boundaries for computing mean and std.dev: (68, 303)
[M::mem_pestat] mean and std.dev: (186.34, 32.57)
[M::mem_pestat] low and high boundaries for proper pairs: (21, 350)
[M::mem_pestat] skip orientation RF as there are not enough pairs
[M::mem_pestat] skip orientation RR as there are not enough pairs
[M::mem_process_seqs] Processed 645616 reads in 868.872 CPU sec, 111.515 real sec
[M::process] 0 single-end sequences; 645960 paired-end sequences
[M::process] read 646024 sequences (80000192 bp)...
[M::mem_pestat] # candidate unique pairs for (FF, FR, RF, RR): (0, 239179, 0, 0)
[M::mem_pestat] skip orientation FF as there are not enough pairs
[M::mem_pestat] analyzing insert size distribution for orientation FR...
[M::mem_pestat] (25, 50, 75) percentile: (162, 184, 208)
[M::mem_pestat] low and high boundaries for computing mean and std.dev: (70, 300)
[M::mem_pestat] mean and std.dev: (186.11, 32.52)
[M::mem_pestat] low and high boundaries for proper pairs: (24, 346)
[M::mem_pestat] skip orientation RF as there are not enough pairs
[M::mem_pestat] skip orientation RR as there are not enough pairs
[M::mem_process_seqs] Processed 645960 reads in 894.092 CPU sec, 114.521 real sec
[M::process] 0 single-end sequences; 646024 paired-end sequences
[M::process] read 645566 sequences (80000171 bp)...
[M::mem_pestat] # candidate unique pairs for (FF, FR, RF, RR): (0, 241514, 6, 0)
[M::mem_pestat] skip orientation FF as there are not enough pairs
[M::mem_pestat] analyzing insert size distribution for orientation FR...
[M::mem_pestat] (25, 50, 75) percentile: (162, 184, 209)
[M::mem_pestat] low and high boundaries for computing mean and std.dev: (68, 303)
[M::mem_pestat] mean and std.dev: (186.30, 32.52)
[M::mem_pestat] low and high boundaries for proper pairs: (21, 350)
[M::mem_pestat] skip orientation RF as there are not enough pairs
[M::mem_pestat] skip orientation RR as there are not enough pairs
[M::mem_process_seqs] Processed 646024 reads in 851.369 CPU sec, 109.205 real sec
[M::process] 0 single-end sequences; 645566 paired-end sequences
[M::process] read 645442 sequences (80000106 bp)...
[M::mem_pestat] # candidate unique pairs for (FF, FR, RF, RR): (0, 242609, 4, 0)
[M::mem_pestat] skip orientation FF as there are not enough pairs
[M::mem_pestat] analyzing insert size distribution for orientation FR...
[M::mem_pestat] (25, 50, 75) percentile: (162, 184, 209)
[M::mem_pestat] low and high boundaries for computing mean and std.dev: (68, 303)
[M::mem_pestat] mean and std.dev: (186.49, 32.47)
[M::mem_pestat] low and high boundaries for proper pairs: (21, 350)
[M::mem_pestat] skip orientation RF as there are not enough pairs
[M::mem_pestat] skip orientation RR as there are not enough pairs
[M::mem_process_seqs] Processed 645566 reads in 830.236 CPU sec, 106.514 real sec
[M::process] 0 single-end sequences; 645442 paired-end sequences
[M::process] read 645450 sequences (80000006 bp)...
[M::mem_pestat] # candidate unique pairs for (FF, FR, RF, RR): (0, 242781, 3, 0)
[M::mem_pestat] skip orientation FF as there are not enough pairs
[M::mem_pestat] analyzing insert size distribution for orientation FR...
[M::mem_pestat] (25, 50, 75) percentile: (162, 184, 209)
[M::mem_pestat] low and high boundaries for computing mean and std.dev: (68, 303)
[M::mem_pestat] mean and std.dev: (186.32, 32.51)
[M::mem_pestat] low and high boundaries for proper pairs: (21, 350)
[M::mem_pestat] skip orientation RF as there are not enough pairs
[M::mem_pestat] skip orientation RR as there are not enough pairs
[M::mem_process_seqs] Processed 645442 reads in 832.014 CPU sec, 106.742 real sec
[M::process] 0 single-end sequences; 645450 paired-end sequences
[M::process] read 645516 sequences (80000078 bp)...
[M::mem_pestat] # candidate unique pairs for (FF, FR, RF, RR): (0, 241819, 1, 0)
[M::mem_pestat] skip orientation FF as there are not enough pairs
[M::mem_pestat] analyzing insert size distribution for orientation FR...
[M::mem_pestat] (25, 50, 75) percentile: (162, 184, 208)
[M::mem_pestat] low and high boundaries for computing mean and std.dev: (70, 300)
[M::mem_pestat] mean and std.dev: (186.25, 32.49)
[M::mem_pestat] low and high boundaries for proper pairs: (24, 346)
[M::mem_pestat] skip orientation RF as there are not enough pairs
[M::mem_pestat] skip orientation RR as there are not enough pairs
[M::mem_process_seqs] Processed 645450 reads in 847.182 CPU sec, 108.683 real sec
[M::process] 0 single-end sequences; 645516 paired-end sequences
[M::process] read 645742 sequences (80000233 bp)...
[M::mem_pestat] # candidate unique pairs for (FF, FR, RF, RR): (0, 240527, 3, 0)
[M::mem_pestat] skip orientation FF as there are not enough pairs
[M::mem_pestat] analyzing insert size distribution for orientation FR...
[M::mem_pestat] (25, 50, 75) percentile: (162, 184, 209)
[M::mem_pestat] low and high boundaries for computing mean and std.dev: (68, 303)
[M::mem_pestat] mean and std.dev: (186.16, 32.51)
[M::mem_pestat] low and high boundaries for proper pairs: (21, 350)
[M::mem_pestat] skip orientation RF as there are not enough pairs
[M::mem_pestat] skip orientation RR as there are not enough pairs
[M::mem_process_seqs] Processed 645516 reads in 869.172 CPU sec, 111.425 real sec
[M::process] 0 single-end sequences; 645742 paired-end sequences
[M::process] read 645870 sequences (80000096 bp)...
[M::mem_pestat] # candidate unique pairs for (FF, FR, RF, RR): (0, 239505, 2, 0)
[M::mem_pestat] skip orientation FF as there are not enough pairs
[M::mem_pestat] analyzing insert size distribution for orientation FR...
[M::mem_pestat] (25, 50, 75) percentile: (162, 184, 208)
[M::mem_pestat] low and high boundaries for computing mean and std.dev: (70, 300)
[M::mem_pestat] mean and std.dev: (186.01, 32.47)
[M::mem_pestat] low and high boundaries for proper pairs: (24, 346)
[M::mem_pestat] skip orientation RF as there are not enough pairs
[M::mem_pestat] skip orientation RR as there are not enough pairs
[M::mem_process_seqs] Processed 645742 reads in 877.503 CPU sec, 112.444 real sec
[M::process] 0 single-end sequences; 645870 paired-end sequences
[M::process] read 645556 sequences (80000124 bp)...
[M::mem_pestat] # candidate unique pairs for (FF, FR, RF, RR): (0, 242532, 7, 0)
[M::mem_pestat] skip orientation FF as there are not enough pairs
[M::mem_pestat] analyzing insert size distribution for orientation FR...
[M::mem_pestat] (25, 50, 75) percentile: (162, 184, 209)
[M::mem_pestat] low and high boundaries for computing mean and std.dev: (68, 303)
[M::mem_pestat] mean and std.dev: (186.53, 32.53)
[M::mem_pestat] low and high boundaries for proper pairs: (21, 350)
[M::mem_pestat] skip orientation RF as there are not enough pairs
[M::mem_pestat] skip orientation RR as there are not enough pairs
[M::mem_process_seqs] Processed 645870 reads in 827.094 CPU sec, 106.153 real sec
[M::process] 0 single-end sequences; 645556 paired-end sequences
[M::process] read 645456 sequences (80000162 bp)...
[M::mem_pestat] # candidate unique pairs for (FF, FR, RF, RR): (0, 242953, 3, 0)
[M::mem_pestat] skip orientation FF as there are not enough pairs
[M::mem_pestat] analyzing insert size distribution for orientation FR...
[M::mem_pestat] (25, 50, 75) percentile: (162, 184, 209)
[M::mem_pestat] low and high boundaries for computing mean and std.dev: (68, 303)
[M::mem_pestat] mean and std.dev: (186.55, 32.56)
[M::mem_pestat] low and high boundaries for proper pairs: (21, 350)
[M::mem_pestat] skip orientation RF as there are not enough pairs
[M::mem_pestat] skip orientation RR as there are not enough pairs
[M::mem_process_seqs] Processed 645556 reads in 815.568 CPU sec, 104.674 real sec
[M::process] 0 single-end sequences; 645456 paired-end sequences
[M::process] read 645390 sequences (80000080 bp)...
[M::mem_pestat] # candidate unique pairs for (FF, FR, RF, RR): (0, 242884, 1, 0)
[M::mem_pestat] skip orientation FF as there are not enough pairs
[M::mem_pestat] analyzing insert size distribution for orientation FR...
[M::mem_pestat] (25, 50, 75) percentile: (162, 184, 209)
[M::mem_pestat] low and high boundaries for computing mean and std.dev: (68, 303)
[M::mem_pestat] mean and std.dev: (186.36, 32.49)
[M::mem_pestat] low and high boundaries for proper pairs: (21, 350)
[M::mem_pestat] skip orientation RF as there are not enough pairs
[M::mem_pestat] skip orientation RR as there are not enough pairs
[M::mem_process_seqs] Processed 645456 reads in 817.055 CPU sec, 105.067 real sec
[M::process] 0 single-end sequences; 645390 paired-end sequences
[M::process] read 645602 sequences (80000100 bp)...
[M::mem_pestat] # candidate unique pairs for (FF, FR, RF, RR): (0, 242178, 1, 0)
[M::mem_pestat] skip orientation FF as there are not enough pairs
[M::mem_pestat] analyzing insert size distribution for orientation FR...
[M::mem_pestat] (25, 50, 75) percentile: (162, 184, 208)
[M::mem_pestat] low and high boundaries for computing mean and std.dev: (70, 300)
[M::mem_pestat] mean and std.dev: (186.20, 32.47)
[M::mem_pestat] low and high boundaries for proper pairs: (24, 346)
[M::mem_pestat] skip orientation RF as there are not enough pairs
[M::mem_pestat] skip orientation RR as there are not enough pairs
[M::mem_process_seqs] Processed 645390 reads in 832.963 CPU sec, 107.073 real sec
[M::process] 0 single-end sequences; 645602 paired-end sequences
[M::process] read 645666 sequences (80000158 bp)...
[M::mem_pestat] # candidate unique pairs for (FF, FR, RF, RR): (0, 241856, 5, 0)
[M::mem_pestat] skip orientation FF as there are not enough pairs
[M::mem_pestat] analyzing insert size distribution for orientation FR...
[M::mem_pestat] (25, 50, 75) percentile: (162, 184, 208)
[M::mem_pestat] low and high boundaries for computing mean and std.dev: (70, 300)
[M::mem_pestat] mean and std.dev: (186.12, 32.49)
[M::mem_pestat] low and high boundaries for proper pairs: (24, 346)
[M::mem_pestat] skip orientation RF as there are not enough pairs
[M::mem_pestat] skip orientation RR as there are not enough pairs
[M::mem_process_seqs] Processed 645602 reads in 851.427 CPU sec, 109.246 real sec
[M::process] 0 single-end sequences; 645666 paired-end sequences
[M::process] read 645396 sequences (80000204 bp)...
[M::mem_pestat] # candidate unique pairs for (FF, FR, RF, RR): (0, 240807, 1, 0)
[M::mem_pestat] skip orientation FF as there are not enough pairs
[M::mem_pestat] analyzing insert size distribution for orientation FR...
[M::mem_pestat] (25, 50, 75) percentile: (162, 184, 208)
[M::mem_pestat] low and high boundaries for computing mean and std.dev: (70, 300)
[M::mem_pestat] mean and std.dev: (186.12, 32.43)
[M::mem_pestat] low and high boundaries for proper pairs: (24, 346)
[M::mem_pestat] skip orientation RF as there are not enough pairs
[M::mem_pestat] skip orientation RR as there are not enough pairs
[M::mem_process_seqs] Processed 645666 reads in 866.062 CPU sec, 111.027 real sec
[M::process] 0 single-end sequences; 645396 paired-end sequences
[M::process] read 645418 sequences (80000104 bp)...
[M::mem_pestat] # candidate unique pairs for (FF, FR, RF, RR): (0, 241873, 6, 0)
[M::mem_pestat] skip orientation FF as there are not enough pairs
[M::mem_pestat] analyzing insert size distribution for orientation FR...
[M::mem_pestat] (25, 50, 75) percentile: (162, 184, 209)
[M::mem_pestat] low and high boundaries for computing mean and std.dev: (68, 303)
[M::mem_pestat] mean and std.dev: (186.52, 32.48)
[M::mem_pestat] low and high boundaries for proper pairs: (21, 350)
[M::mem_pestat] skip orientation RF as there are not enough pairs
[M::mem_pestat] skip orientation RR as there are not enough pairs
[M::mem_process_seqs] Processed 645396 reads in 830.620 CPU sec, 106.594 real sec
[M::process] 0 single-end sequences; 645418 paired-end sequences
[M::process] read 645348 sequences (80000053 bp)...
[M::mem_pestat] # candidate unique pairs for (FF, FR, RF, RR): (0, 242419, 2, 0)
[M::mem_pestat] skip orientation FF as there are not enough pairs
[M::mem_pestat] analyzing insert size distribution for orientation FR...
[M::mem_pestat] (25, 50, 75) percentile: (162, 184, 209)
[M::mem_pestat] low and high boundaries for computing mean and std.dev: (68, 303)
[M::mem_pestat] mean and std.dev: (186.42, 32.46)
[M::mem_pestat] low and high boundaries for proper pairs: (21, 350)
[M::mem_pestat] skip orientation RF as there are not enough pairs
[M::mem_pestat] skip orientation RR as there are not enough pairs
[M::mem_process_seqs] Processed 645418 reads in 833.393 CPU sec, 106.933 real sec
[M::process] 0 single-end sequences; 645348 paired-end sequences
[M::process] read 645474 sequences (80000170 bp)...
[M::mem_pestat] # candidate unique pairs for (FF, FR, RF, RR): (0, 242003, 4, 0)
[M::mem_pestat] skip orientation FF as there are not enough pairs
[M::mem_pestat] analyzing insert size distribution for orientation FR...
[M::mem_pestat] (25, 50, 75) percentile: (162, 184, 209)
[M::mem_pestat] low and high boundaries for computing mean and std.dev: (68, 303)
[M::mem_pestat] mean and std.dev: (186.29, 32.56)
[M::mem_pestat] low and high boundaries for proper pairs: (21, 350)
[M::mem_pestat] skip orientation RF as there are not enough pairs
[M::mem_pestat] skip orientation RR as there are not enough pairs
[M::mem_process_seqs] Processed 645348 reads in 845.478 CPU sec, 108.451 real sec
[M::process] 0 single-end sequences; 645474 paired-end sequences
[M::process] read 645704 sequences (80000107 bp)...
[M::mem_pestat] # candidate unique pairs for (FF, FR, RF, RR): (0, 240643, 4, 0)
[M::mem_pestat] skip orientation FF as there are not enough pairs
[M::mem_pestat] analyzing insert size distribution for orientation FR...
[M::mem_pestat] (25, 50, 75) percentile: (162, 184, 209)
[M::mem_pestat] low and high boundaries for computing mean and std.dev: (68, 303)
[M::mem_pestat] mean and std.dev: (186.29, 32.56)
[M::mem_pestat] low and high boundaries for proper pairs: (21, 350)
[M::mem_pestat] skip orientation RF as there are not enough pairs
[M::mem_pestat] skip orientation RR as there are not enough pairs
[M::mem_process_seqs] Processed 645474 reads in 870.907 CPU sec, 111.703 real sec
[M::process] 0 single-end sequences; 645704 paired-end sequences
[M::process] read 645696 sequences (80000102 bp)...
[M::mem_pestat] # candidate unique pairs for (FF, FR, RF, RR): (0, 239040, 10, 0)
[M::mem_pestat] skip orientation FF as there are not enough pairs
[M::mem_pestat] analyzing insert size distribution for orientation FR...
[M::mem_pestat] (25, 50, 75) percentile: (162, 184, 209)
[M::mem_pestat] low and high boundaries for computing mean and std.dev: (68, 303)
[M::mem_pestat] mean and std.dev: (186.34, 32.59)
[M::mem_pestat] low and high boundaries for proper pairs: (21, 350)
[M::mem_pestat] analyzing insert size distribution for orientation RF...
[M::mem_pestat] (25, 50, 75) percentile: (143, 173, 215)
[M::mem_pestat] low and high boundaries for computing mean and std.dev: (1, 359)
[M::mem_pestat] mean and std.dev: (145.33, 79.25)
[M::mem_pestat] low and high boundaries for proper pairs: (1, 462)
[M::mem_pestat] skip orientation RR as there are not enough pairs
[M::mem_pestat] skip orientation RF
[M::mem_process_seqs] Processed 645704 reads in 898.806 CPU sec, 115.098 real sec
[M::process] 0 single-end sequences; 645696 paired-end sequences
[M::process] read 645720 sequences (80000068 bp)...
[M::mem_pestat] # candidate unique pairs for (FF, FR, RF, RR): (0, 240986, 6, 0)
[M::mem_pestat] skip orientation FF as there are not enough pairs
[M::mem_pestat] analyzing insert size distribution for orientation FR...
[M::mem_pestat] (25, 50, 75) percentile: (162, 184, 208)
[M::mem_pestat] low and high boundaries for computing mean and std.dev: (70, 300)
[M::mem_pestat] mean and std.dev: (186.25, 32.46)
[M::mem_pestat] low and high boundaries for proper pairs: (24, 346)
[M::mem_pestat] skip orientation RF as there are not enough pairs
[M::mem_pestat] skip orientation RR as there are not enough pairs
[M::mem_process_seqs] Processed 645696 reads in 866.496 CPU sec, 111.084 real sec
[M::process] 0 single-end sequences; 645720 paired-end sequences
[M::process] read 645488 sequences (80000192 bp)...
[M::mem_pestat] # candidate unique pairs for (FF, FR, RF, RR): (0, 242393, 2, 0)
[M::mem_pestat] skip orientation FF as there are not enough pairs
[M::mem_pestat] analyzing insert size distribution for orientation FR...
[M::mem_pestat] (25, 50, 75) percentile: (162, 184, 209)
[M::mem_pestat] low and high boundaries for computing mean and std.dev: (68, 303)
[M::mem_pestat] mean and std.dev: (186.46, 32.45)
[M::mem_pestat] low and high boundaries for proper pairs: (21, 350)
[M::mem_pestat] skip orientation RF as there are not enough pairs
[M::mem_pestat] skip orientation RR as there are not enough pairs
[M::mem_process_seqs] Processed 645720 reads in 845.305 CPU sec, 108.516 real sec
[M::process] 0 single-end sequences; 645488 paired-end sequences
[M::process] read 645508 sequences (80000162 bp)...
[M::mem_pestat] # candidate unique pairs for (FF, FR, RF, RR): (0, 241637, 5, 0)
[M::mem_pestat] skip orientation FF as there are not enough pairs
[M::mem_pestat] analyzing insert size distribution for orientation FR...
[M::mem_pestat] (25, 50, 75) percentile: (162, 184, 209)
[M::mem_pestat] low and high boundaries for computing mean and std.dev: (68, 303)
[M::mem_pestat] mean and std.dev: (186.23, 32.51)
[M::mem_pestat] low and high boundaries for proper pairs: (21, 350)
[M::mem_pestat] skip orientation RF as there are not enough pairs
[M::mem_pestat] skip orientation RR as there are not enough pairs
[M::mem_process_seqs] Processed 645488 reads in 853.839 CPU sec, 109.464 real sec
[M::process] 0 single-end sequences; 645508 paired-end sequences
[M::process] read 645714 sequences (80000071 bp)...
[M::mem_pestat] # candidate unique pairs for (FF, FR, RF, RR): (0, 240741, 1, 0)
[M::mem_pestat] skip orientation FF as there are not enough pairs
[M::mem_pestat] analyzing insert size distribution for orientation FR...
[M::mem_pestat] (25, 50, 75) percentile: (162, 184, 209)
[M::mem_pestat] low and high boundaries for computing mean and std.dev: (68, 303)
[M::mem_pestat] mean and std.dev: (186.26, 32.52)
[M::mem_pestat] low and high boundaries for proper pairs: (21, 350)
[M::mem_pestat] skip orientation RF as there are not enough pairs
[M::mem_pestat] skip orientation RR as there are not enough pairs
[M::mem_process_seqs] Processed 645508 reads in 874.361 CPU sec, 112.025 real sec
[M::process] 0 single-end sequences; 645714 paired-end sequences
[M::process] read 645960 sequences (80000211 bp)...
[M::mem_pestat] # candidate unique pairs for (FF, FR, RF, RR): (0, 239481, 1, 0)
[M::mem_pestat] skip orientation FF as there are not enough pairs
[M::mem_pestat] analyzing insert size distribution for orientation FR...
[M::mem_pestat] (25, 50, 75) percentile: (162, 183, 208)
[M::mem_pestat] low and high boundaries for computing mean and std.dev: (70, 300)
[M::mem_pestat] mean and std.dev: (186.03, 32.47)
[M::mem_pestat] low and high boundaries for proper pairs: (24, 346)
[M::mem_pestat] skip orientation RF as there are not enough pairs
[M::mem_pestat] skip orientation RR as there are not enough pairs
[M::mem_process_seqs] Processed 645714 reads in 890.659 CPU sec, 114.121 real sec
[M::process] 0 single-end sequences; 645960 paired-end sequences
[M::process] read 645778 sequences (80000072 bp)...
[M::mem_pestat] # candidate unique pairs for (FF, FR, RF, RR): (0, 238791, 1, 0)
[M::mem_pestat] skip orientation FF as there are not enough pairs
[M::mem_pestat] analyzing insert size distribution for orientation FR...
[M::mem_pestat] (25, 50, 75) percentile: (162, 184, 208)
[M::mem_pestat] low and high boundaries for computing mean and std.dev: (70, 300)
[M::mem_pestat] mean and std.dev: (186.07, 32.51)
[M::mem_pestat] low and high boundaries for proper pairs: (24, 346)
[M::mem_pestat] skip orientation RF as there are not enough pairs
[M::mem_pestat] skip orientation RR as there are not enough pairs
[M::mem_process_seqs] Processed 645960 reads in 895.643 CPU sec, 114.735 real sec
[M::process] 0 single-end sequences; 645778 paired-end sequences
[M::process] read 645902 sequences (80000015 bp)...
[M::mem_pestat] # candidate unique pairs for (FF, FR, RF, RR): (0, 242856, 8, 0)
[M::mem_pestat] skip orientation FF as there are not enough pairs
[M::mem_pestat] analyzing insert size distribution for orientation FR...
[M::mem_pestat] (25, 50, 75) percentile: (162, 184, 209)
[M::mem_pestat] low and high boundaries for computing mean and std.dev: (68, 303)
[M::mem_pestat] mean and std.dev: (186.49, 32.47)
[M::mem_pestat] low and high boundaries for proper pairs: (21, 350)
[M::mem_pestat] skip orientation RF as there are not enough pairs
[M::mem_pestat] skip orientation RR as there are not enough pairs
[M::mem_process_seqs] Processed 645778 reads in 848.029 CPU sec, 108.764 real sec
[M::process] 0 single-end sequences; 645902 paired-end sequences
[M::process] read 645420 sequences (80000088 bp)...
[M::mem_pestat] # candidate unique pairs for (FF, FR, RF, RR): (0, 243325, 4, 0)
[M::mem_pestat] skip orientation FF as there are not enough pairs
[M::mem_pestat] analyzing insert size distribution for orientation FR...
[M::mem_pestat] (25, 50, 75) percentile: (162, 184, 209)
[M::mem_pestat] low and high boundaries for computing mean and std.dev: (68, 303)
[M::mem_pestat] mean and std.dev: (186.29, 32.54)
[M::mem_pestat] low and high boundaries for proper pairs: (21, 350)
[M::mem_pestat] skip orientation RF as there are not enough pairs
[M::mem_pestat] skip orientation RR as there are not enough pairs
[M::mem_process_seqs] Processed 645902 reads in 830.334 CPU sec, 106.550 real sec
[M::process] 0 single-end sequences; 645420 paired-end sequences
[M::process] read 645576 sequences (80000055 bp)...
[M::mem_pestat] # candidate unique pairs for (FF, FR, RF, RR): (0, 242250, 6, 0)
[M::mem_pestat] skip orientation FF as there are not enough pairs
[M::mem_pestat] analyzing insert size distribution for orientation FR...
[M::mem_pestat] (25, 50, 75) percentile: (162, 184, 209)
[M::mem_pestat] low and high boundaries for computing mean and std.dev: (68, 303)
[M::mem_pestat] mean and std.dev: (186.34, 32.48)
[M::mem_pestat] low and high boundaries for proper pairs: (21, 350)
[M::mem_pestat] skip orientation RF as there are not enough pairs
[M::mem_pestat] skip orientation RR as there are not enough pairs
[M::mem_process_seqs] Processed 645420 reads in 839.538 CPU sec, 107.775 real sec
[M::process] 0 single-end sequences; 645576 paired-end sequences
[M::process] read 646280 sequences (80000233 bp)...
[M::mem_pestat] # candidate unique pairs for (FF, FR, RF, RR): (0, 241317, 5, 0)
[M::mem_pestat] skip orientation FF as there are not enough pairs
[M::mem_pestat] analyzing insert size distribution for orientation FR...
[M::mem_pestat] (25, 50, 75) percentile: (162, 184, 208)
[M::mem_pestat] low and high boundaries for computing mean and std.dev: (70, 300)
[M::mem_pestat] mean and std.dev: (186.14, 32.47)
[M::mem_pestat] low and high boundaries for proper pairs: (24, 346)
[M::mem_pestat] skip orientation RF as there are not enough pairs
[M::mem_pestat] skip orientation RR as there are not enough pairs
[M::mem_process_seqs] Processed 645576 reads in 875.947 CPU sec, 112.226 real sec
[M::process] 0 single-end sequences; 646280 paired-end sequences
[M::process] read 645904 sequences (80000027 bp)...
[M::mem_pestat] # candidate unique pairs for (FF, FR, RF, RR): (0, 240178, 4, 0)
[M::mem_pestat] skip orientation FF as there are not enough pairs
[M::mem_pestat] analyzing insert size distribution for orientation FR...
[M::mem_pestat] (25, 50, 75) percentile: (162, 184, 208)
[M::mem_pestat] low and high boundaries for computing mean and std.dev: (70, 300)
[M::mem_pestat] mean and std.dev: (185.96, 32.49)
[M::mem_pestat] low and high boundaries for proper pairs: (24, 346)
[M::mem_pestat] skip orientation RF as there are not enough pairs
[M::mem_pestat] skip orientation RR as there are not enough pairs
[M::mem_process_seqs] Processed 646280 reads in 909.851 CPU sec, 116.500 real sec
[M::process] 0 single-end sequences; 645904 paired-end sequences
[M::process] read 645604 sequences (80000173 bp)...
[M::mem_pestat] # candidate unique pairs for (FF, FR, RF, RR): (0, 240940, 1, 0)
[M::mem_pestat] skip orientation FF as there are not enough pairs
[M::mem_pestat] analyzing insert size distribution for orientation FR...
[M::mem_pestat] (25, 50, 75) percentile: (162, 184, 209)
[M::mem_pestat] low and high boundaries for computing mean and std.dev: (68, 303)
[M::mem_pestat] mean and std.dev: (186.31, 32.45)
[M::mem_pestat] low and high boundaries for proper pairs: (21, 350)
[M::mem_pestat] skip orientation RF as there are not enough pairs
[M::mem_pestat] skip orientation RR as there are not enough pairs
[M::mem_process_seqs] Processed 645904 reads in 985.977 CPU sec, 126.013 real sec
[M::process] 0 single-end sequences; 645604 paired-end sequences
[M::process] read 645436 sequences (80000095 bp)...
[M::mem_pestat] # candidate unique pairs for (FF, FR, RF, RR): (0, 241902, 6, 0)
[M::mem_pestat] skip orientation FF as there are not enough pairs
[M::mem_pestat] analyzing insert size distribution for orientation FR...
[M::mem_pestat] (25, 50, 75) percentile: (162, 184, 209)
[M::mem_pestat] low and high boundaries for computing mean and std.dev: (68, 303)
[M::mem_pestat] mean and std.dev: (186.50, 32.55)
[M::mem_pestat] low and high boundaries for proper pairs: (21, 350)
[M::mem_pestat] skip orientation RF as there are not enough pairs
[M::mem_pestat] skip orientation RR as there are not enough pairs
[M::mem_process_seqs] Processed 645604 reads in 849.929 CPU sec, 108.962 real sec
[M::process] 0 single-end sequences; 645436 paired-end sequences
[M::process] read 645466 sequences (80000155 bp)...
[M::mem_pestat] # candidate unique pairs for (FF, FR, RF, RR): (0, 241729, 6, 0)
[M::mem_pestat] skip orientation FF as there are not enough pairs
[M::mem_pestat] analyzing insert size distribution for orientation FR...
[M::mem_pestat] (25, 50, 75) percentile: (162, 184, 209)
[M::mem_pestat] low and high boundaries for computing mean and std.dev: (68, 303)
[M::mem_pestat] mean and std.dev: (186.31, 32.51)
[M::mem_pestat] low and high boundaries for proper pairs: (21, 350)
[M::mem_pestat] skip orientation RF as there are not enough pairs
[M::mem_pestat] skip orientation RR as there are not enough pairs
[M::mem_process_seqs] Processed 645436 reads in 851.979 CPU sec, 109.228 real sec
[M::process] 0 single-end sequences; 645466 paired-end sequences
[M::process] read 645754 sequences (80000032 bp)...
[M::mem_pestat] # candidate unique pairs for (FF, FR, RF, RR): (0, 240071, 5, 0)
[M::mem_pestat] skip orientation FF as there are not enough pairs
[M::mem_pestat] analyzing insert size distribution for orientation FR...
[M::mem_pestat] (25, 50, 75) percentile: (162, 184, 209)
[M::mem_pestat] low and high boundaries for computing mean and std.dev: (68, 303)
[M::mem_pestat] mean and std.dev: (186.23, 32.55)
[M::mem_pestat] low and high boundaries for proper pairs: (21, 350)
[M::mem_pestat] skip orientation RF as there are not enough pairs
[M::mem_pestat] skip orientation RR as there are not enough pairs
[M::mem_process_seqs] Processed 645466 reads in 887.981 CPU sec, 113.711 real sec
[M::process] 0 single-end sequences; 645754 paired-end sequences
[M::process] read 645824 sequences (80000052 bp)...
[M::mem_pestat] # candidate unique pairs for (FF, FR, RF, RR): (0, 238958, 5, 0)
[M::mem_pestat] skip orientation FF as there are not enough pairs
[M::mem_pestat] analyzing insert size distribution for orientation FR...
[M::mem_pestat] (25, 50, 75) percentile: (162, 184, 208)
[M::mem_pestat] low and high boundaries for computing mean and std.dev: (70, 300)
[M::mem_pestat] mean and std.dev: (186.16, 32.47)
[M::mem_pestat] low and high boundaries for proper pairs: (24, 346)
[M::mem_pestat] skip orientation RF as there are not enough pairs
[M::mem_pestat] skip orientation RR as there are not enough pairs
[M::mem_process_seqs] Processed 645754 reads in 899.006 CPU sec, 115.173 real sec
[M::process] 0 single-end sequences; 645824 paired-end sequences
[M::process] read 645486 sequences (80000014 bp)...
[M::mem_pestat] # candidate unique pairs for (FF, FR, RF, RR): (0, 239243, 6, 0)
[M::mem_pestat] skip orientation FF as there are not enough pairs
[M::mem_pestat] analyzing insert size distribution for orientation FR...
[M::mem_pestat] (25, 50, 75) percentile: (162, 184, 208)
[M::mem_pestat] low and high boundaries for computing mean and std.dev: (70, 300)
[M::mem_pestat] mean and std.dev: (186.22, 32.49)
[M::mem_pestat] low and high boundaries for proper pairs: (24, 346)
[M::mem_pestat] skip orientation RF as there are not enough pairs
[M::mem_pestat] skip orientation RR as there are not enough pairs
[M::mem_process_seqs] Processed 645824 reads in 885.667 CPU sec, 113.472 real sec
[M::process] 0 single-end sequences; 645486 paired-end sequences
[M::process] read 645388 sequences (80000182 bp)...
[M::mem_pestat] # candidate unique pairs for (FF, FR, RF, RR): (0, 243046, 6, 0)
[M::mem_pestat] skip orientation FF as there are not enough pairs
[M::mem_pestat] analyzing insert size distribution for orientation FR...
[M::mem_pestat] (25, 50, 75) percentile: (162, 184, 209)
[M::mem_pestat] low and high boundaries for computing mean and std.dev: (68, 303)
[M::mem_pestat] mean and std.dev: (186.49, 32.52)
[M::mem_pestat] low and high boundaries for proper pairs: (21, 350)
[M::mem_pestat] skip orientation RF as there are not enough pairs
[M::mem_pestat] skip orientation RR as there are not enough pairs
[M::mem_process_seqs] Processed 645486 reads in 825.575 CPU sec, 105.901 real sec
[M::process] 0 single-end sequences; 645388 paired-end sequences
[M::process] read 645320 sequences (80000027 bp)...
[M::mem_pestat] # candidate unique pairs for (FF, FR, RF, RR): (0, 242635, 2, 0)
[M::mem_pestat] skip orientation FF as there are not enough pairs
[M::mem_pestat] analyzing insert size distribution for orientation FR...
[M::mem_pestat] (25, 50, 75) percentile: (162, 184, 209)
[M::mem_pestat] low and high boundaries for computing mean and std.dev: (68, 303)
[M::mem_pestat] mean and std.dev: (186.41, 32.57)
[M::mem_pestat] low and high boundaries for proper pairs: (21, 350)
[M::mem_pestat] skip orientation RF as there are not enough pairs
[M::mem_pestat] skip orientation RR as there are not enough pairs
[M::mem_process_seqs] Processed 645388 reads in 821.845 CPU sec, 105.494 real sec
[M::process] 0 single-end sequences; 645320 paired-end sequences
[M::process] read 645374 sequences (80000238 bp)...
[M::mem_pestat] # candidate unique pairs for (FF, FR, RF, RR): (0, 242227, 3, 0)
[M::mem_pestat] skip orientation FF as there are not enough pairs
[M::mem_pestat] analyzing insert size distribution for orientation FR...
[M::mem_pestat] (25, 50, 75) percentile: (162, 184, 208)
[M::mem_pestat] low and high boundaries for computing mean and std.dev: (70, 300)
[M::mem_pestat] mean and std.dev: (186.12, 32.45)
[M::mem_pestat] low and high boundaries for proper pairs: (24, 346)
[M::mem_pestat] skip orientation RF as there are not enough pairs
[M::mem_pestat] skip orientation RR as there are not enough pairs
[M::mem_process_seqs] Processed 645320 reads in 832.437 CPU sec, 106.802 real sec
[M::process] 0 single-end sequences; 645374 paired-end sequences
[M::process] read 645596 sequences (80000218 bp)...
[M::mem_pestat] # candidate unique pairs for (FF, FR, RF, RR): (0, 241474, 1, 0)
[M::mem_pestat] skip orientation FF as there are not enough pairs
[M::mem_pestat] analyzing insert size distribution for orientation FR...
[M::mem_pestat] (25, 50, 75) percentile: (162, 184, 209)
[M::mem_pestat] low and high boundaries for computing mean and std.dev: (68, 303)
[M::mem_pestat] mean and std.dev: (186.14, 32.55)
[M::mem_pestat] low and high boundaries for proper pairs: (21, 350)
[M::mem_pestat] skip orientation RF as there are not enough pairs
[M::mem_pestat] skip orientation RR as there are not enough pairs
[M::mem_process_seqs] Processed 645374 reads in 851.569 CPU sec, 109.215 real sec
[M::process] 0 single-end sequences; 645596 paired-end sequences
[M::process] read 645976 sequences (80000076 bp)...
[M::mem_pestat] # candidate unique pairs for (FF, FR, RF, RR): (0, 240444, 3, 0)
[M::mem_pestat] skip orientation FF as there are not enough pairs
[M::mem_pestat] analyzing insert size distribution for orientation FR...
[M::mem_pestat] (25, 50, 75) percentile: (162, 184, 208)
[M::mem_pestat] low and high boundaries for computing mean and std.dev: (70, 300)
[M::mem_pestat] mean and std.dev: (186.09, 32.53)
[M::mem_pestat] low and high boundaries for proper pairs: (24, 346)
[M::mem_pestat] skip orientation RF as there are not enough pairs
[M::mem_pestat] skip orientation RR as there are not enough pairs
[M::mem_process_seqs] Processed 645596 reads in 861.664 CPU sec, 110.488 real sec
[M::process] 0 single-end sequences; 645976 paired-end sequences
[M::process] read 645744 sequences (80000145 bp)...
[M::mem_pestat] # candidate unique pairs for (FF, FR, RF, RR): (0, 241575, 4, 0)
[M::mem_pestat] skip orientation FF as there are not enough pairs
[M::mem_pestat] analyzing insert size distribution for orientation FR...
[M::mem_pestat] (25, 50, 75) percentile: (162, 184, 209)
[M::mem_pestat] low and high boundaries for computing mean and std.dev: (68, 303)
[M::mem_pestat] mean and std.dev: (186.25, 32.51)
[M::mem_pestat] low and high boundaries for proper pairs: (21, 350)
[M::mem_pestat] skip orientation RF as there are not enough pairs
[M::mem_pestat] skip orientation RR as there are not enough pairs
[M::mem_process_seqs] Processed 645976 reads in 846.007 CPU sec, 108.485 real sec
[M::process] 0 single-end sequences; 645744 paired-end sequences
[M::process] read 645414 sequences (80000089 bp)...
[M::mem_pestat] # candidate unique pairs for (FF, FR, RF, RR): (0, 242817, 5, 0)
[M::mem_pestat] skip orientation FF as there are not enough pairs
[M::mem_pestat] analyzing insert size distribution for orientation FR...
[M::mem_pestat] (25, 50, 75) percentile: (162, 184, 209)
[M::mem_pestat] low and high boundaries for computing mean and std.dev: (68, 303)
[M::mem_pestat] mean and std.dev: (186.48, 32.49)
[M::mem_pestat] low and high boundaries for proper pairs: (21, 350)
[M::mem_pestat] skip orientation RF as there are not enough pairs
[M::mem_pestat] skip orientation RR as there are not enough pairs
[M::mem_process_seqs] Processed 645744 reads in 820.518 CPU sec, 105.263 real sec
[M::process] 0 single-end sequences; 645414 paired-end sequences
[M::process] read 645342 sequences (80000218 bp)...
[M::mem_pestat] # candidate unique pairs for (FF, FR, RF, RR): (0, 243373, 2, 0)
[M::mem_pestat] skip orientation FF as there are not enough pairs
[M::mem_pestat] analyzing insert size distribution for orientation FR...
[M::mem_pestat] (25, 50, 75) percentile: (162, 184, 209)
[M::mem_pestat] low and high boundaries for computing mean and std.dev: (68, 303)
[M::mem_pestat] mean and std.dev: (186.44, 32.53)
[M::mem_pestat] low and high boundaries for proper pairs: (21, 350)
[M::mem_pestat] skip orientation RF as there are not enough pairs
[M::mem_pestat] skip orientation RR as there are not enough pairs
[M::mem_process_seqs] Processed 645414 reads in 816.030 CPU sec, 104.788 real sec
[M::process] 0 single-end sequences; 645342 paired-end sequences
[M::process] read 645410 sequences (80000055 bp)...
[M::mem_pestat] # candidate unique pairs for (FF, FR, RF, RR): (0, 242745, 0, 0)
[M::mem_pestat] skip orientation FF as there are not enough pairs
[M::mem_pestat] analyzing insert size distribution for orientation FR...
[M::mem_pestat] (25, 50, 75) percentile: (162, 184, 209)
[M::mem_pestat] low and high boundaries for computing mean and std.dev: (68, 303)
[M::mem_pestat] mean and std.dev: (186.44, 32.50)
[M::mem_pestat] low and high boundaries for proper pairs: (21, 350)
[M::mem_pestat] skip orientation RF as there are not enough pairs
[M::mem_pestat] skip orientation RR as there are not enough pairs
[M::mem_process_seqs] Processed 645342 reads in 829.627 CPU sec, 106.549 real sec
[M::process] 0 single-end sequences; 645410 paired-end sequences
[M::process] read 645718 sequences (80000176 bp)...
[M::mem_pestat] # candidate unique pairs for (FF, FR, RF, RR): (0, 242671, 8, 0)
[M::mem_pestat] skip orientation FF as there are not enough pairs
[M::mem_pestat] analyzing insert size distribution for orientation FR...
[M::mem_pestat] (25, 50, 75) percentile: (162, 184, 208)
[M::mem_pestat] low and high boundaries for computing mean and std.dev: (70, 300)
[M::mem_pestat] mean and std.dev: (186.21, 32.49)
[M::mem_pestat] low and high boundaries for proper pairs: (24, 346)
[M::mem_pestat] skip orientation RF as there are not enough pairs
[M::mem_pestat] skip orientation RR as there are not enough pairs
[M::mem_process_seqs] Processed 645410 reads in 837.848 CPU sec, 107.539 real sec
[M::process] 0 single-end sequences; 645718 paired-end sequences
[M::process] read 645674 sequences (80000163 bp)...
[M::mem_pestat] # candidate unique pairs for (FF, FR, RF, RR): (0, 241898, 4, 0)
[M::mem_pestat] skip orientation FF as there are not enough pairs
[M::mem_pestat] analyzing insert size distribution for orientation FR...
[M::mem_pestat] (25, 50, 75) percentile: (162, 184, 208)
[M::mem_pestat] low and high boundaries for computing mean and std.dev: (70, 300)
[M::mem_pestat] mean and std.dev: (186.10, 32.54)
[M::mem_pestat] low and high boundaries for proper pairs: (24, 346)
[M::mem_pestat] skip orientation RF as there are not enough pairs
[M::mem_pestat] skip orientation RR as there are not enough pairs
[M::mem_process_seqs] Processed 645718 reads in 845.324 CPU sec, 108.389 real sec
[M::process] 0 single-end sequences; 645674 paired-end sequences
[M::process] read 645302 sequences (80000083 bp)...
[M::mem_pestat] # candidate unique pairs for (FF, FR, RF, RR): (0, 242494, 2, 0)
[M::mem_pestat] skip orientation FF as there are not enough pairs
[M::mem_pestat] analyzing insert size distribution for orientation FR...
[M::mem_pestat] (25, 50, 75) percentile: (162, 184, 209)
[M::mem_pestat] low and high boundaries for computing mean and std.dev: (68, 303)
[M::mem_pestat] mean and std.dev: (186.46, 32.54)
[M::mem_pestat] low and high boundaries for proper pairs: (21, 350)
[M::mem_pestat] skip orientation RF as there are not enough pairs
[M::mem_pestat] skip orientation RR as there are not enough pairs
[M::mem_process_seqs] Processed 645674 reads in 837.288 CPU sec, 107.413 real sec
[M::process] 0 single-end sequences; 645302 paired-end sequences
[M::process] read 645158 sequences (80000065 bp)...
[M::mem_pestat] # candidate unique pairs for (FF, FR, RF, RR): (0, 242461, 3, 0)
[M::mem_pestat] skip orientation FF as there are not enough pairs
[M::mem_pestat] analyzing insert size distribution for orientation FR...
[M::mem_pestat] (25, 50, 75) percentile: (162, 184, 209)
[M::mem_pestat] low and high boundaries for computing mean and std.dev: (68, 303)
[M::mem_pestat] mean and std.dev: (186.59, 32.58)
[M::mem_pestat] low and high boundaries for proper pairs: (21, 350)
[M::mem_pestat] skip orientation RF as there are not enough pairs
[M::mem_pestat] skip orientation RR as there are not enough pairs
[M::mem_process_seqs] Processed 645302 reads in 829.046 CPU sec, 106.932 real sec
[M::process] 0 single-end sequences; 645158 paired-end sequences
[M::process] read 645282 sequences (80000090 bp)...
[M::mem_pestat] # candidate unique pairs for (FF, FR, RF, RR): (0, 242744, 2, 0)
[M::mem_pestat] skip orientation FF as there are not enough pairs
[M::mem_pestat] analyzing insert size distribution for orientation FR...
[M::mem_pestat] (25, 50, 75) percentile: (162, 184, 209)
[M::mem_pestat] low and high boundaries for computing mean and std.dev: (68, 303)
[M::mem_pestat] mean and std.dev: (186.33, 32.48)
[M::mem_pestat] low and high boundaries for proper pairs: (21, 350)
[M::mem_pestat] skip orientation RF as there are not enough pairs
[M::mem_pestat] skip orientation RR as there are not enough pairs
[M::mem_process_seqs] Processed 645158 reads in 826.494 CPU sec, 106.015 real sec
[M::process] 0 single-end sequences; 645282 paired-end sequences
[M::process] read 645396 sequences (80000014 bp)...
[M::mem_pestat] # candidate unique pairs for (FF, FR, RF, RR): (0, 241902, 2, 0)
[M::mem_pestat] skip orientation FF as there are not enough pairs
[M::mem_pestat] analyzing insert size distribution for orientation FR...
[M::mem_pestat] (25, 50, 75) percentile: (162, 184, 209)
[M::mem_pestat] low and high boundaries for computing mean and std.dev: (68, 303)
[M::mem_pestat] mean and std.dev: (186.24, 32.48)
[M::mem_pestat] low and high boundaries for proper pairs: (21, 350)
[M::mem_pestat] skip orientation RF as there are not enough pairs
[M::mem_pestat] skip orientation RR as there are not enough pairs
[M::mem_process_seqs] Processed 645282 reads in 846.499 CPU sec, 108.520 real sec
[M::process] 0 single-end sequences; 645396 paired-end sequences
[M::process] read 645566 sequences (80000139 bp)...
[M::mem_pestat] # candidate unique pairs for (FF, FR, RF, RR): (0, 241028, 2, 0)
[M::mem_pestat] skip orientation FF as there are not enough pairs
[M::mem_pestat] analyzing insert size distribution for orientation FR...
[M::mem_pestat] (25, 50, 75) percentile: (162, 184, 208)
[M::mem_pestat] low and high boundaries for computing mean and std.dev: (70, 300)
[M::mem_pestat] mean and std.dev: (186.20, 32.44)
[M::mem_pestat] low and high boundaries for proper pairs: (24, 346)
[M::mem_pestat] skip orientation RF as there are not enough pairs
[M::mem_pestat] skip orientation RR as there are not enough pairs
[M::mem_process_seqs] Processed 645396 reads in 863.389 CPU sec, 110.665 real sec
[M::process] 0 single-end sequences; 645566 paired-end sequences
[M::process] read 645782 sequences (80000212 bp)...
[M::mem_pestat] # candidate unique pairs for (FF, FR, RF, RR): (0, 240830, 5, 0)
[M::mem_pestat] skip orientation FF as there are not enough pairs
[M::mem_pestat] analyzing insert size distribution for orientation FR...
[M::mem_pestat] (25, 50, 75) percentile: (162, 184, 208)
[M::mem_pestat] low and high boundaries for computing mean and std.dev: (70, 300)
[M::mem_pestat] mean and std.dev: (186.14, 32.46)
[M::mem_pestat] low and high boundaries for proper pairs: (24, 346)
[M::mem_pestat] skip orientation RF as there are not enough pairs
[M::mem_pestat] skip orientation RR as there are not enough pairs
[M::mem_process_seqs] Processed 645566 reads in 866.463 CPU sec, 111.074 real sec
[M::process] 0 single-end sequences; 645782 paired-end sequences
[M::process] read 645448 sequences (80000204 bp)...
[M::mem_pestat] # candidate unique pairs for (FF, FR, RF, RR): (0, 242166, 4, 0)
[M::mem_pestat] skip orientation FF as there are not enough pairs
[M::mem_pestat] analyzing insert size distribution for orientation FR...
[M::mem_pestat] (25, 50, 75) percentile: (162, 184, 209)
[M::mem_pestat] low and high boundaries for computing mean and std.dev: (68, 303)
[M::mem_pestat] mean and std.dev: (186.39, 32.46)
[M::mem_pestat] low and high boundaries for proper pairs: (21, 350)
[M::mem_pestat] skip orientation RF as there are not enough pairs
[M::mem_pestat] skip orientation RR as there are not enough pairs
[M::mem_process_seqs] Processed 645782 reads in 845.908 CPU sec, 108.473 real sec
[M::process] 0 single-end sequences; 645448 paired-end sequences
[M::process] read 645322 sequences (80000078 bp)...
[M::mem_pestat] # candidate unique pairs for (FF, FR, RF, RR): (0, 242628, 1, 0)
[M::mem_pestat] skip orientation FF as there are not enough pairs
[M::mem_pestat] analyzing insert size distribution for orientation FR...
[M::mem_pestat] (25, 50, 75) percentile: (162, 184, 209)
[M::mem_pestat] low and high boundaries for computing mean and std.dev: (68, 303)
[M::mem_pestat] mean and std.dev: (186.29, 32.46)
[M::mem_pestat] low and high boundaries for proper pairs: (21, 350)
[M::mem_pestat] skip orientation RF as there are not enough pairs
[M::mem_pestat] skip orientation RR as there are not enough pairs
[M::mem_process_seqs] Processed 645448 reads in 838.455 CPU sec, 107.548 real sec
[M::process] 0 single-end sequences; 645322 paired-end sequences
[M::process] read 645448 sequences (80000145 bp)...
[M::mem_pestat] # candidate unique pairs for (FF, FR, RF, RR): (0, 241886, 4, 0)
[M::mem_pestat] skip orientation FF as there are not enough pairs
[M::mem_pestat] analyzing insert size distribution for orientation FR...
[M::mem_pestat] (25, 50, 75) percentile: (162, 184, 208)
[M::mem_pestat] low and high boundaries for computing mean and std.dev: (70, 300)
[M::mem_pestat] mean and std.dev: (186.16, 32.45)
[M::mem_pestat] low and high boundaries for proper pairs: (24, 346)
[M::mem_pestat] skip orientation RF as there are not enough pairs
[M::mem_pestat] skip orientation RR as there are not enough pairs
[M::mem_process_seqs] Processed 645322 reads in 847.530 CPU sec, 108.669 real sec
[M::process] 0 single-end sequences; 645448 paired-end sequences
[M::process] read 645772 sequences (80000080 bp)...
[M::mem_pestat] # candidate unique pairs for (FF, FR, RF, RR): (0, 240774, 4, 0)
[M::mem_pestat] skip orientation FF as there are not enough pairs
[M::mem_pestat] analyzing insert size distribution for orientation FR...
[M::mem_pestat] (25, 50, 75) percentile: (162, 184, 208)
[M::mem_pestat] low and high boundaries for computing mean and std.dev: (70, 300)
[M::mem_pestat] mean and std.dev: (186.07, 32.47)
[M::mem_pestat] low and high boundaries for proper pairs: (24, 346)
[M::mem_pestat] skip orientation RF as there are not enough pairs
[M::mem_pestat] skip orientation RR as there are not enough pairs
[M::mem_process_seqs] Processed 645448 reads in 876.351 CPU sec, 112.353 real sec
[M::process] 0 single-end sequences; 645772 paired-end sequences
[M::process] read 646216 sequences (80000004 bp)...
[M::mem_pestat] # candidate unique pairs for (FF, FR, RF, RR): (0, 240430, 1, 0)
[M::mem_pestat] skip orientation FF as there are not enough pairs
[M::mem_pestat] analyzing insert size distribution for orientation FR...
[M::mem_pestat] (25, 50, 75) percentile: (162, 184, 208)
[M::mem_pestat] low and high boundaries for computing mean and std.dev: (70, 300)
[M::mem_pestat] mean and std.dev: (185.98, 32.47)
[M::mem_pestat] low and high boundaries for proper pairs: (24, 346)
[M::mem_pestat] skip orientation RF as there are not enough pairs
[M::mem_pestat] skip orientation RR as there are not enough pairs
[M::mem_process_seqs] Processed 645772 reads in 888.104 CPU sec, 113.765 real sec
[M::process] 0 single-end sequences; 646216 paired-end sequences
[M::process] read 645868 sequences (80000002 bp)...
[M::mem_pestat] # candidate unique pairs for (FF, FR, RF, RR): (0, 241265, 4, 0)
[M::mem_pestat] skip orientation FF as there are not enough pairs
[M::mem_pestat] analyzing insert size distribution for orientation FR...
[M::mem_pestat] (25, 50, 75) percentile: (162, 184, 209)
[M::mem_pestat] low and high boundaries for computing mean and std.dev: (68, 303)
[M::mem_pestat] mean and std.dev: (186.40, 32.58)
[M::mem_pestat] low and high boundaries for proper pairs: (21, 350)
[M::mem_pestat] skip orientation RF as there are not enough pairs
[M::mem_pestat] skip orientation RR as there are not enough pairs
[M::mem_process_seqs] Processed 646216 reads in 854.872 CPU sec, 109.594 real sec
[M::process] 0 single-end sequences; 645868 paired-end sequences
[M::process] read 645320 sequences (80000088 bp)...
[M::mem_pestat] # candidate unique pairs for (FF, FR, RF, RR): (0, 241969, 3, 0)
[M::mem_pestat] skip orientation FF as there are not enough pairs
[M::mem_pestat] analyzing insert size distribution for orientation FR...
[M::mem_pestat] (25, 50, 75) percentile: (162, 184, 209)
[M::mem_pestat] low and high boundaries for computing mean and std.dev: (68, 303)
[M::mem_pestat] mean and std.dev: (186.53, 32.52)
[M::mem_pestat] low and high boundaries for proper pairs: (21, 350)
[M::mem_pestat] skip orientation RF as there are not enough pairs
[M::mem_pestat] skip orientation RR as there are not enough pairs
[M::mem_process_seqs] Processed 645868 reads in 840.998 CPU sec, 107.866 real sec
[M::process] 0 single-end sequences; 645320 paired-end sequences
[M::process] read 645904 sequences (80000212 bp)...
[M::mem_pestat] # candidate unique pairs for (FF, FR, RF, RR): (0, 242789, 5, 0)
[M::mem_pestat] skip orientation FF as there are not enough pairs
[M::mem_pestat] analyzing insert size distribution for orientation FR...
[M::mem_pestat] (25, 50, 75) percentile: (162, 184, 209)
[M::mem_pestat] low and high boundaries for computing mean and std.dev: (68, 303)
[M::mem_pestat] mean and std.dev: (186.34, 32.54)
[M::mem_pestat] low and high boundaries for proper pairs: (21, 350)
[M::mem_pestat] skip orientation RF as there are not enough pairs
[M::mem_pestat] skip orientation RR as there are not enough pairs
[M::mem_process_seqs] Processed 645320 reads in 870.119 CPU sec, 111.533 real sec
[M::process] 0 single-end sequences; 645904 paired-end sequences
[M::process] read 645592 sequences (80000021 bp)...
[M::mem_pestat] # candidate unique pairs for (FF, FR, RF, RR): (0, 241731, 3, 0)
[M::mem_pestat] skip orientation FF as there are not enough pairs
[M::mem_pestat] analyzing insert size distribution for orientation FR...
[M::mem_pestat] (25, 50, 75) percentile: (162, 184, 208)
[M::mem_pestat] low and high boundaries for computing mean and std.dev: (70, 300)
[M::mem_pestat] mean and std.dev: (186.17, 32.50)
[M::mem_pestat] low and high boundaries for proper pairs: (24, 346)
[M::mem_pestat] skip orientation RF as there are not enough pairs
[M::mem_pestat] skip orientation RR as there are not enough pairs
[M::mem_process_seqs] Processed 645904 reads in 1102.689 CPU sec, 140.793 real sec
[M::process] 0 single-end sequences; 645592 paired-end sequences
[M::process] read 646102 sequences (80000052 bp)...
[M::mem_pestat] # candidate unique pairs for (FF, FR, RF, RR): (0, 241390, 2, 0)
[M::mem_pestat] skip orientation FF as there are not enough pairs
[M::mem_pestat] analyzing insert size distribution for orientation FR...
[M::mem_pestat] (25, 50, 75) percentile: (162, 184, 208)
[M::mem_pestat] low and high boundaries for computing mean and std.dev: (70, 300)
[M::mem_pestat] mean and std.dev: (186.07, 32.47)
[M::mem_pestat] low and high boundaries for proper pairs: (24, 346)
[M::mem_pestat] skip orientation RF as there are not enough pairs
[M::mem_pestat] skip orientation RR as there are not enough pairs
[M::mem_process_seqs] Processed 645592 reads in 1085.501 CPU sec, 138.481 real sec
[M::process] 0 single-end sequences; 646102 paired-end sequences
[M::process] read 646140 sequences (80000007 bp)...
[M::mem_pestat] # candidate unique pairs for (FF, FR, RF, RR): (0, 242325, 3, 0)
[M::mem_pestat] skip orientation FF as there are not enough pairs
[M::mem_pestat] analyzing insert size distribution for orientation FR...
[M::mem_pestat] (25, 50, 75) percentile: (162, 184, 208)
[M::mem_pestat] low and high boundaries for computing mean and std.dev: (70, 300)
[M::mem_pestat] mean and std.dev: (186.12, 32.39)
[M::mem_pestat] low and high boundaries for proper pairs: (24, 346)
[M::mem_pestat] skip orientation RF as there are not enough pairs
[M::mem_pestat] skip orientation RR as there are not enough pairs
[M::mem_process_seqs] Processed 646102 reads in 868.237 CPU sec, 111.294 real sec
[M::process] 0 single-end sequences; 646140 paired-end sequences
[M::process] read 645298 sequences (80000009 bp)...
[M::mem_pestat] # candidate unique pairs for (FF, FR, RF, RR): (0, 241780, 4, 0)
[M::mem_pestat] skip orientation FF as there are not enough pairs
[M::mem_pestat] analyzing insert size distribution for orientation FR...
[M::mem_pestat] (25, 50, 75) percentile: (162, 184, 209)
[M::mem_pestat] low and high boundaries for computing mean and std.dev: (68, 303)
[M::mem_pestat] mean and std.dev: (186.45, 32.58)
[M::mem_pestat] low and high boundaries for proper pairs: (21, 350)
[M::mem_pestat] skip orientation RF as there are not enough pairs
[M::mem_pestat] skip orientation RR as there are not enough pairs
[M::mem_process_seqs] Processed 646140 reads in 863.355 CPU sec, 110.699 real sec
[M::process] 0 single-end sequences; 645298 paired-end sequences
[M::process] read 645682 sequences (80000229 bp)...
[M::mem_pestat] # candidate unique pairs for (FF, FR, RF, RR): (0, 242390, 4, 0)
[M::mem_pestat] skip orientation FF as there are not enough pairs
[M::mem_pestat] analyzing insert size distribution for orientation FR...
[M::mem_pestat] (25, 50, 75) percentile: (162, 184, 209)
[M::mem_pestat] low and high boundaries for computing mean and std.dev: (68, 303)
[M::mem_pestat] mean and std.dev: (186.40, 32.54)
[M::mem_pestat] low and high boundaries for proper pairs: (21, 350)
[M::mem_pestat] skip orientation RF as there are not enough pairs
[M::mem_pestat] skip orientation RR as there are not enough pairs
[M::mem_process_seqs] Processed 645298 reads in 850.565 CPU sec, 109.132 real sec
[M::process] 0 single-end sequences; 645682 paired-end sequences
[M::process] read 645418 sequences (80000057 bp)...
[M::mem_pestat] # candidate unique pairs for (FF, FR, RF, RR): (0, 239834, 3, 0)
[M::mem_pestat] skip orientation FF as there are not enough pairs
[M::mem_pestat] analyzing insert size distribution for orientation FR...
[M::mem_pestat] (25, 50, 75) percentile: (162, 184, 209)
[M::mem_pestat] low and high boundaries for computing mean and std.dev: (68, 303)
[M::mem_pestat] mean and std.dev: (186.39, 32.50)
[M::mem_pestat] low and high boundaries for proper pairs: (21, 350)
[M::mem_pestat] skip orientation RF as there are not enough pairs
[M::mem_pestat] skip orientation RR as there are not enough pairs
[M::mem_process_seqs] Processed 645682 reads in 1345.114 CPU sec, 171.237 real sec
[M::process] 0 single-end sequences; 645418 paired-end sequences
[M::process] read 645526 sequences (80000092 bp)...
[M::mem_pestat] # candidate unique pairs for (FF, FR, RF, RR): (0, 240455, 8, 0)
[M::mem_pestat] skip orientation FF as there are not enough pairs
[M::mem_pestat] analyzing insert size distribution for orientation FR...
[M::mem_pestat] (25, 50, 75) percentile: (162, 184, 208)
[M::mem_pestat] low and high boundaries for computing mean and std.dev: (70, 300)
[M::mem_pestat] mean and std.dev: (186.11, 32.49)
[M::mem_pestat] low and high boundaries for proper pairs: (24, 346)
[M::mem_pestat] skip orientation RF as there are not enough pairs
[M::mem_pestat] skip orientation RR as there are not enough pairs
[M::mem_process_seqs] Processed 645418 reads in 957.520 CPU sec, 122.545 real sec
[M::process] 0 single-end sequences; 645526 paired-end sequences
[M::process] read 645930 sequences (80000168 bp)...
[M::mem_pestat] # candidate unique pairs for (FF, FR, RF, RR): (0, 240257, 3, 0)
[M::mem_pestat] skip orientation FF as there are not enough pairs
[M::mem_pestat] analyzing insert size distribution for orientation FR...
[M::mem_pestat] (25, 50, 75) percentile: (162, 184, 208)
[M::mem_pestat] low and high boundaries for computing mean and std.dev: (70, 300)
[M::mem_pestat] mean and std.dev: (186.14, 32.51)
[M::mem_pestat] low and high boundaries for proper pairs: (24, 346)
[M::mem_pestat] skip orientation RF as there are not enough pairs
[M::mem_pestat] skip orientation RR as there are not enough pairs
[M::mem_process_seqs] Processed 645526 reads in 882.339 CPU sec, 113.040 real sec
[M::process] 0 single-end sequences; 645930 paired-end sequences
[M::process] read 646134 sequences (80000031 bp)...
[M::mem_pestat] # candidate unique pairs for (FF, FR, RF, RR): (0, 242098, 1, 0)
[M::mem_pestat] skip orientation FF as there are not enough pairs
[M::mem_pestat] analyzing insert size distribution for orientation FR...
[M::mem_pestat] (25, 50, 75) percentile: (162, 184, 209)
[M::mem_pestat] low and high boundaries for computing mean and std.dev: (68, 303)
[M::mem_pestat] mean and std.dev: (186.48, 32.54)
[M::mem_pestat] low and high boundaries for proper pairs: (21, 350)
[M::mem_pestat] skip orientation RF as there are not enough pairs
[M::mem_pestat] skip orientation RR as there are not enough pairs
[M::mem_process_seqs] Processed 645930 reads in 807.579 CPU sec, 103.784 real sec
[M::process] 0 single-end sequences; 646134 paired-end sequences
[M::process] read 646538 sequences (80000124 bp)...
[M::mem_pestat] # candidate unique pairs for (FF, FR, RF, RR): (0, 243836, 2, 0)
[M::mem_pestat] skip orientation FF as there are not enough pairs
[M::mem_pestat] analyzing insert size distribution for orientation FR...
[M::mem_pestat] (25, 50, 75) percentile: (162, 184, 209)
[M::mem_pestat] low and high boundaries for computing mean and std.dev: (68, 303)
[M::mem_pestat] mean and std.dev: (186.60, 32.51)
[M::mem_pestat] low and high boundaries for proper pairs: (21, 350)
[M::mem_pestat] skip orientation RF as there are not enough pairs
[M::mem_pestat] skip orientation RR as there are not enough pairs
[M::mem_process_seqs] Processed 646134 reads in 781.614 CPU sec, 100.448 real sec
[M::process] 0 single-end sequences; 646538 paired-end sequences
[M::process] read 646122 sequences (80000143 bp)...
[M::mem_pestat] # candidate unique pairs for (FF, FR, RF, RR): (0, 243772, 3, 0)
[M::mem_pestat] skip orientation FF as there are not enough pairs
[M::mem_pestat] analyzing insert size distribution for orientation FR...
[M::mem_pestat] (25, 50, 75) percentile: (162, 184, 209)
[M::mem_pestat] low and high boundaries for computing mean and std.dev: (68, 303)
[M::mem_pestat] mean and std.dev: (186.52, 32.54)
[M::mem_pestat] low and high boundaries for proper pairs: (21, 350)
[M::mem_pestat] skip orientation RF as there are not enough pairs
[M::mem_pestat] skip orientation RR as there are not enough pairs
[M::mem_process_seqs] Processed 646538 reads in 786.145 CPU sec, 101.049 real sec
[M::process] 0 single-end sequences; 646122 paired-end sequences
[M::process] read 645990 sequences (80000030 bp)...
[M::mem_pestat] # candidate unique pairs for (FF, FR, RF, RR): (0, 243858, 5, 0)
[M::mem_pestat] skip orientation FF as there are not enough pairs
[M::mem_pestat] analyzing insert size distribution for orientation FR...
[M::mem_pestat] (25, 50, 75) percentile: (162, 184, 209)
[M::mem_pestat] low and high boundaries for computing mean and std.dev: (68, 303)
[M::mem_pestat] mean and std.dev: (186.66, 32.56)
[M::mem_pestat] low and high boundaries for proper pairs: (21, 350)
[M::mem_pestat] skip orientation RF as there are not enough pairs
[M::mem_pestat] skip orientation RR as there are not enough pairs
[M::mem_process_seqs] Processed 646122 reads in 785.436 CPU sec, 100.904 real sec
[M::process] 0 single-end sequences; 645990 paired-end sequences
[M::process] read 645900 sequences (80000147 bp)...
[M::mem_pestat] # candidate unique pairs for (FF, FR, RF, RR): (0, 243771, 5, 0)
[M::mem_pestat] skip orientation FF as there are not enough pairs
[M::mem_pestat] analyzing insert size distribution for orientation FR...
[M::mem_pestat] (25, 50, 75) percentile: (162, 184, 209)
[M::mem_pestat] low and high boundaries for computing mean and std.dev: (68, 303)
[M::mem_pestat] mean and std.dev: (186.58, 32.56)
[M::mem_pestat] low and high boundaries for proper pairs: (21, 350)
[M::mem_pestat] skip orientation RF as there are not enough pairs
[M::mem_pestat] skip orientation RR as there are not enough pairs
[M::mem_process_seqs] Processed 645990 reads in 785.982 CPU sec, 101.026 real sec
[M::process] 0 single-end sequences; 645900 paired-end sequences
[M::process] read 645956 sequences (80000209 bp)...
[M::mem_pestat] # candidate unique pairs for (FF, FR, RF, RR): (0, 243354, 5, 0)
[M::mem_pestat] skip orientation FF as there are not enough pairs
[M::mem_pestat] analyzing insert size distribution for orientation FR...
[M::mem_pestat] (25, 50, 75) percentile: (162, 184, 209)
[M::mem_pestat] low and high boundaries for computing mean and std.dev: (68, 303)
[M::mem_pestat] mean and std.dev: (186.40, 32.56)
[M::mem_pestat] low and high boundaries for proper pairs: (21, 350)
[M::mem_pestat] skip orientation RF as there are not enough pairs
[M::mem_pestat] skip orientation RR as there are not enough pairs
[M::mem_process_seqs] Processed 645900 reads in 793.291 CPU sec, 101.857 real sec
[M::process] 0 single-end sequences; 645956 paired-end sequences
[M::process] read 645930 sequences (80000123 bp)...
[M::mem_pestat] # candidate unique pairs for (FF, FR, RF, RR): (0, 242942, 3, 0)
[M::mem_pestat] skip orientation FF as there are not enough pairs
[M::mem_pestat] analyzing insert size distribution for orientation FR...
[M::mem_pestat] (25, 50, 75) percentile: (162, 184, 209)
[M::mem_pestat] low and high boundaries for computing mean and std.dev: (68, 303)
[M::mem_pestat] mean and std.dev: (186.46, 32.57)
[M::mem_pestat] low and high boundaries for proper pairs: (21, 350)
[M::mem_pestat] skip orientation RF as there are not enough pairs
[M::mem_pestat] skip orientation RR as there are not enough pairs
[M::mem_process_seqs] Processed 645956 reads in 793.712 CPU sec, 101.905 real sec
[M::process] 0 single-end sequences; 645930 paired-end sequences
[M::process] read 646024 sequences (80000116 bp)...
[M::mem_pestat] # candidate unique pairs for (FF, FR, RF, RR): (0, 243047, 2, 0)
[M::mem_pestat] skip orientation FF as there are not enough pairs
[M::mem_pestat] analyzing insert size distribution for orientation FR...
[M::mem_pestat] (25, 50, 75) percentile: (162, 184, 209)
[M::mem_pestat] low and high boundaries for computing mean and std.dev: (68, 303)
[M::mem_pestat] mean and std.dev: (186.38, 32.65)
[M::mem_pestat] low and high boundaries for proper pairs: (21, 350)
[M::mem_pestat] skip orientation RF as there are not enough pairs
[M::mem_pestat] skip orientation RR as there are not enough pairs
[M::mem_process_seqs] Processed 645930 reads in 801.122 CPU sec, 102.822 real sec
[M::process] 0 single-end sequences; 646024 paired-end sequences
[M::process] read 645888 sequences (80000190 bp)...
[M::mem_pestat] # candidate unique pairs for (FF, FR, RF, RR): (0, 242552, 3, 0)
[M::mem_pestat] skip orientation FF as there are not enough pairs
[M::mem_pestat] analyzing insert size distribution for orientation FR...
[M::mem_pestat] (25, 50, 75) percentile: (162, 184, 209)
[M::mem_pestat] low and high boundaries for computing mean and std.dev: (68, 303)
[M::mem_pestat] mean and std.dev: (186.32, 32.63)
[M::mem_pestat] low and high boundaries for proper pairs: (21, 350)
[M::mem_pestat] skip orientation RF as there are not enough pairs
[M::mem_pestat] skip orientation RR as there are not enough pairs
[M::mem_process_seqs] Processed 646024 reads in 806.237 CPU sec, 103.531 real sec
[M::process] 0 single-end sequences; 645888 paired-end sequences
[M::process] read 645900 sequences (80000163 bp)...
[M::mem_pestat] # candidate unique pairs for (FF, FR, RF, RR): (0, 242205, 5, 0)
[M::mem_pestat] skip orientation FF as there are not enough pairs
[M::mem_pestat] analyzing insert size distribution for orientation FR...
[M::mem_pestat] (25, 50, 75) percentile: (162, 184, 209)
[M::mem_pestat] low and high boundaries for computing mean and std.dev: (68, 303)
[M::mem_pestat] mean and std.dev: (186.27, 32.50)
[M::mem_pestat] low and high boundaries for proper pairs: (21, 350)
[M::mem_pestat] skip orientation RF as there are not enough pairs
[M::mem_pestat] skip orientation RR as there are not enough pairs
[M::mem_process_seqs] Processed 645888 reads in 806.575 CPU sec, 103.595 real sec
[M::process] 0 single-end sequences; 645900 paired-end sequences
[M::process] read 646008 sequences (80000117 bp)...
[M::mem_pestat] # candidate unique pairs for (FF, FR, RF, RR): (0, 240907, 5, 0)
[M::mem_pestat] skip orientation FF as there are not enough pairs
[M::mem_pestat] analyzing insert size distribution for orientation FR...
[M::mem_pestat] (25, 50, 75) percentile: (162, 184, 208)
[M::mem_pestat] low and high boundaries for computing mean and std.dev: (70, 300)
[M::mem_pestat] mean and std.dev: (186.01, 32.55)
[M::mem_pestat] low and high boundaries for proper pairs: (24, 346)
[M::mem_pestat] skip orientation RF as there are not enough pairs
[M::mem_pestat] skip orientation RR as there are not enough pairs
[M::mem_process_seqs] Processed 645900 reads in 826.229 CPU sec, 106.027 real sec
[M::process] 0 single-end sequences; 646008 paired-end sequences
[M::process] read 645842 sequences (80000099 bp)...
[M::mem_pestat] # candidate unique pairs for (FF, FR, RF, RR): (0, 239987, 1, 0)
[M::mem_pestat] skip orientation FF as there are not enough pairs
[M::mem_pestat] analyzing insert size distribution for orientation FR...
[M::mem_pestat] (25, 50, 75) percentile: (162, 184, 208)
[M::mem_pestat] low and high boundaries for computing mean and std.dev: (70, 300)
[M::mem_pestat] mean and std.dev: (186.02, 32.54)
[M::mem_pestat] low and high boundaries for proper pairs: (24, 346)
[M::mem_pestat] skip orientation RF as there are not enough pairs
[M::mem_pestat] skip orientation RR as there are not enough pairs
[M::mem_process_seqs] Processed 646008 reads in 827.672 CPU sec, 106.241 real sec
[M::process] 0 single-end sequences; 645842 paired-end sequences
[M::process] read 646138 sequences (80000019 bp)...
[M::mem_pestat] # candidate unique pairs for (FF, FR, RF, RR): (0, 240252, 6, 0)
[M::mem_pestat] skip orientation FF as there are not enough pairs
[M::mem_pestat] analyzing insert size distribution for orientation FR...
[M::mem_pestat] (25, 50, 75) percentile: (162, 184, 208)
[M::mem_pestat] low and high boundaries for computing mean and std.dev: (70, 300)
[M::mem_pestat] mean and std.dev: (186.08, 32.53)
[M::mem_pestat] low and high boundaries for proper pairs: (24, 346)
[M::mem_pestat] skip orientation RF as there are not enough pairs
[M::mem_pestat] skip orientation RR as there are not enough pairs
[M::mem_process_seqs] Processed 645842 reads in 821.112 CPU sec, 105.355 real sec
[M::process] 0 single-end sequences; 646138 paired-end sequences
[M::process] read 646066 sequences (80000116 bp)...
[M::mem_pestat] # candidate unique pairs for (FF, FR, RF, RR): (0, 243049, 5, 0)
[M::mem_pestat] skip orientation FF as there are not enough pairs
[M::mem_pestat] analyzing insert size distribution for orientation FR...
[M::mem_pestat] (25, 50, 75) percentile: (162, 184, 209)
[M::mem_pestat] low and high boundaries for computing mean and std.dev: (68, 303)
[M::mem_pestat] mean and std.dev: (186.42, 32.51)
[M::mem_pestat] low and high boundaries for proper pairs: (21, 350)
[M::mem_pestat] skip orientation RF as there are not enough pairs
[M::mem_pestat] skip orientation RR as there are not enough pairs
[M::mem_process_seqs] Processed 646138 reads in 786.865 CPU sec, 101.105 real sec
[M::process] 0 single-end sequences; 646066 paired-end sequences
[M::process] read 646428 sequences (80000101 bp)...
[M::mem_pestat] # candidate unique pairs for (FF, FR, RF, RR): (0, 243662, 5, 0)
[M::mem_pestat] skip orientation FF as there are not enough pairs
[M::mem_pestat] analyzing insert size distribution for orientation FR...
[M::mem_pestat] (25, 50, 75) percentile: (162, 184, 209)
[M::mem_pestat] low and high boundaries for computing mean and std.dev: (68, 303)
[M::mem_pestat] mean and std.dev: (186.55, 32.52)
[M::mem_pestat] low and high boundaries for proper pairs: (21, 350)
[M::mem_pestat] skip orientation RF as there are not enough pairs
[M::mem_pestat] skip orientation RR as there are not enough pairs
[M::mem_process_seqs] Processed 646066 reads in 781.756 CPU sec, 100.466 real sec
[M::process] 0 single-end sequences; 646428 paired-end sequences
[M::process] read 646318 sequences (80000122 bp)...
[M::mem_pestat] # candidate unique pairs for (FF, FR, RF, RR): (0, 243434, 3, 0)
[M::mem_pestat] skip orientation FF as there are not enough pairs
[M::mem_pestat] analyzing insert size distribution for orientation FR...
[M::mem_pestat] (25, 50, 75) percentile: (162, 184, 209)
[M::mem_pestat] low and high boundaries for computing mean and std.dev: (68, 303)
[M::mem_pestat] mean and std.dev: (186.58, 32.55)
[M::mem_pestat] low and high boundaries for proper pairs: (21, 350)
[M::mem_pestat] skip orientation RF as there are not enough pairs
[M::mem_pestat] skip orientation RR as there are not enough pairs
[M::mem_process_seqs] Processed 646428 reads in 786.418 CPU sec, 100.989 real sec
[M::process] 0 single-end sequences; 646318 paired-end sequences
[M::process] read 645978 sequences (80000222 bp)...
[M::mem_pestat] # candidate unique pairs for (FF, FR, RF, RR): (0, 243348, 0, 0)
[M::mem_pestat] skip orientation FF as there are not enough pairs
[M::mem_pestat] analyzing insert size distribution for orientation FR...
[M::mem_pestat] (25, 50, 75) percentile: (162, 184, 209)
[M::mem_pestat] low and high boundaries for computing mean and std.dev: (68, 303)
[M::mem_pestat] mean and std.dev: (186.49, 32.58)
[M::mem_pestat] low and high boundaries for proper pairs: (21, 350)
[M::mem_pestat] skip orientation RF as there are not enough pairs
[M::mem_pestat] skip orientation RR as there are not enough pairs
[M::mem_process_seqs] Processed 646318 reads in 784.533 CPU sec, 100.813 real sec
[M::process] 0 single-end sequences; 645978 paired-end sequences
[M::process] read 645936 sequences (80000043 bp)...
[M::mem_pestat] # candidate unique pairs for (FF, FR, RF, RR): (0, 243456, 3, 0)
[M::mem_pestat] skip orientation FF as there are not enough pairs
[M::mem_pestat] analyzing insert size distribution for orientation FR...
[M::mem_pestat] (25, 50, 75) percentile: (162, 184, 209)
[M::mem_pestat] low and high boundaries for computing mean and std.dev: (68, 303)
[M::mem_pestat] mean and std.dev: (186.58, 32.52)
[M::mem_pestat] low and high boundaries for proper pairs: (21, 350)
[M::mem_pestat] skip orientation RF as there are not enough pairs
[M::mem_pestat] skip orientation RR as there are not enough pairs
[M::mem_process_seqs] Processed 645978 reads in 786.524 CPU sec, 101.000 real sec
[M::process] 0 single-end sequences; 645936 paired-end sequences
[M::process] read 645990 sequences (80000183 bp)...
[M::mem_pestat] # candidate unique pairs for (FF, FR, RF, RR): (0, 243205, 2, 0)
[M::mem_pestat] skip orientation FF as there are not enough pairs
[M::mem_pestat] analyzing insert size distribution for orientation FR...
[M::mem_pestat] (25, 50, 75) percentile: (162, 184, 209)
[M::mem_pestat] low and high boundaries for computing mean and std.dev: (68, 303)
[M::mem_pestat] mean and std.dev: (186.45, 32.43)
[M::mem_pestat] low and high boundaries for proper pairs: (21, 350)
[M::mem_pestat] skip orientation RF as there are not enough pairs
[M::mem_pestat] skip orientation RR as there are not enough pairs
[M::mem_process_seqs] Processed 645936 reads in 790.482 CPU sec, 101.552 real sec
[M::process] 0 single-end sequences; 645990 paired-end sequences
[M::process] read 645938 sequences (80000082 bp)...
[M::mem_pestat] # candidate unique pairs for (FF, FR, RF, RR): (0, 243353, 0, 0)
[M::mem_pestat] skip orientation FF as there are not enough pairs
[M::mem_pestat] analyzing insert size distribution for orientation FR...
[M::mem_pestat] (25, 50, 75) percentile: (162, 184, 209)
[M::mem_pestat] low and high boundaries for computing mean and std.dev: (68, 303)
[M::mem_pestat] mean and std.dev: (186.36, 32.64)
[M::mem_pestat] low and high boundaries for proper pairs: (21, 350)
[M::mem_pestat] skip orientation RF as there are not enough pairs
[M::mem_pestat] skip orientation RR as there are not enough pairs
[M::mem_process_seqs] Processed 645990 reads in 785.456 CPU sec, 100.900 real sec
[M::process] 0 single-end sequences; 645938 paired-end sequences
[M::process] read 645876 sequences (80000110 bp)...
[M::mem_pestat] # candidate unique pairs for (FF, FR, RF, RR): (0, 243100, 4, 0)
[M::mem_pestat] skip orientation FF as there are not enough pairs
[M::mem_pestat] analyzing insert size distribution for orientation FR...
[M::mem_pestat] (25, 50, 75) percentile: (162, 184, 208)
[M::mem_pestat] low and high boundaries for computing mean and std.dev: (70, 300)
[M::mem_pestat] mean and std.dev: (186.26, 32.46)
[M::mem_pestat] low and high boundaries for proper pairs: (24, 346)
[M::mem_pestat] skip orientation RF as there are not enough pairs
[M::mem_pestat] skip orientation RR as there are not enough pairs
[M::mem_process_seqs] Processed 645938 reads in 796.450 CPU sec, 102.305 real sec
[M::process] 0 single-end sequences; 645876 paired-end sequences
[M::process] read 645976 sequences (80000061 bp)...
[M::mem_pestat] # candidate unique pairs for (FF, FR, RF, RR): (0, 242826, 5, 0)
[M::mem_pestat] skip orientation FF as there are not enough pairs
[M::mem_pestat] analyzing insert size distribution for orientation FR...
[M::mem_pestat] (25, 50, 75) percentile: (162, 184, 209)
[M::mem_pestat] low and high boundaries for computing mean and std.dev: (68, 303)
[M::mem_pestat] mean and std.dev: (186.27, 32.56)
[M::mem_pestat] low and high boundaries for proper pairs: (21, 350)
[M::mem_pestat] skip orientation RF as there are not enough pairs
[M::mem_pestat] skip orientation RR as there are not enough pairs
[M::mem_process_seqs] Processed 645876 reads in 800.066 CPU sec, 102.682 real sec
[M::process] 0 single-end sequences; 645976 paired-end sequences
[M::process] read 646098 sequences (80000200 bp)...
[M::mem_pestat] # candidate unique pairs for (FF, FR, RF, RR): (0, 242128, 4, 0)
[M::mem_pestat] skip orientation FF as there are not enough pairs
[M::mem_pestat] analyzing insert size distribution for orientation FR...
[M::mem_pestat] (25, 50, 75) percentile: (162, 184, 209)
[M::mem_pestat] low and high boundaries for computing mean and std.dev: (68, 303)
[M::mem_pestat] mean and std.dev: (186.23, 32.57)
[M::mem_pestat] low and high boundaries for proper pairs: (21, 350)
[M::mem_pestat] skip orientation RF as there are not enough pairs
[M::mem_pestat] skip orientation RR as there are not enough pairs
[M::mem_process_seqs] Processed 645976 reads in 801.459 CPU sec, 102.908 real sec
[M::process] 0 single-end sequences; 646098 paired-end sequences
[M::process] read 646204 sequences (80000048 bp)...
[M::mem_pestat] # candidate unique pairs for (FF, FR, RF, RR): (0, 241106, 5, 0)
[M::mem_pestat] skip orientation FF as there are not enough pairs
[M::mem_pestat] analyzing insert size distribution for orientation FR...
[M::mem_pestat] (25, 50, 75) percentile: (162, 184, 208)
[M::mem_pestat] low and high boundaries for computing mean and std.dev: (70, 300)
[M::mem_pestat] mean and std.dev: (186.11, 32.53)
[M::mem_pestat] low and high boundaries for proper pairs: (24, 346)
[M::mem_pestat] skip orientation RF as there are not enough pairs
[M::mem_pestat] skip orientation RR as there are not enough pairs
[M::mem_process_seqs] Processed 646098 reads in 815.637 CPU sec, 104.700 real sec
[M::process] 0 single-end sequences; 646204 paired-end sequences
[M::process] read 646072 sequences (80000116 bp)...
[M::mem_pestat] # candidate unique pairs for (FF, FR, RF, RR): (0, 240657, 4, 0)
[M::mem_pestat] skip orientation FF as there are not enough pairs
[M::mem_pestat] analyzing insert size distribution for orientation FR...
[M::mem_pestat] (25, 50, 75) percentile: (162, 184, 208)
[M::mem_pestat] low and high boundaries for computing mean and std.dev: (70, 300)
[M::mem_pestat] mean and std.dev: (186.23, 32.53)
[M::mem_pestat] low and high boundaries for proper pairs: (24, 346)
[M::mem_pestat] skip orientation RF as there are not enough pairs
[M::mem_pestat] skip orientation RR as there are not enough pairs
[M::mem_process_seqs] Processed 646204 reads in 814.500 CPU sec, 104.510 real sec
[M::process] 0 single-end sequences; 646072 paired-end sequences
[M::process] read 646164 sequences (80000142 bp)...
[M::mem_pestat] # candidate unique pairs for (FF, FR, RF, RR): (0, 241456, 1, 0)
[M::mem_pestat] skip orientation FF as there are not enough pairs
[M::mem_pestat] analyzing insert size distribution for orientation FR...
[M::mem_pestat] (25, 50, 75) percentile: (162, 184, 208)
[M::mem_pestat] low and high boundaries for computing mean and std.dev: (70, 300)
[M::mem_pestat] mean and std.dev: (186.16, 32.46)
[M::mem_pestat] low and high boundaries for proper pairs: (24, 346)
[M::mem_pestat] skip orientation RF as there are not enough pairs
[M::mem_pestat] skip orientation RR as there are not enough pairs
[M::mem_process_seqs] Processed 646072 reads in 810.845 CPU sec, 104.060 real sec
[M::process] 0 single-end sequences; 646164 paired-end sequences
[M::process] read 646274 sequences (80000068 bp)...
[M::mem_pestat] # candidate unique pairs for (FF, FR, RF, RR): (0, 243573, 2, 0)
[M::mem_pestat] skip orientation FF as there are not enough pairs
[M::mem_pestat] analyzing insert size distribution for orientation FR...
[M::mem_pestat] (25, 50, 75) percentile: (162, 184, 209)
[M::mem_pestat] low and high boundaries for computing mean and std.dev: (68, 303)
[M::mem_pestat] mean and std.dev: (186.64, 32.53)
[M::mem_pestat] low and high boundaries for proper pairs: (21, 350)
[M::mem_pestat] skip orientation RF as there are not enough pairs
[M::mem_pestat] skip orientation RR as there are not enough pairs
[M::mem_process_seqs] Processed 646164 reads in 782.335 CPU sec, 100.505 real sec
[M::process] 0 single-end sequences; 646274 paired-end sequences
[M::process] read 646384 sequences (80000019 bp)...
[M::mem_pestat] # candidate unique pairs for (FF, FR, RF, RR): (0, 243404, 7, 0)
[M::mem_pestat] skip orientation FF as there are not enough pairs
[M::mem_pestat] analyzing insert size distribution for orientation FR...
[M::mem_pestat] (25, 50, 75) percentile: (162, 184, 209)
[M::mem_pestat] low and high boundaries for computing mean and std.dev: (68, 303)
[M::mem_pestat] mean and std.dev: (186.59, 32.51)
[M::mem_pestat] low and high boundaries for proper pairs: (21, 350)
[M::mem_pestat] skip orientation RF as there are not enough pairs
[M::mem_pestat] skip orientation RR as there are not enough pairs
[M::mem_process_seqs] Processed 646274 reads in 786.033 CPU sec, 100.973 real sec
[M::process] 0 single-end sequences; 646384 paired-end sequences
[M::process] read 646084 sequences (80000018 bp)...
[M::mem_pestat] # candidate unique pairs for (FF, FR, RF, RR): (0, 243583, 1, 0)
[M::mem_pestat] skip orientation FF as there are not enough pairs
[M::mem_pestat] analyzing insert size distribution for orientation FR...
[M::mem_pestat] (25, 50, 75) percentile: (162, 184, 209)
[M::mem_pestat] low and high boundaries for computing mean and std.dev: (68, 303)
[M::mem_pestat] mean and std.dev: (186.60, 32.50)
[M::mem_pestat] low and high boundaries for proper pairs: (21, 350)
[M::mem_pestat] skip orientation RF as there are not enough pairs
[M::mem_pestat] skip orientation RR as there are not enough pairs
[M::mem_process_seqs] Processed 646384 reads in 791.098 CPU sec, 101.633 real sec
[M::process] 0 single-end sequences; 646084 paired-end sequences
[M::process] read 646370 sequences (80000075 bp)...
[M::mem_pestat] # candidate unique pairs for (FF, FR, RF, RR): (0, 242810, 2, 0)
[M::mem_pestat] skip orientation FF as there are not enough pairs
[M::mem_pestat] analyzing insert size distribution for orientation FR...
[M::mem_pestat] (25, 50, 75) percentile: (162, 184, 209)
[M::mem_pestat] low and high boundaries for computing mean and std.dev: (68, 303)
[M::mem_pestat] mean and std.dev: (186.54, 32.53)
[M::mem_pestat] low and high boundaries for proper pairs: (21, 350)
[M::mem_pestat] skip orientation RF as there are not enough pairs
[M::mem_pestat] skip orientation RR as there are not enough pairs
[M::mem_process_seqs] Processed 646084 reads in 797.704 CPU sec, 102.456 real sec
[M::process] 0 single-end sequences; 646370 paired-end sequences
[M::process] read 645972 sequences (80000136 bp)...
[M::mem_pestat] # candidate unique pairs for (FF, FR, RF, RR): (0, 243402, 2, 0)
[M::mem_pestat] skip orientation FF as there are not enough pairs
[M::mem_pestat] analyzing insert size distribution for orientation FR...
[M::mem_pestat] (25, 50, 75) percentile: (162, 184, 209)
[M::mem_pestat] low and high boundaries for computing mean and std.dev: (68, 303)
[M::mem_pestat] mean and std.dev: (186.45, 32.54)
[M::mem_pestat] low and high boundaries for proper pairs: (21, 350)
[M::mem_pestat] skip orientation RF as there are not enough pairs
[M::mem_pestat] skip orientation RR as there are not enough pairs
[M::mem_process_seqs] Processed 646370 reads in 790.666 CPU sec, 101.598 real sec
[M::process] 0 single-end sequences; 645972 paired-end sequences
[M::process] read 645932 sequences (80000218 bp)...
[M::mem_pestat] # candidate unique pairs for (FF, FR, RF, RR): (0, 243071, 8, 0)
[M::mem_pestat] skip orientation FF as there are not enough pairs
[M::mem_pestat] analyzing insert size distribution for orientation FR...
[M::mem_pestat] (25, 50, 75) percentile: (162, 184, 209)
[M::mem_pestat] low and high boundaries for computing mean and std.dev: (68, 303)
[M::mem_pestat] mean and std.dev: (186.43, 32.42)
[M::mem_pestat] low and high boundaries for proper pairs: (21, 350)
[M::mem_pestat] skip orientation RF as there are not enough pairs
[M::mem_pestat] skip orientation RR as there are not enough pairs
[M::mem_process_seqs] Processed 645972 reads in 796.505 CPU sec, 102.286 real sec
[M::process] 0 single-end sequences; 645932 paired-end sequences
[M::process] read 645934 sequences (80000075 bp)...
[M::mem_pestat] # candidate unique pairs for (FF, FR, RF, RR): (0, 242699, 9, 0)
[M::mem_pestat] skip orientation FF as there are not enough pairs
[M::mem_pestat] analyzing insert size distribution for orientation FR...
[M::mem_pestat] (25, 50, 75) percentile: (162, 184, 209)
[M::mem_pestat] low and high boundaries for computing mean and std.dev: (68, 303)
[M::mem_pestat] mean and std.dev: (186.48, 32.58)
[M::mem_pestat] low and high boundaries for proper pairs: (21, 350)
[M::mem_pestat] skip orientation RF as there are not enough pairs
[M::mem_pestat] skip orientation RR as there are not enough pairs
[M::mem_process_seqs] Processed 645932 reads in 802.325 CPU sec, 102.996 real sec
[M::process] 0 single-end sequences; 645934 paired-end sequences
[M::process] read 646040 sequences (80000055 bp)...
[M::mem_pestat] # candidate unique pairs for (FF, FR, RF, RR): (0, 242553, 5, 0)
[M::mem_pestat] skip orientation FF as there are not enough pairs
[M::mem_pestat] analyzing insert size distribution for orientation FR...
[M::mem_pestat] (25, 50, 75) percentile: (162, 184, 209)
[M::mem_pestat] low and high boundaries for computing mean and std.dev: (68, 303)
[M::mem_pestat] mean and std.dev: (186.38, 32.48)
[M::mem_pestat] low and high boundaries for proper pairs: (21, 350)
[M::mem_pestat] skip orientation RF as there are not enough pairs
[M::mem_pestat] skip orientation RR as there are not enough pairs
[M::mem_process_seqs] Processed 645934 reads in 809.345 CPU sec, 103.873 real sec
[M::process] 0 single-end sequences; 646040 paired-end sequences
[M::process] read 645902 sequences (80000202 bp)...
[M::mem_pestat] # candidate unique pairs for (FF, FR, RF, RR): (0, 242187, 3, 0)
[M::mem_pestat] skip orientation FF as there are not enough pairs
[M::mem_pestat] analyzing insert size distribution for orientation FR...
[M::mem_pestat] (25, 50, 75) percentile: (162, 184, 209)
[M::mem_pestat] low and high boundaries for computing mean and std.dev: (68, 303)
[M::mem_pestat] mean and std.dev: (186.27, 32.49)
[M::mem_pestat] low and high boundaries for proper pairs: (21, 350)
[M::mem_pestat] skip orientation RF as there are not enough pairs
[M::mem_pestat] skip orientation RR as there are not enough pairs
[M::mem_process_seqs] Processed 646040 reads in 810.874 CPU sec, 104.112 real sec
[M::process] 0 single-end sequences; 645902 paired-end sequences
[M::process] read 646108 sequences (80000165 bp)...
[M::mem_pestat] # candidate unique pairs for (FF, FR, RF, RR): (0, 241369, 5, 0)
[M::mem_pestat] skip orientation FF as there are not enough pairs
[M::mem_pestat] analyzing insert size distribution for orientation FR...
[M::mem_pestat] (25, 50, 75) percentile: (162, 184, 208)
[M::mem_pestat] low and high boundaries for computing mean and std.dev: (70, 300)
[M::mem_pestat] mean and std.dev: (186.20, 32.45)
[M::mem_pestat] low and high boundaries for proper pairs: (24, 346)
[M::mem_pestat] skip orientation RF as there are not enough pairs
[M::mem_pestat] skip orientation RR as there are not enough pairs
[M::mem_process_seqs] Processed 645902 reads in 823.889 CPU sec, 105.688 real sec
[M::process] 0 single-end sequences; 646108 paired-end sequences
[M::process] read 646202 sequences (80000008 bp)...
[M::mem_pestat] # candidate unique pairs for (FF, FR, RF, RR): (0, 241052, 3, 0)
[M::mem_pestat] skip orientation FF as there are not enough pairs
[M::mem_pestat] analyzing insert size distribution for orientation FR...
[M::mem_pestat] (25, 50, 75) percentile: (162, 184, 209)
[M::mem_pestat] low and high boundaries for computing mean and std.dev: (68, 303)
[M::mem_pestat] mean and std.dev: (186.34, 32.59)
[M::mem_pestat] low and high boundaries for proper pairs: (21, 350)
[M::mem_pestat] skip orientation RF as there are not enough pairs
[M::mem_pestat] skip orientation RR as there are not enough pairs
[M::mem_process_seqs] Processed 646108 reads in 828.245 CPU sec, 106.274 real sec
[M::process] 0 single-end sequences; 646202 paired-end sequences
[M::process] read 645988 sequences (80000244 bp)...
[M::mem_pestat] # candidate unique pairs for (FF, FR, RF, RR): (0, 240479, 2, 0)
[M::mem_pestat] skip orientation FF as there are not enough pairs
[M::mem_pestat] analyzing insert size distribution for orientation FR...
[M::mem_pestat] (25, 50, 75) percentile: (162, 184, 208)
[M::mem_pestat] low and high boundaries for computing mean and std.dev: (70, 300)
[M::mem_pestat] mean and std.dev: (186.12, 32.45)
[M::mem_pestat] low and high boundaries for proper pairs: (24, 346)
[M::mem_pestat] skip orientation RF as there are not enough pairs
[M::mem_pestat] skip orientation RR as there are not enough pairs
[M::mem_process_seqs] Processed 646202 reads in 826.840 CPU sec, 106.135 real sec
[M::process] 0 single-end sequences; 645988 paired-end sequences
[M::process] read 646776 sequences (80000130 bp)...
[M::mem_pestat] # candidate unique pairs for (FF, FR, RF, RR): (0, 240250, 5, 0)
[M::mem_pestat] skip orientation FF as there are not enough pairs
[M::mem_pestat] analyzing insert size distribution for orientation FR...
[M::mem_pestat] (25, 50, 75) percentile: (162, 184, 208)
[M::mem_pestat] low and high boundaries for computing mean and std.dev: (70, 300)
[M::mem_pestat] mean and std.dev: (186.08, 32.54)
[M::mem_pestat] low and high boundaries for proper pairs: (24, 346)
[M::mem_pestat] skip orientation RF as there are not enough pairs
[M::mem_pestat] skip orientation RR as there are not enough pairs
[M::mem_process_seqs] Processed 645988 reads in 822.574 CPU sec, 105.610 real sec
[M::process] 0 single-end sequences; 646776 paired-end sequences
[M::process] read 646722 sequences (80000202 bp)...
[M::mem_pestat] # candidate unique pairs for (FF, FR, RF, RR): (0, 243429, 2, 0)
[M::mem_pestat] skip orientation FF as there are not enough pairs
[M::mem_pestat] analyzing insert size distribution for orientation FR...
[M::mem_pestat] (25, 50, 75) percentile: (162, 184, 209)
[M::mem_pestat] low and high boundaries for computing mean and std.dev: (68, 303)
[M::mem_pestat] mean and std.dev: (186.52, 32.59)
[M::mem_pestat] low and high boundaries for proper pairs: (21, 350)
[M::mem_pestat] skip orientation RF as there are not enough pairs
[M::mem_pestat] skip orientation RR as there are not enough pairs
[M::mem_process_seqs] Processed 646776 reads in 794.180 CPU sec, 102.025 real sec
[M::process] 0 single-end sequences; 646722 paired-end sequences
[M::process] read 646800 sequences (80000129 bp)...
[M::mem_pestat] # candidate unique pairs for (FF, FR, RF, RR): (0, 243806, 1, 0)
[M::mem_pestat] skip orientation FF as there are not enough pairs
[M::mem_pestat] analyzing insert size distribution for orientation FR...
[M::mem_pestat] (25, 50, 75) percentile: (162, 184, 209)
[M::mem_pestat] low and high boundaries for computing mean and std.dev: (68, 303)
[M::mem_pestat] mean and std.dev: (186.62, 32.64)
[M::mem_pestat] low and high boundaries for proper pairs: (21, 350)
[M::mem_pestat] skip orientation RF as there are not enough pairs
[M::mem_pestat] skip orientation RR as there are not enough pairs
[M::mem_process_seqs] Processed 646722 reads in 789.745 CPU sec, 101.443 real sec
[M::process] 0 single-end sequences; 646800 paired-end sequences
[M::process] read 646502 sequences (80000061 bp)...
[M::mem_pestat] # candidate unique pairs for (FF, FR, RF, RR): (0, 243951, 5, 0)
[M::mem_pestat] skip orientation FF as there are not enough pairs
[M::mem_pestat] analyzing insert size distribution for orientation FR...
[M::mem_pestat] (25, 50, 75) percentile: (162, 184, 209)
[M::mem_pestat] low and high boundaries for computing mean and std.dev: (68, 303)
[M::mem_pestat] mean and std.dev: (186.57, 32.61)
[M::mem_pestat] low and high boundaries for proper pairs: (21, 350)
[M::mem_pestat] skip orientation RF as there are not enough pairs
[M::mem_pestat] skip orientation RR as there are not enough pairs
[M::mem_process_seqs] Processed 646800 reads in 791.995 CPU sec, 101.700 real sec
[M::process] 0 single-end sequences; 646502 paired-end sequences
[M::process] read 646336 sequences (80000149 bp)...
[M::mem_pestat] # candidate unique pairs for (FF, FR, RF, RR): (0, 243658, 4, 0)
[M::mem_pestat] skip orientation FF as there are not enough pairs
[M::mem_pestat] analyzing insert size distribution for orientation FR...
[M::mem_pestat] (25, 50, 75) percentile: (162, 184, 209)
[M::mem_pestat] low and high boundaries for computing mean and std.dev: (68, 303)
[M::mem_pestat] mean and std.dev: (186.55, 32.55)
[M::mem_pestat] low and high boundaries for proper pairs: (21, 350)
[M::mem_pestat] skip orientation RF as there are not enough pairs
[M::mem_pestat] skip orientation RR as there are not enough pairs
[M::mem_process_seqs] Processed 646502 reads in 793.028 CPU sec, 101.945 real sec
[M::process] 0 single-end sequences; 646336 paired-end sequences
[M::process] read 645978 sequences (80000188 bp)...
[M::mem_pestat] # candidate unique pairs for (FF, FR, RF, RR): (0, 243313, 1, 0)
[M::mem_pestat] skip orientation FF as there are not enough pairs
[M::mem_pestat] analyzing insert size distribution for orientation FR...
[M::mem_pestat] (25, 50, 75) percentile: (162, 184, 209)
[M::mem_pestat] low and high boundaries for computing mean and std.dev: (68, 303)
[M::mem_pestat] mean and std.dev: (186.53, 32.50)
[M::mem_pestat] low and high boundaries for proper pairs: (21, 350)
[M::mem_pestat] skip orientation RF as there are not enough pairs
[M::mem_pestat] skip orientation RR as there are not enough pairs
[M::mem_process_seqs] Processed 646336 reads in 790.371 CPU sec, 101.536 real sec
[M::process] 0 single-end sequences; 645978 paired-end sequences
[M::process] read 646274 sequences (80000180 bp)...
[M::mem_pestat] # candidate unique pairs for (FF, FR, RF, RR): (0, 243533, 5, 0)
[M::mem_pestat] skip orientation FF as there are not enough pairs
[M::mem_pestat] analyzing insert size distribution for orientation FR...
[M::mem_pestat] (25, 50, 75) percentile: (162, 184, 209)
[M::mem_pestat] low and high boundaries for computing mean and std.dev: (68, 303)
[M::mem_pestat] mean and std.dev: (186.37, 32.54)
[M::mem_pestat] low and high boundaries for proper pairs: (21, 350)
[M::mem_pestat] skip orientation RF as there are not enough pairs
[M::mem_pestat] skip orientation RR as there are not enough pairs
[M::mem_process_seqs] Processed 645978 reads in 792.904 CPU sec, 101.803 real sec
[M::process] 0 single-end sequences; 646274 paired-end sequences
[M::process] read 646202 sequences (80000004 bp)...
[M::mem_pestat] # candidate unique pairs for (FF, FR, RF, RR): (0, 243572, 5, 0)
[M::mem_pestat] skip orientation FF as there are not enough pairs
[M::mem_pestat] analyzing insert size distribution for orientation FR...
[M::mem_pestat] (25, 50, 75) percentile: (162, 184, 209)
[M::mem_pestat] low and high boundaries for computing mean and std.dev: (68, 303)
[M::mem_pestat] mean and std.dev: (186.35, 32.54)
[M::mem_pestat] low and high boundaries for proper pairs: (21, 350)
[M::mem_pestat] skip orientation RF as there are not enough pairs
[M::mem_pestat] skip orientation RR as there are not enough pairs
[M::mem_process_seqs] Processed 646274 reads in 791.304 CPU sec, 101.617 real sec
[M::process] 0 single-end sequences; 646202 paired-end sequences
[M::process] read 646192 sequences (80000140 bp)...
[M::mem_pestat] # candidate unique pairs for (FF, FR, RF, RR): (0, 242954, 6, 0)
[M::mem_pestat] skip orientation FF as there are not enough pairs
[M::mem_pestat] analyzing insert size distribution for orientation FR...
[M::mem_pestat] (25, 50, 75) percentile: (162, 184, 208)
[M::mem_pestat] low and high boundaries for computing mean and std.dev: (70, 300)
[M::mem_pestat] mean and std.dev: (186.25, 32.49)
[M::mem_pestat] low and high boundaries for proper pairs: (24, 346)
[M::mem_pestat] skip orientation RF as there are not enough pairs
[M::mem_pestat] skip orientation RR as there are not enough pairs
[M::mem_process_seqs] Processed 646202 reads in 801.378 CPU sec, 103.033 real sec
[M::process] 0 single-end sequences; 646192 paired-end sequences
[M::process] read 646046 sequences (80000110 bp)...
[M::mem_pestat] # candidate unique pairs for (FF, FR, RF, RR): (0, 242540, 1, 0)
[M::mem_pestat] skip orientation FF as there are not enough pairs
[M::mem_pestat] analyzing insert size distribution for orientation FR...
[M::mem_pestat] (25, 50, 75) percentile: (162, 184, 208)
[M::mem_pestat] low and high boundaries for computing mean and std.dev: (70, 300)
[M::mem_pestat] mean and std.dev: (186.19, 32.50)
[M::mem_pestat] low and high boundaries for proper pairs: (24, 346)
[M::mem_pestat] skip orientation RF as there are not enough pairs
[M::mem_pestat] skip orientation RR as there are not enough pairs
[M::mem_process_seqs] Processed 646192 reads in 803.960 CPU sec, 103.223 real sec
[M::process] 0 single-end sequences; 646046 paired-end sequences
[M::process] read 646732 sequences (80000026 bp)...
[M::mem_pestat] # candidate unique pairs for (FF, FR, RF, RR): (0, 242364, 2, 0)
[M::mem_pestat] skip orientation FF as there are not enough pairs
[M::mem_pestat] analyzing insert size distribution for orientation FR...
[M::mem_pestat] (25, 50, 75) percentile: (162, 184, 209)
[M::mem_pestat] low and high boundaries for computing mean and std.dev: (68, 303)
[M::mem_pestat] mean and std.dev: (186.21, 32.55)
[M::mem_pestat] low and high boundaries for proper pairs: (21, 350)
[M::mem_pestat] skip orientation RF as there are not enough pairs
[M::mem_pestat] skip orientation RR as there are not enough pairs
[M::mem_process_seqs] Processed 646046 reads in 809.082 CPU sec, 103.833 real sec
[M::process] 0 single-end sequences; 646732 paired-end sequences
[M::process] read 646476 sequences (80000220 bp)...
[M::mem_pestat] # candidate unique pairs for (FF, FR, RF, RR): (0, 241253, 2, 0)
[M::mem_pestat] skip orientation FF as there are not enough pairs
[M::mem_pestat] analyzing insert size distribution for orientation FR...
[M::mem_pestat] (25, 50, 75) percentile: (162, 184, 208)
[M::mem_pestat] low and high boundaries for computing mean and std.dev: (70, 300)
[M::mem_pestat] mean and std.dev: (186.00, 32.50)
[M::mem_pestat] low and high boundaries for proper pairs: (24, 346)
[M::mem_pestat] skip orientation RF as there are not enough pairs
[M::mem_pestat] skip orientation RR as there are not enough pairs
[M::mem_process_seqs] Processed 646732 reads in 818.930 CPU sec, 105.150 real sec
[M::process] 0 single-end sequences; 646476 paired-end sequences
[M::process] read 646554 sequences (80000070 bp)...
[M::mem_pestat] # candidate unique pairs for (FF, FR, RF, RR): (0, 240972, 1, 0)
[M::mem_pestat] skip orientation FF as there are not enough pairs
[M::mem_pestat] analyzing insert size distribution for orientation FR...
[M::mem_pestat] (25, 50, 75) percentile: (162, 184, 208)
[M::mem_pestat] low and high boundaries for computing mean and std.dev: (70, 300)
[M::mem_pestat] mean and std.dev: (186.06, 32.55)
[M::mem_pestat] low and high boundaries for proper pairs: (24, 346)
[M::mem_pestat] skip orientation RF as there are not enough pairs
[M::mem_pestat] skip orientation RR as there are not enough pairs
[M::mem_process_seqs] Processed 646476 reads in 830.556 CPU sec, 106.577 real sec
[M::process] 0 single-end sequences; 646554 paired-end sequences
[M::process] read 646696 sequences (80000182 bp)...
[M::mem_pestat] # candidate unique pairs for (FF, FR, RF, RR): (0, 243114, 7, 0)
[M::mem_pestat] skip orientation FF as there are not enough pairs
[M::mem_pestat] analyzing insert size distribution for orientation FR...
[M::mem_pestat] (25, 50, 75) percentile: (162, 184, 209)
[M::mem_pestat] low and high boundaries for computing mean and std.dev: (68, 303)
[M::mem_pestat] mean and std.dev: (186.38, 32.59)
[M::mem_pestat] low and high boundaries for proper pairs: (21, 350)
[M::mem_pestat] skip orientation RF as there are not enough pairs
[M::mem_pestat] skip orientation RR as there are not enough pairs
[M::mem_process_seqs] Processed 646554 reads in 799.150 CPU sec, 102.611 real sec
[M::process] 0 single-end sequences; 646696 paired-end sequences
[M::process] read 646654 sequences (80000225 bp)...
[M::mem_pestat] # candidate unique pairs for (FF, FR, RF, RR): (0, 244123, 4, 0)
[M::mem_pestat] skip orientation FF as there are not enough pairs
[M::mem_pestat] analyzing insert size distribution for orientation FR...
[M::mem_pestat] (25, 50, 75) percentile: (162, 184, 209)
[M::mem_pestat] low and high boundaries for computing mean and std.dev: (68, 303)
[M::mem_pestat] mean and std.dev: (186.41, 32.47)
[M::mem_pestat] low and high boundaries for proper pairs: (21, 350)
[M::mem_pestat] skip orientation RF as there are not enough pairs
[M::mem_pestat] skip orientation RR as there are not enough pairs
[M::mem_process_seqs] Processed 646696 reads in 803.168 CPU sec, 103.133 real sec
[M::process] 0 single-end sequences; 646654 paired-end sequences
[M::process] read 646442 sequences (80000103 bp)...
[M::mem_pestat] # candidate unique pairs for (FF, FR, RF, RR): (0, 243870, 1, 0)
[M::mem_pestat] skip orientation FF as there are not enough pairs
[M::mem_pestat] analyzing insert size distribution for orientation FR...
[M::mem_pestat] (25, 50, 75) percentile: (162, 184, 209)
[M::mem_pestat] low and high boundaries for computing mean and std.dev: (68, 303)
[M::mem_pestat] mean and std.dev: (186.37, 32.58)
[M::mem_pestat] low and high boundaries for proper pairs: (21, 350)
[M::mem_pestat] skip orientation RF as there are not enough pairs
[M::mem_pestat] skip orientation RR as there are not enough pairs
[M::mem_process_seqs] Processed 646654 reads in 792.899 CPU sec, 101.872 real sec
[M::process] 0 single-end sequences; 646442 paired-end sequences
[M::process] read 646332 sequences (80000082 bp)...
[M::mem_pestat] # candidate unique pairs for (FF, FR, RF, RR): (0, 243557, 3, 0)
[M::mem_pestat] skip orientation FF as there are not enough pairs
[M::mem_pestat] analyzing insert size distribution for orientation FR...
[M::mem_pestat] (25, 50, 75) percentile: (162, 184, 209)
[M::mem_pestat] low and high boundaries for computing mean and std.dev: (68, 303)
[M::mem_pestat] mean and std.dev: (186.43, 32.54)
[M::mem_pestat] low and high boundaries for proper pairs: (21, 350)
[M::mem_pestat] skip orientation RF as there are not enough pairs
[M::mem_pestat] skip orientation RR as there are not enough pairs
[M::mem_process_seqs] Processed 646442 reads in 798.813 CPU sec, 102.586 real sec
[M::process] 0 single-end sequences; 646332 paired-end sequences
[M::process] read 646288 sequences (80000246 bp)...
[M::mem_pestat] # candidate unique pairs for (FF, FR, RF, RR): (0, 243087, 3, 0)
[M::mem_pestat] skip orientation FF as there are not enough pairs
[M::mem_pestat] analyzing insert size distribution for orientation FR...
[M::mem_pestat] (25, 50, 75) percentile: (162, 184, 209)
[M::mem_pestat] low and high boundaries for computing mean and std.dev: (68, 303)
[M::mem_pestat] mean and std.dev: (186.40, 32.54)
[M::mem_pestat] low and high boundaries for proper pairs: (21, 350)
[M::mem_pestat] skip orientation RF as there are not enough pairs
[M::mem_pestat] skip orientation RR as there are not enough pairs
[M::mem_process_seqs] Processed 646332 reads in 791.271 CPU sec, 101.616 real sec
[M::process] 0 single-end sequences; 646288 paired-end sequences
[M::process] read 646170 sequences (80000014 bp)...
[M::mem_pestat] # candidate unique pairs for (FF, FR, RF, RR): (0, 243793, 1, 0)
[M::mem_pestat] skip orientation FF as there are not enough pairs
[M::mem_pestat] analyzing insert size distribution for orientation FR...
[M::mem_pestat] (25, 50, 75) percentile: (162, 184, 209)
[M::mem_pestat] low and high boundaries for computing mean and std.dev: (68, 303)
[M::mem_pestat] mean and std.dev: (186.52, 32.56)
[M::mem_pestat] low and high boundaries for proper pairs: (21, 350)
[M::mem_pestat] skip orientation RF as there are not enough pairs
[M::mem_pestat] skip orientation RR as there are not enough pairs
[M::mem_process_seqs] Processed 646288 reads in 785.582 CPU sec, 100.918 real sec
[M::process] 0 single-end sequences; 646170 paired-end sequences
[M::process] read 646254 sequences (80000200 bp)...
[M::mem_pestat] # candidate unique pairs for (FF, FR, RF, RR): (0, 243061, 2, 0)
[M::mem_pestat] skip orientation FF as there are not enough pairs
[M::mem_pestat] analyzing insert size distribution for orientation FR...
[M::mem_pestat] (25, 50, 75) percentile: (162, 184, 209)
[M::mem_pestat] low and high boundaries for computing mean and std.dev: (68, 303)
[M::mem_pestat] mean and std.dev: (186.38, 32.57)
[M::mem_pestat] low and high boundaries for proper pairs: (21, 350)
[M::mem_pestat] skip orientation RF as there are not enough pairs
[M::mem_pestat] skip orientation RR as there are not enough pairs
[M::mem_process_seqs] Processed 646170 reads in 794.846 CPU sec, 102.083 real sec
[M::process] 0 single-end sequences; 646254 paired-end sequences
[M::process] read 646030 sequences (80000120 bp)...
[M::mem_pestat] # candidate unique pairs for (FF, FR, RF, RR): (0, 243173, 2, 0)
[M::mem_pestat] skip orientation FF as there are not enough pairs
[M::mem_pestat] analyzing insert size distribution for orientation FR...
[M::mem_pestat] (25, 50, 75) percentile: (162, 184, 209)
[M::mem_pestat] low and high boundaries for computing mean and std.dev: (68, 303)
[M::mem_pestat] mean and std.dev: (186.26, 32.59)
[M::mem_pestat] low and high boundaries for proper pairs: (21, 350)
[M::mem_pestat] skip orientation RF as there are not enough pairs
[M::mem_pestat] skip orientation RR as there are not enough pairs
[M::mem_process_seqs] Processed 646254 reads in 785.025 CPU sec, 100.840 real sec
[M::process] 0 single-end sequences; 646030 paired-end sequences
[M::process] read 646026 sequences (80000096 bp)...
[M::mem_pestat] # candidate unique pairs for (FF, FR, RF, RR): (0, 242517, 5, 0)
[M::mem_pestat] skip orientation FF as there are not enough pairs
[M::mem_pestat] analyzing insert size distribution for orientation FR...
[M::mem_pestat] (25, 50, 75) percentile: (162, 184, 209)
[M::mem_pestat] low and high boundaries for computing mean and std.dev: (68, 303)
[M::mem_pestat] mean and std.dev: (186.37, 32.51)
[M::mem_pestat] low and high boundaries for proper pairs: (21, 350)
[M::mem_pestat] skip orientation RF as there are not enough pairs
[M::mem_pestat] skip orientation RR as there are not enough pairs
[M::mem_process_seqs] Processed 646030 reads in 859.767 CPU sec, 110.222 real sec
[M::process] 0 single-end sequences; 646026 paired-end sequences
[M::process] read 647016 sequences (80000153 bp)...
[M::mem_pestat] # candidate unique pairs for (FF, FR, RF, RR): (0, 242988, 6, 0)
[M::mem_pestat] skip orientation FF as there are not enough pairs
[M::mem_pestat] analyzing insert size distribution for orientation FR...
[M::mem_pestat] (25, 50, 75) percentile: (162, 184, 208)
[M::mem_pestat] low and high boundaries for computing mean and std.dev: (70, 300)
[M::mem_pestat] mean and std.dev: (186.18, 32.56)
[M::mem_pestat] low and high boundaries for proper pairs: (24, 346)
[M::mem_pestat] skip orientation RF as there are not enough pairs
[M::mem_pestat] skip orientation RR as there are not enough pairs
[M::mem_process_seqs] Processed 646026 reads in 804.449 CPU sec, 103.250 real sec
[M::process] 0 single-end sequences; 647016 paired-end sequences
[M::process] read 647002 sequences (80000091 bp)...
[M::mem_pestat] # candidate unique pairs for (FF, FR, RF, RR): (0, 241397, 7, 0)
[M::mem_pestat] skip orientation FF as there are not enough pairs
[M::mem_pestat] analyzing insert size distribution for orientation FR...
[M::mem_pestat] (25, 50, 75) percentile: (162, 184, 208)
[M::mem_pestat] low and high boundaries for computing mean and std.dev: (70, 300)
[M::mem_pestat] mean and std.dev: (186.05, 32.45)
[M::mem_pestat] low and high boundaries for proper pairs: (24, 346)
[M::mem_pestat] skip orientation RF as there are not enough pairs
[M::mem_pestat] skip orientation RR as there are not enough pairs
[M::mem_process_seqs] Processed 647016 reads in 921.485 CPU sec, 117.904 real sec
[M::process] 0 single-end sequences; 647002 paired-end sequences
[M::process] read 646906 sequences (80000230 bp)...
[M::mem_pestat] # candidate unique pairs for (FF, FR, RF, RR): (0, 241795, 2, 0)
[M::mem_pestat] skip orientation FF as there are not enough pairs
[M::mem_pestat] analyzing insert size distribution for orientation FR...
[M::mem_pestat] (25, 50, 75) percentile: (162, 184, 209)
[M::mem_pestat] low and high boundaries for computing mean and std.dev: (68, 303)
[M::mem_pestat] mean and std.dev: (186.20, 32.60)
[M::mem_pestat] low and high boundaries for proper pairs: (21, 350)
[M::mem_pestat] skip orientation RF as there are not enough pairs
[M::mem_pestat] skip orientation RR as there are not enough pairs
[M::mem_process_seqs] Processed 647002 reads in 808.329 CPU sec, 103.830 real sec
[M::process] 0 single-end sequences; 646906 paired-end sequences
[M::process] read 646852 sequences (80000223 bp)...
[M::mem_pestat] # candidate unique pairs for (FF, FR, RF, RR): (0, 242140, 5, 0)
[M::mem_pestat] skip orientation FF as there are not enough pairs
[M::mem_pestat] analyzing insert size distribution for orientation FR...
[M::mem_pestat] (25, 50, 75) percentile: (162, 184, 209)
[M::mem_pestat] low and high boundaries for computing mean and std.dev: (68, 303)
[M::mem_pestat] mean and std.dev: (186.24, 32.54)
[M::mem_pestat] low and high boundaries for proper pairs: (21, 350)
[M::mem_pestat] skip orientation RF as there are not enough pairs
[M::mem_pestat] skip orientation RR as there are not enough pairs
[M::mem_process_seqs] Processed 646906 reads in 859.802 CPU sec, 110.286 real sec
[M::process] 0 single-end sequences; 646852 paired-end sequences
[M::process] read 646850 sequences (80000186 bp)...
[M::mem_pestat] # candidate unique pairs for (FF, FR, RF, RR): (0, 243786, 1, 0)
[M::mem_pestat] skip orientation FF as there are not enough pairs
[M::mem_pestat] analyzing insert size distribution for orientation FR...
[M::mem_pestat] (25, 50, 75) percentile: (162, 184, 209)
[M::mem_pestat] low and high boundaries for computing mean and std.dev: (68, 303)
[M::mem_pestat] mean and std.dev: (186.62, 32.55)
[M::mem_pestat] low and high boundaries for proper pairs: (21, 350)
[M::mem_pestat] skip orientation RF as there are not enough pairs
[M::mem_pestat] skip orientation RR as there are not enough pairs
[M::mem_process_seqs] Processed 646852 reads in 860.212 CPU sec, 110.263 real sec
[M::process] 0 single-end sequences; 646850 paired-end sequences
[M::process] read 646966 sequences (80000100 bp)...
[M::mem_pestat] # candidate unique pairs for (FF, FR, RF, RR): (0, 243805, 1, 0)
[M::mem_pestat] skip orientation FF as there are not enough pairs
[M::mem_pestat] analyzing insert size distribution for orientation FR...
[M::mem_pestat] (25, 50, 75) percentile: (162, 184, 209)
[M::mem_pestat] low and high boundaries for computing mean and std.dev: (68, 303)
[M::mem_pestat] mean and std.dev: (186.62, 32.56)
[M::mem_pestat] low and high boundaries for proper pairs: (21, 350)
[M::mem_pestat] skip orientation RF as there are not enough pairs
[M::mem_pestat] skip orientation RR as there are not enough pairs
[M::mem_process_seqs] Processed 646850 reads in 800.168 CPU sec, 102.718 real sec
[M::process] 0 single-end sequences; 646966 paired-end sequences
[M::process] read 646630 sequences (80000061 bp)...
[M::mem_pestat] # candidate unique pairs for (FF, FR, RF, RR): (0, 243522, 2, 0)
[M::mem_pestat] skip orientation FF as there are not enough pairs
[M::mem_pestat] analyzing insert size distribution for orientation FR...
[M::mem_pestat] (25, 50, 75) percentile: (162, 184, 209)
[M::mem_pestat] low and high boundaries for computing mean and std.dev: (68, 303)
[M::mem_pestat] mean and std.dev: (186.59, 32.57)
[M::mem_pestat] low and high boundaries for proper pairs: (21, 350)
[M::mem_pestat] skip orientation RF as there are not enough pairs
[M::mem_pestat] skip orientation RR as there are not enough pairs
[M::mem_process_seqs] Processed 646966 reads in 791.565 CPU sec, 101.678 real sec
[M::process] 0 single-end sequences; 646630 paired-end sequences
[M::process] read 646140 sequences (80000010 bp)...
[M::mem_pestat] # candidate unique pairs for (FF, FR, RF, RR): (0, 243505, 4, 0)
[M::mem_pestat] skip orientation FF as there are not enough pairs
[M::mem_pestat] analyzing insert size distribution for orientation FR...
[M::mem_pestat] (25, 50, 75) percentile: (162, 184, 209)
[M::mem_pestat] low and high boundaries for computing mean and std.dev: (68, 303)
[M::mem_pestat] mean and std.dev: (186.52, 32.53)
[M::mem_pestat] low and high boundaries for proper pairs: (21, 350)
[M::mem_pestat] skip orientation RF as there are not enough pairs
[M::mem_pestat] skip orientation RR as there are not enough pairs
[M::mem_process_seqs] Processed 646630 reads in 805.431 CPU sec, 103.369 real sec
[M::process] 0 single-end sequences; 646140 paired-end sequences
[M::process] read 646330 sequences (80000023 bp)...
[M::mem_pestat] # candidate unique pairs for (FF, FR, RF, RR): (0, 243825, 3, 0)
[M::mem_pestat] skip orientation FF as there are not enough pairs
[M::mem_pestat] analyzing insert size distribution for orientation FR...
[M::mem_pestat] (25, 50, 75) percentile: (162, 184, 209)
[M::mem_pestat] low and high boundaries for computing mean and std.dev: (68, 303)
[M::mem_pestat] mean and std.dev: (186.44, 32.56)
[M::mem_pestat] low and high boundaries for proper pairs: (21, 350)
[M::mem_pestat] skip orientation RF as there are not enough pairs
[M::mem_pestat] skip orientation RR as there are not enough pairs
[M::mem_process_seqs] Processed 646140 reads in 795.138 CPU sec, 102.108 real sec
[M::process] 0 single-end sequences; 646330 paired-end sequences
[M::process] read 646186 sequences (80000180 bp)...
[M::mem_pestat] # candidate unique pairs for (FF, FR, RF, RR): (0, 243140, 5, 0)
[M::mem_pestat] skip orientation FF as there are not enough pairs
[M::mem_pestat] analyzing insert size distribution for orientation FR...
[M::mem_pestat] (25, 50, 75) percentile: (162, 184, 209)
[M::mem_pestat] low and high boundaries for computing mean and std.dev: (68, 303)
[M::mem_pestat] mean and std.dev: (186.47, 32.63)
[M::mem_pestat] low and high boundaries for proper pairs: (21, 350)
[M::mem_pestat] skip orientation RF as there are not enough pairs
[M::mem_pestat] skip orientation RR as there are not enough pairs
[M::mem_process_seqs] Processed 646330 reads in 796.204 CPU sec, 102.257 real sec
[M::process] 0 single-end sequences; 646186 paired-end sequences
[M::process] read 645994 sequences (80000223 bp)...
[M::mem_pestat] # candidate unique pairs for (FF, FR, RF, RR): (0, 242902, 4, 0)
[M::mem_pestat] skip orientation FF as there are not enough pairs
[M::mem_pestat] analyzing insert size distribution for orientation FR...
[M::mem_pestat] (25, 50, 75) percentile: (162, 184, 209)
[M::mem_pestat] low and high boundaries for computing mean and std.dev: (68, 303)
[M::mem_pestat] mean and std.dev: (186.25, 32.50)
[M::mem_pestat] low and high boundaries for proper pairs: (21, 350)
[M::mem_pestat] skip orientation RF as there are not enough pairs
[M::mem_pestat] skip orientation RR as there are not enough pairs
[M::mem_process_seqs] Processed 646186 reads in 799.528 CPU sec, 102.622 real sec
[M::process] 0 single-end sequences; 645994 paired-end sequences
[M::process] read 646144 sequences (80000155 bp)...
[M::mem_pestat] # candidate unique pairs for (FF, FR, RF, RR): (0, 241784, 3, 0)
[M::mem_pestat] skip orientation FF as there are not enough pairs
[M::mem_pestat] analyzing insert size distribution for orientation FR...
[M::mem_pestat] (25, 50, 75) percentile: (162, 184, 209)
[M::mem_pestat] low and high boundaries for computing mean and std.dev: (68, 303)
[M::mem_pestat] mean and std.dev: (186.20, 32.53)
[M::mem_pestat] low and high boundaries for proper pairs: (21, 350)
[M::mem_pestat] skip orientation RF as there are not enough pairs
[M::mem_pestat] skip orientation RR as there are not enough pairs
[M::mem_process_seqs] Processed 645994 reads in 819.772 CPU sec, 105.211 real sec
[M::process] 0 single-end sequences; 646144 paired-end sequences
[M::process] read 646154 sequences (80000200 bp)...
[M::mem_pestat] # candidate unique pairs for (FF, FR, RF, RR): (0, 242185, 1, 0)
[M::mem_pestat] skip orientation FF as there are not enough pairs
[M::mem_pestat] analyzing insert size distribution for orientation FR...
[M::mem_pestat] (25, 50, 75) percentile: (162, 184, 208)
[M::mem_pestat] low and high boundaries for computing mean and std.dev: (70, 300)
[M::mem_pestat] mean and std.dev: (186.07, 32.46)
[M::mem_pestat] low and high boundaries for proper pairs: (24, 346)
[M::mem_pestat] skip orientation RF as there are not enough pairs
[M::mem_pestat] skip orientation RR as there are not enough pairs
[M::mem_process_seqs] Processed 646144 reads in 807.181 CPU sec, 103.593 real sec
[M::process] 0 single-end sequences; 646154 paired-end sequences
[M::process] read 646554 sequences (80000205 bp)...
[M::mem_pestat] # candidate unique pairs for (FF, FR, RF, RR): (0, 241218, 5, 0)
[M::mem_pestat] skip orientation FF as there are not enough pairs
[M::mem_pestat] analyzing insert size distribution for orientation FR...
[M::mem_pestat] (25, 50, 75) percentile: (162, 184, 208)
[M::mem_pestat] low and high boundaries for computing mean and std.dev: (70, 300)
[M::mem_pestat] mean and std.dev: (186.15, 32.53)
[M::mem_pestat] low and high boundaries for proper pairs: (24, 346)
[M::mem_pestat] skip orientation RF as there are not enough pairs
[M::mem_pestat] skip orientation RR as there are not enough pairs
[M::mem_process_seqs] Processed 646154 reads in 828.002 CPU sec, 106.233 real sec
[M::process] 0 single-end sequences; 646554 paired-end sequences
[M::process] read 646924 sequences (80000145 bp)...
[M::mem_pestat] # candidate unique pairs for (FF, FR, RF, RR): (0, 240055, 1, 0)
[M::mem_pestat] skip orientation FF as there are not enough pairs
[M::mem_pestat] analyzing insert size distribution for orientation FR...
[M::mem_pestat] (25, 50, 75) percentile: (162, 184, 209)
[M::mem_pestat] low and high boundaries for computing mean and std.dev: (68, 303)
[M::mem_pestat] mean and std.dev: (186.16, 32.56)
[M::mem_pestat] low and high boundaries for proper pairs: (21, 350)
[M::mem_pestat] skip orientation RF as there are not enough pairs
[M::mem_pestat] skip orientation RR as there are not enough pairs
[M::mem_process_seqs] Processed 646554 reads in 835.911 CPU sec, 107.307 real sec
[M::process] 0 single-end sequences; 646924 paired-end sequences
[M::process] read 645516 sequences (80000071 bp)...
[M::mem_pestat] # candidate unique pairs for (FF, FR, RF, RR): (0, 240691, 2, 0)
[M::mem_pestat] skip orientation FF as there are not enough pairs
[M::mem_pestat] analyzing insert size distribution for orientation FR...
[M::mem_pestat] (25, 50, 75) percentile: (162, 184, 208)
[M::mem_pestat] low and high boundaries for computing mean and std.dev: (70, 300)
[M::mem_pestat] mean and std.dev: (186.18, 32.48)
[M::mem_pestat] low and high boundaries for proper pairs: (24, 346)
[M::mem_pestat] skip orientation RF as there are not enough pairs
[M::mem_pestat] skip orientation RR as there are not enough pairs
[M::mem_process_seqs] Processed 646924 reads in 823.846 CPU sec, 105.705 real sec
[M::process] 0 single-end sequences; 645516 paired-end sequences
[M::process] read 645242 sequences (80000141 bp)...
[M::mem_pestat] # candidate unique pairs for (FF, FR, RF, RR): (0, 242502, 4, 0)
[M::mem_pestat] skip orientation FF as there are not enough pairs
[M::mem_pestat] analyzing insert size distribution for orientation FR...
[M::mem_pestat] (25, 50, 75) percentile: (162, 184, 209)
[M::mem_pestat] low and high boundaries for computing mean and std.dev: (68, 303)
[M::mem_pestat] mean and std.dev: (186.40, 32.51)
[M::mem_pestat] low and high boundaries for proper pairs: (21, 350)
[M::mem_pestat] skip orientation RF as there are not enough pairs
[M::mem_pestat] skip orientation RR as there are not enough pairs
[M::mem_process_seqs] Processed 645516 reads in 837.295 CPU sec, 107.407 real sec
[M::process] 0 single-end sequences; 645242 paired-end sequences
[M::process] read 645188 sequences (80000151 bp)...
[M::mem_pestat] # candidate unique pairs for (FF, FR, RF, RR): (0, 242205, 3, 0)
[M::mem_pestat] skip orientation FF as there are not enough pairs
[M::mem_pestat] analyzing insert size distribution for orientation FR...
[M::mem_pestat] (25, 50, 75) percentile: (162, 184, 209)
[M::mem_pestat] low and high boundaries for computing mean and std.dev: (68, 303)
[M::mem_pestat] mean and std.dev: (186.40, 32.50)
[M::mem_pestat] low and high boundaries for proper pairs: (21, 350)
[M::mem_pestat] skip orientation RF as there are not enough pairs
[M::mem_pestat] skip orientation RR as there are not enough pairs
[M::mem_process_seqs] Processed 645242 reads in 833.428 CPU sec, 106.873 real sec
[M::process] 0 single-end sequences; 645188 paired-end sequences
[M::process] read 645272 sequences (80000111 bp)...
[M::mem_pestat] # candidate unique pairs for (FF, FR, RF, RR): (0, 242227, 0, 0)
[M::mem_pestat] skip orientation FF as there are not enough pairs
[M::mem_pestat] analyzing insert size distribution for orientation FR...
[M::mem_pestat] (25, 50, 75) percentile: (162, 184, 209)
[M::mem_pestat] low and high boundaries for computing mean and std.dev: (68, 303)
[M::mem_pestat] mean and std.dev: (186.37, 32.53)
[M::mem_pestat] low and high boundaries for proper pairs: (21, 350)
[M::mem_pestat] skip orientation RF as there are not enough pairs
[M::mem_pestat] skip orientation RR as there are not enough pairs
[M::mem_process_seqs] Processed 645188 reads in 834.599 CPU sec, 107.083 real sec
[M::process] 0 single-end sequences; 645272 paired-end sequences
[M::process] read 645414 sequences (80000073 bp)...
[M::mem_pestat] # candidate unique pairs for (FF, FR, RF, RR): (0, 241540, 4, 0)
[M::mem_pestat] skip orientation FF as there are not enough pairs
[M::mem_pestat] analyzing insert size distribution for orientation FR...
[M::mem_pestat] (25, 50, 75) percentile: (162, 184, 209)
[M::mem_pestat] low and high boundaries for computing mean and std.dev: (68, 303)
[M::mem_pestat] mean and std.dev: (186.22, 32.47)
[M::mem_pestat] low and high boundaries for proper pairs: (21, 350)
[M::mem_pestat] skip orientation RF as there are not enough pairs
[M::mem_pestat] skip orientation RR as there are not enough pairs
[M::mem_process_seqs] Processed 645272 reads in 850.223 CPU sec, 109.000 real sec
[M::process] 0 single-end sequences; 645414 paired-end sequences
[M::process] read 645460 sequences (80000239 bp)...
[M::mem_pestat] # candidate unique pairs for (FF, FR, RF, RR): (0, 239305, 5, 0)
[M::mem_pestat] skip orientation FF as there are not enough pairs
[M::mem_pestat] analyzing insert size distribution for orientation FR...
[M::mem_pestat] (25, 50, 75) percentile: (162, 184, 209)
[M::mem_pestat] low and high boundaries for computing mean and std.dev: (68, 303)
[M::mem_pestat] mean and std.dev: (186.14, 32.56)
[M::mem_pestat] low and high boundaries for proper pairs: (21, 350)
[M::mem_pestat] skip orientation RF as there are not enough pairs
[M::mem_pestat] skip orientation RR as there are not enough pairs
[M::mem_process_seqs] Processed 645414 reads in 885.761 CPU sec, 113.508 real sec
[M::process] 0 single-end sequences; 645460 paired-end sequences
[M::process] read 645148 sequences (80000021 bp)...
[M::mem_pestat] # candidate unique pairs for (FF, FR, RF, RR): (0, 238947, 3, 0)
[M::mem_pestat] skip orientation FF as there are not enough pairs
[M::mem_pestat] analyzing insert size distribution for orientation FR...
[M::mem_pestat] (25, 50, 75) percentile: (162, 184, 208)
[M::mem_pestat] low and high boundaries for computing mean and std.dev: (70, 300)
[M::mem_pestat] mean and std.dev: (186.00, 32.50)
[M::mem_pestat] low and high boundaries for proper pairs: (24, 346)
[M::mem_pestat] skip orientation RF as there are not enough pairs
[M::mem_pestat] skip orientation RR as there are not enough pairs
[M::mem_process_seqs] Processed 645460 reads in 895.089 CPU sec, 115.180 real sec
[M::process] 0 single-end sequences; 645148 paired-end sequences
[M::process] read 645184 sequences (80000097 bp)...
[M::mem_pestat] # candidate unique pairs for (FF, FR, RF, RR): (0, 243270, 0, 0)
[M::mem_pestat] skip orientation FF as there are not enough pairs
[M::mem_pestat] analyzing insert size distribution for orientation FR...
[M::mem_pestat] (25, 50, 75) percentile: (162, 184, 209)
[M::mem_pestat] low and high boundaries for computing mean and std.dev: (68, 303)
[M::mem_pestat] mean and std.dev: (186.45, 32.55)
[M::mem_pestat] low and high boundaries for proper pairs: (21, 350)
[M::mem_pestat] skip orientation RF as there are not enough pairs
[M::mem_pestat] skip orientation RR as there are not enough pairs
[M::mem_process_seqs] Processed 645148 reads in 816.328 CPU sec, 104.759 real sec
[M::process] 0 single-end sequences; 645184 paired-end sequences
[M::process] read 645232 sequences (80000206 bp)...
[M::mem_pestat] # candidate unique pairs for (FF, FR, RF, RR): (0, 243105, 1, 0)
[M::mem_pestat] skip orientation FF as there are not enough pairs
[M::mem_pestat] analyzing insert size distribution for orientation FR...
[M::mem_pestat] (25, 50, 75) percentile: (162, 184, 209)
[M::mem_pestat] low and high boundaries for computing mean and std.dev: (68, 303)
[M::mem_pestat] mean and std.dev: (186.39, 32.47)
[M::mem_pestat] low and high boundaries for proper pairs: (21, 350)
[M::mem_pestat] skip orientation RF as there are not enough pairs
[M::mem_pestat] skip orientation RR as there are not enough pairs
[M::mem_process_seqs] Processed 645184 reads in 818.882 CPU sec, 105.076 real sec
[M::process] 0 single-end sequences; 645232 paired-end sequences
[M::process] read 645356 sequences (80000144 bp)...
[M::mem_pestat] # candidate unique pairs for (FF, FR, RF, RR): (0, 242788, 1, 0)
[M::mem_pestat] skip orientation FF as there are not enough pairs
[M::mem_pestat] analyzing insert size distribution for orientation FR...
[M::mem_pestat] (25, 50, 75) percentile: (162, 184, 209)
[M::mem_pestat] low and high boundaries for computing mean and std.dev: (68, 303)
[M::mem_pestat] mean and std.dev: (186.25, 32.55)
[M::mem_pestat] low and high boundaries for proper pairs: (21, 350)
[M::mem_pestat] skip orientation RF as there are not enough pairs
[M::mem_pestat] skip orientation RR as there are not enough pairs
[M::mem_process_seqs] Processed 645232 reads in 828.038 CPU sec, 106.253 real sec
[M::process] 0 single-end sequences; 645356 paired-end sequences
[M::process] read 645646 sequences (80000126 bp)...
[M::mem_pestat] # candidate unique pairs for (FF, FR, RF, RR): (0, 241565, 1, 0)
[M::mem_pestat] skip orientation FF as there are not enough pairs
[M::mem_pestat] analyzing insert size distribution for orientation FR...
[M::mem_pestat] (25, 50, 75) percentile: (162, 184, 209)
[M::mem_pestat] low and high boundaries for computing mean and std.dev: (68, 303)
[M::mem_pestat] mean and std.dev: (186.18, 32.51)
[M::mem_pestat] low and high boundaries for proper pairs: (21, 350)
[M::mem_pestat] skip orientation RF as there are not enough pairs
[M::mem_pestat] skip orientation RR as there are not enough pairs
[M::mem_process_seqs] Processed 645356 reads in 863.308 CPU sec, 110.620 real sec
[M::process] 0 single-end sequences; 645646 paired-end sequences
[M::process] read 645498 sequences (80000140 bp)...
[M::mem_pestat] # candidate unique pairs for (FF, FR, RF, RR): (0, 240293, 4, 0)
[M::mem_pestat] skip orientation FF as there are not enough pairs
[M::mem_pestat] analyzing insert size distribution for orientation FR...
[M::mem_pestat] (25, 50, 75) percentile: (162, 184, 208)
[M::mem_pestat] low and high boundaries for computing mean and std.dev: (70, 300)
[M::mem_pestat] mean and std.dev: (186.07, 32.53)
[M::mem_pestat] low and high boundaries for proper pairs: (24, 346)
[M::mem_pestat] skip orientation RF as there are not enough pairs
[M::mem_pestat] skip orientation RR as there are not enough pairs
[M::mem_process_seqs] Processed 645646 reads in 875.337 CPU sec, 112.117 real sec
[M::process] 0 single-end sequences; 645498 paired-end sequences
[M::process] read 645242 sequences (80000047 bp)...
[M::mem_pestat] # candidate unique pairs for (FF, FR, RF, RR): (0, 240324, 2, 0)
[M::mem_pestat] skip orientation FF as there are not enough pairs
[M::mem_pestat] analyzing insert size distribution for orientation FR...
[M::mem_pestat] (25, 50, 75) percentile: (162, 184, 209)
[M::mem_pestat] low and high boundaries for computing mean and std.dev: (68, 303)
[M::mem_pestat] mean and std.dev: (186.21, 32.52)
[M::mem_pestat] low and high boundaries for proper pairs: (21, 350)
[M::mem_pestat] skip orientation RF as there are not enough pairs
[M::mem_pestat] skip orientation RR as there are not enough pairs
[M::mem_process_seqs] Processed 645498 reads in 866.647 CPU sec, 111.067 real sec
[M::process] 0 single-end sequences; 645242 paired-end sequences
[M::process] read 645188 sequences (80000217 bp)...
[M::mem_pestat] # candidate unique pairs for (FF, FR, RF, RR): (0, 242887, 0, 0)
[M::mem_pestat] skip orientation FF as there are not enough pairs
[M::mem_pestat] analyzing insert size distribution for orientation FR...
[M::mem_pestat] (25, 50, 75) percentile: (162, 184, 209)
[M::mem_pestat] low and high boundaries for computing mean and std.dev: (68, 303)
[M::mem_pestat] mean and std.dev: (186.44, 32.53)
[M::mem_pestat] low and high boundaries for proper pairs: (21, 350)
[M::mem_pestat] skip orientation RF as there are not enough pairs
[M::mem_pestat] skip orientation RR as there are not enough pairs
[M::mem_process_seqs] Processed 645242 reads in 823.610 CPU sec, 105.661 real sec
[M::process] 0 single-end sequences; 645188 paired-end sequences
[M::process] read 645336 sequences (80000023 bp)...
[M::mem_pestat] # candidate unique pairs for (FF, FR, RF, RR): (0, 242805, 2, 0)
[M::mem_pestat] skip orientation FF as there are not enough pairs
[M::mem_pestat] analyzing insert size distribution for orientation FR...
[M::mem_pestat] (25, 50, 75) percentile: (162, 184, 209)
[M::mem_pestat] low and high boundaries for computing mean and std.dev: (68, 303)
[M::mem_pestat] mean and std.dev: (186.33, 32.52)
[M::mem_pestat] low and high boundaries for proper pairs: (21, 350)
[M::mem_pestat] skip orientation RF as there are not enough pairs
[M::mem_pestat] skip orientation RR as there are not enough pairs
[M::mem_process_seqs] Processed 645188 reads in 831.435 CPU sec, 106.671 real sec
[M::process] 0 single-end sequences; 645336 paired-end sequences
[M::process] read 645406 sequences (80000014 bp)...
[M::mem_pestat] # candidate unique pairs for (FF, FR, RF, RR): (0, 242552, 2, 0)
[M::mem_pestat] skip orientation FF as there are not enough pairs
[M::mem_pestat] analyzing insert size distribution for orientation FR...
[M::mem_pestat] (25, 50, 75) percentile: (162, 184, 209)
[M::mem_pestat] low and high boundaries for computing mean and std.dev: (68, 303)
[M::mem_pestat] mean and std.dev: (186.35, 32.54)
[M::mem_pestat] low and high boundaries for proper pairs: (21, 350)
[M::mem_pestat] skip orientation RF as there are not enough pairs
[M::mem_pestat] skip orientation RR as there are not enough pairs
[M::mem_process_seqs] Processed 645336 reads in 844.480 CPU sec, 108.252 real sec
[M::process] 0 single-end sequences; 645406 paired-end sequences
[M::process] read 645728 sequences (80000140 bp)...
[M::mem_pestat] # candidate unique pairs for (FF, FR, RF, RR): (0, 240488, 3, 0)
[M::mem_pestat] skip orientation FF as there are not enough pairs
[M::mem_pestat] analyzing insert size distribution for orientation FR...
[M::mem_pestat] (25, 50, 75) percentile: (162, 184, 208)
[M::mem_pestat] low and high boundaries for computing mean and std.dev: (70, 300)
[M::mem_pestat] mean and std.dev: (186.15, 32.49)
[M::mem_pestat] low and high boundaries for proper pairs: (24, 346)
[M::mem_pestat] skip orientation RF as there are not enough pairs
[M::mem_pestat] skip orientation RR as there are not enough pairs
[M::mem_process_seqs] Processed 645406 reads in 873.300 CPU sec, 111.888 real sec
[M::process] 0 single-end sequences; 645728 paired-end sequences
[M::process] read 645812 sequences (80000110 bp)...
[M::mem_pestat] # candidate unique pairs for (FF, FR, RF, RR): (0, 238872, 3, 0)
[M::mem_pestat] skip orientation FF as there are not enough pairs
[M::mem_pestat] analyzing insert size distribution for orientation FR...
[M::mem_pestat] (25, 50, 75) percentile: (162, 184, 208)
[M::mem_pestat] low and high boundaries for computing mean and std.dev: (70, 300)
[M::mem_pestat] mean and std.dev: (186.11, 32.48)
[M::mem_pestat] low and high boundaries for proper pairs: (24, 346)
[M::mem_pestat] skip orientation RF as there are not enough pairs
[M::mem_pestat] skip orientation RR as there are not enough pairs
[M::mem_process_seqs] Processed 645728 reads in 895.122 CPU sec, 114.673 real sec
[M::process] 0 single-end sequences; 645812 paired-end sequences
[M::process] read 645376 sequences (80000109 bp)...
[M::mem_pestat] # candidate unique pairs for (FF, FR, RF, RR): (0, 240906, 1, 0)
[M::mem_pestat] skip orientation FF as there are not enough pairs
[M::mem_pestat] analyzing insert size distribution for orientation FR...
[M::mem_pestat] (25, 50, 75) percentile: (162, 184, 209)
[M::mem_pestat] low and high boundaries for computing mean and std.dev: (68, 303)
[M::mem_pestat] mean and std.dev: (186.30, 32.45)
[M::mem_pestat] low and high boundaries for proper pairs: (21, 350)
[M::mem_pestat] skip orientation RF as there are not enough pairs
[M::mem_pestat] skip orientation RR as there are not enough pairs
[M::mem_process_seqs] Processed 645812 reads in 862.701 CPU sec, 110.551 real sec
[M::process] 0 single-end sequences; 645376 paired-end sequences
[M::process] read 645226 sequences (80000235 bp)...
[M::mem_pestat] # candidate unique pairs for (FF, FR, RF, RR): (0, 242148, 6, 0)
[M::mem_pestat] skip orientation FF as there are not enough pairs
[M::mem_pestat] analyzing insert size distribution for orientation FR...
[M::mem_pestat] (25, 50, 75) percentile: (162, 184, 209)
[M::mem_pestat] low and high boundaries for computing mean and std.dev: (68, 303)
[M::mem_pestat] mean and std.dev: (186.47, 32.40)
[M::mem_pestat] low and high boundaries for proper pairs: (21, 350)
[M::mem_pestat] skip orientation RF as there are not enough pairs
[M::mem_pestat] skip orientation RR as there are not enough pairs
[M::mem_process_seqs] Processed 645376 reads in 850.898 CPU sec, 109.110 real sec
[M::process] 0 single-end sequences; 645226 paired-end sequences
[M::process] read 645352 sequences (80000145 bp)...
[M::mem_pestat] # candidate unique pairs for (FF, FR, RF, RR): (0, 241464, 3, 0)
[M::mem_pestat] skip orientation FF as there are not enough pairs
[M::mem_pestat] analyzing insert size distribution for orientation FR...
[M::mem_pestat] (25, 50, 75) percentile: (162, 184, 209)
[M::mem_pestat] low and high boundaries for computing mean and std.dev: (68, 303)
[M::mem_pestat] mean and std.dev: (186.36, 32.47)
[M::mem_pestat] low and high boundaries for proper pairs: (21, 350)
[M::mem_pestat] skip orientation RF as there are not enough pairs
[M::mem_pestat] skip orientation RR as there are not enough pairs
[M::mem_process_seqs] Processed 645226 reads in 849.752 CPU sec, 108.972 real sec
[M::process] 0 single-end sequences; 645352 paired-end sequences
[M::process] read 645548 sequences (80000106 bp)...
[M::mem_pestat] # candidate unique pairs for (FF, FR, RF, RR): (0, 240417, 5, 0)
[M::mem_pestat] skip orientation FF as there are not enough pairs
[M::mem_pestat] analyzing insert size distribution for orientation FR...
[M::mem_pestat] (25, 50, 75) percentile: (162, 184, 209)
[M::mem_pestat] low and high boundaries for computing mean and std.dev: (68, 303)
[M::mem_pestat] mean and std.dev: (186.29, 32.53)
[M::mem_pestat] low and high boundaries for proper pairs: (21, 350)
[M::mem_pestat] skip orientation RF as there are not enough pairs
[M::mem_pestat] skip orientation RR as there are not enough pairs
[M::mem_process_seqs] Processed 645352 reads in 870.497 CPU sec, 111.522 real sec
[M::process] 0 single-end sequences; 645548 paired-end sequences
[M::process] read 645804 sequences (80000236 bp)...
[M::mem_pestat] # candidate unique pairs for (FF, FR, RF, RR): (0, 239205, 4, 0)
[M::mem_pestat] skip orientation FF as there are not enough pairs
[M::mem_pestat] analyzing insert size distribution for orientation FR...
[M::mem_pestat] (25, 50, 75) percentile: (162, 184, 209)
[M::mem_pestat] low and high boundaries for computing mean and std.dev: (68, 303)
[M::mem_pestat] mean and std.dev: (186.21, 32.53)
[M::mem_pestat] low and high boundaries for proper pairs: (21, 350)
[M::mem_pestat] skip orientation RF as there are not enough pairs
[M::mem_pestat] skip orientation RR as there are not enough pairs
[M::mem_process_seqs] Processed 645548 reads in 896.283 CPU sec, 114.796 real sec
[M::process] 0 single-end sequences; 645804 paired-end sequences
[M::process] read 645216 sequences (80000027 bp)...
[M::mem_pestat] # candidate unique pairs for (FF, FR, RF, RR): (0, 238715, 2, 0)
[M::mem_pestat] skip orientation FF as there are not enough pairs
[M::mem_pestat] analyzing insert size distribution for orientation FR...
[M::mem_pestat] (25, 50, 75) percentile: (162, 184, 208)
[M::mem_pestat] low and high boundaries for computing mean and std.dev: (70, 300)
[M::mem_pestat] mean and std.dev: (186.06, 32.51)
[M::mem_pestat] low and high boundaries for proper pairs: (24, 346)
[M::mem_pestat] skip orientation RF as there are not enough pairs
[M::mem_pestat] skip orientation RR as there are not enough pairs
[M::mem_process_seqs] Processed 645804 reads in 900.317 CPU sec, 115.274 real sec
[M::process] 0 single-end sequences; 645216 paired-end sequences
[M::process] read 645144 sequences (80000014 bp)...
[M::mem_pestat] # candidate unique pairs for (FF, FR, RF, RR): (0, 243153, 4, 0)
[M::mem_pestat] skip orientation FF as there are not enough pairs
[M::mem_pestat] analyzing insert size distribution for orientation FR...
[M::mem_pestat] (25, 50, 75) percentile: (162, 184, 209)
[M::mem_pestat] low and high boundaries for computing mean and std.dev: (68, 303)
[M::mem_pestat] mean and std.dev: (186.34, 32.51)
[M::mem_pestat] low and high boundaries for proper pairs: (21, 350)
[M::mem_pestat] skip orientation RF as there are not enough pairs
[M::mem_pestat] skip orientation RR as there are not enough pairs
[M::mem_process_seqs] Processed 645216 reads in 828.276 CPU sec, 106.275 real sec
[M::process] 0 single-end sequences; 645144 paired-end sequences
[M::process] read 645200 sequences (80000074 bp)...
[M::mem_pestat] # candidate unique pairs for (FF, FR, RF, RR): (0, 242320, 5, 0)
[M::mem_pestat] skip orientation FF as there are not enough pairs
[M::mem_pestat] analyzing insert size distribution for orientation FR...
[M::mem_pestat] (25, 50, 75) percentile: (162, 184, 209)
[M::mem_pestat] low and high boundaries for computing mean and std.dev: (68, 303)
[M::mem_pestat] mean and std.dev: (186.32, 32.52)
[M::mem_pestat] low and high boundaries for proper pairs: (21, 350)
[M::mem_pestat] skip orientation RF as there are not enough pairs
[M::mem_pestat] skip orientation RR as there are not enough pairs
[M::mem_process_seqs] Processed 645144 reads in 841.074 CPU sec, 107.848 real sec
[M::process] 0 single-end sequences; 645200 paired-end sequences
[M::process] read 645536 sequences (80000241 bp)...
[M::mem_pestat] # candidate unique pairs for (FF, FR, RF, RR): (0, 241804, 4, 0)
[M::mem_pestat] skip orientation FF as there are not enough pairs
[M::mem_pestat] analyzing insert size distribution for orientation FR...
[M::mem_pestat] (25, 50, 75) percentile: (162, 184, 209)
[M::mem_pestat] low and high boundaries for computing mean and std.dev: (68, 303)
[M::mem_pestat] mean and std.dev: (186.29, 32.46)
[M::mem_pestat] low and high boundaries for proper pairs: (21, 350)
[M::mem_pestat] skip orientation RF as there are not enough pairs
[M::mem_pestat] skip orientation RR as there are not enough pairs
[M::mem_process_seqs] Processed 645200 reads in 857.447 CPU sec, 109.945 real sec
[M::process] 0 single-end sequences; 645536 paired-end sequences
[M::process] read 645832 sequences (80000047 bp)...
[M::mem_pestat] # candidate unique pairs for (FF, FR, RF, RR): (0, 239546, 3, 0)
[M::mem_pestat] skip orientation FF as there are not enough pairs
[M::mem_pestat] analyzing insert size distribution for orientation FR...
[M::mem_pestat] (25, 50, 75) percentile: (162, 184, 208)
[M::mem_pestat] low and high boundaries for computing mean and std.dev: (70, 300)
[M::mem_pestat] mean and std.dev: (186.16, 32.58)
[M::mem_pestat] low and high boundaries for proper pairs: (24, 346)
[M::mem_pestat] skip orientation RF as there are not enough pairs
[M::mem_pestat] skip orientation RR as there are not enough pairs
[M::mem_process_seqs] Processed 645536 reads in 1016.706 CPU sec, 129.863 real sec
[M::process] 0 single-end sequences; 645832 paired-end sequences
[M::process] read 645720 sequences (80000248 bp)...
[M::mem_pestat] # candidate unique pairs for (FF, FR, RF, RR): (0, 239929, 2, 0)
[M::mem_pestat] skip orientation FF as there are not enough pairs
[M::mem_pestat] analyzing insert size distribution for orientation FR...
[M::mem_pestat] (25, 50, 75) percentile: (162, 184, 208)
[M::mem_pestat] low and high boundaries for computing mean and std.dev: (70, 300)
[M::mem_pestat] mean and std.dev: (186.18, 32.49)
[M::mem_pestat] low and high boundaries for proper pairs: (24, 346)
[M::mem_pestat] skip orientation RF as there are not enough pairs
[M::mem_pestat] skip orientation RR as there are not enough pairs
[M::mem_process_seqs] Processed 645832 reads in 989.763 CPU sec, 126.602 real sec
[M::process] 0 single-end sequences; 645720 paired-end sequences
[M::process] read 645332 sequences (80000062 bp)...
[M::mem_pestat] # candidate unique pairs for (FF, FR, RF, RR): (0, 241254, 4, 0)
[M::mem_pestat] skip orientation FF as there are not enough pairs
[M::mem_pestat] analyzing insert size distribution for orientation FR...
[M::mem_pestat] (25, 50, 75) percentile: (162, 184, 209)
[M::mem_pestat] low and high boundaries for computing mean and std.dev: (68, 303)
[M::mem_pestat] mean and std.dev: (186.29, 32.54)
[M::mem_pestat] low and high boundaries for proper pairs: (21, 350)
[M::mem_pestat] skip orientation RF as there are not enough pairs
[M::mem_pestat] skip orientation RR as there are not enough pairs
[M::mem_process_seqs] Processed 645720 reads in 899.277 CPU sec, 115.208 real sec
[M::process] 0 single-end sequences; 645332 paired-end sequences
[M::process] read 645306 sequences (80000002 bp)...
[M::mem_pestat] # candidate unique pairs for (FF, FR, RF, RR): (0, 242097, 4, 0)
[M::mem_pestat] skip orientation FF as there are not enough pairs
[M::mem_pestat] analyzing insert size distribution for orientation FR...
[M::mem_pestat] (25, 50, 75) percentile: (162, 184, 209)
[M::mem_pestat] low and high boundaries for computing mean and std.dev: (68, 303)
[M::mem_pestat] mean and std.dev: (186.50, 32.55)
[M::mem_pestat] low and high boundaries for proper pairs: (21, 350)
[M::mem_pestat] skip orientation RF as there are not enough pairs
[M::mem_pestat] skip orientation RR as there are not enough pairs
[M::mem_process_seqs] Processed 645332 reads in 841.106 CPU sec, 107.866 real sec
[M::process] 0 single-end sequences; 645306 paired-end sequences
[M::process] read 645466 sequences (80000200 bp)...
[M::mem_pestat] # candidate unique pairs for (FF, FR, RF, RR): (0, 241892, 4, 0)
[M::mem_pestat] skip orientation FF as there are not enough pairs
[M::mem_pestat] analyzing insert size distribution for orientation FR...
[M::mem_pestat] (25, 50, 75) percentile: (162, 184, 209)
[M::mem_pestat] low and high boundaries for computing mean and std.dev: (68, 303)
[M::mem_pestat] mean and std.dev: (186.28, 32.48)
[M::mem_pestat] low and high boundaries for proper pairs: (21, 350)
[M::mem_pestat] skip orientation RF as there are not enough pairs
[M::mem_pestat] skip orientation RR as there are not enough pairs
[M::mem_process_seqs] Processed 645306 reads in 867.004 CPU sec, 111.079 real sec
[M::process] 0 single-end sequences; 645466 paired-end sequences
[M::process] read 646292 sequences (80000200 bp)...
[M::mem_pestat] # candidate unique pairs for (FF, FR, RF, RR): (0, 240093, 3, 0)
[M::mem_pestat] skip orientation FF as there are not enough pairs
[M::mem_pestat] analyzing insert size distribution for orientation FR...
[M::mem_pestat] (25, 50, 75) percentile: (162, 184, 209)
[M::mem_pestat] low and high boundaries for computing mean and std.dev: (68, 303)
[M::mem_pestat] mean and std.dev: (186.26, 32.44)
[M::mem_pestat] low and high boundaries for proper pairs: (21, 350)
[M::mem_pestat] skip orientation RF as there are not enough pairs
[M::mem_pestat] skip orientation RR as there are not enough pairs
[M::mem_process_seqs] Processed 645466 reads in 1042.568 CPU sec, 133.102 real sec
[M::process] 0 single-end sequences; 646292 paired-end sequences
[M::process] read 646356 sequences (80000064 bp)...
[M::mem_pestat] # candidate unique pairs for (FF, FR, RF, RR): (0, 234762, 4, 0)
[M::mem_pestat] skip orientation FF as there are not enough pairs
[M::mem_pestat] analyzing insert size distribution for orientation FR...
[M::mem_pestat] (25, 50, 75) percentile: (162, 184, 208)
[M::mem_pestat] low and high boundaries for computing mean and std.dev: (70, 300)
[M::mem_pestat] mean and std.dev: (186.14, 32.51)
[M::mem_pestat] low and high boundaries for proper pairs: (24, 346)
[M::mem_pestat] skip orientation RF as there are not enough pairs
[M::mem_pestat] skip orientation RR as there are not enough pairs
[M::mem_process_seqs] Processed 646292 reads in 1463.268 CPU sec, 185.713 real sec
[M::process] 0 single-end sequences; 646356 paired-end sequences
[M::process] read 645414 sequences (80000224 bp)...
[M::mem_pestat] # candidate unique pairs for (FF, FR, RF, RR): (0, 239767, 2, 0)
[M::mem_pestat] skip orientation FF as there are not enough pairs
[M::mem_pestat] analyzing insert size distribution for orientation FR...
[M::mem_pestat] (25, 50, 75) percentile: (162, 184, 208)
[M::mem_pestat] low and high boundaries for computing mean and std.dev: (70, 300)
[M::mem_pestat] mean and std.dev: (186.16, 32.51)
[M::mem_pestat] low and high boundaries for proper pairs: (24, 346)
[M::mem_pestat] skip orientation RF as there are not enough pairs
[M::mem_pestat] skip orientation RR as there are not enough pairs
[M::mem_process_seqs] Processed 646356 reads in 938.834 CPU sec, 120.130 real sec
[M::process] 0 single-end sequences; 645414 paired-end sequences
[M::process] read 645366 sequences (80000009 bp)...
[M::mem_pestat] # candidate unique pairs for (FF, FR, RF, RR): (0, 242582, 8, 0)
[M::mem_pestat] skip orientation FF as there are not enough pairs
[M::mem_pestat] analyzing insert size distribution for orientation FR...
[M::mem_pestat] (25, 50, 75) percentile: (162, 184, 209)
[M::mem_pestat] low and high boundaries for computing mean and std.dev: (68, 303)
[M::mem_pestat] mean and std.dev: (186.50, 32.48)
[M::mem_pestat] low and high boundaries for proper pairs: (21, 350)
[M::mem_pestat] skip orientation RF as there are not enough pairs
[M::mem_pestat] skip orientation RR as there are not enough pairs
[M::mem_process_seqs] Processed 645414 reads in 831.776 CPU sec, 106.715 real sec
[M::process] 0 single-end sequences; 645366 paired-end sequences
[M::process] read 645450 sequences (80000214 bp)...
[M::mem_pestat] # candidate unique pairs for (FF, FR, RF, RR): (0, 242388, 4, 0)
[M::mem_pestat] skip orientation FF as there are not enough pairs
[M::mem_pestat] analyzing insert size distribution for orientation FR...
[M::mem_pestat] (25, 50, 75) percentile: (162, 184, 209)
[M::mem_pestat] low and high boundaries for computing mean and std.dev: (68, 303)
[M::mem_pestat] mean and std.dev: (186.51, 32.54)
[M::mem_pestat] low and high boundaries for proper pairs: (21, 350)
[M::mem_pestat] skip orientation RF as there are not enough pairs
[M::mem_pestat] skip orientation RR as there are not enough pairs
[M::mem_process_seqs] Processed 645366 reads in 837.822 CPU sec, 107.453 real sec
[M::process] 0 single-end sequences; 645450 paired-end sequences
[M::process] read 645562 sequences (80000208 bp)...
[M::mem_pestat] # candidate unique pairs for (FF, FR, RF, RR): (0, 241561, 2, 0)
[M::mem_pestat] skip orientation FF as there are not enough pairs
[M::mem_pestat] analyzing insert size distribution for orientation FR...
[M::mem_pestat] (25, 50, 75) percentile: (162, 184, 209)
[M::mem_pestat] low and high boundaries for computing mean and std.dev: (68, 303)
[M::mem_pestat] mean and std.dev: (186.28, 32.53)
[M::mem_pestat] low and high boundaries for proper pairs: (21, 350)
[M::mem_pestat] skip orientation RF as there are not enough pairs
[M::mem_pestat] skip orientation RR as there are not enough pairs
[M::mem_process_seqs] Processed 645450 reads in 857.657 CPU sec, 110.648 real sec
[M::process] 0 single-end sequences; 645562 paired-end sequences
[M::process] read 645820 sequences (80000144 bp)...
[M::mem_pestat] # candidate unique pairs for (FF, FR, RF, RR): (0, 239540, 4, 0)
[M::mem_pestat] skip orientation FF as there are not enough pairs
[M::mem_pestat] analyzing insert size distribution for orientation FR...
[M::mem_pestat] (25, 50, 75) percentile: (162, 184, 209)
[M::mem_pestat] low and high boundaries for computing mean and std.dev: (68, 303)
[M::mem_pestat] mean and std.dev: (186.21, 32.61)
[M::mem_pestat] low and high boundaries for proper pairs: (21, 350)
[M::mem_pestat] skip orientation RF as there are not enough pairs
[M::mem_pestat] skip orientation RR as there are not enough pairs
[M::mem_process_seqs] Processed 645562 reads in 897.165 CPU sec, 115.026 real sec
[M::process] 0 single-end sequences; 645820 paired-end sequences
[M::process] read 645408 sequences (80000023 bp)...
[M::mem_pestat] # candidate unique pairs for (FF, FR, RF, RR): (0, 238936, 4, 0)
[M::mem_pestat] skip orientation FF as there are not enough pairs
[M::mem_pestat] analyzing insert size distribution for orientation FR...
[M::mem_pestat] (25, 50, 75) percentile: (162, 184, 209)
[M::mem_pestat] low and high boundaries for computing mean and std.dev: (68, 303)
[M::mem_pestat] mean and std.dev: (186.21, 32.56)
[M::mem_pestat] low and high boundaries for proper pairs: (21, 350)
[M::mem_pestat] skip orientation RF as there are not enough pairs
[M::mem_pestat] skip orientation RR as there are not enough pairs
[M::mem_process_seqs] Processed 645820 reads in 910.675 CPU sec, 116.624 real sec
[M::process] 0 single-end sequences; 645408 paired-end sequences
[M::process] read 645238 sequences (80000011 bp)...
[M::mem_pestat] # candidate unique pairs for (FF, FR, RF, RR): (0, 241499, 5, 0)
[M::mem_pestat] skip orientation FF as there are not enough pairs
[M::mem_pestat] analyzing insert size distribution for orientation FR...
[M::mem_pestat] (25, 50, 75) percentile: (162, 184, 209)
[M::mem_pestat] low and high boundaries for computing mean and std.dev: (68, 303)
[M::mem_pestat] mean and std.dev: (186.34, 32.44)
[M::mem_pestat] low and high boundaries for proper pairs: (21, 350)
[M::mem_pestat] skip orientation RF as there are not enough pairs
[M::mem_pestat] skip orientation RR as there are not enough pairs
[M::mem_process_seqs] Processed 645408 reads in 848.261 CPU sec, 108.823 real sec
[M::process] 0 single-end sequences; 645238 paired-end sequences
[M::process] read 645220 sequences (80000077 bp)...
[M::mem_pestat] # candidate unique pairs for (FF, FR, RF, RR): (0, 243077, 3, 0)
[M::mem_pestat] skip orientation FF as there are not enough pairs
[M::mem_pestat] analyzing insert size distribution for orientation FR...
[M::mem_pestat] (25, 50, 75) percentile: (162, 184, 209)
[M::mem_pestat] low and high boundaries for computing mean and std.dev: (68, 303)
[M::mem_pestat] mean and std.dev: (186.43, 32.57)
[M::mem_pestat] low and high boundaries for proper pairs: (21, 350)
[M::mem_pestat] skip orientation RF as there are not enough pairs
[M::mem_pestat] skip orientation RR as there are not enough pairs
[M::mem_process_seqs] Processed 645238 reads in 817.015 CPU sec, 104.863 real sec
[M::process] 0 single-end sequences; 645220 paired-end sequences
[M::process] read 645342 sequences (80000047 bp)...
[M::mem_pestat] # candidate unique pairs for (FF, FR, RF, RR): (0, 243277, 2, 0)
[M::mem_pestat] skip orientation FF as there are not enough pairs
[M::mem_pestat] analyzing insert size distribution for orientation FR...
[M::mem_pestat] (25, 50, 75) percentile: (162, 184, 209)
[M::mem_pestat] low and high boundaries for computing mean and std.dev: (68, 303)
[M::mem_pestat] mean and std.dev: (186.36, 32.55)
[M::mem_pestat] low and high boundaries for proper pairs: (21, 350)
[M::mem_pestat] skip orientation RF as there are not enough pairs
[M::mem_pestat] skip orientation RR as there are not enough pairs
[M::mem_process_seqs] Processed 645220 reads in 821.651 CPU sec, 105.439 real sec
[M::process] 0 single-end sequences; 645342 paired-end sequences
[M::process] read 645566 sequences (80000074 bp)...
[M::mem_pestat] # candidate unique pairs for (FF, FR, RF, RR): (0, 242214, 1, 0)
[M::mem_pestat] skip orientation FF as there are not enough pairs
[M::mem_pestat] analyzing insert size distribution for orientation FR...
[M::mem_pestat] (25, 50, 75) percentile: (162, 184, 209)
[M::mem_pestat] low and high boundaries for computing mean and std.dev: (68, 303)
[M::mem_pestat] mean and std.dev: (186.35, 32.59)
[M::mem_pestat] low and high boundaries for proper pairs: (21, 350)
[M::mem_pestat] skip orientation RF as there are not enough pairs
[M::mem_pestat] skip orientation RR as there are not enough pairs
[M::mem_process_seqs] Processed 645342 reads in 846.421 CPU sec, 108.561 real sec
[M::process] 0 single-end sequences; 645566 paired-end sequences
[M::process] read 645712 sequences (80000055 bp)...
[M::mem_pestat] # candidate unique pairs for (FF, FR, RF, RR): (0, 240879, 3, 0)
[M::mem_pestat] skip orientation FF as there are not enough pairs
[M::mem_pestat] analyzing insert size distribution for orientation FR...
[M::mem_pestat] (25, 50, 75) percentile: (162, 184, 208)
[M::mem_pestat] low and high boundaries for computing mean and std.dev: (70, 300)
[M::mem_pestat] mean and std.dev: (186.14, 32.44)
[M::mem_pestat] low and high boundaries for proper pairs: (24, 346)
[M::mem_pestat] skip orientation RF as there are not enough pairs
[M::mem_pestat] skip orientation RR as there are not enough pairs
[M::mem_process_seqs] Processed 645566 reads in 872.362 CPU sec, 111.816 real sec
[M::process] 0 single-end sequences; 645712 paired-end sequences
[M::process] read 645292 sequences (80000099 bp)...
[M::mem_pestat] # candidate unique pairs for (FF, FR, RF, RR): (0, 239890, 5, 0)
[M::mem_pestat] skip orientation FF as there are not enough pairs
[M::mem_pestat] analyzing insert size distribution for orientation FR...
[M::mem_pestat] (25, 50, 75) percentile: (162, 184, 208)
[M::mem_pestat] low and high boundaries for computing mean and std.dev: (70, 300)
[M::mem_pestat] mean and std.dev: (186.01, 32.48)
[M::mem_pestat] low and high boundaries for proper pairs: (24, 346)
[M::mem_pestat] skip orientation RF as there are not enough pairs
[M::mem_pestat] skip orientation RR as there are not enough pairs
[M::mem_process_seqs] Processed 645712 reads in 881.169 CPU sec, 112.975 real sec
[M::process] 0 single-end sequences; 645292 paired-end sequences
[M::process] read 645282 sequences (80000169 bp)...
[M::mem_pestat] # candidate unique pairs for (FF, FR, RF, RR): (0, 242619, 9, 0)
[M::mem_pestat] skip orientation FF as there are not enough pairs
[M::mem_pestat] analyzing insert size distribution for orientation FR...
[M::mem_pestat] (25, 50, 75) percentile: (162, 184, 209)
[M::mem_pestat] low and high boundaries for computing mean and std.dev: (68, 303)
[M::mem_pestat] mean and std.dev: (186.59, 32.56)
[M::mem_pestat] low and high boundaries for proper pairs: (21, 350)
[M::mem_pestat] skip orientation RF as there are not enough pairs
[M::mem_pestat] skip orientation RR as there are not enough pairs
[M::mem_process_seqs] Processed 645292 reads in 825.039 CPU sec, 105.850 real sec
[M::process] 0 single-end sequences; 645282 paired-end sequences
[M::process] read 645416 sequences (80000003 bp)...
[M::mem_pestat] # candidate unique pairs for (FF, FR, RF, RR): (0, 242709, 4, 0)
[M::mem_pestat] skip orientation FF as there are not enough pairs
[M::mem_pestat] analyzing insert size distribution for orientation FR...
[M::mem_pestat] (25, 50, 75) percentile: (162, 184, 209)
[M::mem_pestat] low and high boundaries for computing mean and std.dev: (68, 303)
[M::mem_pestat] mean and std.dev: (186.43, 32.48)
[M::mem_pestat] low and high boundaries for proper pairs: (21, 350)
[M::mem_pestat] skip orientation RF as there are not enough pairs
[M::mem_pestat] skip orientation RR as there are not enough pairs
[M::mem_process_seqs] Processed 645282 reads in 827.527 CPU sec, 106.170 real sec
[M::process] 0 single-end sequences; 645416 paired-end sequences
[M::process] read 645482 sequences (80000140 bp)...
[M::mem_pestat] # candidate unique pairs for (FF, FR, RF, RR): (0, 241937, 0, 0)
[M::mem_pestat] skip orientation FF as there are not enough pairs
[M::mem_pestat] analyzing insert size distribution for orientation FR...
[M::mem_pestat] (25, 50, 75) percentile: (162, 184, 209)
[M::mem_pestat] low and high boundaries for computing mean and std.dev: (68, 303)
[M::mem_pestat] mean and std.dev: (186.41, 32.52)
[M::mem_pestat] low and high boundaries for proper pairs: (21, 350)
[M::mem_pestat] skip orientation RF as there are not enough pairs
[M::mem_pestat] skip orientation RR as there are not enough pairs
[M::mem_process_seqs] Processed 645416 reads in 847.488 CPU sec, 108.738 real sec
[M::process] 0 single-end sequences; 645482 paired-end sequences
[M::process] read 645702 sequences (80000196 bp)...
[M::mem_pestat] # candidate unique pairs for (FF, FR, RF, RR): (0, 240871, 5, 0)
[M::mem_pestat] skip orientation FF as there are not enough pairs
[M::mem_pestat] analyzing insert size distribution for orientation FR...
[M::mem_pestat] (25, 50, 75) percentile: (162, 184, 209)
[M::mem_pestat] low and high boundaries for computing mean and std.dev: (68, 303)
[M::mem_pestat] mean and std.dev: (186.34, 32.49)
[M::mem_pestat] low and high boundaries for proper pairs: (21, 350)
[M::mem_pestat] skip orientation RF as there are not enough pairs
[M::mem_pestat] skip orientation RR as there are not enough pairs
[M::mem_process_seqs] Processed 645482 reads in 873.155 CPU sec, 111.893 real sec
[M::process] 0 single-end sequences; 645702 paired-end sequences
[M::process] read 645628 sequences (80000069 bp)...
[M::mem_pestat] # candidate unique pairs for (FF, FR, RF, RR): (0, 240090, 4, 0)
[M::mem_pestat] skip orientation FF as there are not enough pairs
[M::mem_pestat] analyzing insert size distribution for orientation FR...
[M::mem_pestat] (25, 50, 75) percentile: (162, 184, 208)
[M::mem_pestat] low and high boundaries for computing mean and std.dev: (70, 300)
[M::mem_pestat] mean and std.dev: (186.05, 32.47)
[M::mem_pestat] low and high boundaries for proper pairs: (24, 346)
[M::mem_pestat] skip orientation RF as there are not enough pairs
[M::mem_pestat] skip orientation RR as there are not enough pairs
[M::mem_process_seqs] Processed 645702 reads in 886.098 CPU sec, 113.543 real sec
[M::process] 0 single-end sequences; 645628 paired-end sequences
[M::process] read 645522 sequences (80000100 bp)...
[M::mem_pestat] # candidate unique pairs for (FF, FR, RF, RR): (0, 239187, 2, 0)
[M::mem_pestat] skip orientation FF as there are not enough pairs
[M::mem_pestat] analyzing insert size distribution for orientation FR...
[M::mem_pestat] (25, 50, 75) percentile: (162, 184, 208)
[M::mem_pestat] low and high boundaries for computing mean and std.dev: (70, 300)
[M::mem_pestat] mean and std.dev: (186.18, 32.49)
[M::mem_pestat] low and high boundaries for proper pairs: (24, 346)
[M::mem_pestat] skip orientation RF as there are not enough pairs
[M::mem_pestat] skip orientation RR as there are not enough pairs
[M::mem_process_seqs] Processed 645628 reads in 883.004 CPU sec, 113.149 real sec
[M::process] 0 single-end sequences; 645522 paired-end sequences
[M::process] read 645316 sequences (80000174 bp)...
[M::mem_pestat] # candidate unique pairs for (FF, FR, RF, RR): (0, 241915, 1, 0)
[M::mem_pestat] skip orientation FF as there are not enough pairs
[M::mem_pestat] analyzing insert size distribution for orientation FR...
[M::mem_pestat] (25, 50, 75) percentile: (162, 184, 209)
[M::mem_pestat] low and high boundaries for computing mean and std.dev: (68, 303)
[M::mem_pestat] mean and std.dev: (186.47, 32.56)
[M::mem_pestat] low and high boundaries for proper pairs: (21, 350)
[M::mem_pestat] skip orientation RF as there are not enough pairs
[M::mem_pestat] skip orientation RR as there are not enough pairs
[M::mem_process_seqs] Processed 645522 reads in 852.434 CPU sec, 109.342 real sec
[M::process] 0 single-end sequences; 645316 paired-end sequences
[M::process] read 645426 sequences (80000114 bp)...
[M::mem_pestat] # candidate unique pairs for (FF, FR, RF, RR): (0, 241160, 6, 0)
[M::mem_pestat] skip orientation FF as there are not enough pairs
[M::mem_pestat] analyzing insert size distribution for orientation FR...
[M::mem_pestat] (25, 50, 75) percentile: (162, 184, 209)
[M::mem_pestat] low and high boundaries for computing mean and std.dev: (68, 303)
[M::mem_pestat] mean and std.dev: (186.38, 32.48)
[M::mem_pestat] low and high boundaries for proper pairs: (21, 350)
[M::mem_pestat] skip orientation RF as there are not enough pairs
[M::mem_pestat] skip orientation RR as there are not enough pairs
[M::mem_process_seqs] Processed 645316 reads in 865.183 CPU sec, 110.924 real sec
[M::process] 0 single-end sequences; 645426 paired-end sequences
[M::process] read 645498 sequences (80000089 bp)...
[M::mem_pestat] # candidate unique pairs for (FF, FR, RF, RR): (0, 240023, 1, 0)
[M::mem_pestat] skip orientation FF as there are not enough pairs
[M::mem_pestat] analyzing insert size distribution for orientation FR...
[M::mem_pestat] (25, 50, 75) percentile: (162, 184, 209)
[M::mem_pestat] low and high boundaries for computing mean and std.dev: (68, 303)
[M::mem_pestat] mean and std.dev: (186.32, 32.43)
[M::mem_pestat] low and high boundaries for proper pairs: (21, 350)
[M::mem_pestat] skip orientation RF as there are not enough pairs
[M::mem_pestat] skip orientation RR as there are not enough pairs
[M::mem_process_seqs] Processed 645426 reads in 884.669 CPU sec, 113.340 real sec
[M::process] 0 single-end sequences; 645498 paired-end sequences
[M::process] read 645618 sequences (80000030 bp)...
[M::mem_pestat] # candidate unique pairs for (FF, FR, RF, RR): (0, 238319, 4, 0)
[M::mem_pestat] skip orientation FF as there are not enough pairs
[M::mem_pestat] analyzing insert size distribution for orientation FR...
[M::mem_pestat] (25, 50, 75) percentile: (162, 184, 209)
[M::mem_pestat] low and high boundaries for computing mean and std.dev: (68, 303)
[M::mem_pestat] mean and std.dev: (186.25, 32.45)
[M::mem_pestat] low and high boundaries for proper pairs: (21, 350)
[M::mem_pestat] skip orientation RF as there are not enough pairs
[M::mem_pestat] skip orientation RR as there are not enough pairs
[M::mem_process_seqs] Processed 645498 reads in 904.564 CPU sec, 115.833 real sec
[M::process] 0 single-end sequences; 645618 paired-end sequences
[M::process] read 645480 sequences (80000030 bp)...
[M::mem_pestat] # candidate unique pairs for (FF, FR, RF, RR): (0, 237600, 4, 0)
[M::mem_pestat] skip orientation FF as there are not enough pairs
[M::mem_pestat] analyzing insert size distribution for orientation FR...
[M::mem_pestat] (25, 50, 75) percentile: (162, 184, 209)
[M::mem_pestat] low and high boundaries for computing mean and std.dev: (68, 303)
[M::mem_pestat] mean and std.dev: (186.25, 32.57)
[M::mem_pestat] low and high boundaries for proper pairs: (21, 350)
[M::mem_pestat] skip orientation RF as there are not enough pairs
[M::mem_pestat] skip orientation RR as there are not enough pairs
[M::mem_process_seqs] Processed 645618 reads in 908.134 CPU sec, 116.332 real sec
[M::process] 0 single-end sequences; 645480 paired-end sequences
[M::process] read 645336 sequences (80000219 bp)...
[M::mem_pestat] # candidate unique pairs for (FF, FR, RF, RR): (0, 241412, 5, 0)
[M::mem_pestat] skip orientation FF as there are not enough pairs
[M::mem_pestat] analyzing insert size distribution for orientation FR...
[M::mem_pestat] (25, 50, 75) percentile: (162, 184, 209)
[M::mem_pestat] low and high boundaries for computing mean and std.dev: (68, 303)
[M::mem_pestat] mean and std.dev: (186.28, 32.54)
[M::mem_pestat] low and high boundaries for proper pairs: (21, 350)
[M::mem_pestat] skip orientation RF as there are not enough pairs
[M::mem_pestat] skip orientation RR as there are not enough pairs
[M::mem_process_seqs] Processed 645480 reads in 947.024 CPU sec, 121.140 real sec
[M::process] 0 single-end sequences; 645336 paired-end sequences
[M::process] read 645284 sequences (80000166 bp)...
[M::mem_pestat] # candidate unique pairs for (FF, FR, RF, RR): (0, 242720, 3, 0)
[M::mem_pestat] skip orientation FF as there are not enough pairs
[M::mem_pestat] analyzing insert size distribution for orientation FR...
[M::mem_pestat] (25, 50, 75) percentile: (162, 184, 209)
[M::mem_pestat] low and high boundaries for computing mean and std.dev: (68, 303)
[M::mem_pestat] mean and std.dev: (186.41, 32.54)
[M::mem_pestat] low and high boundaries for proper pairs: (21, 350)
[M::mem_pestat] skip orientation RF as there are not enough pairs
[M::mem_pestat] skip orientation RR as there are not enough pairs
[M::mem_process_seqs] Processed 645336 reads in 858.323 CPU sec, 110.077 real sec
[M::process] 0 single-end sequences; 645284 paired-end sequences
[M::process] read 645498 sequences (80000058 bp)...
[M::mem_pestat] # candidate unique pairs for (FF, FR, RF, RR): (0, 242053, 2, 0)
[M::mem_pestat] skip orientation FF as there are not enough pairs
[M::mem_pestat] analyzing insert size distribution for orientation FR...
[M::mem_pestat] (25, 50, 75) percentile: (162, 184, 209)
[M::mem_pestat] low and high boundaries for computing mean and std.dev: (68, 303)
[M::mem_pestat] mean and std.dev: (186.26, 32.52)
[M::mem_pestat] low and high boundaries for proper pairs: (21, 350)
[M::mem_pestat] skip orientation RF as there are not enough pairs
[M::mem_pestat] skip orientation RR as there are not enough pairs
[M::mem_process_seqs] Processed 645284 reads in 860.888 CPU sec, 110.321 real sec
[M::process] 0 single-end sequences; 645498 paired-end sequences
[M::process] read 645966 sequences (80000240 bp)...
[M::mem_pestat] # candidate unique pairs for (FF, FR, RF, RR): (0, 240318, 4, 0)
[M::mem_pestat] skip orientation FF as there are not enough pairs
[M::mem_pestat] analyzing insert size distribution for orientation FR...
[M::mem_pestat] (25, 50, 75) percentile: (162, 184, 208)
[M::mem_pestat] low and high boundaries for computing mean and std.dev: (70, 300)
[M::mem_pestat] mean and std.dev: (186.23, 32.42)
[M::mem_pestat] low and high boundaries for proper pairs: (24, 346)
[M::mem_pestat] skip orientation RF as there are not enough pairs
[M::mem_pestat] skip orientation RR as there are not enough pairs
[M::mem_process_seqs] Processed 645498 reads in 874.279 CPU sec, 112.032 real sec
[M::process] 0 single-end sequences; 645966 paired-end sequences
[M::process] read 645744 sequences (80000025 bp)...
[M::mem_pestat] # candidate unique pairs for (FF, FR, RF, RR): (0, 238888, 3, 0)
[M::mem_pestat] skip orientation FF as there are not enough pairs
[M::mem_pestat] analyzing insert size distribution for orientation FR...
[M::mem_pestat] (25, 50, 75) percentile: (162, 184, 208)
[M::mem_pestat] low and high boundaries for computing mean and std.dev: (70, 300)
[M::mem_pestat] mean and std.dev: (186.08, 32.54)
[M::mem_pestat] low and high boundaries for proper pairs: (24, 346)
[M::mem_pestat] skip orientation RF as there are not enough pairs
[M::mem_pestat] skip orientation RR as there are not enough pairs
[M::mem_process_seqs] Processed 645966 reads in 909.826 CPU sec, 116.469 real sec
[M::process] 0 single-end sequences; 645744 paired-end sequences
[M::process] read 645642 sequences (80000050 bp)...
[M::mem_pestat] # candidate unique pairs for (FF, FR, RF, RR): (0, 240514, 1, 0)
[M::mem_pestat] skip orientation FF as there are not enough pairs
[M::mem_pestat] analyzing insert size distribution for orientation FR...
[M::mem_pestat] (25, 50, 75) percentile: (162, 184, 208)
[M::mem_pestat] low and high boundaries for computing mean and std.dev: (70, 300)
[M::mem_pestat] mean and std.dev: (186.21, 32.48)
[M::mem_pestat] low and high boundaries for proper pairs: (24, 346)
[M::mem_pestat] skip orientation RF as there are not enough pairs
[M::mem_pestat] skip orientation RR as there are not enough pairs
[M::mem_process_seqs] Processed 645744 reads in 954.061 CPU sec, 122.009 real sec
[M::process] 0 single-end sequences; 645642 paired-end sequences
[M::process] read 645364 sequences (80000091 bp)...
[M::mem_pestat] # candidate unique pairs for (FF, FR, RF, RR): (0, 242000, 4, 0)
[M::mem_pestat] skip orientation FF as there are not enough pairs
[M::mem_pestat] analyzing insert size distribution for orientation FR...
[M::mem_pestat] (25, 50, 75) percentile: (162, 184, 209)
[M::mem_pestat] low and high boundaries for computing mean and std.dev: (68, 303)
[M::mem_pestat] mean and std.dev: (186.38, 32.55)
[M::mem_pestat] low and high boundaries for proper pairs: (21, 350)
[M::mem_pestat] skip orientation RF as there are not enough pairs
[M::mem_pestat] skip orientation RR as there are not enough pairs
[M::mem_process_seqs] Processed 645642 reads in 913.816 CPU sec, 116.950 real sec
[M::process] 0 single-end sequences; 645364 paired-end sequences
[M::process] read 645508 sequences (80000216 bp)...
[M::mem_pestat] # candidate unique pairs for (FF, FR, RF, RR): (0, 242007, 3, 0)
[M::mem_pestat] skip orientation FF as there are not enough pairs
[M::mem_pestat] analyzing insert size distribution for orientation FR...
[M::mem_pestat] (25, 50, 75) percentile: (162, 184, 209)
[M::mem_pestat] low and high boundaries for computing mean and std.dev: (68, 303)
[M::mem_pestat] mean and std.dev: (186.35, 32.49)
[M::mem_pestat] low and high boundaries for proper pairs: (21, 350)
[M::mem_pestat] skip orientation RF as there are not enough pairs
[M::mem_pestat] skip orientation RR as there are not enough pairs
[M::mem_process_seqs] Processed 645364 reads in 892.181 CPU sec, 114.403 real sec
[M::process] 0 single-end sequences; 645508 paired-end sequences
[M::process] read 645882 sequences (80000142 bp)...
[M::mem_pestat] # candidate unique pairs for (FF, FR, RF, RR): (0, 240247, 6, 0)
[M::mem_pestat] skip orientation FF as there are not enough pairs
[M::mem_pestat] analyzing insert size distribution for orientation FR...
[M::mem_pestat] (25, 50, 75) percentile: (162, 184, 208)
[M::mem_pestat] low and high boundaries for computing mean and std.dev: (70, 300)
[M::mem_pestat] mean and std.dev: (186.16, 32.44)
[M::mem_pestat] low and high boundaries for proper pairs: (24, 346)
[M::mem_pestat] skip orientation RF as there are not enough pairs
[M::mem_pestat] skip orientation RR as there are not enough pairs
[M::mem_process_seqs] Processed 645508 reads in 894.272 CPU sec, 114.524 real sec
[M::process] 0 single-end sequences; 645882 paired-end sequences
[M::process] read 646200 sequences (80000100 bp)...
[M::mem_pestat] # candidate unique pairs for (FF, FR, RF, RR): (0, 238816, 5, 0)
[M::mem_pestat] skip orientation FF as there are not enough pairs
[M::mem_pestat] analyzing insert size distribution for orientation FR...
[M::mem_pestat] (25, 50, 75) percentile: (162, 184, 209)
[M::mem_pestat] low and high boundaries for computing mean and std.dev: (68, 303)
[M::mem_pestat] mean and std.dev: (186.25, 32.47)
[M::mem_pestat] low and high boundaries for proper pairs: (21, 350)
[M::mem_pestat] skip orientation RF as there are not enough pairs
[M::mem_pestat] skip orientation RR as there are not enough pairs
[M::mem_process_seqs] Processed 645882 reads in 925.524 CPU sec, 118.501 real sec
[M::process] 0 single-end sequences; 646200 paired-end sequences
[M::process] read 645618 sequences (80000208 bp)...
[M::mem_pestat] # candidate unique pairs for (FF, FR, RF, RR): (0, 238924, 1, 0)
[M::mem_pestat] skip orientation FF as there are not enough pairs
[M::mem_pestat] analyzing insert size distribution for orientation FR...
[M::mem_pestat] (25, 50, 75) percentile: (162, 184, 208)
[M::mem_pestat] low and high boundaries for computing mean and std.dev: (70, 300)
[M::mem_pestat] mean and std.dev: (186.15, 32.56)
[M::mem_pestat] low and high boundaries for proper pairs: (24, 346)
[M::mem_pestat] skip orientation RF as there are not enough pairs
[M::mem_pestat] skip orientation RR as there are not enough pairs
[M::mem_process_seqs] Processed 646200 reads in 927.382 CPU sec, 118.715 real sec
[M::process] 0 single-end sequences; 645618 paired-end sequences
[M::process] read 645422 sequences (80000156 bp)...
[M::mem_pestat] # candidate unique pairs for (FF, FR, RF, RR): (0, 242860, 6, 0)
[M::mem_pestat] skip orientation FF as there are not enough pairs
[M::mem_pestat] analyzing insert size distribution for orientation FR...
[M::mem_pestat] (25, 50, 75) percentile: (162, 184, 209)
[M::mem_pestat] low and high boundaries for computing mean and std.dev: (68, 303)
[M::mem_pestat] mean and std.dev: (186.60, 32.55)
[M::mem_pestat] low and high boundaries for proper pairs: (21, 350)
[M::mem_pestat] skip orientation RF as there are not enough pairs
[M::mem_pestat] skip orientation RR as there are not enough pairs
[M::mem_process_seqs] Processed 645618 reads in 822.029 CPU sec, 105.461 real sec
[M::process] 0 single-end sequences; 645422 paired-end sequences
[M::process] read 645390 sequences (80000175 bp)...
[M::mem_pestat] # candidate unique pairs for (FF, FR, RF, RR): (0, 242906, 3, 0)
[M::mem_pestat] skip orientation FF as there are not enough pairs
[M::mem_pestat] analyzing insert size distribution for orientation FR...
[M::mem_pestat] (25, 50, 75) percentile: (162, 184, 209)
[M::mem_pestat] low and high boundaries for computing mean and std.dev: (68, 303)
[M::mem_pestat] mean and std.dev: (186.37, 32.48)
[M::mem_pestat] low and high boundaries for proper pairs: (21, 350)
[M::mem_pestat] skip orientation RF as there are not enough pairs
[M::mem_pestat] skip orientation RR as there are not enough pairs
[M::mem_process_seqs] Processed 645422 reads in 826.147 CPU sec, 105.971 real sec
[M::process] 0 single-end sequences; 645390 paired-end sequences
[M::process] read 645486 sequences (80000226 bp)...
[M::mem_pestat] # candidate unique pairs for (FF, FR, RF, RR): (0, 242101, 4, 0)
[M::mem_pestat] skip orientation FF as there are not enough pairs
[M::mem_pestat] analyzing insert size distribution for orientation FR...
[M::mem_pestat] (25, 50, 75) percentile: (162, 184, 209)
[M::mem_pestat] low and high boundaries for computing mean and std.dev: (68, 303)
[M::mem_pestat] mean and std.dev: (186.44, 32.50)
[M::mem_pestat] low and high boundaries for proper pairs: (21, 350)
[M::mem_pestat] skip orientation RF as there are not enough pairs
[M::mem_pestat] skip orientation RR as there are not enough pairs
[M::mem_process_seqs] Processed 645390 reads in 844.656 CPU sec, 108.293 real sec
[M::process] 0 single-end sequences; 645486 paired-end sequences
[M::process] read 645718 sequences (80000026 bp)...
[M::mem_pestat] # candidate unique pairs for (FF, FR, RF, RR): (0, 241194, 2, 0)
[M::mem_pestat] skip orientation FF as there are not enough pairs
[M::mem_pestat] analyzing insert size distribution for orientation FR...
[M::mem_pestat] (25, 50, 75) percentile: (162, 184, 209)
[M::mem_pestat] low and high boundaries for computing mean and std.dev: (68, 303)
[M::mem_pestat] mean and std.dev: (186.24, 32.52)
[M::mem_pestat] low and high boundaries for proper pairs: (21, 350)
[M::mem_pestat] skip orientation RF as there are not enough pairs
[M::mem_pestat] skip orientation RR as there are not enough pairs
[M::mem_process_seqs] Processed 645486 reads in 867.373 CPU sec, 111.235 real sec
[M::process] 0 single-end sequences; 645718 paired-end sequences
[M::process] read 645546 sequences (80000043 bp)...
[M::mem_pestat] # candidate unique pairs for (FF, FR, RF, RR): (0, 239728, 3, 0)
[M::mem_pestat] skip orientation FF as there are not enough pairs
[M::mem_pestat] analyzing insert size distribution for orientation FR...
[M::mem_pestat] (25, 50, 75) percentile: (162, 184, 209)
[M::mem_pestat] low and high boundaries for computing mean and std.dev: (68, 303)
[M::mem_pestat] mean and std.dev: (186.23, 32.55)
[M::mem_pestat] low and high boundaries for proper pairs: (21, 350)
[M::mem_pestat] skip orientation RF as there are not enough pairs
[M::mem_pestat] skip orientation RR as there are not enough pairs
[M::mem_process_seqs] Processed 645718 reads in 882.063 CPU sec, 113.094 real sec
[M::process] 0 single-end sequences; 645546 paired-end sequences
[M::process] read 645346 sequences (80000116 bp)...
[M::mem_pestat] # candidate unique pairs for (FF, FR, RF, RR): (0, 240756, 4, 0)
[M::mem_pestat] skip orientation FF as there are not enough pairs
[M::mem_pestat] analyzing insert size distribution for orientation FR...
[M::mem_pestat] (25, 50, 75) percentile: (162, 184, 209)
[M::mem_pestat] low and high boundaries for computing mean and std.dev: (68, 303)
[M::mem_pestat] mean and std.dev: (186.34, 32.54)
[M::mem_pestat] low and high boundaries for proper pairs: (21, 350)
[M::mem_pestat] skip orientation RF as there are not enough pairs
[M::mem_pestat] skip orientation RR as there are not enough pairs
[M::mem_process_seqs] Processed 645546 reads in 859.605 CPU sec, 110.173 real sec
[M::process] 0 single-end sequences; 645346 paired-end sequences
[M::process] read 645212 sequences (80000066 bp)...
[M::mem_pestat] # candidate unique pairs for (FF, FR, RF, RR): (0, 243468, 5, 0)
[M::mem_pestat] skip orientation FF as there are not enough pairs
[M::mem_pestat] analyzing insert size distribution for orientation FR...
[M::mem_pestat] (25, 50, 75) percentile: (162, 184, 209)
[M::mem_pestat] low and high boundaries for computing mean and std.dev: (68, 303)
[M::mem_pestat] mean and std.dev: (186.42, 32.48)
[M::mem_pestat] low and high boundaries for proper pairs: (21, 350)
[M::mem_pestat] skip orientation RF as there are not enough pairs
[M::mem_pestat] skip orientation RR as there are not enough pairs
[M::mem_process_seqs] Processed 645346 reads in 810.328 CPU sec, 103.994 real sec
[M::process] 0 single-end sequences; 645212 paired-end sequences
[M::process] read 645294 sequences (80000205 bp)...
[M::mem_pestat] # candidate unique pairs for (FF, FR, RF, RR): (0, 243144, 1, 0)
[M::mem_pestat] skip orientation FF as there are not enough pairs
[M::mem_pestat] analyzing insert size distribution for orientation FR...
[M::mem_pestat] (25, 50, 75) percentile: (162, 184, 209)
[M::mem_pestat] low and high boundaries for computing mean and std.dev: (68, 303)
[M::mem_pestat] mean and std.dev: (186.48, 32.51)
[M::mem_pestat] low and high boundaries for proper pairs: (21, 350)
[M::mem_pestat] skip orientation RF as there are not enough pairs
[M::mem_pestat] skip orientation RR as there are not enough pairs
[M::mem_process_seqs] Processed 645212 reads in 817.080 CPU sec, 104.860 real sec
[M::process] 0 single-end sequences; 645294 paired-end sequences
[M::process] read 645404 sequences (80000201 bp)...
[M::mem_pestat] # candidate unique pairs for (FF, FR, RF, RR): (0, 242420, 2, 0)
[M::mem_pestat] skip orientation FF as there are not enough pairs
[M::mem_pestat] analyzing insert size distribution for orientation FR...
[M::mem_pestat] (25, 50, 75) percentile: (162, 184, 209)
[M::mem_pestat] low and high boundaries for computing mean and std.dev: (68, 303)
[M::mem_pestat] mean and std.dev: (186.25, 32.45)
[M::mem_pestat] low and high boundaries for proper pairs: (21, 350)
[M::mem_pestat] skip orientation RF as there are not enough pairs
[M::mem_pestat] skip orientation RR as there are not enough pairs
[M::mem_process_seqs] Processed 645294 reads in 835.244 CPU sec, 107.149 real sec
[M::process] 0 single-end sequences; 645404 paired-end sequences
[M::process] read 645614 sequences (80000215 bp)...
[M::mem_pestat] # candidate unique pairs for (FF, FR, RF, RR): (0, 241487, 4, 0)
[M::mem_pestat] skip orientation FF as there are not enough pairs
[M::mem_pestat] analyzing insert size distribution for orientation FR...
[M::mem_pestat] (25, 50, 75) percentile: (162, 184, 208)
[M::mem_pestat] low and high boundaries for computing mean and std.dev: (70, 300)
[M::mem_pestat] mean and std.dev: (186.10, 32.48)
[M::mem_pestat] low and high boundaries for proper pairs: (24, 346)
[M::mem_pestat] skip orientation RF as there are not enough pairs
[M::mem_pestat] skip orientation RR as there are not enough pairs
[M::mem_process_seqs] Processed 645404 reads in 855.376 CPU sec, 109.678 real sec
[M::process] 0 single-end sequences; 645614 paired-end sequences
[M::process] read 645444 sequences (80000153 bp)...
[M::mem_pestat] # candidate unique pairs for (FF, FR, RF, RR): (0, 240327, 3, 0)
[M::mem_pestat] skip orientation FF as there are not enough pairs
[M::mem_pestat] analyzing insert size distribution for orientation FR...
[M::mem_pestat] (25, 50, 75) percentile: (162, 184, 208)
[M::mem_pestat] low and high boundaries for computing mean and std.dev: (70, 300)
[M::mem_pestat] mean and std.dev: (186.01, 32.46)
[M::mem_pestat] low and high boundaries for proper pairs: (24, 346)
[M::mem_pestat] skip orientation RF as there are not enough pairs
[M::mem_pestat] skip orientation RR as there are not enough pairs
[M::mem_process_seqs] Processed 645614 reads in 873.894 CPU sec, 111.973 real sec
[M::process] 0 single-end sequences; 645444 paired-end sequences
[M::process] read 645354 sequences (80000107 bp)...
[M::mem_pestat] # candidate unique pairs for (FF, FR, RF, RR): (0, 242303, 3, 0)
[M::mem_pestat] skip orientation FF as there are not enough pairs
[M::mem_pestat] analyzing insert size distribution for orientation FR...
[M::mem_pestat] (25, 50, 75) percentile: (162, 184, 209)
[M::mem_pestat] low and high boundaries for computing mean and std.dev: (68, 303)
[M::mem_pestat] mean and std.dev: (186.37, 32.53)
[M::mem_pestat] low and high boundaries for proper pairs: (21, 350)
[M::mem_pestat] skip orientation RF as there are not enough pairs
[M::mem_pestat] skip orientation RR as there are not enough pairs
[M::mem_process_seqs] Processed 645444 reads in 842.200 CPU sec, 108.006 real sec
[M::process] 0 single-end sequences; 645354 paired-end sequences
[M::process] read 645290 sequences (80000040 bp)...
[M::mem_pestat] # candidate unique pairs for (FF, FR, RF, RR): (0, 242907, 8, 0)
[M::mem_pestat] skip orientation FF as there are not enough pairs
[M::mem_pestat] analyzing insert size distribution for orientation FR...
[M::mem_pestat] (25, 50, 75) percentile: (162, 184, 209)
[M::mem_pestat] low and high boundaries for computing mean and std.dev: (68, 303)
[M::mem_pestat] mean and std.dev: (186.42, 32.54)
[M::mem_pestat] low and high boundaries for proper pairs: (21, 350)
[M::mem_pestat] skip orientation RF as there are not enough pairs
[M::mem_pestat] skip orientation RR as there are not enough pairs
[M::mem_process_seqs] Processed 645354 reads in 825.791 CPU sec, 105.972 real sec
[M::process] 0 single-end sequences; 645290 paired-end sequences
[M::process] read 645374 sequences (80000025 bp)...
[M::mem_pestat] # candidate unique pairs for (FF, FR, RF, RR): (0, 242569, 2, 0)
[M::mem_pestat] skip orientation FF as there are not enough pairs
[M::mem_pestat] analyzing insert size distribution for orientation FR...
[M::mem_pestat] (25, 50, 75) percentile: (162, 184, 209)
[M::mem_pestat] low and high boundaries for computing mean and std.dev: (68, 303)
[M::mem_pestat] mean and std.dev: (186.38, 32.46)
[M::mem_pestat] low and high boundaries for proper pairs: (21, 350)
[M::mem_pestat] skip orientation RF as there are not enough pairs
[M::mem_pestat] skip orientation RR as there are not enough pairs
[M::mem_process_seqs] Processed 645290 reads in 836.873 CPU sec, 107.353 real sec
[M::process] 0 single-end sequences; 645374 paired-end sequences
[M::process] read 645538 sequences (80000156 bp)...
[M::mem_pestat] # candidate unique pairs for (FF, FR, RF, RR): (0, 241614, 2, 0)
[M::mem_pestat] skip orientation FF as there are not enough pairs
[M::mem_pestat] analyzing insert size distribution for orientation FR...
[M::mem_pestat] (25, 50, 75) percentile: (162, 184, 209)
[M::mem_pestat] low and high boundaries for computing mean and std.dev: (68, 303)
[M::mem_pestat] mean and std.dev: (186.24, 32.50)
[M::mem_pestat] low and high boundaries for proper pairs: (21, 350)
[M::mem_pestat] skip orientation RF as there are not enough pairs
[M::mem_pestat] skip orientation RR as there are not enough pairs
[M::mem_process_seqs] Processed 645374 reads in 855.228 CPU sec, 109.655 real sec
[M::process] 0 single-end sequences; 645538 paired-end sequences
[M::process] read 645630 sequences (80000081 bp)...
[M::mem_pestat] # candidate unique pairs for (FF, FR, RF, RR): (0, 240175, 3, 0)
[M::mem_pestat] skip orientation FF as there are not enough pairs
[M::mem_pestat] analyzing insert size distribution for orientation FR...
[M::mem_pestat] (25, 50, 75) percentile: (162, 184, 209)
[M::mem_pestat] low and high boundaries for computing mean and std.dev: (68, 303)
[M::mem_pestat] mean and std.dev: (186.22, 32.44)
[M::mem_pestat] low and high boundaries for proper pairs: (21, 350)
[M::mem_pestat] skip orientation RF as there are not enough pairs
[M::mem_pestat] skip orientation RR as there are not enough pairs
[M::mem_process_seqs] Processed 645538 reads in 883.014 CPU sec, 113.157 real sec
[M::process] 0 single-end sequences; 645630 paired-end sequences
[M::process] read 645642 sequences (80000124 bp)...
[M::mem_pestat] # candidate unique pairs for (FF, FR, RF, RR): (0, 238455, 5, 0)
[M::mem_pestat] skip orientation FF as there are not enough pairs
[M::mem_pestat] analyzing insert size distribution for orientation FR...
[M::mem_pestat] (25, 50, 75) percentile: (162, 184, 208)
[M::mem_pestat] low and high boundaries for computing mean and std.dev: (70, 300)
[M::mem_pestat] mean and std.dev: (186.08, 32.59)
[M::mem_pestat] low and high boundaries for proper pairs: (24, 346)
[M::mem_pestat] skip orientation RF as there are not enough pairs
[M::mem_pestat] skip orientation RR as there are not enough pairs
[M::mem_process_seqs] Processed 645630 reads in 892.683 CPU sec, 114.375 real sec
[M::process] 0 single-end sequences; 645642 paired-end sequences
[M::process] read 645514 sequences (80000183 bp)...
[M::mem_pestat] # candidate unique pairs for (FF, FR, RF, RR): (0, 241391, 3, 0)
[M::mem_pestat] skip orientation FF as there are not enough pairs
[M::mem_pestat] analyzing insert size distribution for orientation FR...
[M::mem_pestat] (25, 50, 75) percentile: (162, 184, 209)
[M::mem_pestat] low and high boundaries for computing mean and std.dev: (68, 303)
[M::mem_pestat] mean and std.dev: (186.49, 32.50)
[M::mem_pestat] low and high boundaries for proper pairs: (21, 350)
[M::mem_pestat] skip orientation RF as there are not enough pairs
[M::mem_pestat] skip orientation RR as there are not enough pairs
[M::mem_process_seqs] Processed 645642 reads in 856.474 CPU sec, 109.812 real sec
[M::process] 0 single-end sequences; 645514 paired-end sequences
[M::process] read 645412 sequences (80000000 bp)...
[M::mem_pestat] # candidate unique pairs for (FF, FR, RF, RR): (0, 241745, 4, 0)
[M::mem_pestat] skip orientation FF as there are not enough pairs
[M::mem_pestat] analyzing insert size distribution for orientation FR...
[M::mem_pestat] (25, 50, 75) percentile: (162, 184, 209)
[M::mem_pestat] low and high boundaries for computing mean and std.dev: (68, 303)
[M::mem_pestat] mean and std.dev: (186.57, 32.50)
[M::mem_pestat] low and high boundaries for proper pairs: (21, 350)
[M::mem_pestat] skip orientation RF as there are not enough pairs
[M::mem_pestat] skip orientation RR as there are not enough pairs
[M::mem_process_seqs] Processed 645514 reads in 852.073 CPU sec, 109.242 real sec
[M::process] 0 single-end sequences; 645412 paired-end sequences
[M::process] read 645480 sequences (80000041 bp)...
[M::mem_pestat] # candidate unique pairs for (FF, FR, RF, RR): (0, 241014, 7, 0)
[M::mem_pestat] skip orientation FF as there are not enough pairs
[M::mem_pestat] analyzing insert size distribution for orientation FR...
[M::mem_pestat] (25, 50, 75) percentile: (162, 184, 209)
[M::mem_pestat] low and high boundaries for computing mean and std.dev: (68, 303)
[M::mem_pestat] mean and std.dev: (186.35, 32.53)
[M::mem_pestat] low and high boundaries for proper pairs: (21, 350)
[M::mem_pestat] skip orientation RF as there are not enough pairs
[M::mem_pestat] skip orientation RR as there are not enough pairs
[M::mem_process_seqs] Processed 645412 reads in 857.416 CPU sec, 109.904 real sec
[M::process] 0 single-end sequences; 645480 paired-end sequences
[M::process] read 645786 sequences (80000024 bp)...
[M::mem_pestat] # candidate unique pairs for (FF, FR, RF, RR): (0, 239654, 3, 0)
[M::mem_pestat] skip orientation FF as there are not enough pairs
[M::mem_pestat] analyzing insert size distribution for orientation FR...
[M::mem_pestat] (25, 50, 75) percentile: (162, 184, 209)
[M::mem_pestat] low and high boundaries for computing mean and std.dev: (68, 303)
[M::mem_pestat] mean and std.dev: (186.35, 32.49)
[M::mem_pestat] low and high boundaries for proper pairs: (21, 350)
[M::mem_pestat] skip orientation RF as there are not enough pairs
[M::mem_pestat] skip orientation RR as there are not enough pairs
[M::mem_process_seqs] Processed 645480 reads in 898.494 CPU sec, 115.089 real sec
[M::process] 0 single-end sequences; 645786 paired-end sequences
[M::process] read 645638 sequences (80000162 bp)...
[M::mem_pestat] # candidate unique pairs for (FF, FR, RF, RR): (0, 238151, 3, 0)
[M::mem_pestat] skip orientation FF as there are not enough pairs
[M::mem_pestat] analyzing insert size distribution for orientation FR...
[M::mem_pestat] (25, 50, 75) percentile: (162, 184, 209)
[M::mem_pestat] low and high boundaries for computing mean and std.dev: (68, 303)
[M::mem_pestat] mean and std.dev: (186.29, 32.56)
[M::mem_pestat] low and high boundaries for proper pairs: (21, 350)
[M::mem_pestat] skip orientation RF as there are not enough pairs
[M::mem_pestat] skip orientation RR as there are not enough pairs
[M::mem_process_seqs] Processed 645786 reads in 916.182 CPU sec, 120.141 real sec
[M::process] 0 single-end sequences; 645638 paired-end sequences
[M::process] read 645546 sequences (80000137 bp)...
[M::mem_pestat] # candidate unique pairs for (FF, FR, RF, RR): (0, 240408, 1, 0)
[M::mem_pestat] skip orientation FF as there are not enough pairs
[M::mem_pestat] analyzing insert size distribution for orientation FR...
[M::mem_pestat] (25, 50, 75) percentile: (162, 184, 208)
[M::mem_pestat] low and high boundaries for computing mean and std.dev: (70, 300)
[M::mem_pestat] mean and std.dev: (186.21, 32.48)
[M::mem_pestat] low and high boundaries for proper pairs: (24, 346)
[M::mem_pestat] skip orientation RF as there are not enough pairs
[M::mem_pestat] skip orientation RR as there are not enough pairs
[M::mem_process_seqs] Processed 645638 reads in 877.773 CPU sec, 112.691 real sec
[M::process] 0 single-end sequences; 645546 paired-end sequences
[M::process] read 645248 sequences (80000171 bp)...
[M::mem_pestat] # candidate unique pairs for (FF, FR, RF, RR): (0, 242416, 2, 0)
[M::mem_pestat] skip orientation FF as there are not enough pairs
[M::mem_pestat] analyzing insert size distribution for orientation FR...
[M::mem_pestat] (25, 50, 75) percentile: (162, 184, 209)
[M::mem_pestat] low and high boundaries for computing mean and std.dev: (68, 303)
[M::mem_pestat] mean and std.dev: (186.36, 32.49)
[M::mem_pestat] low and high boundaries for proper pairs: (21, 350)
[M::mem_pestat] skip orientation RF as there are not enough pairs
[M::mem_pestat] skip orientation RR as there are not enough pairs
[M::mem_process_seqs] Processed 645546 reads in 849.240 CPU sec, 108.998 real sec
[M::process] 0 single-end sequences; 645248 paired-end sequences
[M::process] read 645284 sequences (80000053 bp)...
[M::mem_pestat] # candidate unique pairs for (FF, FR, RF, RR): (0, 242641, 7, 0)
[M::mem_pestat] skip orientation FF as there are not enough pairs
[M::mem_pestat] analyzing insert size distribution for orientation FR...
[M::mem_pestat] (25, 50, 75) percentile: (162, 184, 209)
[M::mem_pestat] low and high boundaries for computing mean and std.dev: (68, 303)
[M::mem_pestat] mean and std.dev: (186.36, 32.50)
[M::mem_pestat] low and high boundaries for proper pairs: (21, 350)
[M::mem_pestat] skip orientation RF as there are not enough pairs
[M::mem_pestat] skip orientation RR as there are not enough pairs
[M::mem_process_seqs] Processed 645248 reads in 834.470 CPU sec, 107.750 real sec
[M::process] 0 single-end sequences; 645284 paired-end sequences
[M::process] read 645510 sequences (80000205 bp)...
[M::mem_pestat] # candidate unique pairs for (FF, FR, RF, RR): (0, 241064, 3, 0)
[M::mem_pestat] skip orientation FF as there are not enough pairs
[M::mem_pestat] analyzing insert size distribution for orientation FR...
[M::mem_pestat] (25, 50, 75) percentile: (162, 184, 209)
[M::mem_pestat] low and high boundaries for computing mean and std.dev: (68, 303)
[M::mem_pestat] mean and std.dev: (186.31, 32.53)
[M::mem_pestat] low and high boundaries for proper pairs: (21, 350)
[M::mem_pestat] skip orientation RF as there are not enough pairs
[M::mem_pestat] skip orientation RR as there are not enough pairs
[M::mem_process_seqs] Processed 645284 reads in 866.935 CPU sec, 111.200 real sec
[M::process] 0 single-end sequences; 645510 paired-end sequences
[M::process] read 645914 sequences (80000159 bp)...
[M::mem_pestat] # candidate unique pairs for (FF, FR, RF, RR): (0, 239814, 4, 0)
[M::mem_pestat] skip orientation FF as there are not enough pairs
[M::mem_pestat] analyzing insert size distribution for orientation FR...
[M::mem_pestat] (25, 50, 75) percentile: (162, 184, 208)
[M::mem_pestat] low and high boundaries for computing mean and std.dev: (70, 300)
[M::mem_pestat] mean and std.dev: (186.14, 32.47)
[M::mem_pestat] low and high boundaries for proper pairs: (24, 346)
[M::mem_pestat] skip orientation RF as there are not enough pairs
[M::mem_pestat] skip orientation RR as there are not enough pairs
[M::mem_process_seqs] Processed 645510 reads in 884.007 CPU sec, 114.515 real sec
[M::process] 0 single-end sequences; 645914 paired-end sequences
[M::process] read 646148 sequences (80000101 bp)...
[M::mem_pestat] # candidate unique pairs for (FF, FR, RF, RR): (0, 240052, 7, 0)
[M::mem_pestat] skip orientation FF as there are not enough pairs
[M::mem_pestat] analyzing insert size distribution for orientation FR...
[M::mem_pestat] (25, 50, 75) percentile: (162, 184, 208)
[M::mem_pestat] low and high boundaries for computing mean and std.dev: (70, 300)
[M::mem_pestat] mean and std.dev: (186.16, 32.48)
[M::mem_pestat] low and high boundaries for proper pairs: (24, 346)
[M::mem_pestat] skip orientation RF as there are not enough pairs
[M::mem_pestat] skip orientation RR as there are not enough pairs
[M::mem_process_seqs] Processed 645914 reads in 872.096 CPU sec, 112.001 real sec
[M::process] 0 single-end sequences; 646148 paired-end sequences
[M::process] read 645534 sequences (80000132 bp)...
[M::mem_pestat] # candidate unique pairs for (FF, FR, RF, RR): (0, 242367, 3, 0)
[M::mem_pestat] skip orientation FF as there are not enough pairs
[M::mem_pestat] analyzing insert size distribution for orientation FR...
[M::mem_pestat] (25, 50, 75) percentile: (162, 184, 209)
[M::mem_pestat] low and high boundaries for computing mean and std.dev: (68, 303)
[M::mem_pestat] mean and std.dev: (186.36, 32.47)
[M::mem_pestat] low and high boundaries for proper pairs: (21, 350)
[M::mem_pestat] skip orientation RF as there are not enough pairs
[M::mem_pestat] skip orientation RR as there are not enough pairs
[M::mem_process_seqs] Processed 646148 reads in 948.183 CPU sec, 121.370 real sec
[M::process] 0 single-end sequences; 645534 paired-end sequences
[M::process] read 645448 sequences (80000196 bp)...
[M::mem_pestat] # candidate unique pairs for (FF, FR, RF, RR): (0, 242380, 4, 0)
[M::mem_pestat] skip orientation FF as there are not enough pairs
[M::mem_pestat] analyzing insert size distribution for orientation FR...
[M::mem_pestat] (25, 50, 75) percentile: (162, 184, 209)
[M::mem_pestat] low and high boundaries for computing mean and std.dev: (68, 303)
[M::mem_pestat] mean and std.dev: (186.42, 32.57)
[M::mem_pestat] low and high boundaries for proper pairs: (21, 350)
[M::mem_pestat] skip orientation RF as there are not enough pairs
[M::mem_pestat] skip orientation RR as there are not enough pairs
[M::mem_process_seqs] Processed 645534 reads in 853.835 CPU sec, 109.575 real sec
[M::process] 0 single-end sequences; 645448 paired-end sequences
[M::process] read 645622 sequences (80000094 bp)...
[M::mem_pestat] # candidate unique pairs for (FF, FR, RF, RR): (0, 240861, 4, 0)
[M::mem_pestat] skip orientation FF as there are not enough pairs
[M::mem_pestat] analyzing insert size distribution for orientation FR...
[M::mem_pestat] (25, 50, 75) percentile: (162, 184, 209)
[M::mem_pestat] low and high boundaries for computing mean and std.dev: (68, 303)
[M::mem_pestat] mean and std.dev: (186.33, 32.51)
[M::mem_pestat] low and high boundaries for proper pairs: (21, 350)
[M::mem_pestat] skip orientation RF as there are not enough pairs
[M::mem_pestat] skip orientation RR as there are not enough pairs
[M::mem_process_seqs] Processed 645448 reads in 872.553 CPU sec, 111.916 real sec
[M::process] 0 single-end sequences; 645622 paired-end sequences
[M::process] read 645868 sequences (80000197 bp)...
[M::mem_pestat] # candidate unique pairs for (FF, FR, RF, RR): (0, 239504, 3, 0)
[M::mem_pestat] skip orientation FF as there are not enough pairs
[M::mem_pestat] analyzing insert size distribution for orientation FR...
[M::mem_pestat] (25, 50, 75) percentile: (162, 184, 208)
[M::mem_pestat] low and high boundaries for computing mean and std.dev: (70, 300)
[M::mem_pestat] mean and std.dev: (186.15, 32.49)
[M::mem_pestat] low and high boundaries for proper pairs: (24, 346)
[M::mem_pestat] skip orientation RF as there are not enough pairs
[M::mem_pestat] skip orientation RR as there are not enough pairs
[M::mem_process_seqs] Processed 645622 reads in 897.408 CPU sec, 115.006 real sec
[M::process] 0 single-end sequences; 645868 paired-end sequences
[M::process] read 645616 sequences (80000231 bp)...
[M::mem_pestat] # candidate unique pairs for (FF, FR, RF, RR): (0, 238559, 1, 0)
[M::mem_pestat] skip orientation FF as there are not enough pairs
[M::mem_pestat] analyzing insert size distribution for orientation FR...
[M::mem_pestat] (25, 50, 75) percentile: (162, 184, 208)
[M::mem_pestat] low and high boundaries for computing mean and std.dev: (70, 300)
[M::mem_pestat] mean and std.dev: (186.13, 32.49)
[M::mem_pestat] low and high boundaries for proper pairs: (24, 346)
[M::mem_pestat] skip orientation RF as there are not enough pairs
[M::mem_pestat] skip orientation RR as there are not enough pairs
[M::mem_process_seqs] Processed 645868 reads in 912.474 CPU sec, 116.950 real sec
[M::process] 0 single-end sequences; 645616 paired-end sequences
[M::process] read 645528 sequences (80000158 bp)...
[M::mem_pestat] # candidate unique pairs for (FF, FR, RF, RR): (0, 240728, 5, 0)
[M::mem_pestat] skip orientation FF as there are not enough pairs
[M::mem_pestat] analyzing insert size distribution for orientation FR...
[M::mem_pestat] (25, 50, 75) percentile: (162, 184, 209)
[M::mem_pestat] low and high boundaries for computing mean and std.dev: (68, 303)
[M::mem_pestat] mean and std.dev: (186.33, 32.50)
[M::mem_pestat] low and high boundaries for proper pairs: (21, 350)
[M::mem_pestat] skip orientation RF as there are not enough pairs
[M::mem_pestat] skip orientation RR as there are not enough pairs
[M::mem_process_seqs] Processed 645616 reads in 857.089 CPU sec, 109.960 real sec
[M::process] 0 single-end sequences; 645528 paired-end sequences
[M::process] read 645426 sequences (80000136 bp)...
[M::mem_pestat] # candidate unique pairs for (FF, FR, RF, RR): (0, 242117, 3, 0)
[M::mem_pestat] skip orientation FF as there are not enough pairs
[M::mem_pestat] analyzing insert size distribution for orientation FR...
[M::mem_pestat] (25, 50, 75) percentile: (162, 184, 209)
[M::mem_pestat] low and high boundaries for computing mean and std.dev: (68, 303)
[M::mem_pestat] mean and std.dev: (186.63, 32.56)
[M::mem_pestat] low and high boundaries for proper pairs: (21, 350)
[M::mem_pestat] skip orientation RF as there are not enough pairs
[M::mem_pestat] skip orientation RR as there are not enough pairs
[M::mem_process_seqs] Processed 645528 reads in 841.507 CPU sec, 108.651 real sec
[M::process] 0 single-end sequences; 645426 paired-end sequences
[M::process] read 645502 sequences (80000065 bp)...
[M::mem_pestat] # candidate unique pairs for (FF, FR, RF, RR): (0, 242418, 3, 0)
[M::mem_pestat] skip orientation FF as there are not enough pairs
[M::mem_pestat] analyzing insert size distribution for orientation FR...
[M::mem_pestat] (25, 50, 75) percentile: (162, 184, 209)
[M::mem_pestat] low and high boundaries for computing mean and std.dev: (68, 303)
[M::mem_pestat] mean and std.dev: (186.42, 32.57)
[M::mem_pestat] low and high boundaries for proper pairs: (21, 350)
[M::mem_pestat] skip orientation RF as there are not enough pairs
[M::mem_pestat] skip orientation RR as there are not enough pairs
[M::mem_process_seqs] Processed 645426 reads in 840.141 CPU sec, 107.857 real sec
[M::process] 0 single-end sequences; 645502 paired-end sequences
[M::process] read 645660 sequences (80000194 bp)...
[M::mem_pestat] # candidate unique pairs for (FF, FR, RF, RR): (0, 240865, 5, 0)
[M::mem_pestat] skip orientation FF as there are not enough pairs
[M::mem_pestat] analyzing insert size distribution for orientation FR...
[M::mem_pestat] (25, 50, 75) percentile: (162, 184, 209)
[M::mem_pestat] low and high boundaries for computing mean and std.dev: (68, 303)
[M::mem_pestat] mean and std.dev: (186.26, 32.50)
[M::mem_pestat] low and high boundaries for proper pairs: (21, 350)
[M::mem_pestat] skip orientation RF as there are not enough pairs
[M::mem_pestat] skip orientation RR as there are not enough pairs
[M::mem_process_seqs] Processed 645502 reads in 863.691 CPU sec, 110.869 real sec
[M::process] 0 single-end sequences; 645660 paired-end sequences
[M::process] read 645744 sequences (80000018 bp)...
[M::mem_pestat] # candidate unique pairs for (FF, FR, RF, RR): (0, 240031, 3, 0)
[M::mem_pestat] skip orientation FF as there are not enough pairs
[M::mem_pestat] analyzing insert size distribution for orientation FR...
[M::mem_pestat] (25, 50, 75) percentile: (162, 184, 209)
[M::mem_pestat] low and high boundaries for computing mean and std.dev: (68, 303)
[M::mem_pestat] mean and std.dev: (186.21, 32.51)
[M::mem_pestat] low and high boundaries for proper pairs: (21, 350)
[M::mem_pestat] skip orientation RF as there are not enough pairs
[M::mem_pestat] skip orientation RR as there are not enough pairs
[M::mem_process_seqs] Processed 645660 reads in 887.598 CPU sec, 113.879 real sec
[M::process] 0 single-end sequences; 645744 paired-end sequences
[M::process] read 645400 sequences (80000001 bp)...
[M::mem_pestat] # candidate unique pairs for (FF, FR, RF, RR): (0, 238684, 4, 0)
[M::mem_pestat] skip orientation FF as there are not enough pairs
[M::mem_pestat] analyzing insert size distribution for orientation FR...
[M::mem_pestat] (25, 50, 75) percentile: (162, 184, 208)
[M::mem_pestat] low and high boundaries for computing mean and std.dev: (70, 300)
[M::mem_pestat] mean and std.dev: (186.09, 32.50)
[M::mem_pestat] low and high boundaries for proper pairs: (24, 346)
[M::mem_pestat] skip orientation RF as there are not enough pairs
[M::mem_pestat] skip orientation RR as there are not enough pairs
[M::mem_process_seqs] Processed 645744 reads in 896.657 CPU sec, 115.146 real sec
[M::process] 0 single-end sequences; 645400 paired-end sequences
[M::process] read 645394 sequences (80000069 bp)...
[M::mem_pestat] # candidate unique pairs for (FF, FR, RF, RR): (0, 243034, 3, 0)
[M::mem_pestat] skip orientation FF as there are not enough pairs
[M::mem_pestat] analyzing insert size distribution for orientation FR...
[M::mem_pestat] (25, 50, 75) percentile: (162, 184, 209)
[M::mem_pestat] low and high boundaries for computing mean and std.dev: (68, 303)
[M::mem_pestat] mean and std.dev: (186.41, 32.46)
[M::mem_pestat] low and high boundaries for proper pairs: (21, 350)
[M::mem_pestat] skip orientation RF as there are not enough pairs
[M::mem_pestat] skip orientation RR as there are not enough pairs
[M::mem_process_seqs] Processed 645400 reads in 819.331 CPU sec, 105.300 real sec
[M::process] 0 single-end sequences; 645394 paired-end sequences
[M::process] read 645356 sequences (80000034 bp)...
[M::mem_pestat] # candidate unique pairs for (FF, FR, RF, RR): (0, 242979, 0, 0)
[M::mem_pestat] skip orientation FF as there are not enough pairs
[M::mem_pestat] analyzing insert size distribution for orientation FR...
[M::mem_pestat] (25, 50, 75) percentile: (162, 184, 209)
[M::mem_pestat] low and high boundaries for computing mean and std.dev: (68, 303)
[M::mem_pestat] mean and std.dev: (186.37, 32.54)
[M::mem_pestat] low and high boundaries for proper pairs: (21, 350)
[M::mem_pestat] skip orientation RF as there are not enough pairs
[M::mem_pestat] skip orientation RR as there are not enough pairs
[M::mem_process_seqs] Processed 645394 reads in 822.252 CPU sec, 105.582 real sec
[M::process] 0 single-end sequences; 645356 paired-end sequences
[M::process] read 645386 sequences (80000241 bp)...
[M::mem_pestat] # candidate unique pairs for (FF, FR, RF, RR): (0, 241980, 3, 0)
[M::mem_pestat] skip orientation FF as there are not enough pairs
[M::mem_pestat] analyzing insert size distribution for orientation FR...
[M::mem_pestat] (25, 50, 75) percentile: (162, 184, 209)
[M::mem_pestat] low and high boundaries for computing mean and std.dev: (68, 303)
[M::mem_pestat] mean and std.dev: (186.34, 32.52)
[M::mem_pestat] low and high boundaries for proper pairs: (21, 350)
[M::mem_pestat] skip orientation RF as there are not enough pairs
[M::mem_pestat] skip orientation RR as there are not enough pairs
[M::mem_process_seqs] Processed 645356 reads in 839.150 CPU sec, 107.782 real sec
[M::process] 0 single-end sequences; 645386 paired-end sequences
[M::process] read 645666 sequences (80000247 bp)...
[M::mem_pestat] # candidate unique pairs for (FF, FR, RF, RR): (0, 242039, 4, 0)
[M::mem_pestat] skip orientation FF as there are not enough pairs
[M::mem_pestat] analyzing insert size distribution for orientation FR...
[M::mem_pestat] (25, 50, 75) percentile: (162, 184, 208)
[M::mem_pestat] low and high boundaries for computing mean and std.dev: (70, 300)
[M::mem_pestat] mean and std.dev: (186.20, 32.44)
[M::mem_pestat] low and high boundaries for proper pairs: (24, 346)
[M::mem_pestat] skip orientation RF as there are not enough pairs
[M::mem_pestat] skip orientation RR as there are not enough pairs
[M::mem_process_seqs] Processed 645386 reads in 848.135 CPU sec, 109.126 real sec
[M::process] 0 single-end sequences; 645666 paired-end sequences
[M::process] read 645646 sequences (80000174 bp)...
[M::mem_pestat] # candidate unique pairs for (FF, FR, RF, RR): (0, 240057, 5, 0)
[M::mem_pestat] skip orientation FF as there are not enough pairs
[M::mem_pestat] analyzing insert size distribution for orientation FR...
[M::mem_pestat] (25, 50, 75) percentile: (162, 184, 208)
[M::mem_pestat] low and high boundaries for computing mean and std.dev: (70, 300)
[M::mem_pestat] mean and std.dev: (186.00, 32.48)
[M::mem_pestat] low and high boundaries for proper pairs: (24, 346)
[M::mem_pestat] skip orientation RF as there are not enough pairs
[M::mem_pestat] skip orientation RR as there are not enough pairs
[M::mem_process_seqs] Processed 645666 reads in 873.734 CPU sec, 112.180 real sec
[M::process] 0 single-end sequences; 645646 paired-end sequences
[M::process] read 645456 sequences (80000101 bp)...
[M::mem_pestat] # candidate unique pairs for (FF, FR, RF, RR): (0, 241076, 3, 0)
[M::mem_pestat] skip orientation FF as there are not enough pairs
[M::mem_pestat] analyzing insert size distribution for orientation FR...
[M::mem_pestat] (25, 50, 75) percentile: (162, 184, 209)
[M::mem_pestat] low and high boundaries for computing mean and std.dev: (68, 303)
[M::mem_pestat] mean and std.dev: (186.26, 32.48)
[M::mem_pestat] low and high boundaries for proper pairs: (21, 350)
[M::mem_pestat] skip orientation RF as there are not enough pairs
[M::mem_pestat] skip orientation RR as there are not enough pairs
[M::mem_process_seqs] Processed 645646 reads in 855.718 CPU sec, 109.871 real sec
[M::process] 0 single-end sequences; 645456 paired-end sequences
[M::process] read 645364 sequences (80000126 bp)...
[M::mem_pestat] # candidate unique pairs for (FF, FR, RF, RR): (0, 243126, 1, 0)
[M::mem_pestat] skip orientation FF as there are not enough pairs
[M::mem_pestat] analyzing insert size distribution for orientation FR...
[M::mem_pestat] (25, 50, 75) percentile: (162, 184, 209)
[M::mem_pestat] low and high boundaries for computing mean and std.dev: (68, 303)
[M::mem_pestat] mean and std.dev: (186.49, 32.60)
[M::mem_pestat] low and high boundaries for proper pairs: (21, 350)
[M::mem_pestat] skip orientation RF as there are not enough pairs
[M::mem_pestat] skip orientation RR as there are not enough pairs
[M::mem_process_seqs] Processed 645456 reads in 817.923 CPU sec, 105.012 real sec
[M::process] 0 single-end sequences; 645364 paired-end sequences
[M::process] read 645418 sequences (80000107 bp)...
[M::mem_pestat] # candidate unique pairs for (FF, FR, RF, RR): (0, 242680, 3, 0)
[M::mem_pestat] skip orientation FF as there are not enough pairs
[M::mem_pestat] analyzing insert size distribution for orientation FR...
[M::mem_pestat] (25, 50, 75) percentile: (162, 184, 209)
[M::mem_pestat] low and high boundaries for computing mean and std.dev: (68, 303)
[M::mem_pestat] mean and std.dev: (186.42, 32.48)
[M::mem_pestat] low and high boundaries for proper pairs: (21, 350)
[M::mem_pestat] skip orientation RF as there are not enough pairs
[M::mem_pestat] skip orientation RR as there are not enough pairs
[M::mem_process_seqs] Processed 645364 reads in 830.912 CPU sec, 106.636 real sec
[M::process] 0 single-end sequences; 645418 paired-end sequences
[M::process] read 645520 sequences (80000222 bp)...
[M::mem_pestat] # candidate unique pairs for (FF, FR, RF, RR): (0, 242149, 3, 0)
[M::mem_pestat] skip orientation FF as there are not enough pairs
[M::mem_pestat] analyzing insert size distribution for orientation FR...
[M::mem_pestat] (25, 50, 75) percentile: (162, 184, 209)
[M::mem_pestat] low and high boundaries for computing mean and std.dev: (68, 303)
[M::mem_pestat] mean and std.dev: (186.36, 32.54)
[M::mem_pestat] low and high boundaries for proper pairs: (21, 350)
[M::mem_pestat] skip orientation RF as there are not enough pairs
[M::mem_pestat] skip orientation RR as there are not enough pairs
[M::mem_process_seqs] Processed 645418 reads in 845.245 CPU sec, 108.520 real sec
[M::process] 0 single-end sequences; 645520 paired-end sequences
[M::process] read 645774 sequences (80000099 bp)...
[M::mem_pestat] # candidate unique pairs for (FF, FR, RF, RR): (0, 240881, 3, 0)
[M::mem_pestat] skip orientation FF as there are not enough pairs
[M::mem_pestat] analyzing insert size distribution for orientation FR...
[M::mem_pestat] (25, 50, 75) percentile: (162, 184, 208)
[M::mem_pestat] low and high boundaries for computing mean and std.dev: (70, 300)
[M::mem_pestat] mean and std.dev: (186.15, 32.47)
[M::mem_pestat] low and high boundaries for proper pairs: (24, 346)
[M::mem_pestat] skip orientation RF as there are not enough pairs
[M::mem_pestat] skip orientation RR as there are not enough pairs
[M::mem_process_seqs] Processed 645520 reads in 874.127 CPU sec, 112.178 real sec
[M::process] 0 single-end sequences; 645774 paired-end sequences
[M::process] read 645694 sequences (80000002 bp)...
[M::mem_pestat] # candidate unique pairs for (FF, FR, RF, RR): (0, 239336, 2, 0)
[M::mem_pestat] skip orientation FF as there are not enough pairs
[M::mem_pestat] analyzing insert size distribution for orientation FR...
[M::mem_pestat] (25, 50, 75) percentile: (162, 184, 209)
[M::mem_pestat] low and high boundaries for computing mean and std.dev: (68, 303)
[M::mem_pestat] mean and std.dev: (186.14, 32.60)
[M::mem_pestat] low and high boundaries for proper pairs: (21, 350)
[M::mem_pestat] skip orientation RF as there are not enough pairs
[M::mem_pestat] skip orientation RR as there are not enough pairs
[M::mem_process_seqs] Processed 645774 reads in 897.044 CPU sec, 115.083 real sec
[M::process] 0 single-end sequences; 645694 paired-end sequences
[M::process] read 645646 sequences (80000242 bp)...
[M::mem_pestat] # candidate unique pairs for (FF, FR, RF, RR): (0, 240197, 3, 0)
[M::mem_pestat] skip orientation FF as there are not enough pairs
[M::mem_pestat] analyzing insert size distribution for orientation FR...
[M::mem_pestat] (25, 50, 75) percentile: (162, 184, 209)
[M::mem_pestat] low and high boundaries for computing mean and std.dev: (68, 303)
[M::mem_pestat] mean and std.dev: (186.35, 32.52)
[M::mem_pestat] low and high boundaries for proper pairs: (21, 350)
[M::mem_pestat] skip orientation RF as there are not enough pairs
[M::mem_pestat] skip orientation RR as there are not enough pairs
[M::mem_process_seqs] Processed 645694 reads in 874.569 CPU sec, 112.194 real sec
[M::process] 0 single-end sequences; 645646 paired-end sequences
[M::process] read 645514 sequences (80000141 bp)...
[M::mem_pestat] # candidate unique pairs for (FF, FR, RF, RR): (0, 241486, 1, 0)
[M::mem_pestat] skip orientation FF as there are not enough pairs
[M::mem_pestat] analyzing insert size distribution for orientation FR...
[M::mem_pestat] (25, 50, 75) percentile: (162, 184, 209)
[M::mem_pestat] low and high boundaries for computing mean and std.dev: (68, 303)
[M::mem_pestat] mean and std.dev: (186.58, 32.55)
[M::mem_pestat] low and high boundaries for proper pairs: (21, 350)
[M::mem_pestat] skip orientation RF as there are not enough pairs
[M::mem_pestat] skip orientation RR as there are not enough pairs
[M::mem_process_seqs] Processed 645646 reads in 862.574 CPU sec, 110.640 real sec
[M::process] 0 single-end sequences; 645514 paired-end sequences
[M::process] read 645518 sequences (80000041 bp)...
[M::mem_pestat] # candidate unique pairs for (FF, FR, RF, RR): (0, 240830, 7, 0)
[M::mem_pestat] skip orientation FF as there are not enough pairs
[M::mem_pestat] analyzing insert size distribution for orientation FR...
[M::mem_pestat] (25, 50, 75) percentile: (162, 184, 209)
[M::mem_pestat] low and high boundaries for computing mean and std.dev: (68, 303)
[M::mem_pestat] mean and std.dev: (186.21, 32.54)
[M::mem_pestat] low and high boundaries for proper pairs: (21, 350)
[M::mem_pestat] skip orientation RF as there are not enough pairs
[M::mem_pestat] skip orientation RR as there are not enough pairs
[M::mem_process_seqs] Processed 645514 reads in 866.659 CPU sec, 111.159 real sec
[M::process] 0 single-end sequences; 645518 paired-end sequences
[M::process] read 645864 sequences (80000184 bp)...
[M::mem_pestat] # candidate unique pairs for (FF, FR, RF, RR): (0, 239857, 2, 0)
[M::mem_pestat] skip orientation FF as there are not enough pairs
[M::mem_pestat] analyzing insert size distribution for orientation FR...
[M::mem_pestat] (25, 50, 75) percentile: (162, 184, 208)
[M::mem_pestat] low and high boundaries for computing mean and std.dev: (70, 300)
[M::mem_pestat] mean and std.dev: (186.18, 32.52)
[M::mem_pestat] low and high boundaries for proper pairs: (24, 346)
[M::mem_pestat] skip orientation RF as there are not enough pairs
[M::mem_pestat] skip orientation RR as there are not enough pairs
[M::mem_process_seqs] Processed 645518 reads in 892.043 CPU sec, 114.384 real sec
[M::process] 0 single-end sequences; 645864 paired-end sequences
[M::process] read 645900 sequences (80000191 bp)...
[M::mem_pestat] # candidate unique pairs for (FF, FR, RF, RR): (0, 238691, 4, 0)
[M::mem_pestat] skip orientation FF as there are not enough pairs
[M::mem_pestat] analyzing insert size distribution for orientation FR...
[M::mem_pestat] (25, 50, 75) percentile: (162, 184, 209)
[M::mem_pestat] low and high boundaries for computing mean and std.dev: (68, 303)
[M::mem_pestat] mean and std.dev: (186.17, 32.57)
[M::mem_pestat] low and high boundaries for proper pairs: (21, 350)
[M::mem_pestat] skip orientation RF as there are not enough pairs
[M::mem_pestat] skip orientation RR as there are not enough pairs
[M::mem_process_seqs] Processed 645864 reads in 909.504 CPU sec, 116.632 real sec
[M::process] 0 single-end sequences; 645900 paired-end sequences
[M::process] read 645562 sequences (80000186 bp)...
[M::mem_pestat] # candidate unique pairs for (FF, FR, RF, RR): (0, 238637, 4, 0)
[M::mem_pestat] skip orientation FF as there are not enough pairs
[M::mem_pestat] analyzing insert size distribution for orientation FR...
[M::mem_pestat] (25, 50, 75) percentile: (162, 184, 208)
[M::mem_pestat] low and high boundaries for computing mean and std.dev: (70, 300)
[M::mem_pestat] mean and std.dev: (186.15, 32.48)
[M::mem_pestat] low and high boundaries for proper pairs: (24, 346)
[M::mem_pestat] skip orientation RF as there are not enough pairs
[M::mem_pestat] skip orientation RR as there are not enough pairs
[M::mem_process_seqs] Processed 645900 reads in 897.043 CPU sec, 115.006 real sec
[M::process] 0 single-end sequences; 645562 paired-end sequences
[M::process] read 645372 sequences (80000206 bp)...
[M::mem_pestat] # candidate unique pairs for (FF, FR, RF, RR): (0, 242888, 1, 0)
[M::mem_pestat] skip orientation FF as there are not enough pairs
[M::mem_pestat] analyzing insert size distribution for orientation FR...
[M::mem_pestat] (25, 50, 75) percentile: (162, 184, 209)
[M::mem_pestat] low and high boundaries for computing mean and std.dev: (68, 303)
[M::mem_pestat] mean and std.dev: (186.44, 32.54)
[M::mem_pestat] low and high boundaries for proper pairs: (21, 350)
[M::mem_pestat] skip orientation RF as there are not enough pairs
[M::mem_pestat] skip orientation RR as there are not enough pairs
[M::mem_process_seqs] Processed 645562 reads in 837.379 CPU sec, 107.517 real sec
[M::process] 0 single-end sequences; 645372 paired-end sequences
[M::process] read 645372 sequences (80000119 bp)...
[M::mem_pestat] # candidate unique pairs for (FF, FR, RF, RR): (0, 242040, 5, 0)
[M::mem_pestat] skip orientation FF as there are not enough pairs
[M::mem_pestat] analyzing insert size distribution for orientation FR...
[M::mem_pestat] (25, 50, 75) percentile: (162, 184, 209)
[M::mem_pestat] low and high boundaries for computing mean and std.dev: (68, 303)
[M::mem_pestat] mean and std.dev: (186.39, 32.53)
[M::mem_pestat] low and high boundaries for proper pairs: (21, 350)
[M::mem_pestat] skip orientation RF as there are not enough pairs
[M::mem_pestat] skip orientation RR as there are not enough pairs
[M::mem_process_seqs] Processed 645372 reads in 850.452 CPU sec, 109.139 real sec
[M::process] 0 single-end sequences; 645372 paired-end sequences
[M::process] read 645642 sequences (80000027 bp)...
[M::mem_pestat] # candidate unique pairs for (FF, FR, RF, RR): (0, 240769, 5, 0)
[M::mem_pestat] skip orientation FF as there are not enough pairs
[M::mem_pestat] analyzing insert size distribution for orientation FR...
[M::mem_pestat] (25, 50, 75) percentile: (162, 184, 209)
[M::mem_pestat] low and high boundaries for computing mean and std.dev: (68, 303)
[M::mem_pestat] mean and std.dev: (186.17, 32.50)
[M::mem_pestat] low and high boundaries for proper pairs: (21, 350)
[M::mem_pestat] skip orientation RF as there are not enough pairs
[M::mem_pestat] skip orientation RR as there are not enough pairs
[M::mem_process_seqs] Processed 645372 reads in 890.134 CPU sec, 114.109 real sec
[M::process] 0 single-end sequences; 645642 paired-end sequences
[M::process] read 646214 sequences (80000057 bp)...
[M::mem_pestat] # candidate unique pairs for (FF, FR, RF, RR): (0, 240129, 4, 0)
[M::mem_pestat] skip orientation FF as there are not enough pairs
[M::mem_pestat] analyzing insert size distribution for orientation FR...
[M::mem_pestat] (25, 50, 75) percentile: (162, 184, 209)
[M::mem_pestat] low and high boundaries for computing mean and std.dev: (68, 303)
[M::mem_pestat] mean and std.dev: (186.15, 32.46)
[M::mem_pestat] low and high boundaries for proper pairs: (21, 350)
[M::mem_pestat] skip orientation RF as there are not enough pairs
[M::mem_pestat] skip orientation RR as there are not enough pairs
[M::mem_process_seqs] Processed 645642 reads in 917.476 CPU sec, 117.538 real sec
[M::process] 0 single-end sequences; 646214 paired-end sequences
[M::process] read 645798 sequences (80000230 bp)...
[M::mem_pestat] # candidate unique pairs for (FF, FR, RF, RR): (0, 239535, 2, 0)
[M::mem_pestat] skip orientation FF as there are not enough pairs
[M::mem_pestat] analyzing insert size distribution for orientation FR...
[M::mem_pestat] (25, 50, 75) percentile: (162, 184, 208)
[M::mem_pestat] low and high boundaries for computing mean and std.dev: (70, 300)
[M::mem_pestat] mean and std.dev: (186.20, 32.51)
[M::mem_pestat] low and high boundaries for proper pairs: (24, 346)
[M::mem_pestat] skip orientation RF as there are not enough pairs
[M::mem_pestat] skip orientation RR as there are not enough pairs
[M::mem_process_seqs] Processed 646214 reads in 915.706 CPU sec, 117.320 real sec
[M::process] 0 single-end sequences; 645798 paired-end sequences
[M::process] read 645722 sequences (80000072 bp)...
[M::mem_pestat] # candidate unique pairs for (FF, FR, RF, RR): (0, 241101, 5, 0)
[M::mem_pestat] skip orientation FF as there are not enough pairs
[M::mem_pestat] analyzing insert size distribution for orientation FR...
[M::mem_pestat] (25, 50, 75) percentile: (162, 184, 209)
[M::mem_pestat] low and high boundaries for computing mean and std.dev: (68, 303)
[M::mem_pestat] mean and std.dev: (186.49, 32.47)
[M::mem_pestat] low and high boundaries for proper pairs: (21, 350)
[M::mem_pestat] skip orientation RF as there are not enough pairs
[M::mem_pestat] skip orientation RR as there are not enough pairs
[M::mem_process_seqs] Processed 645798 reads in 1013.713 CPU sec, 129.743 real sec
[M::process] 0 single-end sequences; 645722 paired-end sequences
[M::process] read 645466 sequences (80000039 bp)...
[M::mem_pestat] # candidate unique pairs for (FF, FR, RF, RR): (0, 242471, 4, 0)
[M::mem_pestat] skip orientation FF as there are not enough pairs
[M::mem_pestat] analyzing insert size distribution for orientation FR...
[M::mem_pestat] (25, 50, 75) percentile: (162, 184, 209)
[M::mem_pestat] low and high boundaries for computing mean and std.dev: (68, 303)
[M::mem_pestat] mean and std.dev: (186.53, 32.59)
[M::mem_pestat] low and high boundaries for proper pairs: (21, 350)
[M::mem_pestat] skip orientation RF as there are not enough pairs
[M::mem_pestat] skip orientation RR as there are not enough pairs
[M::mem_process_seqs] Processed 645722 reads in 871.139 CPU sec, 111.859 real sec
[M::process] 0 single-end sequences; 645466 paired-end sequences
[M::process] read 645676 sequences (80000216 bp)...
[M::mem_pestat] # candidate unique pairs for (FF, FR, RF, RR): (0, 241242, 5, 0)
[M::mem_pestat] skip orientation FF as there are not enough pairs
[M::mem_pestat] analyzing insert size distribution for orientation FR...
[M::mem_pestat] (25, 50, 75) percentile: (162, 184, 209)
[M::mem_pestat] low and high boundaries for computing mean and std.dev: (68, 303)
[M::mem_pestat] mean and std.dev: (186.32, 32.51)
[M::mem_pestat] low and high boundaries for proper pairs: (21, 350)
[M::mem_pestat] skip orientation RF as there are not enough pairs
[M::mem_pestat] skip orientation RR as there are not enough pairs
[M::mem_process_seqs] Processed 645466 reads in 903.350 CPU sec, 115.774 real sec
[M::process] 0 single-end sequences; 645676 paired-end sequences
[M::process] read 646298 sequences (80000225 bp)...
[M::mem_pestat] # candidate unique pairs for (FF, FR, RF, RR): (0, 240231, 2, 0)
[M::mem_pestat] skip orientation FF as there are not enough pairs
[M::mem_pestat] analyzing insert size distribution for orientation FR...
[M::mem_pestat] (25, 50, 75) percentile: (162, 184, 208)
[M::mem_pestat] low and high boundaries for computing mean and std.dev: (70, 300)
[M::mem_pestat] mean and std.dev: (186.20, 32.50)
[M::mem_pestat] low and high boundaries for proper pairs: (24, 346)
[M::mem_pestat] skip orientation RF as there are not enough pairs
[M::mem_pestat] skip orientation RR as there are not enough pairs
[M::mem_process_seqs] Processed 645676 reads in 946.923 CPU sec, 121.216 real sec
[M::process] 0 single-end sequences; 646298 paired-end sequences
[M::process] read 645908 sequences (80000216 bp)...
[M::mem_pestat] # candidate unique pairs for (FF, FR, RF, RR): (0, 238518, 2, 0)
[M::mem_pestat] skip orientation FF as there are not enough pairs
[M::mem_pestat] analyzing insert size distribution for orientation FR...
[M::mem_pestat] (25, 50, 75) percentile: (162, 184, 209)
[M::mem_pestat] low and high boundaries for computing mean and std.dev: (68, 303)
[M::mem_pestat] mean and std.dev: (186.21, 32.52)
[M::mem_pestat] low and high boundaries for proper pairs: (21, 350)
[M::mem_pestat] skip orientation RF as there are not enough pairs
[M::mem_pestat] skip orientation RR as there are not enough pairs
[M::mem_process_seqs] Processed 646298 reads in 995.250 CPU sec, 127.396 real sec
[M::process] 0 single-end sequences; 645908 paired-end sequences
[M::process] read 645412 sequences (80000156 bp)...
[M::mem_pestat] # candidate unique pairs for (FF, FR, RF, RR): (0, 241464, 4, 0)
[M::mem_pestat] skip orientation FF as there are not enough pairs
[M::mem_pestat] analyzing insert size distribution for orientation FR...
[M::mem_pestat] (25, 50, 75) percentile: (162, 184, 209)
[M::mem_pestat] low and high boundaries for computing mean and std.dev: (68, 303)
[M::mem_pestat] mean and std.dev: (186.33, 32.46)
[M::mem_pestat] low and high boundaries for proper pairs: (21, 350)
[M::mem_pestat] skip orientation RF as there are not enough pairs
[M::mem_pestat] skip orientation RR as there are not enough pairs
[M::mem_process_seqs] Processed 645908 reads in 869.690 CPU sec, 111.614 real sec
[M::process] 0 single-end sequences; 645412 paired-end sequences
[M::process] read 645314 sequences (80000036 bp)...
[M::mem_pestat] # candidate unique pairs for (FF, FR, RF, RR): (0, 243216, 4, 0)
[M::mem_pestat] skip orientation FF as there are not enough pairs
[M::mem_pestat] analyzing insert size distribution for orientation FR...
[M::mem_pestat] (25, 50, 75) percentile: (162, 184, 209)
[M::mem_pestat] low and high boundaries for computing mean and std.dev: (68, 303)
[M::mem_pestat] mean and std.dev: (186.49, 32.42)
[M::mem_pestat] low and high boundaries for proper pairs: (21, 350)
[M::mem_pestat] skip orientation RF as there are not enough pairs
[M::mem_pestat] skip orientation RR as there are not enough pairs
[M::mem_process_seqs] Processed 645412 reads in 821.437 CPU sec, 105.497 real sec
[M::process] 0 single-end sequences; 645314 paired-end sequences
[M::process] read 645412 sequences (80000055 bp)...
[M::mem_pestat] # candidate unique pairs for (FF, FR, RF, RR): (0, 242265, 4, 0)
[M::mem_pestat] skip orientation FF as there are not enough pairs
[M::mem_pestat] analyzing insert size distribution for orientation FR...
[M::mem_pestat] (25, 50, 75) percentile: (162, 184, 209)
[M::mem_pestat] low and high boundaries for computing mean and std.dev: (68, 303)
[M::mem_pestat] mean and std.dev: (186.28, 32.53)
[M::mem_pestat] low and high boundaries for proper pairs: (21, 350)
[M::mem_pestat] skip orientation RF as there are not enough pairs
[M::mem_pestat] skip orientation RR as there are not enough pairs
[M::mem_process_seqs] Processed 645314 reads in 832.260 CPU sec, 106.863 real sec
[M::process] 0 single-end sequences; 645412 paired-end sequences
[M::process] read 645602 sequences (80000126 bp)...
[M::mem_pestat] # candidate unique pairs for (FF, FR, RF, RR): (0, 241415, 5, 0)
[M::mem_pestat] skip orientation FF as there are not enough pairs
[M::mem_pestat] analyzing insert size distribution for orientation FR...
[M::mem_pestat] (25, 50, 75) percentile: (162, 184, 209)
[M::mem_pestat] low and high boundaries for computing mean and std.dev: (68, 303)
[M::mem_pestat] mean and std.dev: (186.37, 32.55)
[M::mem_pestat] low and high boundaries for proper pairs: (21, 350)
[M::mem_pestat] skip orientation RF as there are not enough pairs
[M::mem_pestat] skip orientation RR as there are not enough pairs
[M::mem_process_seqs] Processed 645412 reads in 849.369 CPU sec, 108.966 real sec
[M::process] 0 single-end sequences; 645602 paired-end sequences
[M::process] read 645814 sequences (80000104 bp)...
[M::mem_pestat] # candidate unique pairs for (FF, FR, RF, RR): (0, 240514, 2, 0)
[M::mem_pestat] skip orientation FF as there are not enough pairs
[M::mem_pestat] analyzing insert size distribution for orientation FR...
[M::mem_pestat] (25, 50, 75) percentile: (162, 184, 209)
[M::mem_pestat] low and high boundaries for computing mean and std.dev: (68, 303)
[M::mem_pestat] mean and std.dev: (186.17, 32.52)
[M::mem_pestat] low and high boundaries for proper pairs: (21, 350)
[M::mem_pestat] skip orientation RF as there are not enough pairs
[M::mem_pestat] skip orientation RR as there are not enough pairs
[M::mem_process_seqs] Processed 645602 reads in 879.496 CPU sec, 112.844 real sec
[M::process] 0 single-end sequences; 645814 paired-end sequences
[M::process] read 645322 sequences (80000115 bp)...
[M::mem_pestat] # candidate unique pairs for (FF, FR, RF, RR): (0, 239005, 1, 0)
[M::mem_pestat] skip orientation FF as there are not enough pairs
[M::mem_pestat] analyzing insert size distribution for orientation FR...
[M::mem_pestat] (25, 50, 75) percentile: (162, 184, 208)
[M::mem_pestat] low and high boundaries for computing mean and std.dev: (70, 300)
[M::mem_pestat] mean and std.dev: (186.17, 32.53)
[M::mem_pestat] low and high boundaries for proper pairs: (24, 346)
[M::mem_pestat] skip orientation RF as there are not enough pairs
[M::mem_pestat] skip orientation RR as there are not enough pairs
[M::mem_process_seqs] Processed 645814 reads in 890.060 CPU sec, 114.055 real sec
[M::process] 0 single-end sequences; 645322 paired-end sequences
[M::process] read 645286 sequences (80000231 bp)...
[M::mem_pestat] # candidate unique pairs for (FF, FR, RF, RR): (0, 242310, 4, 0)
[M::mem_pestat] skip orientation FF as there are not enough pairs
[M::mem_pestat] analyzing insert size distribution for orientation FR...
[M::mem_pestat] (25, 50, 75) percentile: (162, 184, 209)
[M::mem_pestat] low and high boundaries for computing mean and std.dev: (68, 303)
[M::mem_pestat] mean and std.dev: (186.31, 32.48)
[M::mem_pestat] low and high boundaries for proper pairs: (21, 350)
[M::mem_pestat] skip orientation RF as there are not enough pairs
[M::mem_pestat] skip orientation RR as there are not enough pairs
[M::mem_process_seqs] Processed 645322 reads in 829.943 CPU sec, 106.513 real sec
[M::process] 0 single-end sequences; 645286 paired-end sequences
[M::process] read 645188 sequences (80000183 bp)...
[M::mem_pestat] # candidate unique pairs for (FF, FR, RF, RR): (0, 242956, 6, 0)
[M::mem_pestat] skip orientation FF as there are not enough pairs
[M::mem_pestat] analyzing insert size distribution for orientation FR...
[M::mem_pestat] (25, 50, 75) percentile: (162, 184, 209)
[M::mem_pestat] low and high boundaries for computing mean and std.dev: (68, 303)
[M::mem_pestat] mean and std.dev: (186.43, 32.55)
[M::mem_pestat] low and high boundaries for proper pairs: (21, 350)
[M::mem_pestat] skip orientation RF as there are not enough pairs
[M::mem_pestat] skip orientation RR as there are not enough pairs
[M::mem_process_seqs] Processed 645286 reads in 813.698 CPU sec, 104.531 real sec
[M::process] 0 single-end sequences; 645188 paired-end sequences
[M::process] read 645400 sequences (80000071 bp)...
[M::mem_pestat] # candidate unique pairs for (FF, FR, RF, RR): (0, 242245, 2, 0)
[M::mem_pestat] skip orientation FF as there are not enough pairs
[M::mem_pestat] analyzing insert size distribution for orientation FR...
[M::mem_pestat] (25, 50, 75) percentile: (162, 184, 209)
[M::mem_pestat] low and high boundaries for computing mean and std.dev: (68, 303)
[M::mem_pestat] mean and std.dev: (186.32, 32.51)
[M::mem_pestat] low and high boundaries for proper pairs: (21, 350)
[M::mem_pestat] skip orientation RF as there are not enough pairs
[M::mem_pestat] skip orientation RR as there are not enough pairs
[M::mem_process_seqs] Processed 645188 reads in 826.080 CPU sec, 106.019 real sec
[M::process] 0 single-end sequences; 645400 paired-end sequences
[M::process] read 645604 sequences (80000121 bp)...
[M::mem_pestat] # candidate unique pairs for (FF, FR, RF, RR): (0, 241316, 6, 0)
[M::mem_pestat] skip orientation FF as there are not enough pairs
[M::mem_pestat] analyzing insert size distribution for orientation FR...
[M::mem_pestat] (25, 50, 75) percentile: (162, 184, 209)
[M::mem_pestat] low and high boundaries for computing mean and std.dev: (68, 303)
[M::mem_pestat] mean and std.dev: (186.32, 32.53)
[M::mem_pestat] low and high boundaries for proper pairs: (21, 350)
[M::mem_pestat] skip orientation RF as there are not enough pairs
[M::mem_pestat] skip orientation RR as there are not enough pairs
[M::mem_process_seqs] Processed 645400 reads in 854.581 CPU sec, 109.526 real sec
[M::process] 0 single-end sequences; 645604 paired-end sequences
[M::process] read 645654 sequences (80000133 bp)...
[M::mem_pestat] # candidate unique pairs for (FF, FR, RF, RR): (0, 240446, 8, 0)
[M::mem_pestat] skip orientation FF as there are not enough pairs
[M::mem_pestat] analyzing insert size distribution for orientation FR...
[M::mem_pestat] (25, 50, 75) percentile: (162, 184, 208)
[M::mem_pestat] low and high boundaries for computing mean and std.dev: (70, 300)
[M::mem_pestat] mean and std.dev: (186.17, 32.42)
[M::mem_pestat] low and high boundaries for proper pairs: (24, 346)
[M::mem_pestat] skip orientation RF as there are not enough pairs
[M::mem_pestat] skip orientation RR as there are not enough pairs
[M::mem_process_seqs] Processed 645604 reads in 872.382 CPU sec, 111.810 real sec
[M::process] 0 single-end sequences; 645654 paired-end sequences
[M::process] read 645296 sequences (80000075 bp)...
[M::mem_pestat] # candidate unique pairs for (FF, FR, RF, RR): (0, 240049, 3, 0)
[M::mem_pestat] skip orientation FF as there are not enough pairs
[M::mem_pestat] analyzing insert size distribution for orientation FR...
[M::mem_pestat] (25, 50, 75) percentile: (162, 184, 209)
[M::mem_pestat] low and high boundaries for computing mean and std.dev: (68, 303)
[M::mem_pestat] mean and std.dev: (186.14, 32.52)
[M::mem_pestat] low and high boundaries for proper pairs: (21, 350)
[M::mem_pestat] skip orientation RF as there are not enough pairs
[M::mem_pestat] skip orientation RR as there are not enough pairs
[M::mem_process_seqs] Processed 645654 reads in 871.358 CPU sec, 111.660 real sec
[M::process] 0 single-end sequences; 645296 paired-end sequences
[M::process] read 645240 sequences (80000059 bp)...
[M::mem_pestat] # candidate unique pairs for (FF, FR, RF, RR): (0, 243170, 3, 0)
[M::mem_pestat] skip orientation FF as there are not enough pairs
[M::mem_pestat] analyzing insert size distribution for orientation FR...
[M::mem_pestat] (25, 50, 75) percentile: (162, 184, 209)
[M::mem_pestat] low and high boundaries for computing mean and std.dev: (68, 303)
[M::mem_pestat] mean and std.dev: (186.35, 32.53)
[M::mem_pestat] low and high boundaries for proper pairs: (21, 350)
[M::mem_pestat] skip orientation RF as there are not enough pairs
[M::mem_pestat] skip orientation RR as there are not enough pairs
[M::mem_process_seqs] Processed 645296 reads in 814.778 CPU sec, 104.550 real sec
[M::process] 0 single-end sequences; 645240 paired-end sequences
[M::process] read 645356 sequences (80000050 bp)...
[M::mem_pestat] # candidate unique pairs for (FF, FR, RF, RR): (0, 242321, 7, 0)
[M::mem_pestat] skip orientation FF as there are not enough pairs
[M::mem_pestat] analyzing insert size distribution for orientation FR...
[M::mem_pestat] (25, 50, 75) percentile: (162, 184, 209)
[M::mem_pestat] low and high boundaries for computing mean and std.dev: (68, 303)
[M::mem_pestat] mean and std.dev: (186.32, 32.52)
[M::mem_pestat] low and high boundaries for proper pairs: (21, 350)
[M::mem_pestat] skip orientation RF as there are not enough pairs
[M::mem_pestat] skip orientation RR as there are not enough pairs
[M::mem_process_seqs] Processed 645240 reads in 828.926 CPU sec, 106.378 real sec
[M::process] 0 single-end sequences; 645356 paired-end sequences
[M::process] read 645472 sequences (80000205 bp)...
[M::mem_pestat] # candidate unique pairs for (FF, FR, RF, RR): (0, 241644, 3, 0)
[M::mem_pestat] skip orientation FF as there are not enough pairs
[M::mem_pestat] analyzing insert size distribution for orientation FR...
[M::mem_pestat] (25, 50, 75) percentile: (162, 184, 209)
[M::mem_pestat] low and high boundaries for computing mean and std.dev: (68, 303)
[M::mem_pestat] mean and std.dev: (186.36, 32.60)
[M::mem_pestat] low and high boundaries for proper pairs: (21, 350)
[M::mem_pestat] skip orientation RF as there are not enough pairs
[M::mem_pestat] skip orientation RR as there are not enough pairs
[M::mem_process_seqs] Processed 645356 reads in 855.613 CPU sec, 109.691 real sec
[M::process] 0 single-end sequences; 645472 paired-end sequences
[M::process] read 645772 sequences (80000230 bp)...
[M::mem_pestat] # candidate unique pairs for (FF, FR, RF, RR): (0, 240547, 5, 0)
[M::mem_pestat] skip orientation FF as there are not enough pairs
[M::mem_pestat] analyzing insert size distribution for orientation FR...
[M::mem_pestat] (25, 50, 75) percentile: (162, 184, 209)
[M::mem_pestat] low and high boundaries for computing mean and std.dev: (68, 303)
[M::mem_pestat] mean and std.dev: (186.31, 32.55)
[M::mem_pestat] low and high boundaries for proper pairs: (21, 350)
[M::mem_pestat] skip orientation RF as there are not enough pairs
[M::mem_pestat] skip orientation RR as there are not enough pairs
[M::mem_process_seqs] Processed 645472 reads in 880.536 CPU sec, 112.842 real sec
[M::process] 0 single-end sequences; 645772 paired-end sequences
[M::process] read 645590 sequences (80000153 bp)...
[M::mem_pestat] # candidate unique pairs for (FF, FR, RF, RR): (0, 239160, 0, 0)
[M::mem_pestat] skip orientation FF as there are not enough pairs
[M::mem_pestat] analyzing insert size distribution for orientation FR...
[M::mem_pestat] (25, 50, 75) percentile: (162, 184, 208)
[M::mem_pestat] low and high boundaries for computing mean and std.dev: (70, 300)
[M::mem_pestat] mean and std.dev: (186.22, 32.53)
[M::mem_pestat] low and high boundaries for proper pairs: (24, 346)
[M::mem_pestat] skip orientation RF as there are not enough pairs
[M::mem_pestat] skip orientation RR as there are not enough pairs
[M::mem_process_seqs] Processed 645772 reads in 894.468 CPU sec, 114.593 real sec
[M::process] 0 single-end sequences; 645590 paired-end sequences
[M::process] read 645442 sequences (80000158 bp)...
[M::mem_pestat] # candidate unique pairs for (FF, FR, RF, RR): (0, 239795, 1, 0)
[M::mem_pestat] skip orientation FF as there are not enough pairs
[M::mem_pestat] analyzing insert size distribution for orientation FR...
[M::mem_pestat] (25, 50, 75) percentile: (162, 184, 208)
[M::mem_pestat] low and high boundaries for computing mean and std.dev: (70, 300)
[M::mem_pestat] mean and std.dev: (186.21, 32.48)
[M::mem_pestat] low and high boundaries for proper pairs: (24, 346)
[M::mem_pestat] skip orientation RF as there are not enough pairs
[M::mem_pestat] skip orientation RR as there are not enough pairs
[M::mem_process_seqs] Processed 645590 reads in 877.359 CPU sec, 112.422 real sec
[M::process] 0 single-end sequences; 645442 paired-end sequences
[M::process] read 645380 sequences (80000077 bp)...
[M::mem_pestat] # candidate unique pairs for (FF, FR, RF, RR): (0, 242256, 2, 0)
[M::mem_pestat] skip orientation FF as there are not enough pairs
[M::mem_pestat] analyzing insert size distribution for orientation FR...
[M::mem_pestat] (25, 50, 75) percentile: (162, 184, 209)
[M::mem_pestat] low and high boundaries for computing mean and std.dev: (68, 303)
[M::mem_pestat] mean and std.dev: (186.46, 32.54)
[M::mem_pestat] low and high boundaries for proper pairs: (21, 350)
[M::mem_pestat] skip orientation RF as there are not enough pairs
[M::mem_pestat] skip orientation RR as there are not enough pairs
[M::mem_process_seqs] Processed 645442 reads in 840.739 CPU sec, 107.855 real sec
[M::process] 0 single-end sequences; 645380 paired-end sequences
[M::process] read 645420 sequences (80000067 bp)...
[M::mem_pestat] # candidate unique pairs for (FF, FR, RF, RR): (0, 241428, 5, 0)
[M::mem_pestat] skip orientation FF as there are not enough pairs
[M::mem_pestat] analyzing insert size distribution for orientation FR...
[M::mem_pestat] (25, 50, 75) percentile: (162, 184, 209)
[M::mem_pestat] low and high boundaries for computing mean and std.dev: (68, 303)
[M::mem_pestat] mean and std.dev: (186.40, 32.47)
[M::mem_pestat] low and high boundaries for proper pairs: (21, 350)
[M::mem_pestat] skip orientation RF as there are not enough pairs
[M::mem_pestat] skip orientation RR as there are not enough pairs
[M::mem_process_seqs] Processed 645380 reads in 856.041 CPU sec, 109.720 real sec
[M::process] 0 single-end sequences; 645420 paired-end sequences
[M::process] read 645702 sequences (80000000 bp)...
[M::mem_pestat] # candidate unique pairs for (FF, FR, RF, RR): (0, 240988, 3, 0)
[M::mem_pestat] skip orientation FF as there are not enough pairs
[M::mem_pestat] analyzing insert size distribution for orientation FR...
[M::mem_pestat] (25, 50, 75) percentile: (162, 184, 208)
[M::mem_pestat] low and high boundaries for computing mean and std.dev: (70, 300)
[M::mem_pestat] mean and std.dev: (186.22, 32.49)
[M::mem_pestat] low and high boundaries for proper pairs: (24, 346)
[M::mem_pestat] skip orientation RF as there are not enough pairs
[M::mem_pestat] skip orientation RR as there are not enough pairs
[M::mem_process_seqs] Processed 645420 reads in 872.008 CPU sec, 111.727 real sec
[M::process] 0 single-end sequences; 645702 paired-end sequences
[M::process] read 646226 sequences (80000013 bp)...
[M::mem_pestat] # candidate unique pairs for (FF, FR, RF, RR): (0, 239263, 4, 0)
[M::mem_pestat] skip orientation FF as there are not enough pairs
[M::mem_pestat] analyzing insert size distribution for orientation FR...
[M::mem_pestat] (25, 50, 75) percentile: (162, 184, 208)
[M::mem_pestat] low and high boundaries for computing mean and std.dev: (70, 300)
[M::mem_pestat] mean and std.dev: (186.14, 32.50)
[M::mem_pestat] low and high boundaries for proper pairs: (24, 346)
[M::mem_pestat] skip orientation RF as there are not enough pairs
[M::mem_pestat] skip orientation RR as there are not enough pairs
[M::mem_process_seqs] Processed 645702 reads in 899.557 CPU sec, 115.203 real sec
[M::process] 0 single-end sequences; 646226 paired-end sequences
[M::process] read 645394 sequences (80000101 bp)...
[M::mem_pestat] # candidate unique pairs for (FF, FR, RF, RR): (0, 238802, 3, 0)
[M::mem_pestat] skip orientation FF as there are not enough pairs
[M::mem_pestat] analyzing insert size distribution for orientation FR...
[M::mem_pestat] (25, 50, 75) percentile: (162, 184, 208)
[M::mem_pestat] low and high boundaries for computing mean and std.dev: (70, 300)
[M::mem_pestat] mean and std.dev: (186.04, 32.47)
[M::mem_pestat] low and high boundaries for proper pairs: (24, 346)
[M::mem_pestat] skip orientation RF as there are not enough pairs
[M::mem_pestat] skip orientation RR as there are not enough pairs
[M::mem_process_seqs] Processed 646226 reads in 899.347 CPU sec, 115.155 real sec
[M::process] 0 single-end sequences; 645394 paired-end sequences
[M::process] read 645288 sequences (80000121 bp)...
[M::mem_pestat] # candidate unique pairs for (FF, FR, RF, RR): (0, 242441, 9, 0)
[M::mem_pestat] skip orientation FF as there are not enough pairs
[M::mem_pestat] analyzing insert size distribution for orientation FR...
[M::mem_pestat] (25, 50, 75) percentile: (162, 184, 209)
[M::mem_pestat] low and high boundaries for computing mean and std.dev: (68, 303)
[M::mem_pestat] mean and std.dev: (186.57, 32.43)
[M::mem_pestat] low and high boundaries for proper pairs: (21, 350)
[M::mem_pestat] skip orientation RF as there are not enough pairs
[M::mem_pestat] skip orientation RR as there are not enough pairs
[M::mem_process_seqs] Processed 645394 reads in 846.688 CPU sec, 108.667 real sec
[M::process] 0 single-end sequences; 645288 paired-end sequences
[M::process] read 645272 sequences (80000138 bp)...
[M::mem_pestat] # candidate unique pairs for (FF, FR, RF, RR): (0, 241534, 3, 0)
[M::mem_pestat] skip orientation FF as there are not enough pairs
[M::mem_pestat] analyzing insert size distribution for orientation FR...
[M::mem_pestat] (25, 50, 75) percentile: (162, 184, 209)
[M::mem_pestat] low and high boundaries for computing mean and std.dev: (68, 303)
[M::mem_pestat] mean and std.dev: (186.44, 32.59)
[M::mem_pestat] low and high boundaries for proper pairs: (21, 350)
[M::mem_pestat] skip orientation RF as there are not enough pairs
[M::mem_pestat] skip orientation RR as there are not enough pairs
[M::mem_process_seqs] Processed 645288 reads in 841.115 CPU sec, 107.872 real sec
[M::process] 0 single-end sequences; 645272 paired-end sequences
[M::process] read 645464 sequences (80000246 bp)...
[M::mem_pestat] # candidate unique pairs for (FF, FR, RF, RR): (0, 241316, 1, 0)
[M::mem_pestat] skip orientation FF as there are not enough pairs
[M::mem_pestat] analyzing insert size distribution for orientation FR...
[M::mem_pestat] (25, 50, 75) percentile: (162, 184, 209)
[M::mem_pestat] low and high boundaries for computing mean and std.dev: (68, 303)
[M::mem_pestat] mean and std.dev: (186.26, 32.46)
[M::mem_pestat] low and high boundaries for proper pairs: (21, 350)
[M::mem_pestat] skip orientation RF as there are not enough pairs
[M::mem_pestat] skip orientation RR as there are not enough pairs
[M::mem_process_seqs] Processed 645272 reads in 867.502 CPU sec, 111.191 real sec
[M::process] 0 single-end sequences; 645464 paired-end sequences
[M::process] read 645876 sequences (80000167 bp)...
[M::mem_pestat] # candidate unique pairs for (FF, FR, RF, RR): (0, 239541, 4, 0)
[M::mem_pestat] skip orientation FF as there are not enough pairs
[M::mem_pestat] analyzing insert size distribution for orientation FR...
[M::mem_pestat] (25, 50, 75) percentile: (162, 184, 209)
[M::mem_pestat] low and high boundaries for computing mean and std.dev: (68, 303)
[M::mem_pestat] mean and std.dev: (186.19, 32.52)
[M::mem_pestat] low and high boundaries for proper pairs: (21, 350)
[M::mem_pestat] skip orientation RF as there are not enough pairs
[M::mem_pestat] skip orientation RR as there are not enough pairs
[M::mem_process_seqs] Processed 645464 reads in 922.903 CPU sec, 118.106 real sec
[M::process] 0 single-end sequences; 645876 paired-end sequences
[M::process] read 645830 sequences (80000105 bp)...
[M::mem_pestat] # candidate unique pairs for (FF, FR, RF, RR): (0, 239706, 8, 0)
[M::mem_pestat] skip orientation FF as there are not enough pairs
[M::mem_pestat] analyzing insert size distribution for orientation FR...
[M::mem_pestat] (25, 50, 75) percentile: (162, 184, 209)
[M::mem_pestat] low and high boundaries for computing mean and std.dev: (68, 303)
[M::mem_pestat] mean and std.dev: (186.16, 32.56)
[M::mem_pestat] low and high boundaries for proper pairs: (21, 350)
[M::mem_pestat] skip orientation RF as there are not enough pairs
[M::mem_pestat] skip orientation RR as there are not enough pairs
[M::mem_process_seqs] Processed 645876 reads in 910.964 CPU sec, 116.612 real sec
[M::process] 0 single-end sequences; 645830 paired-end sequences
[M::process] read 645482 sequences (80000027 bp)...
[M::mem_pestat] # candidate unique pairs for (FF, FR, RF, RR): (0, 241430, 3, 0)
[M::mem_pestat] skip orientation FF as there are not enough pairs
[M::mem_pestat] analyzing insert size distribution for orientation FR...
[M::mem_pestat] (25, 50, 75) percentile: (162, 184, 209)
[M::mem_pestat] low and high boundaries for computing mean and std.dev: (68, 303)
[M::mem_pestat] mean and std.dev: (186.23, 32.49)
[M::mem_pestat] low and high boundaries for proper pairs: (21, 350)
[M::mem_pestat] skip orientation RF as there are not enough pairs
[M::mem_pestat] skip orientation RR as there are not enough pairs
[M::mem_process_seqs] Processed 645830 reads in 939.117 CPU sec, 120.140 real sec
[M::process] 0 single-end sequences; 645482 paired-end sequences
[M::process] read 645368 sequences (80000206 bp)...
[M::mem_pestat] # candidate unique pairs for (FF, FR, RF, RR): (0, 241962, 2, 0)
[M::mem_pestat] skip orientation FF as there are not enough pairs
[M::mem_pestat] analyzing insert size distribution for orientation FR...
[M::mem_pestat] (25, 50, 75) percentile: (162, 184, 209)
[M::mem_pestat] low and high boundaries for computing mean and std.dev: (68, 303)
[M::mem_pestat] mean and std.dev: (186.49, 32.51)
[M::mem_pestat] low and high boundaries for proper pairs: (21, 350)
[M::mem_pestat] skip orientation RF as there are not enough pairs
[M::mem_pestat] skip orientation RR as there are not enough pairs
[M::mem_process_seqs] Processed 645482 reads in 889.086 CPU sec, 113.876 real sec
[M::process] 0 single-end sequences; 645368 paired-end sequences
[M::process] read 645528 sequences (80000062 bp)...
[M::mem_pestat] # candidate unique pairs for (FF, FR, RF, RR): (0, 241078, 3, 0)
[M::mem_pestat] skip orientation FF as there are not enough pairs
[M::mem_pestat] analyzing insert size distribution for orientation FR...
[M::mem_pestat] (25, 50, 75) percentile: (162, 184, 209)
[M::mem_pestat] low and high boundaries for computing mean and std.dev: (68, 303)
[M::mem_pestat] mean and std.dev: (186.33, 32.48)
[M::mem_pestat] low and high boundaries for proper pairs: (21, 350)
[M::mem_pestat] skip orientation RF as there are not enough pairs
[M::mem_pestat] skip orientation RR as there are not enough pairs
[M::mem_process_seqs] Processed 645368 reads in 876.139 CPU sec, 112.282 real sec
[M::process] 0 single-end sequences; 645528 paired-end sequences
[M::process] read 646024 sequences (80000170 bp)...
[M::mem_pestat] # candidate unique pairs for (FF, FR, RF, RR): (0, 240397, 3, 0)
[M::mem_pestat] skip orientation FF as there are not enough pairs
[M::mem_pestat] analyzing insert size distribution for orientation FR...
[M::mem_pestat] (25, 50, 75) percentile: (162, 184, 209)
[M::mem_pestat] low and high boundaries for computing mean and std.dev: (68, 303)
[M::mem_pestat] mean and std.dev: (186.25, 32.51)
[M::mem_pestat] low and high boundaries for proper pairs: (21, 350)
[M::mem_pestat] skip orientation RF as there are not enough pairs
[M::mem_pestat] skip orientation RR as there are not enough pairs
[M::mem_process_seqs] Processed 645528 reads in 937.358 CPU sec, 119.889 real sec
[M::process] 0 single-end sequences; 646024 paired-end sequences
[M::process] read 646232 sequences (80000128 bp)...
[M::mem_pestat] # candidate unique pairs for (FF, FR, RF, RR): (0, 238261, 3, 0)
[M::mem_pestat] skip orientation FF as there are not enough pairs
[M::mem_pestat] analyzing insert size distribution for orientation FR...
[M::mem_pestat] (25, 50, 75) percentile: (162, 184, 209)
[M::mem_pestat] low and high boundaries for computing mean and std.dev: (68, 303)
[M::mem_pestat] mean and std.dev: (186.21, 32.60)
[M::mem_pestat] low and high boundaries for proper pairs: (21, 350)
[M::mem_pestat] skip orientation RF as there are not enough pairs
[M::mem_pestat] skip orientation RR as there are not enough pairs
[M::mem_process_seqs] Processed 646024 reads in 1011.192 CPU sec, 129.460 real sec
[M::process] 0 single-end sequences; 646232 paired-end sequences
[M::process] read 645386 sequences (80000061 bp)...
[M::mem_pestat] # candidate unique pairs for (FF, FR, RF, RR): (0, 240129, 3, 0)
[M::mem_pestat] skip orientation FF as there are not enough pairs
[M::mem_pestat] analyzing insert size distribution for orientation FR...
[M::mem_pestat] (25, 50, 75) percentile: (162, 184, 209)
[M::mem_pestat] low and high boundaries for computing mean and std.dev: (68, 303)
[M::mem_pestat] mean and std.dev: (186.26, 32.55)
[M::mem_pestat] low and high boundaries for proper pairs: (21, 350)
[M::mem_pestat] skip orientation RF as there are not enough pairs
[M::mem_pestat] skip orientation RR as there are not enough pairs
[M::mem_process_seqs] Processed 646232 reads in 871.209 CPU sec, 111.739 real sec
[M::process] 0 single-end sequences; 645386 paired-end sequences
[M::process] read 645364 sequences (80000023 bp)...
[M::mem_pestat] # candidate unique pairs for (FF, FR, RF, RR): (0, 242946, 2, 0)
[M::mem_pestat] skip orientation FF as there are not enough pairs
[M::mem_pestat] analyzing insert size distribution for orientation FR...
[M::mem_pestat] (25, 50, 75) percentile: (162, 184, 209)
[M::mem_pestat] low and high boundaries for computing mean and std.dev: (68, 303)
[M::mem_pestat] mean and std.dev: (186.59, 32.53)
[M::mem_pestat] low and high boundaries for proper pairs: (21, 350)
[M::mem_pestat] skip orientation RF as there are not enough pairs
[M::mem_pestat] skip orientation RR as there are not enough pairs
[M::mem_process_seqs] Processed 645386 reads in 816.082 CPU sec, 104.804 real sec
[M::process] 0 single-end sequences; 645364 paired-end sequences
[M::process] read 645450 sequences (80000160 bp)...
[M::mem_pestat] # candidate unique pairs for (FF, FR, RF, RR): (0, 242245, 3, 0)
[M::mem_pestat] skip orientation FF as there are not enough pairs
[M::mem_pestat] analyzing insert size distribution for orientation FR...
[M::mem_pestat] (25, 50, 75) percentile: (162, 184, 209)
[M::mem_pestat] low and high boundaries for computing mean and std.dev: (68, 303)
[M::mem_pestat] mean and std.dev: (186.33, 32.53)
[M::mem_pestat] low and high boundaries for proper pairs: (21, 350)
[M::mem_pestat] skip orientation RF as there are not enough pairs
[M::mem_pestat] skip orientation RR as there are not enough pairs
[M::mem_process_seqs] Processed 645364 reads in 830.351 CPU sec, 106.537 real sec
[M::process] 0 single-end sequences; 645450 paired-end sequences
[M::process] read 645514 sequences (80000082 bp)...
[M::mem_pestat] # candidate unique pairs for (FF, FR, RF, RR): (0, 241976, 4, 0)
[M::mem_pestat] skip orientation FF as there are not enough pairs
[M::mem_pestat] analyzing insert size distribution for orientation FR...
[M::mem_pestat] (25, 50, 75) percentile: (162, 184, 209)
[M::mem_pestat] low and high boundaries for computing mean and std.dev: (68, 303)
[M::mem_pestat] mean and std.dev: (186.31, 32.56)
[M::mem_pestat] low and high boundaries for proper pairs: (21, 350)
[M::mem_pestat] skip orientation RF as there are not enough pairs
[M::mem_pestat] skip orientation RR as there are not enough pairs
[M::mem_process_seqs] Processed 645450 reads in 854.991 CPU sec, 109.620 real sec
[M::process] 0 single-end sequences; 645514 paired-end sequences
[M::process] read 645856 sequences (80000052 bp)...
[M::mem_pestat] # candidate unique pairs for (FF, FR, RF, RR): (0, 240436, 1, 0)
[M::mem_pestat] skip orientation FF as there are not enough pairs
[M::mem_pestat] analyzing insert size distribution for orientation FR...
[M::mem_pestat] (25, 50, 75) percentile: (162, 184, 209)
[M::mem_pestat] low and high boundaries for computing mean and std.dev: (68, 303)
[M::mem_pestat] mean and std.dev: (186.26, 32.50)
[M::mem_pestat] low and high boundaries for proper pairs: (21, 350)
[M::mem_pestat] skip orientation RF as there are not enough pairs
[M::mem_pestat] skip orientation RR as there are not enough pairs
[M::mem_process_seqs] Processed 645514 reads in 876.794 CPU sec, 112.336 real sec
[M::process] 0 single-end sequences; 645856 paired-end sequences
[M::process] read 645606 sequences (80000175 bp)...
[M::mem_pestat] # candidate unique pairs for (FF, FR, RF, RR): (0, 239040, 3, 0)
[M::mem_pestat] skip orientation FF as there are not enough pairs
[M::mem_pestat] analyzing insert size distribution for orientation FR...
[M::mem_pestat] (25, 50, 75) percentile: (162, 184, 209)
[M::mem_pestat] low and high boundaries for computing mean and std.dev: (68, 303)
[M::mem_pestat] mean and std.dev: (186.28, 32.60)
[M::mem_pestat] low and high boundaries for proper pairs: (21, 350)
[M::mem_pestat] skip orientation RF as there are not enough pairs
[M::mem_pestat] skip orientation RR as there are not enough pairs
[M::mem_process_seqs] Processed 645856 reads in 896.844 CPU sec, 114.840 real sec
[M::process] 0 single-end sequences; 645606 paired-end sequences
[M::process] read 645422 sequences (80000150 bp)...
[M::mem_pestat] # candidate unique pairs for (FF, FR, RF, RR): (0, 241888, 7, 0)
[M::mem_pestat] skip orientation FF as there are not enough pairs
[M::mem_pestat] analyzing insert size distribution for orientation FR...
[M::mem_pestat] (25, 50, 75) percentile: (162, 184, 209)
[M::mem_pestat] low and high boundaries for computing mean and std.dev: (68, 303)
[M::mem_pestat] mean and std.dev: (186.33, 32.52)
[M::mem_pestat] low and high boundaries for proper pairs: (21, 350)
[M::mem_pestat] skip orientation RF as there are not enough pairs
[M::mem_pestat] skip orientation RR as there are not enough pairs
[M::mem_process_seqs] Processed 645606 reads in 836.140 CPU sec, 107.272 real sec
[M::process] 0 single-end sequences; 645422 paired-end sequences
[M::process] read 645408 sequences (80000145 bp)...
[M::mem_pestat] # candidate unique pairs for (FF, FR, RF, RR): (0, 243744, 2, 0)
[M::mem_pestat] skip orientation FF as there are not enough pairs
[M::mem_pestat] analyzing insert size distribution for orientation FR...
[M::mem_pestat] (25, 50, 75) percentile: (162, 184, 209)
[M::mem_pestat] low and high boundaries for computing mean and std.dev: (68, 303)
[M::mem_pestat] mean and std.dev: (186.44, 32.55)
[M::mem_pestat] low and high boundaries for proper pairs: (21, 350)
[M::mem_pestat] skip orientation RF as there are not enough pairs
[M::mem_pestat] skip orientation RR as there are not enough pairs
[M::mem_process_seqs] Processed 645422 reads in 811.180 CPU sec, 104.154 real sec
[M::process] 0 single-end sequences; 645408 paired-end sequences
[M::process] read 645472 sequences (80000232 bp)...
[M::mem_pestat] # candidate unique pairs for (FF, FR, RF, RR): (0, 242880, 3, 0)
[M::mem_pestat] skip orientation FF as there are not enough pairs
[M::mem_pestat] analyzing insert size distribution for orientation FR...
[M::mem_pestat] (25, 50, 75) percentile: (162, 184, 209)
[M::mem_pestat] low and high boundaries for computing mean and std.dev: (68, 303)
[M::mem_pestat] mean and std.dev: (186.35, 32.50)
[M::mem_pestat] low and high boundaries for proper pairs: (21, 350)
[M::mem_pestat] skip orientation RF as there are not enough pairs
[M::mem_pestat] skip orientation RR as there are not enough pairs
[M::mem_process_seqs] Processed 645408 reads in 816.749 CPU sec, 104.831 real sec
[M::process] 0 single-end sequences; 645472 paired-end sequences
[M::process] read 645660 sequences (80000024 bp)...
[M::mem_pestat] # candidate unique pairs for (FF, FR, RF, RR): (0, 241423, 4, 0)
[M::mem_pestat] skip orientation FF as there are not enough pairs
[M::mem_pestat] analyzing insert size distribution for orientation FR...
[M::mem_pestat] (25, 50, 75) percentile: (162, 184, 209)
[M::mem_pestat] low and high boundaries for computing mean and std.dev: (68, 303)
[M::mem_pestat] mean and std.dev: (186.38, 32.54)
[M::mem_pestat] low and high boundaries for proper pairs: (21, 350)
[M::mem_pestat] skip orientation RF as there are not enough pairs
[M::mem_pestat] skip orientation RR as there are not enough pairs
[M::mem_process_seqs] Processed 645472 reads in 848.191 CPU sec, 108.832 real sec
[M::process] 0 single-end sequences; 645660 paired-end sequences
[M::process] read 645964 sequences (80000103 bp)...
[M::mem_pestat] # candidate unique pairs for (FF, FR, RF, RR): (0, 240173, 4, 0)
[M::mem_pestat] skip orientation FF as there are not enough pairs
[M::mem_pestat] analyzing insert size distribution for orientation FR...
[M::mem_pestat] (25, 50, 75) percentile: (162, 184, 208)
[M::mem_pestat] low and high boundaries for computing mean and std.dev: (70, 300)
[M::mem_pestat] mean and std.dev: (186.17, 32.49)
[M::mem_pestat] low and high boundaries for proper pairs: (24, 346)
[M::mem_pestat] skip orientation RF as there are not enough pairs
[M::mem_pestat] skip orientation RR as there are not enough pairs
[M::mem_process_seqs] Processed 645660 reads in 869.572 CPU sec, 111.604 real sec
[M::process] 0 single-end sequences; 645964 paired-end sequences
[M::process] read 645364 sequences (80000082 bp)...
[M::mem_pestat] # candidate unique pairs for (FF, FR, RF, RR): (0, 239611, 1, 0)
[M::mem_pestat] skip orientation FF as there are not enough pairs
[M::mem_pestat] analyzing insert size distribution for orientation FR...
[M::mem_pestat] (25, 50, 75) percentile: (162, 184, 208)
[M::mem_pestat] low and high boundaries for computing mean and std.dev: (70, 300)
[M::mem_pestat] mean and std.dev: (186.06, 32.53)
[M::mem_pestat] low and high boundaries for proper pairs: (24, 346)
[M::mem_pestat] skip orientation RF as there are not enough pairs
[M::mem_pestat] skip orientation RR as there are not enough pairs
[M::mem_process_seqs] Processed 645964 reads in 879.727 CPU sec, 112.695 real sec
[M::process] 0 single-end sequences; 645364 paired-end sequences
[M::process] read 645378 sequences (80000244 bp)...
[M::mem_pestat] # candidate unique pairs for (FF, FR, RF, RR): (0, 242698, 4, 0)
[M::mem_pestat] skip orientation FF as there are not enough pairs
[M::mem_pestat] analyzing insert size distribution for orientation FR...
[M::mem_pestat] (25, 50, 75) percentile: (162, 184, 209)
[M::mem_pestat] low and high boundaries for computing mean and std.dev: (68, 303)
[M::mem_pestat] mean and std.dev: (186.49, 32.52)
[M::mem_pestat] low and high boundaries for proper pairs: (21, 350)
[M::mem_pestat] skip orientation RF as there are not enough pairs
[M::mem_pestat] skip orientation RR as there are not enough pairs
[M::mem_process_seqs] Processed 645364 reads in 816.960 CPU sec, 104.864 real sec
[M::process] 0 single-end sequences; 645378 paired-end sequences
[M::process] read 645446 sequences (80000195 bp)...
[M::mem_pestat] # candidate unique pairs for (FF, FR, RF, RR): (0, 242572, 2, 0)
[M::mem_pestat] skip orientation FF as there are not enough pairs
[M::mem_pestat] analyzing insert size distribution for orientation FR...
[M::mem_pestat] (25, 50, 75) percentile: (162, 184, 209)
[M::mem_pestat] low and high boundaries for computing mean and std.dev: (68, 303)
[M::mem_pestat] mean and std.dev: (186.39, 32.48)
[M::mem_pestat] low and high boundaries for proper pairs: (21, 350)
[M::mem_pestat] skip orientation RF as there are not enough pairs
[M::mem_pestat] skip orientation RR as there are not enough pairs
[M::mem_process_seqs] Processed 645378 reads in 827.453 CPU sec, 106.149 real sec
[M::process] 0 single-end sequences; 645446 paired-end sequences
[M::process] read 645514 sequences (80000107 bp)...
[M::mem_pestat] # candidate unique pairs for (FF, FR, RF, RR): (0, 242000, 5, 0)
[M::mem_pestat] skip orientation FF as there are not enough pairs
[M::mem_pestat] analyzing insert size distribution for orientation FR...
[M::mem_pestat] (25, 50, 75) percentile: (162, 184, 209)
[M::mem_pestat] low and high boundaries for computing mean and std.dev: (68, 303)
[M::mem_pestat] mean and std.dev: (186.36, 32.51)
[M::mem_pestat] low and high boundaries for proper pairs: (21, 350)
[M::mem_pestat] skip orientation RF as there are not enough pairs
[M::mem_pestat] skip orientation RR as there are not enough pairs
[M::mem_process_seqs] Processed 645446 reads in 842.171 CPU sec, 108.097 real sec
[M::process] 0 single-end sequences; 645514 paired-end sequences
[M::process] read 645794 sequences (80000009 bp)...
[M::mem_pestat] # candidate unique pairs for (FF, FR, RF, RR): (0, 240992, 3, 0)
[M::mem_pestat] skip orientation FF as there are not enough pairs
[M::mem_pestat] analyzing insert size distribution for orientation FR...
[M::mem_pestat] (25, 50, 75) percentile: (162, 184, 209)
[M::mem_pestat] low and high boundaries for computing mean and std.dev: (68, 303)
[M::mem_pestat] mean and std.dev: (186.39, 32.51)
[M::mem_pestat] low and high boundaries for proper pairs: (21, 350)
[M::mem_pestat] skip orientation RF as there are not enough pairs
[M::mem_pestat] skip orientation RR as there are not enough pairs
[M::mem_process_seqs] Processed 645514 reads in 868.149 CPU sec, 111.248 real sec
[M::process] 0 single-end sequences; 645794 paired-end sequences
[M::process] read 645722 sequences (80000148 bp)...
[M::mem_pestat] # candidate unique pairs for (FF, FR, RF, RR): (0, 239974, 5, 0)
[M::mem_pestat] skip orientation FF as there are not enough pairs
[M::mem_pestat] analyzing insert size distribution for orientation FR...
[M::mem_pestat] (25, 50, 75) percentile: (162, 184, 209)
[M::mem_pestat] low and high boundaries for computing mean and std.dev: (68, 303)
[M::mem_pestat] mean and std.dev: (186.32, 32.63)
[M::mem_pestat] low and high boundaries for proper pairs: (21, 350)
[M::mem_pestat] skip orientation RF as there are not enough pairs
[M::mem_pestat] skip orientation RR as there are not enough pairs
[M::mem_process_seqs] Processed 645794 reads in 888.855 CPU sec, 113.853 real sec
[M::process] 0 single-end sequences; 645722 paired-end sequences
[M::process] read 645694 sequences (80000226 bp)...
[M::mem_pestat] # candidate unique pairs for (FF, FR, RF, RR): (0, 239971, 2, 0)
[M::mem_pestat] skip orientation FF as there are not enough pairs
[M::mem_pestat] analyzing insert size distribution for orientation FR...
[M::mem_pestat] (25, 50, 75) percentile: (162, 184, 209)
[M::mem_pestat] low and high boundaries for computing mean and std.dev: (68, 303)
[M::mem_pestat] mean and std.dev: (186.22, 32.55)
[M::mem_pestat] low and high boundaries for proper pairs: (21, 350)
[M::mem_pestat] skip orientation RF as there are not enough pairs
[M::mem_pestat] skip orientation RR as there are not enough pairs
[M::mem_process_seqs] Processed 645722 reads in 874.911 CPU sec, 112.198 real sec
[M::process] 0 single-end sequences; 645694 paired-end sequences
[M::process] read 645444 sequences (80000137 bp)...
[M::mem_pestat] # candidate unique pairs for (FF, FR, RF, RR): (0, 242783, 4, 0)
[M::mem_pestat] skip orientation FF as there are not enough pairs
[M::mem_pestat] analyzing insert size distribution for orientation FR...
[M::mem_pestat] (25, 50, 75) percentile: (162, 184, 209)
[M::mem_pestat] low and high boundaries for computing mean and std.dev: (68, 303)
[M::mem_pestat] mean and std.dev: (186.58, 32.52)
[M::mem_pestat] low and high boundaries for proper pairs: (21, 350)
[M::mem_pestat] skip orientation RF as there are not enough pairs
[M::mem_pestat] skip orientation RR as there are not enough pairs
[M::mem_process_seqs] Processed 645694 reads in 832.203 CPU sec, 106.753 real sec
[M::process] 0 single-end sequences; 645444 paired-end sequences
[M::process] read 645458 sequences (80000202 bp)...
[M::mem_pestat] # candidate unique pairs for (FF, FR, RF, RR): (0, 241628, 1, 0)
[M::mem_pestat] skip orientation FF as there are not enough pairs
[M::mem_pestat] analyzing insert size distribution for orientation FR...
[M::mem_pestat] (25, 50, 75) percentile: (162, 184, 209)
[M::mem_pestat] low and high boundaries for computing mean and std.dev: (68, 303)
[M::mem_pestat] mean and std.dev: (186.34, 32.52)
[M::mem_pestat] low and high boundaries for proper pairs: (21, 350)
[M::mem_pestat] skip orientation RF as there are not enough pairs
[M::mem_pestat] skip orientation RR as there are not enough pairs
[M::mem_process_seqs] Processed 645444 reads in 847.737 CPU sec, 108.673 real sec
[M::process] 0 single-end sequences; 645458 paired-end sequences
[M::process] read 645686 sequences (80000119 bp)...
[M::mem_pestat] # candidate unique pairs for (FF, FR, RF, RR): (0, 239765, 4, 0)
[M::mem_pestat] skip orientation FF as there are not enough pairs
[M::mem_pestat] analyzing insert size distribution for orientation FR...
[M::mem_pestat] (25, 50, 75) percentile: (162, 184, 209)
[M::mem_pestat] low and high boundaries for computing mean and std.dev: (68, 303)
[M::mem_pestat] mean and std.dev: (186.25, 32.52)
[M::mem_pestat] low and high boundaries for proper pairs: (21, 350)
[M::mem_pestat] skip orientation RF as there are not enough pairs
[M::mem_pestat] skip orientation RR as there are not enough pairs
[M::mem_process_seqs] Processed 645458 reads in 875.540 CPU sec, 112.167 real sec
[M::process] 0 single-end sequences; 645686 paired-end sequences
[M::process] read 646090 sequences (80000107 bp)...
[M::mem_pestat] # candidate unique pairs for (FF, FR, RF, RR): (0, 238688, 3, 0)
[M::mem_pestat] skip orientation FF as there are not enough pairs
[M::mem_pestat] analyzing insert size distribution for orientation FR...
[M::mem_pestat] (25, 50, 75) percentile: (162, 184, 208)
[M::mem_pestat] low and high boundaries for computing mean and std.dev: (70, 300)
[M::mem_pestat] mean and std.dev: (186.15, 32.44)
[M::mem_pestat] low and high boundaries for proper pairs: (24, 346)
[M::mem_pestat] skip orientation RF as there are not enough pairs
[M::mem_pestat] skip orientation RR as there are not enough pairs
[M::mem_process_seqs] Processed 645686 reads in 901.895 CPU sec, 115.469 real sec
[M::process] 0 single-end sequences; 646090 paired-end sequences
[M::process] read 645512 sequences (80000139 bp)...
[M::mem_pestat] # candidate unique pairs for (FF, FR, RF, RR): (0, 237307, 5, 0)
[M::mem_pestat] skip orientation FF as there are not enough pairs
[M::mem_pestat] analyzing insert size distribution for orientation FR...
[M::mem_pestat] (25, 50, 75) percentile: (162, 184, 208)
[M::mem_pestat] low and high boundaries for computing mean and std.dev: (70, 300)
[M::mem_pestat] mean and std.dev: (186.07, 32.52)
[M::mem_pestat] low and high boundaries for proper pairs: (24, 346)
[M::mem_pestat] skip orientation RF as there are not enough pairs
[M::mem_pestat] skip orientation RR as there are not enough pairs
[M::mem_process_seqs] Processed 646090 reads in 917.722 CPU sec, 117.512 real sec
[M::process] 0 single-end sequences; 645512 paired-end sequences
[M::process] read 645424 sequences (80000219 bp)...
[M::mem_pestat] # candidate unique pairs for (FF, FR, RF, RR): (0, 241533, 6, 0)
[M::mem_pestat] skip orientation FF as there are not enough pairs
[M::mem_pestat] analyzing insert size distribution for orientation FR...
[M::mem_pestat] (25, 50, 75) percentile: (162, 184, 209)
[M::mem_pestat] low and high boundaries for computing mean and std.dev: (68, 303)
[M::mem_pestat] mean and std.dev: (186.33, 32.48)
[M::mem_pestat] low and high boundaries for proper pairs: (21, 350)
[M::mem_pestat] skip orientation RF as there are not enough pairs
[M::mem_pestat] skip orientation RR as there are not enough pairs
[M::mem_process_seqs] Processed 645512 reads in 847.662 CPU sec, 108.715 real sec
[M::process] 0 single-end sequences; 645424 paired-end sequences
[M::process] read 645398 sequences (80000192 bp)...
[M::mem_pestat] # candidate unique pairs for (FF, FR, RF, RR): (0, 242322, 2, 0)
[M::mem_pestat] skip orientation FF as there are not enough pairs
[M::mem_pestat] analyzing insert size distribution for orientation FR...
[M::mem_pestat] (25, 50, 75) percentile: (162, 184, 209)
[M::mem_pestat] low and high boundaries for computing mean and std.dev: (68, 303)
[M::mem_pestat] mean and std.dev: (186.48, 32.54)
[M::mem_pestat] low and high boundaries for proper pairs: (21, 350)
[M::mem_pestat] skip orientation RF as there are not enough pairs
[M::mem_pestat] skip orientation RR as there are not enough pairs
[M::mem_process_seqs] Processed 645424 reads in 843.719 CPU sec, 108.229 real sec
[M::process] 0 single-end sequences; 645398 paired-end sequences
[M::process] read 645506 sequences (80000141 bp)...
[M::mem_pestat] # candidate unique pairs for (FF, FR, RF, RR): (0, 241383, 7, 0)
[M::mem_pestat] skip orientation FF as there are not enough pairs
[M::mem_pestat] analyzing insert size distribution for orientation FR...
[M::mem_pestat] (25, 50, 75) percentile: (162, 184, 209)
[M::mem_pestat] low and high boundaries for computing mean and std.dev: (68, 303)
[M::mem_pestat] mean and std.dev: (186.20, 32.49)
[M::mem_pestat] low and high boundaries for proper pairs: (21, 350)
[M::mem_pestat] skip orientation RF as there are not enough pairs
[M::mem_pestat] skip orientation RR as there are not enough pairs
[M::mem_process_seqs] Processed 645398 reads in 848.051 CPU sec, 108.704 real sec
[M::process] 0 single-end sequences; 645506 paired-end sequences
[M::process] read 645898 sequences (80000240 bp)...
[M::mem_pestat] # candidate unique pairs for (FF, FR, RF, RR): (0, 239904, 1, 0)
[M::mem_pestat] skip orientation FF as there are not enough pairs
[M::mem_pestat] analyzing insert size distribution for orientation FR...
[M::mem_pestat] (25, 50, 75) percentile: (162, 184, 208)
[M::mem_pestat] low and high boundaries for computing mean and std.dev: (70, 300)
[M::mem_pestat] mean and std.dev: (186.13, 32.48)
[M::mem_pestat] low and high boundaries for proper pairs: (24, 346)
[M::mem_pestat] skip orientation RF as there are not enough pairs
[M::mem_pestat] skip orientation RR as there are not enough pairs
[M::mem_process_seqs] Processed 645506 reads in 884.198 CPU sec, 113.263 real sec
[M::process] 0 single-end sequences; 645898 paired-end sequences
[M::process] read 646196 sequences (80000077 bp)...
[M::mem_pestat] # candidate unique pairs for (FF, FR, RF, RR): (0, 239072, 5, 0)
[M::mem_pestat] skip orientation FF as there are not enough pairs
[M::mem_pestat] analyzing insert size distribution for orientation FR...
[M::mem_pestat] (25, 50, 75) percentile: (162, 184, 208)
[M::mem_pestat] low and high boundaries for computing mean and std.dev: (70, 300)
[M::mem_pestat] mean and std.dev: (186.06, 32.47)
[M::mem_pestat] low and high boundaries for proper pairs: (24, 346)
[M::mem_pestat] skip orientation RF as there are not enough pairs
[M::mem_pestat] skip orientation RR as there are not enough pairs
[M::mem_process_seqs] Processed 645898 reads in 898.704 CPU sec, 115.068 real sec
[M::process] 0 single-end sequences; 646196 paired-end sequences
[M::process] read 645662 sequences (80000188 bp)...
[M::mem_pestat] # candidate unique pairs for (FF, FR, RF, RR): (0, 239765, 6, 0)
[M::mem_pestat] skip orientation FF as there are not enough pairs
[M::mem_pestat] analyzing insert size distribution for orientation FR...
[M::mem_pestat] (25, 50, 75) percentile: (162, 184, 209)
[M::mem_pestat] low and high boundaries for computing mean and std.dev: (68, 303)
[M::mem_pestat] mean and std.dev: (186.28, 32.56)
[M::mem_pestat] low and high boundaries for proper pairs: (21, 350)
[M::mem_pestat] skip orientation RF as there are not enough pairs
[M::mem_pestat] skip orientation RR as there are not enough pairs
[M::mem_process_seqs] Processed 646196 reads in 980.383 CPU sec, 125.531 real sec
[M::process] 0 single-end sequences; 645662 paired-end sequences
[M::process] read 645500 sequences (80000034 bp)...
[M::mem_pestat] # candidate unique pairs for (FF, FR, RF, RR): (0, 241758, 3, 0)
[M::mem_pestat] skip orientation FF as there are not enough pairs
[M::mem_pestat] analyzing insert size distribution for orientation FR...
[M::mem_pestat] (25, 50, 75) percentile: (162, 184, 209)
[M::mem_pestat] low and high boundaries for computing mean and std.dev: (68, 303)
[M::mem_pestat] mean and std.dev: (186.46, 32.51)
[M::mem_pestat] low and high boundaries for proper pairs: (21, 350)
[M::mem_pestat] skip orientation RF as there are not enough pairs
[M::mem_pestat] skip orientation RR as there are not enough pairs
[M::mem_process_seqs] Processed 645662 reads in 956.497 CPU sec, 122.317 real sec
[M::process] 0 single-end sequences; 645500 paired-end sequences
[M::process] read 645534 sequences (80000086 bp)...
[M::mem_pestat] # candidate unique pairs for (FF, FR, RF, RR): (0, 241253, 6, 0)
[M::mem_pestat] skip orientation FF as there are not enough pairs
[M::mem_pestat] analyzing insert size distribution for orientation FR...
[M::mem_pestat] (25, 50, 75) percentile: (162, 184, 209)
[M::mem_pestat] low and high boundaries for computing mean and std.dev: (68, 303)
[M::mem_pestat] mean and std.dev: (186.49, 32.42)
[M::mem_pestat] low and high boundaries for proper pairs: (21, 350)
[M::mem_pestat] skip orientation RF as there are not enough pairs
[M::mem_pestat] skip orientation RR as there are not enough pairs
[M::mem_process_seqs] Processed 645500 reads in 872.058 CPU sec, 111.740 real sec
[M::process] 0 single-end sequences; 645534 paired-end sequences
[M::process] read 645816 sequences (80000209 bp)...
[M::mem_pestat] # candidate unique pairs for (FF, FR, RF, RR): (0, 240731, 7, 0)
[M::mem_pestat] skip orientation FF as there are not enough pairs
[M::mem_pestat] analyzing insert size distribution for orientation FR...
[M::mem_pestat] (25, 50, 75) percentile: (162, 184, 209)
[M::mem_pestat] low and high boundaries for computing mean and std.dev: (68, 303)
[M::mem_pestat] mean and std.dev: (186.48, 32.46)
[M::mem_pestat] low and high boundaries for proper pairs: (21, 350)
[M::mem_pestat] skip orientation RF as there are not enough pairs
[M::mem_pestat] skip orientation RR as there are not enough pairs
[M::mem_process_seqs] Processed 645534 reads in 896.895 CPU sec, 115.539 real sec
[M::process] 0 single-end sequences; 645816 paired-end sequences
[M::process] read 646714 sequences (80000163 bp)...
[M::mem_pestat] # candidate unique pairs for (FF, FR, RF, RR): (0, 238536, 3, 0)
[M::mem_pestat] skip orientation FF as there are not enough pairs
[M::mem_pestat] analyzing insert size distribution for orientation FR...
[M::mem_pestat] (25, 50, 75) percentile: (162, 184, 209)
[M::mem_pestat] low and high boundaries for computing mean and std.dev: (68, 303)
[M::mem_pestat] mean and std.dev: (186.26, 32.54)
[M::mem_pestat] low and high boundaries for proper pairs: (21, 350)
[M::mem_pestat] skip orientation RF as there are not enough pairs
[M::mem_pestat] skip orientation RR as there are not enough pairs
[M::mem_process_seqs] Processed 645816 reads in 912.167 CPU sec, 116.815 real sec
[M::process] 0 single-end sequences; 646714 paired-end sequences
[M::process] read 645928 sequences (80000091 bp)...
[M::mem_pestat] # candidate unique pairs for (FF, FR, RF, RR): (0, 238824, 5, 0)
[M::mem_pestat] skip orientation FF as there are not enough pairs
[M::mem_pestat] analyzing insert size distribution for orientation FR...
[M::mem_pestat] (25, 50, 75) percentile: (162, 184, 208)
[M::mem_pestat] low and high boundaries for computing mean and std.dev: (70, 300)
[M::mem_pestat] mean and std.dev: (186.22, 32.47)
[M::mem_pestat] low and high boundaries for proper pairs: (24, 346)
[M::mem_pestat] skip orientation RF as there are not enough pairs
[M::mem_pestat] skip orientation RR as there are not enough pairs
[M::mem_process_seqs] Processed 646714 reads in 900.574 CPU sec, 115.365 real sec
[M::process] 0 single-end sequences; 645928 paired-end sequences
[M::process] read 645978 sequences (80000212 bp)...
[M::mem_pestat] # candidate unique pairs for (FF, FR, RF, RR): (0, 243644, 3, 0)
[M::mem_pestat] skip orientation FF as there are not enough pairs
[M::mem_pestat] analyzing insert size distribution for orientation FR...
[M::mem_pestat] (25, 50, 75) percentile: (162, 184, 209)
[M::mem_pestat] low and high boundaries for computing mean and std.dev: (68, 303)
[M::mem_pestat] mean and std.dev: (186.59, 32.54)
[M::mem_pestat] low and high boundaries for proper pairs: (21, 350)
[M::mem_pestat] skip orientation RF as there are not enough pairs
[M::mem_pestat] skip orientation RR as there are not enough pairs
[M::mem_process_seqs] Processed 645928 reads in 814.344 CPU sec, 104.488 real sec
[M::process] 0 single-end sequences; 645978 paired-end sequences
[M::process] read 645758 sequences (80000093 bp)...
[M::mem_pestat] # candidate unique pairs for (FF, FR, RF, RR): (0, 242659, 7, 0)
[M::mem_pestat] skip orientation FF as there are not enough pairs
[M::mem_pestat] analyzing insert size distribution for orientation FR...
[M::mem_pestat] (25, 50, 75) percentile: (162, 184, 209)
[M::mem_pestat] low and high boundaries for computing mean and std.dev: (68, 303)
[M::mem_pestat] mean and std.dev: (186.40, 32.56)
[M::mem_pestat] low and high boundaries for proper pairs: (21, 350)
[M::mem_pestat] skip orientation RF as there are not enough pairs
[M::mem_pestat] skip orientation RR as there are not enough pairs
[M::mem_process_seqs] Processed 645978 reads in 826.578 CPU sec, 106.077 real sec
[M::process] 0 single-end sequences; 645758 paired-end sequences
[M::process] read 645674 sequences (80000057 bp)...
[M::mem_pestat] # candidate unique pairs for (FF, FR, RF, RR): (0, 242208, 0, 0)
[M::mem_pestat] skip orientation FF as there are not enough pairs
[M::mem_pestat] analyzing insert size distribution for orientation FR...
[M::mem_pestat] (25, 50, 75) percentile: (162, 184, 209)
[M::mem_pestat] low and high boundaries for computing mean and std.dev: (68, 303)
[M::mem_pestat] mean and std.dev: (186.34, 32.52)
[M::mem_pestat] low and high boundaries for proper pairs: (21, 350)
[M::mem_pestat] skip orientation RF as there are not enough pairs
[M::mem_pestat] skip orientation RR as there are not enough pairs
[M::mem_process_seqs] Processed 645758 reads in 846.728 CPU sec, 108.593 real sec
[M::process] 0 single-end sequences; 645674 paired-end sequences
[M::process] read 645912 sequences (80000103 bp)...
[M::mem_pestat] # candidate unique pairs for (FF, FR, RF, RR): (0, 240438, 1, 0)
[M::mem_pestat] skip orientation FF as there are not enough pairs
[M::mem_pestat] analyzing insert size distribution for orientation FR...
[M::mem_pestat] (25, 50, 75) percentile: (162, 184, 208)
[M::mem_pestat] low and high boundaries for computing mean and std.dev: (70, 300)
[M::mem_pestat] mean and std.dev: (186.18, 32.45)
[M::mem_pestat] low and high boundaries for proper pairs: (24, 346)
[M::mem_pestat] skip orientation RF as there are not enough pairs
[M::mem_pestat] skip orientation RR as there are not enough pairs
[M::mem_process_seqs] Processed 645674 reads in 872.150 CPU sec, 111.760 real sec
[M::process] 0 single-end sequences; 645912 paired-end sequences
[M::process] read 646196 sequences (80000184 bp)...
[M::mem_pestat] # candidate unique pairs for (FF, FR, RF, RR): (0, 239401, 4, 0)
[M::mem_pestat] skip orientation FF as there are not enough pairs
[M::mem_pestat] analyzing insert size distribution for orientation FR...
[M::mem_pestat] (25, 50, 75) percentile: (162, 184, 209)
[M::mem_pestat] low and high boundaries for computing mean and std.dev: (68, 303)
[M::mem_pestat] mean and std.dev: (186.08, 32.49)
[M::mem_pestat] low and high boundaries for proper pairs: (21, 350)
[M::mem_pestat] skip orientation RF as there are not enough pairs
[M::mem_pestat] skip orientation RR as there are not enough pairs
[M::mem_process_seqs] Processed 645912 reads in 890.317 CPU sec, 114.016 real sec
[M::process] 0 single-end sequences; 646196 paired-end sequences
[M::process] read 646492 sequences (80000143 bp)...
[M::mem_pestat] # candidate unique pairs for (FF, FR, RF, RR): (0, 240261, 1, 0)
[M::mem_pestat] skip orientation FF as there are not enough pairs
[M::mem_pestat] analyzing insert size distribution for orientation FR...
[M::mem_pestat] (25, 50, 75) percentile: (162, 184, 208)
[M::mem_pestat] low and high boundaries for computing mean and std.dev: (70, 300)
[M::mem_pestat] mean and std.dev: (186.24, 32.46)
[M::mem_pestat] low and high boundaries for proper pairs: (24, 346)
[M::mem_pestat] skip orientation RF as there are not enough pairs
[M::mem_pestat] skip orientation RR as there are not enough pairs
[M::mem_process_seqs] Processed 646196 reads in 868.968 CPU sec, 111.352 real sec
[M::process] 0 single-end sequences; 646492 paired-end sequences
[M::process] read 646596 sequences (80000062 bp)...
[M::mem_pestat] # candidate unique pairs for (FF, FR, RF, RR): (0, 243694, 0, 0)
[M::mem_pestat] skip orientation FF as there are not enough pairs
[M::mem_pestat] analyzing insert size distribution for orientation FR...
[M::mem_pestat] (25, 50, 75) percentile: (162, 184, 209)
[M::mem_pestat] low and high boundaries for computing mean and std.dev: (68, 303)
[M::mem_pestat] mean and std.dev: (186.47, 32.55)
[M::mem_pestat] low and high boundaries for proper pairs: (21, 350)
[M::mem_pestat] skip orientation RF as there are not enough pairs
[M::mem_pestat] skip orientation RR as there are not enough pairs
[M::mem_process_seqs] Processed 646492 reads in 805.064 CPU sec, 103.330 real sec
[M::process] 0 single-end sequences; 646596 paired-end sequences
[M::process] read 646170 sequences (80000027 bp)...
[M::mem_pestat] # candidate unique pairs for (FF, FR, RF, RR): (0, 244045, 3, 0)
[M::mem_pestat] skip orientation FF as there are not enough pairs
[M::mem_pestat] analyzing insert size distribution for orientation FR...
[M::mem_pestat] (25, 50, 75) percentile: (162, 184, 209)
[M::mem_pestat] low and high boundaries for computing mean and std.dev: (68, 303)
[M::mem_pestat] mean and std.dev: (186.35, 32.58)
[M::mem_pestat] low and high boundaries for proper pairs: (21, 350)
[M::mem_pestat] skip orientation RF as there are not enough pairs
[M::mem_pestat] skip orientation RR as there are not enough pairs
[M::mem_process_seqs] Processed 646596 reads in 808.268 CPU sec, 103.768 real sec
[M::process] 0 single-end sequences; 646170 paired-end sequences
[M::process] read 645742 sequences (80000002 bp)...
[M::mem_pestat] # candidate unique pairs for (FF, FR, RF, RR): (0, 242450, 3, 0)
[M::mem_pestat] skip orientation FF as there are not enough pairs
[M::mem_pestat] analyzing insert size distribution for orientation FR...
[M::mem_pestat] (25, 50, 75) percentile: (162, 184, 209)
[M::mem_pestat] low and high boundaries for computing mean and std.dev: (68, 303)
[M::mem_pestat] mean and std.dev: (186.27, 32.54)
[M::mem_pestat] low and high boundaries for proper pairs: (21, 350)
[M::mem_pestat] skip orientation RF as there are not enough pairs
[M::mem_pestat] skip orientation RR as there are not enough pairs
[M::mem_process_seqs] Processed 646170 reads in 838.877 CPU sec, 107.648 real sec
[M::process] 0 single-end sequences; 645742 paired-end sequences
[M::process] read 646192 sequences (80000221 bp)...
[M::mem_pestat] # candidate unique pairs for (FF, FR, RF, RR): (0, 241223, 3, 0)
[M::mem_pestat] skip orientation FF as there are not enough pairs
[M::mem_pestat] analyzing insert size distribution for orientation FR...
[M::mem_pestat] (25, 50, 75) percentile: (162, 184, 208)
[M::mem_pestat] low and high boundaries for computing mean and std.dev: (70, 300)
[M::mem_pestat] mean and std.dev: (186.14, 32.47)
[M::mem_pestat] low and high boundaries for proper pairs: (24, 346)
[M::mem_pestat] skip orientation RF as there are not enough pairs
[M::mem_pestat] skip orientation RR as there are not enough pairs
[M::mem_process_seqs] Processed 645742 reads in 863.852 CPU sec, 110.758 real sec
[M::process] 0 single-end sequences; 646192 paired-end sequences
[M::process] read 645502 sequences (80000058 bp)...
[M::mem_pestat] # candidate unique pairs for (FF, FR, RF, RR): (0, 239640, 2, 0)
[M::mem_pestat] skip orientation FF as there are not enough pairs
[M::mem_pestat] analyzing insert size distribution for orientation FR...
[M::mem_pestat] (25, 50, 75) percentile: (162, 184, 208)
[M::mem_pestat] low and high boundaries for computing mean and std.dev: (70, 300)
[M::mem_pestat] mean and std.dev: (186.11, 32.49)
[M::mem_pestat] low and high boundaries for proper pairs: (24, 346)
[M::mem_pestat] skip orientation RF as there are not enough pairs
[M::mem_pestat] skip orientation RR as there are not enough pairs
[M::mem_process_seqs] Processed 646192 reads in 883.518 CPU sec, 113.225 real sec
[M::process] 0 single-end sequences; 645502 paired-end sequences
[M::process] read 645192 sequences (80000038 bp)...
[M::mem_pestat] # candidate unique pairs for (FF, FR, RF, RR): (0, 242244, 4, 0)
[M::mem_pestat] skip orientation FF as there are not enough pairs
[M::mem_pestat] analyzing insert size distribution for orientation FR...
[M::mem_pestat] (25, 50, 75) percentile: (162, 184, 209)
[M::mem_pestat] low and high boundaries for computing mean and std.dev: (68, 303)
[M::mem_pestat] mean and std.dev: (186.42, 32.44)
[M::mem_pestat] low and high boundaries for proper pairs: (21, 350)
[M::mem_pestat] skip orientation RF as there are not enough pairs
[M::mem_pestat] skip orientation RR as there are not enough pairs
[M::mem_process_seqs] Processed 645502 reads in 834.969 CPU sec, 107.060 real sec
[M::process] 0 single-end sequences; 645192 paired-end sequences
[M::process] read 645270 sequences (80000072 bp)...
[M::mem_pestat] # candidate unique pairs for (FF, FR, RF, RR): (0, 242802, 3, 0)
[M::mem_pestat] skip orientation FF as there are not enough pairs
[M::mem_pestat] analyzing insert size distribution for orientation FR...
[M::mem_pestat] (25, 50, 75) percentile: (162, 184, 209)
[M::mem_pestat] low and high boundaries for computing mean and std.dev: (68, 303)
[M::mem_pestat] mean and std.dev: (186.50, 32.49)
[M::mem_pestat] low and high boundaries for proper pairs: (21, 350)
[M::mem_pestat] skip orientation RF as there are not enough pairs
[M::mem_pestat] skip orientation RR as there are not enough pairs
[M::mem_process_seqs] Processed 645192 reads in 820.776 CPU sec, 105.398 real sec
[M::process] 0 single-end sequences; 645270 paired-end sequences
[M::process] read 645376 sequences (80000020 bp)...
[M::mem_pestat] # candidate unique pairs for (FF, FR, RF, RR): (0, 243259, 4, 0)
[M::mem_pestat] skip orientation FF as there are not enough pairs
[M::mem_pestat] analyzing insert size distribution for orientation FR...
[M::mem_pestat] (25, 50, 75) percentile: (162, 184, 209)
[M::mem_pestat] low and high boundaries for computing mean and std.dev: (68, 303)
[M::mem_pestat] mean and std.dev: (186.49, 32.52)
[M::mem_pestat] low and high boundaries for proper pairs: (21, 350)
[M::mem_pestat] skip orientation RF as there are not enough pairs
[M::mem_pestat] skip orientation RR as there are not enough pairs
[M::mem_process_seqs] Processed 645270 reads in 826.973 CPU sec, 106.104 real sec
[M::process] 0 single-end sequences; 645376 paired-end sequences
[M::process] read 645530 sequences (80000044 bp)...
[M::mem_pestat] # candidate unique pairs for (FF, FR, RF, RR): (0, 241363, 3, 0)
[M::mem_pestat] skip orientation FF as there are not enough pairs
[M::mem_pestat] analyzing insert size distribution for orientation FR...
[M::mem_pestat] (25, 50, 75) percentile: (162, 184, 209)
[M::mem_pestat] low and high boundaries for computing mean and std.dev: (68, 303)
[M::mem_pestat] mean and std.dev: (186.38, 32.53)
[M::mem_pestat] low and high boundaries for proper pairs: (21, 350)
[M::mem_pestat] skip orientation RF as there are not enough pairs
[M::mem_pestat] skip orientation RR as there are not enough pairs
[M::mem_process_seqs] Processed 645376 reads in 850.350 CPU sec, 109.000 real sec
[M::process] 0 single-end sequences; 645530 paired-end sequences
[M::process] read 645752 sequences (80000034 bp)...
[M::mem_pestat] # candidate unique pairs for (FF, FR, RF, RR): (0, 240520, 4, 0)
[M::mem_pestat] skip orientation FF as there are not enough pairs
[M::mem_pestat] analyzing insert size distribution for orientation FR...
[M::mem_pestat] (25, 50, 75) percentile: (162, 184, 208)
[M::mem_pestat] low and high boundaries for computing mean and std.dev: (70, 300)
[M::mem_pestat] mean and std.dev: (186.14, 32.49)
[M::mem_pestat] low and high boundaries for proper pairs: (24, 346)
[M::mem_pestat] skip orientation RF as there are not enough pairs
[M::mem_pestat] skip orientation RR as there are not enough pairs
[M::mem_process_seqs] Processed 645530 reads in 877.524 CPU sec, 112.458 real sec
[M::process] 0 single-end sequences; 645752 paired-end sequences
[M::process] read 646728 sequences (80000007 bp)...
[M::mem_pestat] # candidate unique pairs for (FF, FR, RF, RR): (0, 239378, 1, 0)
[M::mem_pestat] skip orientation FF as there are not enough pairs
[M::mem_pestat] analyzing insert size distribution for orientation FR...
[M::mem_pestat] (25, 50, 75) percentile: (162, 184, 209)
[M::mem_pestat] low and high boundaries for computing mean and std.dev: (68, 303)
[M::mem_pestat] mean and std.dev: (186.16, 32.50)
[M::mem_pestat] low and high boundaries for proper pairs: (21, 350)
[M::mem_pestat] skip orientation RF as there are not enough pairs
[M::mem_pestat] skip orientation RR as there are not enough pairs
[M::mem_process_seqs] Processed 645752 reads in 885.412 CPU sec, 113.437 real sec
[M::process] 0 single-end sequences; 646728 paired-end sequences
[M::process] read 646056 sequences (80000226 bp)...
[M::mem_pestat] # candidate unique pairs for (FF, FR, RF, RR): (0, 243359, 6, 0)
[M::mem_pestat] skip orientation FF as there are not enough pairs
[M::mem_pestat] analyzing insert size distribution for orientation FR...
[M::mem_pestat] (25, 50, 75) percentile: (162, 184, 209)
[M::mem_pestat] low and high boundaries for computing mean and std.dev: (68, 303)
[M::mem_pestat] mean and std.dev: (186.46, 32.52)
[M::mem_pestat] low and high boundaries for proper pairs: (21, 350)
[M::mem_pestat] skip orientation RF as there are not enough pairs
[M::mem_pestat] skip orientation RR as there are not enough pairs
[M::mem_process_seqs] Processed 646728 reads in 819.915 CPU sec, 105.236 real sec
[M::process] 0 single-end sequences; 646056 paired-end sequences
[M::process] read 646184 sequences (80000090 bp)...
[M::mem_pestat] # candidate unique pairs for (FF, FR, RF, RR): (0, 242234, 2, 0)
[M::mem_pestat] skip orientation FF as there are not enough pairs
[M::mem_pestat] analyzing insert size distribution for orientation FR...
[M::mem_pestat] (25, 50, 75) percentile: (162, 184, 209)
[M::mem_pestat] low and high boundaries for computing mean and std.dev: (68, 303)
[M::mem_pestat] mean and std.dev: (186.34, 32.54)
[M::mem_pestat] low and high boundaries for proper pairs: (21, 350)
[M::mem_pestat] skip orientation RF as there are not enough pairs
[M::mem_pestat] skip orientation RR as there are not enough pairs
[M::mem_process_seqs] Processed 646056 reads in 851.537 CPU sec, 109.170 real sec
[M::process] 0 single-end sequences; 646184 paired-end sequences
[M::process] read 645764 sequences (80000206 bp)...
[M::mem_pestat] # candidate unique pairs for (FF, FR, RF, RR): (0, 241284, 2, 0)
[M::mem_pestat] skip orientation FF as there are not enough pairs
[M::mem_pestat] analyzing insert size distribution for orientation FR...
[M::mem_pestat] (25, 50, 75) percentile: (162, 184, 209)
[M::mem_pestat] low and high boundaries for computing mean and std.dev: (68, 303)
[M::mem_pestat] mean and std.dev: (186.35, 32.46)
[M::mem_pestat] low and high boundaries for proper pairs: (21, 350)
[M::mem_pestat] skip orientation RF as there are not enough pairs
[M::mem_pestat] skip orientation RR as there are not enough pairs
[M::mem_process_seqs] Processed 646184 reads in 871.158 CPU sec, 111.664 real sec
[M::process] 0 single-end sequences; 645764 paired-end sequences
[M::process] read 646254 sequences (80000227 bp)...
[M::mem_pestat] # candidate unique pairs for (FF, FR, RF, RR): (0, 239401, 2, 0)
[M::mem_pestat] skip orientation FF as there are not enough pairs
[M::mem_pestat] analyzing insert size distribution for orientation FR...
[M::mem_pestat] (25, 50, 75) percentile: (162, 184, 208)
[M::mem_pestat] low and high boundaries for computing mean and std.dev: (70, 300)
[M::mem_pestat] mean and std.dev: (186.10, 32.44)
[M::mem_pestat] low and high boundaries for proper pairs: (24, 346)
[M::mem_pestat] skip orientation RF as there are not enough pairs
[M::mem_pestat] skip orientation RR as there are not enough pairs
[M::mem_process_seqs] Processed 645764 reads in 896.662 CPU sec, 114.847 real sec
[M::process] 0 single-end sequences; 646254 paired-end sequences
[M::process] read 646700 sequences (80000084 bp)...
[M::mem_pestat] # candidate unique pairs for (FF, FR, RF, RR): (0, 237755, 8, 0)
[M::mem_pestat] skip orientation FF as there are not enough pairs
[M::mem_pestat] analyzing insert size distribution for orientation FR...
[M::mem_pestat] (25, 50, 75) percentile: (162, 184, 208)
[M::mem_pestat] low and high boundaries for computing mean and std.dev: (70, 300)
[M::mem_pestat] mean and std.dev: (186.06, 32.46)
[M::mem_pestat] low and high boundaries for proper pairs: (24, 346)
[M::mem_pestat] skip orientation RF as there are not enough pairs
[M::mem_pestat] skip orientation RR as there are not enough pairs
[M::mem_process_seqs] Processed 646254 reads in 916.105 CPU sec, 117.286 real sec
[M::process] 0 single-end sequences; 646700 paired-end sequences
[M::process] read 646774 sequences (80000173 bp)...
[M::mem_pestat] # candidate unique pairs for (FF, FR, RF, RR): (0, 240639, 2, 0)
[M::mem_pestat] skip orientation FF as there are not enough pairs
[M::mem_pestat] analyzing insert size distribution for orientation FR...
[M::mem_pestat] (25, 50, 75) percentile: (162, 184, 209)
[M::mem_pestat] low and high boundaries for computing mean and std.dev: (68, 303)
[M::mem_pestat] mean and std.dev: (186.19, 32.55)
[M::mem_pestat] low and high boundaries for proper pairs: (21, 350)
[M::mem_pestat] skip orientation RF as there are not enough pairs
[M::mem_pestat] skip orientation RR as there are not enough pairs
[M::mem_process_seqs] Processed 646700 reads in 869.735 CPU sec, 111.530 real sec
[M::process] 0 single-end sequences; 646774 paired-end sequences
[M::process] read 646798 sequences (80000137 bp)...
[M::mem_pestat] # candidate unique pairs for (FF, FR, RF, RR): (0, 243360, 3, 0)
[M::mem_pestat] skip orientation FF as there are not enough pairs
[M::mem_pestat] analyzing insert size distribution for orientation FR...
[M::mem_pestat] (25, 50, 75) percentile: (162, 184, 209)
[M::mem_pestat] low and high boundaries for computing mean and std.dev: (68, 303)
[M::mem_pestat] mean and std.dev: (186.44, 32.47)
[M::mem_pestat] low and high boundaries for proper pairs: (21, 350)
[M::mem_pestat] skip orientation RF as there are not enough pairs
[M::mem_pestat] skip orientation RR as there are not enough pairs
[M::mem_process_seqs] Processed 646774 reads in 825.841 CPU sec, 105.991 real sec
[M::process] 0 single-end sequences; 646798 paired-end sequences
[M::process] read 646434 sequences (80000110 bp)...
[M::mem_pestat] # candidate unique pairs for (FF, FR, RF, RR): (0, 242500, 4, 0)
[M::mem_pestat] skip orientation FF as there are not enough pairs
[M::mem_pestat] analyzing insert size distribution for orientation FR...
[M::mem_pestat] (25, 50, 75) percentile: (162, 184, 209)
[M::mem_pestat] low and high boundaries for computing mean and std.dev: (68, 303)
[M::mem_pestat] mean and std.dev: (186.34, 32.55)
[M::mem_pestat] low and high boundaries for proper pairs: (21, 350)
[M::mem_pestat] skip orientation RF as there are not enough pairs
[M::mem_pestat] skip orientation RR as there are not enough pairs
[M::mem_process_seqs] Processed 646798 reads in 840.939 CPU sec, 107.819 real sec
[M::process] 0 single-end sequences; 646434 paired-end sequences
[M::process] read 646442 sequences (80000222 bp)...
[M::mem_pestat] # candidate unique pairs for (FF, FR, RF, RR): (0, 241766, 5, 0)
[M::mem_pestat] skip orientation FF as there are not enough pairs
[M::mem_pestat] analyzing insert size distribution for orientation FR...
[M::mem_pestat] (25, 50, 75) percentile: (162, 184, 209)
[M::mem_pestat] low and high boundaries for computing mean and std.dev: (68, 303)
[M::mem_pestat] mean and std.dev: (186.25, 32.49)
[M::mem_pestat] low and high boundaries for proper pairs: (21, 350)
[M::mem_pestat] skip orientation RF as there are not enough pairs
[M::mem_pestat] skip orientation RR as there are not enough pairs
[M::mem_process_seqs] Processed 646434 reads in 861.440 CPU sec, 110.443 real sec
[M::process] 0 single-end sequences; 646442 paired-end sequences
[M::process] read 647332 sequences (80000129 bp)...
[M::mem_pestat] # candidate unique pairs for (FF, FR, RF, RR): (0, 240320, 4, 0)
[M::mem_pestat] skip orientation FF as there are not enough pairs
[M::mem_pestat] analyzing insert size distribution for orientation FR...
[M::mem_pestat] (25, 50, 75) percentile: (162, 184, 209)
[M::mem_pestat] low and high boundaries for computing mean and std.dev: (68, 303)
[M::mem_pestat] mean and std.dev: (186.21, 32.44)
[M::mem_pestat] low and high boundaries for proper pairs: (21, 350)
[M::mem_pestat] skip orientation RF as there are not enough pairs
[M::mem_pestat] skip orientation RR as there are not enough pairs
[M::mem_process_seqs] Processed 646442 reads in 903.728 CPU sec, 115.823 real sec
[M::process] 0 single-end sequences; 647332 paired-end sequences
[M::process] read 645716 sequences (80000133 bp)...
[M::mem_pestat] # candidate unique pairs for (FF, FR, RF, RR): (0, 239898, 3, 0)
[M::mem_pestat] skip orientation FF as there are not enough pairs
[M::mem_pestat] analyzing insert size distribution for orientation FR...
[M::mem_pestat] (25, 50, 75) percentile: (162, 184, 208)
[M::mem_pestat] low and high boundaries for computing mean and std.dev: (70, 300)
[M::mem_pestat] mean and std.dev: (186.11, 32.47)
[M::mem_pestat] low and high boundaries for proper pairs: (24, 346)
[M::mem_pestat] skip orientation RF as there are not enough pairs
[M::mem_pestat] skip orientation RR as there are not enough pairs
[M::mem_process_seqs] Processed 647332 reads in 920.906 CPU sec, 117.891 real sec
[M::process] 0 single-end sequences; 645716 paired-end sequences
[M::process] read 645378 sequences (80000235 bp)...
[M::mem_pestat] # candidate unique pairs for (FF, FR, RF, RR): (0, 241064, 5, 0)
[M::mem_pestat] skip orientation FF as there are not enough pairs
[M::mem_pestat] analyzing insert size distribution for orientation FR...
[M::mem_pestat] (25, 50, 75) percentile: (162, 184, 209)
[M::mem_pestat] low and high boundaries for computing mean and std.dev: (68, 303)
[M::mem_pestat] mean and std.dev: (186.58, 32.55)
[M::mem_pestat] low and high boundaries for proper pairs: (21, 350)
[M::mem_pestat] skip orientation RF as there are not enough pairs
[M::mem_pestat] skip orientation RR as there are not enough pairs
[M::mem_process_seqs] Processed 645716 reads in 1124.556 CPU sec, 144.828 real sec
[M::process] 0 single-end sequences; 645378 paired-end sequences
[M::process] read 645434 sequences (80000233 bp)...
[M::mem_pestat] # candidate unique pairs for (FF, FR, RF, RR): (0, 241601, 3, 0)
[M::mem_pestat] skip orientation FF as there are not enough pairs
[M::mem_pestat] analyzing insert size distribution for orientation FR...
[M::mem_pestat] (25, 50, 75) percentile: (162, 184, 209)
[M::mem_pestat] low and high boundaries for computing mean and std.dev: (68, 303)
[M::mem_pestat] mean and std.dev: (186.46, 32.53)
[M::mem_pestat] low and high boundaries for proper pairs: (21, 350)
[M::mem_pestat] skip orientation RF as there are not enough pairs
[M::mem_pestat] skip orientation RR as there are not enough pairs
[M::mem_process_seqs] Processed 645378 reads in 878.597 CPU sec, 112.651 real sec
[M::process] 0 single-end sequences; 645434 paired-end sequences
[M::process] read 645704 sequences (80000018 bp)...
[M::mem_pestat] # candidate unique pairs for (FF, FR, RF, RR): (0, 240834, 3, 0)
[M::mem_pestat] skip orientation FF as there are not enough pairs
[M::mem_pestat] analyzing insert size distribution for orientation FR...
[M::mem_pestat] (25, 50, 75) percentile: (162, 184, 209)
[M::mem_pestat] low and high boundaries for computing mean and std.dev: (68, 303)
[M::mem_pestat] mean and std.dev: (186.30, 32.48)
[M::mem_pestat] low and high boundaries for proper pairs: (21, 350)
[M::mem_pestat] skip orientation RF as there are not enough pairs
[M::mem_pestat] skip orientation RR as there are not enough pairs
[M::mem_process_seqs] Processed 645434 reads in 875.978 CPU sec, 112.250 real sec
[M::process] 0 single-end sequences; 645704 paired-end sequences
[M::process] read 646190 sequences (80000159 bp)...
[M::mem_pestat] # candidate unique pairs for (FF, FR, RF, RR): (0, 239439, 8, 0)
[M::mem_pestat] skip orientation FF as there are not enough pairs
[M::mem_pestat] analyzing insert size distribution for orientation FR...
[M::mem_pestat] (25, 50, 75) percentile: (162, 184, 209)
[M::mem_pestat] low and high boundaries for computing mean and std.dev: (68, 303)
[M::mem_pestat] mean and std.dev: (186.18, 32.52)
[M::mem_pestat] low and high boundaries for proper pairs: (21, 350)
[M::mem_pestat] skip orientation RF as there are not enough pairs
[M::mem_pestat] skip orientation RR as there are not enough pairs
[M::mem_process_seqs] Processed 645704 reads in 923.223 CPU sec, 118.174 real sec
[M::process] 0 single-end sequences; 646190 paired-end sequences
[M::process] read 645438 sequences (80000236 bp)...
[M::mem_pestat] # candidate unique pairs for (FF, FR, RF, RR): (0, 237500, 3, 0)
[M::mem_pestat] skip orientation FF as there are not enough pairs
[M::mem_pestat] analyzing insert size distribution for orientation FR...
[M::mem_pestat] (25, 50, 75) percentile: (162, 184, 208)
[M::mem_pestat] low and high boundaries for computing mean and std.dev: (70, 300)
[M::mem_pestat] mean and std.dev: (186.13, 32.45)
[M::mem_pestat] low and high boundaries for proper pairs: (24, 346)
[M::mem_pestat] skip orientation RF as there are not enough pairs
[M::mem_pestat] skip orientation RR as there are not enough pairs
[M::mem_process_seqs] Processed 646190 reads in 1112.286 CPU sec, 141.827 real sec
[M::process] 0 single-end sequences; 645438 paired-end sequences
[M::process] read 645308 sequences (80000147 bp)...
[M::mem_pestat] # candidate unique pairs for (FF, FR, RF, RR): (0, 241274, 4, 0)
[M::mem_pestat] skip orientation FF as there are not enough pairs
[M::mem_pestat] analyzing insert size distribution for orientation FR...
[M::mem_pestat] (25, 50, 75) percentile: (162, 184, 209)
[M::mem_pestat] low and high boundaries for computing mean and std.dev: (68, 303)
[M::mem_pestat] mean and std.dev: (186.52, 32.48)
[M::mem_pestat] low and high boundaries for proper pairs: (21, 350)
[M::mem_pestat] skip orientation RF as there are not enough pairs
[M::mem_pestat] skip orientation RR as there are not enough pairs
[M::mem_process_seqs] Processed 645438 reads in 865.550 CPU sec, 110.942 real sec
[M::process] 0 single-end sequences; 645308 paired-end sequences
[M::process] read 645218 sequences (80000247 bp)...
[M::mem_pestat] # candidate unique pairs for (FF, FR, RF, RR): (0, 242918, 1, 0)
[M::mem_pestat] skip orientation FF as there are not enough pairs
[M::mem_pestat] analyzing insert size distribution for orientation FR...
[M::mem_pestat] (25, 50, 75) percentile: (162, 184, 209)
[M::mem_pestat] low and high boundaries for computing mean and std.dev: (68, 303)
[M::mem_pestat] mean and std.dev: (186.53, 32.51)
[M::mem_pestat] low and high boundaries for proper pairs: (21, 350)
[M::mem_pestat] skip orientation RF as there are not enough pairs
[M::mem_pestat] skip orientation RR as there are not enough pairs
[M::mem_process_seqs] Processed 645308 reads in 812.241 CPU sec, 104.249 real sec
[M::process] 0 single-end sequences; 645218 paired-end sequences
[M::process] read 645280 sequences (80000143 bp)...
[M::mem_pestat] # candidate unique pairs for (FF, FR, RF, RR): (0, 243574, 1, 0)
[M::mem_pestat] skip orientation FF as there are not enough pairs
[M::mem_pestat] analyzing insert size distribution for orientation FR...
[M::mem_pestat] (25, 50, 75) percentile: (162, 184, 209)
[M::mem_pestat] low and high boundaries for computing mean and std.dev: (68, 303)
[M::mem_pestat] mean and std.dev: (186.30, 32.40)
[M::mem_pestat] low and high boundaries for proper pairs: (21, 350)
[M::mem_pestat] skip orientation RF as there are not enough pairs
[M::mem_pestat] skip orientation RR as there are not enough pairs
[M::mem_process_seqs] Processed 645218 reads in 814.686 CPU sec, 104.562 real sec
[M::process] 0 single-end sequences; 645280 paired-end sequences
[M::process] read 645420 sequences (80000014 bp)...
[M::mem_pestat] # candidate unique pairs for (FF, FR, RF, RR): (0, 242586, 2, 0)
[M::mem_pestat] skip orientation FF as there are not enough pairs
[M::mem_pestat] analyzing insert size distribution for orientation FR...
[M::mem_pestat] (25, 50, 75) percentile: (162, 184, 209)
[M::mem_pestat] low and high boundaries for computing mean and std.dev: (68, 303)
[M::mem_pestat] mean and std.dev: (186.17, 32.53)
[M::mem_pestat] low and high boundaries for proper pairs: (21, 350)
[M::mem_pestat] skip orientation RF as there are not enough pairs
[M::mem_pestat] skip orientation RR as there are not enough pairs
[M::mem_process_seqs] Processed 645280 reads in 832.113 CPU sec, 106.761 real sec
[M::process] 0 single-end sequences; 645420 paired-end sequences
[M::process] read 645676 sequences (80000153 bp)...
[M::mem_pestat] # candidate unique pairs for (FF, FR, RF, RR): (0, 241852, 5, 0)
[M::mem_pestat] skip orientation FF as there are not enough pairs
[M::mem_pestat] analyzing insert size distribution for orientation FR...
[M::mem_pestat] (25, 50, 75) percentile: (162, 184, 209)
[M::mem_pestat] low and high boundaries for computing mean and std.dev: (68, 303)
[M::mem_pestat] mean and std.dev: (186.14, 32.55)
[M::mem_pestat] low and high boundaries for proper pairs: (21, 350)
[M::mem_pestat] skip orientation RF as there are not enough pairs
[M::mem_pestat] skip orientation RR as there are not enough pairs
[M::mem_process_seqs] Processed 645420 reads in 852.632 CPU sec, 109.362 real sec
[M::process] 0 single-end sequences; 645676 paired-end sequences
[M::process] read 645414 sequences (80000209 bp)...
[M::mem_pestat] # candidate unique pairs for (FF, FR, RF, RR): (0, 240780, 3, 0)
[M::mem_pestat] skip orientation FF as there are not enough pairs
[M::mem_pestat] analyzing insert size distribution for orientation FR...
[M::mem_pestat] (25, 50, 75) percentile: (162, 184, 208)
[M::mem_pestat] low and high boundaries for computing mean and std.dev: (70, 300)
[M::mem_pestat] mean and std.dev: (186.14, 32.51)
[M::mem_pestat] low and high boundaries for proper pairs: (24, 346)
[M::mem_pestat] skip orientation RF as there are not enough pairs
[M::mem_pestat] skip orientation RR as there are not enough pairs
[M::mem_process_seqs] Processed 645676 reads in 860.076 CPU sec, 110.308 real sec
[M::process] 0 single-end sequences; 645414 paired-end sequences
[M::process] read 645190 sequences (80000232 bp)...
[M::mem_pestat] # candidate unique pairs for (FF, FR, RF, RR): (0, 243266, 3, 0)
[M::mem_pestat] skip orientation FF as there are not enough pairs
[M::mem_pestat] analyzing insert size distribution for orientation FR...
[M::mem_pestat] (25, 50, 75) percentile: (162, 184, 209)
[M::mem_pestat] low and high boundaries for computing mean and std.dev: (68, 303)
[M::mem_pestat] mean and std.dev: (186.45, 32.47)
[M::mem_pestat] low and high boundaries for proper pairs: (21, 350)
[M::mem_pestat] skip orientation RF as there are not enough pairs
[M::mem_pestat] skip orientation RR as there are not enough pairs
[M::mem_process_seqs] Processed 645414 reads in 811.813 CPU sec, 104.433 real sec
[M::process] 0 single-end sequences; 645190 paired-end sequences
[M::process] read 645196 sequences (80000164 bp)...
[M::mem_pestat] # candidate unique pairs for (FF, FR, RF, RR): (0, 243750, 2, 0)
[M::mem_pestat] skip orientation FF as there are not enough pairs
[M::mem_pestat] analyzing insert size distribution for orientation FR...
[M::mem_pestat] (25, 50, 75) percentile: (162, 184, 209)
[M::mem_pestat] low and high boundaries for computing mean and std.dev: (68, 303)
[M::mem_pestat] mean and std.dev: (186.39, 32.47)
[M::mem_pestat] low and high boundaries for proper pairs: (21, 350)
[M::mem_pestat] skip orientation RF as there are not enough pairs
[M::mem_pestat] skip orientation RR as there are not enough pairs
[M::mem_process_seqs] Processed 645190 reads in 810.196 CPU sec, 104.086 real sec
[M::process] 0 single-end sequences; 645196 paired-end sequences
[M::process] read 645234 sequences (80000008 bp)...
[M::mem_pestat] # candidate unique pairs for (FF, FR, RF, RR): (0, 243100, 4, 0)
[M::mem_pestat] skip orientation FF as there are not enough pairs
[M::mem_pestat] analyzing insert size distribution for orientation FR...
[M::mem_pestat] (25, 50, 75) percentile: (162, 184, 209)
[M::mem_pestat] low and high boundaries for computing mean and std.dev: (68, 303)
[M::mem_pestat] mean and std.dev: (186.47, 32.42)
[M::mem_pestat] low and high boundaries for proper pairs: (21, 350)
[M::mem_pestat] skip orientation RF as there are not enough pairs
[M::mem_pestat] skip orientation RR as there are not enough pairs
[M::mem_process_seqs] Processed 645196 reads in 822.036 CPU sec, 105.481 real sec
[M::process] 0 single-end sequences; 645234 paired-end sequences
[M::process] read 645522 sequences (80000018 bp)...
[M::mem_pestat] # candidate unique pairs for (FF, FR, RF, RR): (0, 242843, 5, 0)
[M::mem_pestat] skip orientation FF as there are not enough pairs
[M::mem_pestat] analyzing insert size distribution for orientation FR...
[M::mem_pestat] (25, 50, 75) percentile: (162, 184, 209)
[M::mem_pestat] low and high boundaries for computing mean and std.dev: (68, 303)
[M::mem_pestat] mean and std.dev: (186.34, 32.54)
[M::mem_pestat] low and high boundaries for proper pairs: (21, 350)
[M::mem_pestat] skip orientation RF as there are not enough pairs
[M::mem_pestat] skip orientation RR as there are not enough pairs
[M::mem_process_seqs] Processed 645234 reads in 832.432 CPU sec, 106.778 real sec
[M::process] 0 single-end sequences; 645522 paired-end sequences
[M::process] read 645604 sequences (80000043 bp)...
[M::mem_pestat] # candidate unique pairs for (FF, FR, RF, RR): (0, 241450, 2, 0)
[M::mem_pestat] skip orientation FF as there are not enough pairs
[M::mem_pestat] analyzing insert size distribution for orientation FR...
[M::mem_pestat] (25, 50, 75) percentile: (162, 184, 208)
[M::mem_pestat] low and high boundaries for computing mean and std.dev: (70, 300)
[M::mem_pestat] mean and std.dev: (186.13, 32.42)
[M::mem_pestat] low and high boundaries for proper pairs: (24, 346)
[M::mem_pestat] skip orientation RF as there are not enough pairs
[M::mem_pestat] skip orientation RR as there are not enough pairs
[M::mem_process_seqs] Processed 645522 reads in 859.820 CPU sec, 110.220 real sec
[M::process] 0 single-end sequences; 645604 paired-end sequences
[M::process] read 645214 sequences (80000236 bp)...
[M::mem_pestat] # candidate unique pairs for (FF, FR, RF, RR): (0, 241422, 5, 0)
[M::mem_pestat] skip orientation FF as there are not enough pairs
[M::mem_pestat] analyzing insert size distribution for orientation FR...
[M::mem_pestat] (25, 50, 75) percentile: (162, 184, 209)
[M::mem_pestat] low and high boundaries for computing mean and std.dev: (68, 303)
[M::mem_pestat] mean and std.dev: (186.12, 32.48)
[M::mem_pestat] low and high boundaries for proper pairs: (21, 350)
[M::mem_pestat] skip orientation RF as there are not enough pairs
[M::mem_pestat] skip orientation RR as there are not enough pairs
[M::mem_process_seqs] Processed 645604 reads in 858.380 CPU sec, 110.024 real sec
[M::process] 0 single-end sequences; 645214 paired-end sequences
[M::process] read 645080 sequences (80000069 bp)...
[M::mem_pestat] # candidate unique pairs for (FF, FR, RF, RR): (0, 242933, 4, 0)
[M::mem_pestat] skip orientation FF as there are not enough pairs
[M::mem_pestat] analyzing insert size distribution for orientation FR...
[M::mem_pestat] (25, 50, 75) percentile: (162, 184, 209)
[M::mem_pestat] low and high boundaries for computing mean and std.dev: (68, 303)
[M::mem_pestat] mean and std.dev: (186.44, 32.45)
[M::mem_pestat] low and high boundaries for proper pairs: (21, 350)
[M::mem_pestat] skip orientation RF as there are not enough pairs
[M::mem_pestat] skip orientation RR as there are not enough pairs
[M::mem_process_seqs] Processed 645214 reads in 821.381 CPU sec, 105.443 real sec
[M::process] 0 single-end sequences; 645080 paired-end sequences
[M::process] read 645078 sequences (80000130 bp)...
[M::mem_pestat] # candidate unique pairs for (FF, FR, RF, RR): (0, 242957, 2, 0)
[M::mem_pestat] skip orientation FF as there are not enough pairs
[M::mem_pestat] analyzing insert size distribution for orientation FR...
[M::mem_pestat] (25, 50, 75) percentile: (162, 184, 209)
[M::mem_pestat] low and high boundaries for computing mean and std.dev: (68, 303)
[M::mem_pestat] mean and std.dev: (186.52, 32.53)
[M::mem_pestat] low and high boundaries for proper pairs: (21, 350)
[M::mem_pestat] skip orientation RF as there are not enough pairs
[M::mem_pestat] skip orientation RR as there are not enough pairs
[M::mem_process_seqs] Processed 645080 reads in 819.055 CPU sec, 105.107 real sec
[M::process] 0 single-end sequences; 645078 paired-end sequences
[M::process] read 645154 sequences (80000193 bp)...
[M::mem_pestat] # candidate unique pairs for (FF, FR, RF, RR): (0, 243130, 2, 0)
[M::mem_pestat] skip orientation FF as there are not enough pairs
[M::mem_pestat] analyzing insert size distribution for orientation FR...
[M::mem_pestat] (25, 50, 75) percentile: (162, 184, 209)
[M::mem_pestat] low and high boundaries for computing mean and std.dev: (68, 303)
[M::mem_pestat] mean and std.dev: (186.37, 32.52)
[M::mem_pestat] low and high boundaries for proper pairs: (21, 350)
[M::mem_pestat] skip orientation RF as there are not enough pairs
[M::mem_pestat] skip orientation RR as there are not enough pairs
[M::mem_process_seqs] Processed 645078 reads in 824.076 CPU sec, 105.721 real sec
[M::process] 0 single-end sequences; 645154 paired-end sequences
[M::process] read 645392 sequences (80000183 bp)...
[M::mem_pestat] # candidate unique pairs for (FF, FR, RF, RR): (0, 242108, 4, 0)
[M::mem_pestat] skip orientation FF as there are not enough pairs
[M::mem_pestat] analyzing insert size distribution for orientation FR...
[M::mem_pestat] (25, 50, 75) percentile: (162, 184, 209)
[M::mem_pestat] low and high boundaries for computing mean and std.dev: (68, 303)
[M::mem_pestat] mean and std.dev: (186.28, 32.47)
[M::mem_pestat] low and high boundaries for proper pairs: (21, 350)
[M::mem_pestat] skip orientation RF as there are not enough pairs
[M::mem_pestat] skip orientation RR as there are not enough pairs
[M::mem_process_seqs] Processed 645154 reads in 843.465 CPU sec, 108.226 real sec
[M::process] 0 single-end sequences; 645392 paired-end sequences
[M::process] read 645732 sequences (80000116 bp)...
[M::mem_pestat] # candidate unique pairs for (FF, FR, RF, RR): (0, 241841, 5, 0)
[M::mem_pestat] skip orientation FF as there are not enough pairs
[M::mem_pestat] analyzing insert size distribution for orientation FR...
[M::mem_pestat] (25, 50, 75) percentile: (162, 184, 208)
[M::mem_pestat] low and high boundaries for computing mean and std.dev: (70, 300)
[M::mem_pestat] mean and std.dev: (186.22, 32.45)
[M::mem_pestat] low and high boundaries for proper pairs: (24, 346)
[M::mem_pestat] skip orientation RF as there are not enough pairs
[M::mem_pestat] skip orientation RR as there are not enough pairs
[M::mem_process_seqs] Processed 645392 reads in 859.958 CPU sec, 110.247 real sec
[M::process] 0 single-end sequences; 645732 paired-end sequences
[M::process] read 645402 sequences (80000132 bp)...
[M::mem_pestat] # candidate unique pairs for (FF, FR, RF, RR): (0, 242223, 6, 0)
[M::mem_pestat] skip orientation FF as there are not enough pairs
[M::mem_pestat] analyzing insert size distribution for orientation FR...
[M::mem_pestat] (25, 50, 75) percentile: (162, 184, 209)
[M::mem_pestat] low and high boundaries for computing mean and std.dev: (68, 303)
[M::mem_pestat] mean and std.dev: (186.29, 32.51)
[M::mem_pestat] low and high boundaries for proper pairs: (21, 350)
[M::mem_pestat] skip orientation RF as there are not enough pairs
[M::mem_pestat] skip orientation RR as there are not enough pairs
[M::mem_process_seqs] Processed 645732 reads in 846.399 CPU sec, 108.495 real sec
[M::process] 0 single-end sequences; 645402 paired-end sequences
[M::process] read 645250 sequences (80000054 bp)...
[M::mem_pestat] # candidate unique pairs for (FF, FR, RF, RR): (0, 242829, 3, 0)
[M::mem_pestat] skip orientation FF as there are not enough pairs
[M::mem_pestat] analyzing insert size distribution for orientation FR...
[M::mem_pestat] (25, 50, 75) percentile: (162, 184, 209)
[M::mem_pestat] low and high boundaries for computing mean and std.dev: (68, 303)
[M::mem_pestat] mean and std.dev: (186.38, 32.51)
[M::mem_pestat] low and high boundaries for proper pairs: (21, 350)
[M::mem_pestat] skip orientation RF as there are not enough pairs
[M::mem_pestat] skip orientation RR as there are not enough pairs
[M::mem_process_seqs] Processed 645402 reads in 836.594 CPU sec, 107.289 real sec
[M::process] 0 single-end sequences; 645250 paired-end sequences
[M::process] read 645336 sequences (80000242 bp)...
[M::mem_pestat] # candidate unique pairs for (FF, FR, RF, RR): (0, 242149, 3, 0)
[M::mem_pestat] skip orientation FF as there are not enough pairs
[M::mem_pestat] analyzing insert size distribution for orientation FR...
[M::mem_pestat] (25, 50, 75) percentile: (162, 184, 209)
[M::mem_pestat] low and high boundaries for computing mean and std.dev: (68, 303)
[M::mem_pestat] mean and std.dev: (186.40, 32.57)
[M::mem_pestat] low and high boundaries for proper pairs: (21, 350)
[M::mem_pestat] skip orientation RF as there are not enough pairs
[M::mem_pestat] skip orientation RR as there are not enough pairs
[M::mem_process_seqs] Processed 645250 reads in 839.610 CPU sec, 107.677 real sec
[M::process] 0 single-end sequences; 645336 paired-end sequences
[M::process] read 645476 sequences (80000076 bp)...
[M::mem_pestat] # candidate unique pairs for (FF, FR, RF, RR): (0, 241127, 4, 0)
[M::mem_pestat] skip orientation FF as there are not enough pairs
[M::mem_pestat] analyzing insert size distribution for orientation FR...
[M::mem_pestat] (25, 50, 75) percentile: (162, 184, 209)
[M::mem_pestat] low and high boundaries for computing mean and std.dev: (68, 303)
[M::mem_pestat] mean and std.dev: (186.23, 32.57)
[M::mem_pestat] low and high boundaries for proper pairs: (21, 350)
[M::mem_pestat] skip orientation RF as there are not enough pairs
[M::mem_pestat] skip orientation RR as there are not enough pairs
[M::mem_process_seqs] Processed 645336 reads in 858.174 CPU sec, 109.988 real sec
[M::process] 0 single-end sequences; 645476 paired-end sequences
[M::process] read 646054 sequences (80000090 bp)...
[M::mem_pestat] # candidate unique pairs for (FF, FR, RF, RR): (0, 240369, 3, 0)
[M::mem_pestat] skip orientation FF as there are not enough pairs
[M::mem_pestat] analyzing insert size distribution for orientation FR...
[M::mem_pestat] (25, 50, 75) percentile: (162, 184, 208)
[M::mem_pestat] low and high boundaries for computing mean and std.dev: (70, 300)
[M::mem_pestat] mean and std.dev: (186.17, 32.52)
[M::mem_pestat] low and high boundaries for proper pairs: (24, 346)
[M::mem_pestat] skip orientation RF as there are not enough pairs
[M::mem_pestat] skip orientation RR as there are not enough pairs
[M::mem_process_seqs] Processed 645476 reads in 879.692 CPU sec, 112.717 real sec
[M::process] 0 single-end sequences; 646054 paired-end sequences
[M::process] read 645542 sequences (80000109 bp)...
[M::mem_pestat] # candidate unique pairs for (FF, FR, RF, RR): (0, 239880, 3, 0)
[M::mem_pestat] skip orientation FF as there are not enough pairs
[M::mem_pestat] analyzing insert size distribution for orientation FR...
[M::mem_pestat] (25, 50, 75) percentile: (162, 184, 208)
[M::mem_pestat] low and high boundaries for computing mean and std.dev: (70, 300)
[M::mem_pestat] mean and std.dev: (186.14, 32.53)
[M::mem_pestat] low and high boundaries for proper pairs: (24, 346)
[M::mem_pestat] skip orientation RF as there are not enough pairs
[M::mem_pestat] skip orientation RR as there are not enough pairs
[M::mem_process_seqs] Processed 646054 reads in 882.709 CPU sec, 113.060 real sec
[M::process] 0 single-end sequences; 645542 paired-end sequences
[M::process] read 645250 sequences (80000175 bp)...
[M::mem_pestat] # candidate unique pairs for (FF, FR, RF, RR): (0, 242574, 3, 0)
[M::mem_pestat] skip orientation FF as there are not enough pairs
[M::mem_pestat] analyzing insert size distribution for orientation FR...
[M::mem_pestat] (25, 50, 75) percentile: (162, 184, 209)
[M::mem_pestat] low and high boundaries for computing mean and std.dev: (68, 303)
[M::mem_pestat] mean and std.dev: (186.43, 32.56)
[M::mem_pestat] low and high boundaries for proper pairs: (21, 350)
[M::mem_pestat] skip orientation RF as there are not enough pairs
[M::mem_pestat] skip orientation RR as there are not enough pairs
[M::mem_process_seqs] Processed 645542 reads in 826.994 CPU sec, 106.084 real sec
[M::process] 0 single-end sequences; 645250 paired-end sequences
[M::process] read 645352 sequences (80000059 bp)...
[M::mem_pestat] # candidate unique pairs for (FF, FR, RF, RR): (0, 243158, 5, 0)
[M::mem_pestat] skip orientation FF as there are not enough pairs
[M::mem_pestat] analyzing insert size distribution for orientation FR...
[M::mem_pestat] (25, 50, 75) percentile: (162, 184, 209)
[M::mem_pestat] low and high boundaries for computing mean and std.dev: (68, 303)
[M::mem_pestat] mean and std.dev: (186.53, 32.53)
[M::mem_pestat] low and high boundaries for proper pairs: (21, 350)
[M::mem_pestat] skip orientation RF as there are not enough pairs
[M::mem_pestat] skip orientation RR as there are not enough pairs
[M::mem_process_seqs] Processed 645250 reads in 827.800 CPU sec, 106.206 real sec
[M::process] 0 single-end sequences; 645352 paired-end sequences
[M::process] read 645362 sequences (80000235 bp)...
[M::mem_pestat] # candidate unique pairs for (FF, FR, RF, RR): (0, 242518, 4, 0)
[M::mem_pestat] skip orientation FF as there are not enough pairs
[M::mem_pestat] analyzing insert size distribution for orientation FR...
[M::mem_pestat] (25, 50, 75) percentile: (162, 184, 209)
[M::mem_pestat] low and high boundaries for computing mean and std.dev: (68, 303)
[M::mem_pestat] mean and std.dev: (186.27, 32.57)
[M::mem_pestat] low and high boundaries for proper pairs: (21, 350)
[M::mem_pestat] skip orientation RF as there are not enough pairs
[M::mem_pestat] skip orientation RR as there are not enough pairs
[M::mem_process_seqs] Processed 645352 reads in 904.018 CPU sec, 115.768 real sec
[M::process] 0 single-end sequences; 645362 paired-end sequences
[M::process] read 645836 sequences (80000163 bp)...
[M::mem_pestat] # candidate unique pairs for (FF, FR, RF, RR): (0, 241887, 4, 0)
[M::mem_pestat] skip orientation FF as there are not enough pairs
[M::mem_pestat] analyzing insert size distribution for orientation FR...
[M::mem_pestat] (25, 50, 75) percentile: (162, 184, 208)
[M::mem_pestat] low and high boundaries for computing mean and std.dev: (70, 300)
[M::mem_pestat] mean and std.dev: (186.00, 32.38)
[M::mem_pestat] low and high boundaries for proper pairs: (24, 346)
[M::mem_pestat] skip orientation RF as there are not enough pairs
[M::mem_pestat] skip orientation RR as there are not enough pairs
[M::mem_process_seqs] Processed 645362 reads in 882.721 CPU sec, 113.112 real sec
[M::process] 0 single-end sequences; 645836 paired-end sequences
[M::process] read 646048 sequences (80000131 bp)...
[M::mem_pestat] # candidate unique pairs for (FF, FR, RF, RR): (0, 241294, 3, 0)
[M::mem_pestat] skip orientation FF as there are not enough pairs
[M::mem_pestat] analyzing insert size distribution for orientation FR...
[M::mem_pestat] (25, 50, 75) percentile: (162, 184, 208)
[M::mem_pestat] low and high boundaries for computing mean and std.dev: (70, 300)
[M::mem_pestat] mean and std.dev: (186.06, 32.53)
[M::mem_pestat] low and high boundaries for proper pairs: (24, 346)
[M::mem_pestat] skip orientation RF as there are not enough pairs
[M::mem_pestat] skip orientation RR as there are not enough pairs
[M::mem_process_seqs] Processed 645836 reads in 876.050 CPU sec, 112.267 real sec
[M::process] 0 single-end sequences; 646048 paired-end sequences
[M::process] read 645388 sequences (80000177 bp)...
[M::mem_pestat] # candidate unique pairs for (FF, FR, RF, RR): (0, 241731, 2, 0)
[M::mem_pestat] skip orientation FF as there are not enough pairs
[M::mem_pestat] analyzing insert size distribution for orientation FR...
[M::mem_pestat] (25, 50, 75) percentile: (162, 184, 208)
[M::mem_pestat] low and high boundaries for computing mean and std.dev: (70, 300)
[M::mem_pestat] mean and std.dev: (186.15, 32.54)
[M::mem_pestat] low and high boundaries for proper pairs: (24, 346)
[M::mem_pestat] skip orientation RF as there are not enough pairs
[M::mem_pestat] skip orientation RR as there are not enough pairs
[M::mem_process_seqs] Processed 646048 reads in 897.512 CPU sec, 114.936 real sec
[M::process] 0 single-end sequences; 645388 paired-end sequences
[M::process] read 645424 sequences (80000037 bp)...
[M::mem_pestat] # candidate unique pairs for (FF, FR, RF, RR): (0, 242499, 8, 0)
[M::mem_pestat] skip orientation FF as there are not enough pairs
[M::mem_pestat] analyzing insert size distribution for orientation FR...
[M::mem_pestat] (25, 50, 75) percentile: (162, 184, 209)
[M::mem_pestat] low and high boundaries for computing mean and std.dev: (68, 303)
[M::mem_pestat] mean and std.dev: (186.57, 32.53)
[M::mem_pestat] low and high boundaries for proper pairs: (21, 350)
[M::mem_pestat] skip orientation RF as there are not enough pairs
[M::mem_pestat] skip orientation RR as there are not enough pairs
[M::mem_process_seqs] Processed 645388 reads in 850.358 CPU sec, 109.061 real sec
[M::process] 0 single-end sequences; 645424 paired-end sequences
[M::process] read 645440 sequences (80000107 bp)...
[M::mem_pestat] # candidate unique pairs for (FF, FR, RF, RR): (0, 241934, 2, 0)
[M::mem_pestat] skip orientation FF as there are not enough pairs
[M::mem_pestat] analyzing insert size distribution for orientation FR...
[M::mem_pestat] (25, 50, 75) percentile: (162, 184, 209)
[M::mem_pestat] low and high boundaries for computing mean and std.dev: (68, 303)
[M::mem_pestat] mean and std.dev: (186.42, 32.49)
[M::mem_pestat] low and high boundaries for proper pairs: (21, 350)
[M::mem_pestat] skip orientation RF as there are not enough pairs
[M::mem_pestat] skip orientation RR as there are not enough pairs
[M::mem_process_seqs] Processed 645424 reads in 1135.042 CPU sec, 144.656 real sec
[M::process] 0 single-end sequences; 645440 paired-end sequences
[M::process] read 645630 sequences (80000179 bp)...
[M::mem_pestat] # candidate unique pairs for (FF, FR, RF, RR): (0, 240327, 2, 0)
[M::mem_pestat] skip orientation FF as there are not enough pairs
[M::mem_pestat] analyzing insert size distribution for orientation FR...
[M::mem_pestat] (25, 50, 75) percentile: (162, 184, 209)
[M::mem_pestat] low and high boundaries for computing mean and std.dev: (68, 303)
[M::mem_pestat] mean and std.dev: (186.32, 32.52)
[M::mem_pestat] low and high boundaries for proper pairs: (21, 350)
[M::mem_pestat] skip orientation RF as there are not enough pairs
[M::mem_pestat] skip orientation RR as there are not enough pairs
[M::mem_process_seqs] Processed 645440 reads in 1225.457 CPU sec, 156.555 real sec
[M::process] 0 single-end sequences; 645630 paired-end sequences
[M::process] read 646946 sequences (80000021 bp)...
[M::mem_pestat] # candidate unique pairs for (FF, FR, RF, RR): (0, 240622, 2, 0)
[M::mem_pestat] skip orientation FF as there are not enough pairs
[M::mem_pestat] analyzing insert size distribution for orientation FR...
[M::mem_pestat] (25, 50, 75) percentile: (162, 184, 209)
[M::mem_pestat] low and high boundaries for computing mean and std.dev: (68, 303)
[M::mem_pestat] mean and std.dev: (186.32, 32.47)
[M::mem_pestat] low and high boundaries for proper pairs: (21, 350)
[M::mem_pestat] skip orientation RF as there are not enough pairs
[M::mem_pestat] skip orientation RR as there are not enough pairs
[M::mem_process_seqs] Processed 645630 reads in 1015.948 CPU sec, 129.877 real sec
[M::process] 0 single-end sequences; 646946 paired-end sequences
[M::process] read 650126 sequences (80000021 bp)...
[M::mem_pestat] # candidate unique pairs for (FF, FR, RF, RR): (0, 241218, 2, 0)
[M::mem_pestat] skip orientation FF as there are not enough pairs
[M::mem_pestat] analyzing insert size distribution for orientation FR...
[M::mem_pestat] (25, 50, 75) percentile: (162, 184, 209)
[M::mem_pestat] low and high boundaries for computing mean and std.dev: (68, 303)
[M::mem_pestat] mean and std.dev: (186.38, 32.53)
[M::mem_pestat] low and high boundaries for proper pairs: (21, 350)
[M::mem_pestat] skip orientation RF as there are not enough pairs
[M::mem_pestat] skip orientation RR as there are not enough pairs
[M::mem_process_seqs] Processed 646946 reads in 979.593 CPU sec, 125.254 real sec
[M::process] 0 single-end sequences; 650126 paired-end sequences
[M::process] read 649908 sequences (80000054 bp)...
[M::mem_pestat] # candidate unique pairs for (FF, FR, RF, RR): (0, 243767, 4, 0)
[M::mem_pestat] skip orientation FF as there are not enough pairs
[M::mem_pestat] analyzing insert size distribution for orientation FR...
[M::mem_pestat] (25, 50, 75) percentile: (162, 184, 209)
[M::mem_pestat] low and high boundaries for computing mean and std.dev: (68, 303)
[M::mem_pestat] mean and std.dev: (186.62, 32.51)
[M::mem_pestat] low and high boundaries for proper pairs: (21, 350)
[M::mem_pestat] skip orientation RF as there are not enough pairs
[M::mem_pestat] skip orientation RR as there are not enough pairs
[M::mem_process_seqs] Processed 650126 reads in 839.971 CPU sec, 107.793 real sec
[M::process] 0 single-end sequences; 649908 paired-end sequences
[M::process] read 649852 sequences (80000202 bp)...
[M::mem_pestat] # candidate unique pairs for (FF, FR, RF, RR): (0, 243817, 2, 0)
[M::mem_pestat] skip orientation FF as there are not enough pairs
[M::mem_pestat] analyzing insert size distribution for orientation FR...
[M::mem_pestat] (25, 50, 75) percentile: (162, 184, 209)
[M::mem_pestat] low and high boundaries for computing mean and std.dev: (68, 303)
[M::mem_pestat] mean and std.dev: (186.73, 32.58)
[M::mem_pestat] low and high boundaries for proper pairs: (21, 350)
[M::mem_pestat] skip orientation RF as there are not enough pairs
[M::mem_pestat] skip orientation RR as there are not enough pairs
[M::mem_process_seqs] Processed 649908 reads in 829.067 CPU sec, 106.415 real sec
[M::process] 0 single-end sequences; 649852 paired-end sequences
[M::process] read 649528 sequences (80000067 bp)...
[M::mem_pestat] # candidate unique pairs for (FF, FR, RF, RR): (0, 243477, 2, 0)
[M::mem_pestat] skip orientation FF as there are not enough pairs
[M::mem_pestat] analyzing insert size distribution for orientation FR...
[M::mem_pestat] (25, 50, 75) percentile: (162, 184, 209)
[M::mem_pestat] low and high boundaries for computing mean and std.dev: (68, 303)
[M::mem_pestat] mean and std.dev: (186.55, 32.48)
[M::mem_pestat] low and high boundaries for proper pairs: (21, 350)
[M::mem_pestat] skip orientation RF as there are not enough pairs
[M::mem_pestat] skip orientation RR as there are not enough pairs
[M::mem_process_seqs] Processed 649852 reads in 821.316 CPU sec, 105.408 real sec
[M::process] 0 single-end sequences; 649528 paired-end sequences
[M::process] read 649276 sequences (80000018 bp)...
[M::mem_pestat] # candidate unique pairs for (FF, FR, RF, RR): (0, 243626, 2, 0)
[M::mem_pestat] skip orientation FF as there are not enough pairs
[M::mem_pestat] analyzing insert size distribution for orientation FR...
[M::mem_pestat] (25, 50, 75) percentile: (162, 184, 209)
[M::mem_pestat] low and high boundaries for computing mean and std.dev: (68, 303)
[M::mem_pestat] mean and std.dev: (186.64, 32.50)
[M::mem_pestat] low and high boundaries for proper pairs: (21, 350)
[M::mem_pestat] skip orientation RF as there are not enough pairs
[M::mem_pestat] skip orientation RR as there are not enough pairs
[M::mem_process_seqs] Processed 649528 reads in 819.758 CPU sec, 105.214 real sec
[M::process] 0 single-end sequences; 649276 paired-end sequences
[M::process] read 649156 sequences (80000205 bp)...
[M::mem_pestat] # candidate unique pairs for (FF, FR, RF, RR): (0, 243551, 2, 0)
[M::mem_pestat] skip orientation FF as there are not enough pairs
[M::mem_pestat] analyzing insert size distribution for orientation FR...
[M::mem_pestat] (25, 50, 75) percentile: (162, 184, 209)
[M::mem_pestat] low and high boundaries for computing mean and std.dev: (68, 303)
[M::mem_pestat] mean and std.dev: (186.66, 32.57)
[M::mem_pestat] low and high boundaries for proper pairs: (21, 350)
[M::mem_pestat] skip orientation RF as there are not enough pairs
[M::mem_pestat] skip orientation RR as there are not enough pairs
[M::mem_process_seqs] Processed 649276 reads in 817.620 CPU sec, 104.949 real sec
[M::process] 0 single-end sequences; 649156 paired-end sequences
[M::process] read 648972 sequences (80000221 bp)...
[M::mem_pestat] # candidate unique pairs for (FF, FR, RF, RR): (0, 243493, 5, 0)
[M::mem_pestat] skip orientation FF as there are not enough pairs
[M::mem_pestat] analyzing insert size distribution for orientation FR...
[M::mem_pestat] (25, 50, 75) percentile: (162, 184, 209)
[M::mem_pestat] low and high boundaries for computing mean and std.dev: (68, 303)
[M::mem_pestat] mean and std.dev: (186.70, 32.60)
[M::mem_pestat] low and high boundaries for proper pairs: (21, 350)
[M::mem_pestat] skip orientation RF as there are not enough pairs
[M::mem_pestat] skip orientation RR as there are not enough pairs
[M::mem_process_seqs] Processed 649156 reads in 817.229 CPU sec, 104.910 real sec
[M::process] 0 single-end sequences; 648972 paired-end sequences
[M::process] read 648572 sequences (80000018 bp)...
[M::mem_pestat] # candidate unique pairs for (FF, FR, RF, RR): (0, 243468, 3, 0)
[M::mem_pestat] skip orientation FF as there are not enough pairs
[M::mem_pestat] analyzing insert size distribution for orientation FR...
[M::mem_pestat] (25, 50, 75) percentile: (162, 184, 209)
[M::mem_pestat] low and high boundaries for computing mean and std.dev: (68, 303)
[M::mem_pestat] mean and std.dev: (186.50, 32.52)
[M::mem_pestat] low and high boundaries for proper pairs: (21, 350)
[M::mem_pestat] skip orientation RF as there are not enough pairs
[M::mem_pestat] skip orientation RR as there are not enough pairs
[M::mem_process_seqs] Processed 648972 reads in 817.183 CPU sec, 104.854 real sec
[M::process] 0 single-end sequences; 648572 paired-end sequences
[M::process] read 647802 sequences (80000082 bp)...
[M::mem_pestat] # candidate unique pairs for (FF, FR, RF, RR): (0, 243521, 3, 0)
[M::mem_pestat] skip orientation FF as there are not enough pairs
[M::mem_pestat] analyzing insert size distribution for orientation FR...
[M::mem_pestat] (25, 50, 75) percentile: (162, 184, 209)
[M::mem_pestat] low and high boundaries for computing mean and std.dev: (68, 303)
[M::mem_pestat] mean and std.dev: (186.53, 32.49)
[M::mem_pestat] low and high boundaries for proper pairs: (21, 350)
[M::mem_pestat] skip orientation RF as there are not enough pairs
[M::mem_pestat] skip orientation RR as there are not enough pairs
[M::mem_process_seqs] Processed 648572 reads in 819.588 CPU sec, 105.193 real sec
[M::process] 0 single-end sequences; 647802 paired-end sequences
[M::process] read 648170 sequences (80000155 bp)...
[M::mem_pestat] # candidate unique pairs for (FF, FR, RF, RR): (0, 242966, 1, 0)
[M::mem_pestat] skip orientation FF as there are not enough pairs
[M::mem_pestat] analyzing insert size distribution for orientation FR...
[M::mem_pestat] (25, 50, 75) percentile: (162, 184, 209)
[M::mem_pestat] low and high boundaries for computing mean and std.dev: (68, 303)
[M::mem_pestat] mean and std.dev: (186.54, 32.51)
[M::mem_pestat] low and high boundaries for proper pairs: (21, 350)
[M::mem_pestat] skip orientation RF as there are not enough pairs
[M::mem_pestat] skip orientation RR as there are not enough pairs
[M::mem_process_seqs] Processed 647802 reads in 828.000 CPU sec, 106.234 real sec
[M::process] 0 single-end sequences; 648170 paired-end sequences
[M::process] read 648638 sequences (80000095 bp)...
[M::mem_pestat] # candidate unique pairs for (FF, FR, RF, RR): (0, 243357, 8, 0)
[M::mem_pestat] skip orientation FF as there are not enough pairs
[M::mem_pestat] analyzing insert size distribution for orientation FR...
[M::mem_pestat] (25, 50, 75) percentile: (162, 184, 209)
[M::mem_pestat] low and high boundaries for computing mean and std.dev: (68, 303)
[M::mem_pestat] mean and std.dev: (186.50, 32.52)
[M::mem_pestat] low and high boundaries for proper pairs: (21, 350)
[M::mem_pestat] skip orientation RF as there are not enough pairs
[M::mem_pestat] skip orientation RR as there are not enough pairs
[M::mem_process_seqs] Processed 648170 reads in 814.586 CPU sec, 104.560 real sec
[M::process] 0 single-end sequences; 648638 paired-end sequences
[M::process] read 648518 sequences (80000246 bp)...
[M::mem_pestat] # candidate unique pairs for (FF, FR, RF, RR): (0, 243676, 3, 0)
[M::mem_pestat] skip orientation FF as there are not enough pairs
[M::mem_pestat] analyzing insert size distribution for orientation FR...
[M::mem_pestat] (25, 50, 75) percentile: (162, 184, 209)
[M::mem_pestat] low and high boundaries for computing mean and std.dev: (68, 303)
[M::mem_pestat] mean and std.dev: (186.53, 32.58)
[M::mem_pestat] low and high boundaries for proper pairs: (21, 350)
[M::mem_pestat] skip orientation RF as there are not enough pairs
[M::mem_pestat] skip orientation RR as there are not enough pairs
[M::mem_process_seqs] Processed 648638 reads in 811.463 CPU sec, 104.197 real sec
[M::process] 0 single-end sequences; 648518 paired-end sequences
[M::process] read 648004 sequences (80000067 bp)...
[M::mem_pestat] # candidate unique pairs for (FF, FR, RF, RR): (0, 243815, 3, 0)
[M::mem_pestat] skip orientation FF as there are not enough pairs
[M::mem_pestat] analyzing insert size distribution for orientation FR...
[M::mem_pestat] (25, 50, 75) percentile: (162, 184, 209)
[M::mem_pestat] low and high boundaries for computing mean and std.dev: (68, 303)
[M::mem_pestat] mean and std.dev: (186.45, 32.55)
[M::mem_pestat] low and high boundaries for proper pairs: (21, 350)
[M::mem_pestat] skip orientation RF as there are not enough pairs
[M::mem_pestat] skip orientation RR as there are not enough pairs
[M::mem_process_seqs] Processed 648518 reads in 807.603 CPU sec, 103.676 real sec
[M::process] 0 single-end sequences; 648004 paired-end sequences
[M::process] read 648508 sequences (80000123 bp)...
[M::mem_pestat] # candidate unique pairs for (FF, FR, RF, RR): (0, 243688, 4, 0)
[M::mem_pestat] skip orientation FF as there are not enough pairs
[M::mem_pestat] analyzing insert size distribution for orientation FR...
[M::mem_pestat] (25, 50, 75) percentile: (162, 184, 209)
[M::mem_pestat] low and high boundaries for computing mean and std.dev: (68, 303)
[M::mem_pestat] mean and std.dev: (186.40, 32.54)
[M::mem_pestat] low and high boundaries for proper pairs: (21, 350)
[M::mem_pestat] skip orientation RF as there are not enough pairs
[M::mem_pestat] skip orientation RR as there are not enough pairs
[M::mem_process_seqs] Processed 648004 reads in 814.145 CPU sec, 104.512 real sec
[M::process] 0 single-end sequences; 648508 paired-end sequences
[M::process] read 649296 sequences (80000198 bp)...
[M::mem_pestat] # candidate unique pairs for (FF, FR, RF, RR): (0, 243523, 3, 0)
[M::mem_pestat] skip orientation FF as there are not enough pairs
[M::mem_pestat] analyzing insert size distribution for orientation FR...
[M::mem_pestat] (25, 50, 75) percentile: (162, 184, 209)
[M::mem_pestat] low and high boundaries for computing mean and std.dev: (68, 303)
[M::mem_pestat] mean and std.dev: (186.46, 32.57)
[M::mem_pestat] low and high boundaries for proper pairs: (21, 350)
[M::mem_pestat] skip orientation RF as there are not enough pairs
[M::mem_pestat] skip orientation RR as there are not enough pairs
[M::mem_process_seqs] Processed 648508 reads in 820.880 CPU sec, 105.383 real sec
[M::process] 0 single-end sequences; 649296 paired-end sequences
[M::process] read 649386 sequences (80000218 bp)...
[M::mem_pestat] # candidate unique pairs for (FF, FR, RF, RR): (0, 244269, 4, 0)
[M::mem_pestat] skip orientation FF as there are not enough pairs
[M::mem_pestat] analyzing insert size distribution for orientation FR...
[M::mem_pestat] (25, 50, 75) percentile: (162, 184, 209)
[M::mem_pestat] low and high boundaries for computing mean and std.dev: (68, 303)
[M::mem_pestat] mean and std.dev: (186.44, 32.55)
[M::mem_pestat] low and high boundaries for proper pairs: (21, 350)
[M::mem_pestat] skip orientation RF as there are not enough pairs
[M::mem_pestat] skip orientation RR as there are not enough pairs
[M::mem_process_seqs] Processed 649296 reads in 812.253 CPU sec, 104.277 real sec
[M::process] 0 single-end sequences; 649386 paired-end sequences
[M::process] read 649512 sequences (80000233 bp)...
[M::mem_pestat] # candidate unique pairs for (FF, FR, RF, RR): (0, 244155, 7, 0)
[M::mem_pestat] skip orientation FF as there are not enough pairs
[M::mem_pestat] analyzing insert size distribution for orientation FR...
[M::mem_pestat] (25, 50, 75) percentile: (162, 184, 209)
[M::mem_pestat] low and high boundaries for computing mean and std.dev: (68, 303)
[M::mem_pestat] mean and std.dev: (186.26, 32.53)
[M::mem_pestat] low and high boundaries for proper pairs: (21, 350)
[M::mem_pestat] skip orientation RF as there are not enough pairs
[M::mem_pestat] skip orientation RR as there are not enough pairs
[M::mem_process_seqs] Processed 649386 reads in 816.350 CPU sec, 104.836 real sec
[M::process] 0 single-end sequences; 649512 paired-end sequences
[M::process] read 649320 sequences (80000152 bp)...
[M::mem_pestat] # candidate unique pairs for (FF, FR, RF, RR): (0, 244034, 3, 0)
[M::mem_pestat] skip orientation FF as there are not enough pairs
[M::mem_pestat] analyzing insert size distribution for orientation FR...
[M::mem_pestat] (25, 50, 75) percentile: (162, 184, 209)
[M::mem_pestat] low and high boundaries for computing mean and std.dev: (68, 303)
[M::mem_pestat] mean and std.dev: (186.40, 32.52)
[M::mem_pestat] low and high boundaries for proper pairs: (21, 350)
[M::mem_pestat] skip orientation RF as there are not enough pairs
[M::mem_pestat] skip orientation RR as there are not enough pairs
[M::mem_process_seqs] Processed 649512 reads in 812.329 CPU sec, 104.263 real sec
[M::process] 0 single-end sequences; 649320 paired-end sequences
[M::process] read 648990 sequences (80000181 bp)...
[M::mem_pestat] # candidate unique pairs for (FF, FR, RF, RR): (0, 244042, 2, 0)
[M::mem_pestat] skip orientation FF as there are not enough pairs
[M::mem_pestat] analyzing insert size distribution for orientation FR...
[M::mem_pestat] (25, 50, 75) percentile: (162, 184, 209)
[M::mem_pestat] low and high boundaries for computing mean and std.dev: (68, 303)
[M::mem_pestat] mean and std.dev: (186.37, 32.57)
[M::mem_pestat] low and high boundaries for proper pairs: (21, 350)
[M::mem_pestat] skip orientation RF as there are not enough pairs
[M::mem_pestat] skip orientation RR as there are not enough pairs
[M::mem_process_seqs] Processed 649320 reads in 810.666 CPU sec, 104.081 real sec
[M::process] 0 single-end sequences; 648990 paired-end sequences
[M::process] read 648862 sequences (80000245 bp)...
[M::mem_pestat] # candidate unique pairs for (FF, FR, RF, RR): (0, 243431, 1, 0)
[M::mem_pestat] skip orientation FF as there are not enough pairs
[M::mem_pestat] analyzing insert size distribution for orientation FR...
[M::mem_pestat] (25, 50, 75) percentile: (162, 184, 209)
[M::mem_pestat] low and high boundaries for computing mean and std.dev: (68, 303)
[M::mem_pestat] mean and std.dev: (186.32, 32.52)
[M::mem_pestat] low and high boundaries for proper pairs: (21, 350)
[M::mem_pestat] skip orientation RF as there are not enough pairs
[M::mem_pestat] skip orientation RR as there are not enough pairs
[M::mem_process_seqs] Processed 648990 reads in 818.698 CPU sec, 105.065 real sec
[M::process] 0 single-end sequences; 648862 paired-end sequences
[M::process] read 648422 sequences (80000183 bp)...
[M::mem_pestat] # candidate unique pairs for (FF, FR, RF, RR): (0, 243931, 7, 0)
[M::mem_pestat] skip orientation FF as there are not enough pairs
[M::mem_pestat] analyzing insert size distribution for orientation FR...
[M::mem_pestat] (25, 50, 75) percentile: (162, 184, 209)
[M::mem_pestat] low and high boundaries for computing mean and std.dev: (68, 303)
[M::mem_pestat] mean and std.dev: (186.32, 32.46)
[M::mem_pestat] low and high boundaries for proper pairs: (21, 350)
[M::mem_pestat] skip orientation RF as there are not enough pairs
[M::mem_pestat] skip orientation RR as there are not enough pairs
[M::mem_process_seqs] Processed 648862 reads in 805.018 CPU sec, 103.357 real sec
[M::process] 0 single-end sequences; 648422 paired-end sequences
[M::process] read 648222 sequences (80000035 bp)...
[M::mem_pestat] # candidate unique pairs for (FF, FR, RF, RR): (0, 243486, 0, 0)
[M::mem_pestat] skip orientation FF as there are not enough pairs
[M::mem_pestat] analyzing insert size distribution for orientation FR...
[M::mem_pestat] (25, 50, 75) percentile: (162, 184, 209)
[M::mem_pestat] low and high boundaries for computing mean and std.dev: (68, 303)
[M::mem_pestat] mean and std.dev: (186.27, 32.51)
[M::mem_pestat] low and high boundaries for proper pairs: (21, 350)
[M::mem_pestat] skip orientation RF as there are not enough pairs
[M::mem_pestat] skip orientation RR as there are not enough pairs
[M::mem_process_seqs] Processed 648422 reads in 808.383 CPU sec, 103.779 real sec
[M::process] 0 single-end sequences; 648222 paired-end sequences
[M::process] read 647358 sequences (80000042 bp)...
[M::mem_pestat] # candidate unique pairs for (FF, FR, RF, RR): (0, 243669, 6, 0)
[M::mem_pestat] skip orientation FF as there are not enough pairs
[M::mem_pestat] analyzing insert size distribution for orientation FR...
[M::mem_pestat] (25, 50, 75) percentile: (162, 184, 209)
[M::mem_pestat] low and high boundaries for computing mean and std.dev: (68, 303)
[M::mem_pestat] mean and std.dev: (186.27, 32.55)
[M::mem_pestat] low and high boundaries for proper pairs: (21, 350)
[M::mem_pestat] skip orientation RF as there are not enough pairs
[M::mem_pestat] skip orientation RR as there are not enough pairs
[M::mem_process_seqs] Processed 648222 reads in 808.492 CPU sec, 103.812 real sec
[M::process] 0 single-end sequences; 647358 paired-end sequences
[M::process] read 647186 sequences (80000109 bp)...
[M::mem_pestat] # candidate unique pairs for (FF, FR, RF, RR): (0, 242954, 5, 0)
[M::mem_pestat] skip orientation FF as there are not enough pairs
[M::mem_pestat] analyzing insert size distribution for orientation FR...
[M::mem_pestat] (25, 50, 75) percentile: (162, 184, 209)
[M::mem_pestat] low and high boundaries for computing mean and std.dev: (68, 303)
[M::mem_pestat] mean and std.dev: (186.17, 32.49)
[M::mem_pestat] low and high boundaries for proper pairs: (21, 350)
[M::mem_pestat] skip orientation RF as there are not enough pairs
[M::mem_pestat] skip orientation RR as there are not enough pairs
[M::mem_process_seqs] Processed 647358 reads in 824.413 CPU sec, 105.783 real sec
[M::process] 0 single-end sequences; 647186 paired-end sequences
[M::process] read 647096 sequences (80000222 bp)...
[M::mem_pestat] # candidate unique pairs for (FF, FR, RF, RR): (0, 242857, 7, 0)
[M::mem_pestat] skip orientation FF as there are not enough pairs
[M::mem_pestat] analyzing insert size distribution for orientation FR...
[M::mem_pestat] (25, 50, 75) percentile: (162, 184, 209)
[M::mem_pestat] low and high boundaries for computing mean and std.dev: (68, 303)
[M::mem_pestat] mean and std.dev: (186.21, 32.50)
[M::mem_pestat] low and high boundaries for proper pairs: (21, 350)
[M::mem_pestat] skip orientation RF as there are not enough pairs
[M::mem_pestat] skip orientation RR as there are not enough pairs
[M::mem_process_seqs] Processed 647186 reads in 824.794 CPU sec, 105.861 real sec
[M::process] 0 single-end sequences; 647096 paired-end sequences
[M::process] read 647056 sequences (80000194 bp)...
[M::mem_pestat] # candidate unique pairs for (FF, FR, RF, RR): (0, 242560, 4, 0)
[M::mem_pestat] skip orientation FF as there are not enough pairs
[M::mem_pestat] analyzing insert size distribution for orientation FR...
[M::mem_pestat] (25, 50, 75) percentile: (162, 184, 209)
[M::mem_pestat] low and high boundaries for computing mean and std.dev: (68, 303)
[M::mem_pestat] mean and std.dev: (186.19, 32.52)
[M::mem_pestat] low and high boundaries for proper pairs: (21, 350)
[M::mem_pestat] skip orientation RF as there are not enough pairs
[M::mem_pestat] skip orientation RR as there are not enough pairs
[M::mem_process_seqs] Processed 647096 reads in 830.554 CPU sec, 106.583 real sec
[M::process] 0 single-end sequences; 647056 paired-end sequences
[M::process] read 646896 sequences (80000070 bp)...
[M::mem_pestat] # candidate unique pairs for (FF, FR, RF, RR): (0, 241758, 3, 0)
[M::mem_pestat] skip orientation FF as there are not enough pairs
[M::mem_pestat] analyzing insert size distribution for orientation FR...
[M::mem_pestat] (25, 50, 75) percentile: (162, 184, 208)
[M::mem_pestat] low and high boundaries for computing mean and std.dev: (70, 300)
[M::mem_pestat] mean and std.dev: (186.01, 32.47)
[M::mem_pestat] low and high boundaries for proper pairs: (24, 346)
[M::mem_pestat] skip orientation RF as there are not enough pairs
[M::mem_pestat] skip orientation RR as there are not enough pairs
[M::mem_process_seqs] Processed 647056 reads in 837.490 CPU sec, 107.430 real sec
[M::process] 0 single-end sequences; 646896 paired-end sequences
[M::process] read 646788 sequences (80000081 bp)...
[M::mem_pestat] # candidate unique pairs for (FF, FR, RF, RR): (0, 242030, 6, 0)
[M::mem_pestat] skip orientation FF as there are not enough pairs
[M::mem_pestat] analyzing insert size distribution for orientation FR...
[M::mem_pestat] (25, 50, 75) percentile: (162, 184, 208)
[M::mem_pestat] low and high boundaries for computing mean and std.dev: (70, 300)
[M::mem_pestat] mean and std.dev: (186.13, 32.41)
[M::mem_pestat] low and high boundaries for proper pairs: (24, 346)
[M::mem_pestat] skip orientation RF as there are not enough pairs
[M::mem_pestat] skip orientation RR as there are not enough pairs
[M::mem_process_seqs] Processed 646896 reads in 829.341 CPU sec, 106.397 real sec
[M::process] 0 single-end sequences; 646788 paired-end sequences
[M::process] read 646356 sequences (80000156 bp)...
[M::mem_pestat] # candidate unique pairs for (FF, FR, RF, RR): (0, 241512, 4, 0)
[M::mem_pestat] skip orientation FF as there are not enough pairs
[M::mem_pestat] analyzing insert size distribution for orientation FR...
[M::mem_pestat] (25, 50, 75) percentile: (162, 184, 208)
[M::mem_pestat] low and high boundaries for computing mean and std.dev: (70, 300)
[M::mem_pestat] mean and std.dev: (186.06, 32.48)
[M::mem_pestat] low and high boundaries for proper pairs: (24, 346)
[M::mem_pestat] skip orientation RF as there are not enough pairs
[M::mem_pestat] skip orientation RR as there are not enough pairs
[M::mem_process_seqs] Processed 646788 reads in 831.356 CPU sec, 106.618 real sec
[M::process] 0 single-end sequences; 646356 paired-end sequences
[M::process] read 645928 sequences (80000219 bp)...
[M::mem_pestat] # candidate unique pairs for (FF, FR, RF, RR): (0, 241416, 2, 0)
[M::mem_pestat] skip orientation FF as there are not enough pairs
[M::mem_pestat] analyzing insert size distribution for orientation FR...
[M::mem_pestat] (25, 50, 75) percentile: (162, 184, 208)
[M::mem_pestat] low and high boundaries for computing mean and std.dev: (70, 300)
[M::mem_pestat] mean and std.dev: (186.08, 32.52)
[M::mem_pestat] low and high boundaries for proper pairs: (24, 346)
[M::mem_pestat] skip orientation RF as there are not enough pairs
[M::mem_pestat] skip orientation RR as there are not enough pairs
[M::mem_process_seqs] Processed 646356 reads in 832.585 CPU sec, 107.370 real sec
[M::process] 0 single-end sequences; 645928 paired-end sequences
[M::process] read 645802 sequences (80000005 bp)...
[M::mem_pestat] # candidate unique pairs for (FF, FR, RF, RR): (0, 240885, 4, 0)
[M::mem_pestat] skip orientation FF as there are not enough pairs
[M::mem_pestat] analyzing insert size distribution for orientation FR...
[M::mem_pestat] (25, 50, 75) percentile: (162, 184, 208)
[M::mem_pestat] low and high boundaries for computing mean and std.dev: (70, 300)
[M::mem_pestat] mean and std.dev: (185.99, 32.44)
[M::mem_pestat] low and high boundaries for proper pairs: (24, 346)
[M::mem_pestat] skip orientation RF as there are not enough pairs
[M::mem_pestat] skip orientation RR as there are not enough pairs
[M::mem_process_seqs] Processed 645928 reads in 827.315 CPU sec, 106.115 real sec
[M::process] 0 single-end sequences; 645802 paired-end sequences
[M::process] read 645486 sequences (80000244 bp)...
[M::mem_pestat] # candidate unique pairs for (FF, FR, RF, RR): (0, 241686, 3, 0)
[M::mem_pestat] skip orientation FF as there are not enough pairs
[M::mem_pestat] analyzing insert size distribution for orientation FR...
[M::mem_pestat] (25, 50, 75) percentile: (162, 184, 208)
[M::mem_pestat] low and high boundaries for computing mean and std.dev: (70, 300)
[M::mem_pestat] mean and std.dev: (186.02, 32.53)
[M::mem_pestat] low and high boundaries for proper pairs: (24, 346)
[M::mem_pestat] skip orientation RF as there are not enough pairs
[M::mem_pestat] skip orientation RR as there are not enough pairs
[M::mem_process_seqs] Processed 645802 reads in 816.159 CPU sec, 104.980 real sec
[M::process] 0 single-end sequences; 645486 paired-end sequences
[M::process] read 646866 sequences (80000210 bp)...
[M::mem_pestat] # candidate unique pairs for (FF, FR, RF, RR): (0, 241803, 2, 0)
[M::mem_pestat] skip orientation FF as there are not enough pairs
[M::mem_pestat] analyzing insert size distribution for orientation FR...
[M::mem_pestat] (25, 50, 75) percentile: (162, 184, 208)
[M::mem_pestat] low and high boundaries for computing mean and std.dev: (70, 300)
[M::mem_pestat] mean and std.dev: (186.15, 32.45)
[M::mem_pestat] low and high boundaries for proper pairs: (24, 346)
[M::mem_pestat] skip orientation RF as there are not enough pairs
[M::mem_pestat] skip orientation RR as there are not enough pairs
[M::mem_process_seqs] Processed 645486 reads in 811.297 CPU sec, 104.112 real sec
[M::process] 0 single-end sequences; 646866 paired-end sequences
[M::process] read 655074 sequences (80000229 bp)...
[M::mem_pestat] # candidate unique pairs for (FF, FR, RF, RR): (0, 242712, 2, 0)
[M::mem_pestat] skip orientation FF as there are not enough pairs
[M::mem_pestat] analyzing insert size distribution for orientation FR...
[M::mem_pestat] (25, 50, 75) percentile: (162, 184, 208)
[M::mem_pestat] low and high boundaries for computing mean and std.dev: (70, 300)
[M::mem_pestat] mean and std.dev: (186.08, 32.46)
[M::mem_pestat] low and high boundaries for proper pairs: (24, 346)
[M::mem_pestat] skip orientation RF as there are not enough pairs
[M::mem_pestat] skip orientation RR as there are not enough pairs
[M::mem_process_seqs] Processed 646866 reads in 800.292 CPU sec, 102.876 real sec
[M::process] 0 single-end sequences; 655074 paired-end sequences
[M::process] read 654638 sequences (80000085 bp)...
[M::mem_pestat] # candidate unique pairs for (FF, FR, RF, RR): (0, 246088, 4, 0)
[M::mem_pestat] skip orientation FF as there are not enough pairs
[M::mem_pestat] analyzing insert size distribution for orientation FR...
[M::mem_pestat] (25, 50, 75) percentile: (162, 184, 209)
[M::mem_pestat] low and high boundaries for computing mean and std.dev: (68, 303)
[M::mem_pestat] mean and std.dev: (186.49, 32.49)
[M::mem_pestat] low and high boundaries for proper pairs: (21, 350)
[M::mem_pestat] skip orientation RF as there are not enough pairs
[M::mem_pestat] skip orientation RR as there are not enough pairs
[M::mem_process_seqs] Processed 655074 reads in 844.514 CPU sec, 108.522 real sec
[M::process] 0 single-end sequences; 654638 paired-end sequences
[M::process] read 653668 sequences (80000000 bp)...
[M::mem_pestat] # candidate unique pairs for (FF, FR, RF, RR): (0, 246191, 2, 0)
[M::mem_pestat] skip orientation FF as there are not enough pairs
[M::mem_pestat] analyzing insert size distribution for orientation FR...
[M::mem_pestat] (25, 50, 75) percentile: (162, 184, 209)
[M::mem_pestat] low and high boundaries for computing mean and std.dev: (68, 303)
[M::mem_pestat] mean and std.dev: (186.60, 32.54)
[M::mem_pestat] low and high boundaries for proper pairs: (21, 350)
[M::mem_pestat] skip orientation RF as there are not enough pairs
[M::mem_pestat] skip orientation RR as there are not enough pairs
[M::mem_process_seqs] Processed 654638 reads in 841.095 CPU sec, 107.907 real sec
[M::process] 0 single-end sequences; 653668 paired-end sequences
[M::process] read 653116 sequences (80000098 bp)...
[M::mem_pestat] # candidate unique pairs for (FF, FR, RF, RR): (0, 245650, 7, 0)
[M::mem_pestat] skip orientation FF as there are not enough pairs
[M::mem_pestat] analyzing insert size distribution for orientation FR...
[M::mem_pestat] (25, 50, 75) percentile: (162, 184, 209)
[M::mem_pestat] low and high boundaries for computing mean and std.dev: (68, 303)
[M::mem_pestat] mean and std.dev: (186.51, 32.54)
[M::mem_pestat] low and high boundaries for proper pairs: (21, 350)
[M::mem_pestat] skip orientation RF as there are not enough pairs
[M::mem_pestat] skip orientation RR as there are not enough pairs
[M::mem_process_seqs] Processed 653668 reads in 840.458 CPU sec, 107.846 real sec
[M::process] 0 single-end sequences; 653116 paired-end sequences
[M::process] read 652820 sequences (80000104 bp)...
[M::mem_pestat] # candidate unique pairs for (FF, FR, RF, RR): (0, 245595, 5, 0)
[M::mem_pestat] skip orientation FF as there are not enough pairs
[M::mem_pestat] analyzing insert size distribution for orientation FR...
[M::mem_pestat] (25, 50, 75) percentile: (162, 184, 209)
[M::mem_pestat] low and high boundaries for computing mean and std.dev: (68, 303)
[M::mem_pestat] mean and std.dev: (186.59, 32.59)
[M::mem_pestat] low and high boundaries for proper pairs: (21, 350)
[M::mem_pestat] skip orientation RF as there are not enough pairs
[M::mem_pestat] skip orientation RR as there are not enough pairs
[M::mem_process_seqs] Processed 653116 reads in 829.384 CPU sec, 106.443 real sec
[M::process] 0 single-end sequences; 652820 paired-end sequences
[M::process] read 652410 sequences (80000020 bp)...
[M::mem_pestat] # candidate unique pairs for (FF, FR, RF, RR): (0, 245492, 1, 0)
[M::mem_pestat] skip orientation FF as there are not enough pairs
[M::mem_pestat] analyzing insert size distribution for orientation FR...
[M::mem_pestat] (25, 50, 75) percentile: (162, 184, 209)
[M::mem_pestat] low and high boundaries for computing mean and std.dev: (68, 303)
[M::mem_pestat] mean and std.dev: (186.60, 32.56)
[M::mem_pestat] low and high boundaries for proper pairs: (21, 350)
[M::mem_pestat] skip orientation RF as there are not enough pairs
[M::mem_pestat] skip orientation RR as there are not enough pairs
[M::mem_process_seqs] Processed 652820 reads in 825.421 CPU sec, 105.910 real sec
[M::process] 0 single-end sequences; 652410 paired-end sequences
[M::process] read 652088 sequences (80000069 bp)...
[M::mem_pestat] # candidate unique pairs for (FF, FR, RF, RR): (0, 245326, 5, 0)
[M::mem_pestat] skip orientation FF as there are not enough pairs
[M::mem_pestat] analyzing insert size distribution for orientation FR...
[M::mem_pestat] (25, 50, 75) percentile: (162, 184, 209)
[M::mem_pestat] low and high boundaries for computing mean and std.dev: (68, 303)
[M::mem_pestat] mean and std.dev: (186.52, 32.53)
[M::mem_pestat] low and high boundaries for proper pairs: (21, 350)
[M::mem_pestat] skip orientation RF as there are not enough pairs
[M::mem_pestat] skip orientation RR as there are not enough pairs
[M::mem_process_seqs] Processed 652410 reads in 819.227 CPU sec, 105.139 real sec
[M::process] 0 single-end sequences; 652088 paired-end sequences
[M::process] read 652012 sequences (80000071 bp)...
[M::mem_pestat] # candidate unique pairs for (FF, FR, RF, RR): (0, 245823, 5, 0)
[M::mem_pestat] skip orientation FF as there are not enough pairs
[M::mem_pestat] analyzing insert size distribution for orientation FR...
[M::mem_pestat] (25, 50, 75) percentile: (162, 184, 209)
[M::mem_pestat] low and high boundaries for computing mean and std.dev: (68, 303)
[M::mem_pestat] mean and std.dev: (186.48, 32.56)
[M::mem_pestat] low and high boundaries for proper pairs: (21, 350)
[M::mem_pestat] skip orientation RF as there are not enough pairs
[M::mem_pestat] skip orientation RR as there are not enough pairs
[M::mem_process_seqs] Processed 652088 reads in 814.762 CPU sec, 104.599 real sec
[M::process] 0 single-end sequences; 652012 paired-end sequences
[M::process] read 651712 sequences (80000134 bp)...
[M::mem_pestat] # candidate unique pairs for (FF, FR, RF, RR): (0, 245362, 5, 0)
[M::mem_pestat] skip orientation FF as there are not enough pairs
[M::mem_pestat] analyzing insert size distribution for orientation FR...
[M::mem_pestat] (25, 50, 75) percentile: (162, 184, 209)
[M::mem_pestat] low and high boundaries for computing mean and std.dev: (68, 303)
[M::mem_pestat] mean and std.dev: (186.37, 32.59)
[M::mem_pestat] low and high boundaries for proper pairs: (21, 350)
[M::mem_pestat] skip orientation RF as there are not enough pairs
[M::mem_pestat] skip orientation RR as there are not enough pairs
[M::mem_process_seqs] Processed 652012 reads in 813.953 CPU sec, 104.507 real sec
[M::process] 0 single-end sequences; 651712 paired-end sequences
[M::process] read 651554 sequences (80000050 bp)...
[M::mem_pestat] # candidate unique pairs for (FF, FR, RF, RR): (0, 246041, 6, 0)
[M::mem_pestat] skip orientation FF as there are not enough pairs
[M::mem_pestat] analyzing insert size distribution for orientation FR...
[M::mem_pestat] (25, 50, 75) percentile: (162, 184, 209)
[M::mem_pestat] low and high boundaries for computing mean and std.dev: (68, 303)
[M::mem_pestat] mean and std.dev: (186.54, 32.51)
[M::mem_pestat] low and high boundaries for proper pairs: (21, 350)
[M::mem_pestat] skip orientation RF as there are not enough pairs
[M::mem_pestat] skip orientation RR as there are not enough pairs
[M::mem_process_seqs] Processed 651712 reads in 805.782 CPU sec, 103.492 real sec
[M::process] 0 single-end sequences; 651554 paired-end sequences
[M::process] read 651448 sequences (80000221 bp)...
[M::mem_pestat] # candidate unique pairs for (FF, FR, RF, RR): (0, 246112, 3, 0)
[M::mem_pestat] skip orientation FF as there are not enough pairs
[M::mem_pestat] analyzing insert size distribution for orientation FR...
[M::mem_pestat] (25, 50, 75) percentile: (162, 184, 209)
[M::mem_pestat] low and high boundaries for computing mean and std.dev: (68, 303)
[M::mem_pestat] mean and std.dev: (186.62, 32.53)
[M::mem_pestat] low and high boundaries for proper pairs: (21, 350)
[M::mem_pestat] skip orientation RF as there are not enough pairs
[M::mem_pestat] skip orientation RR as there are not enough pairs
[M::mem_process_seqs] Processed 651554 reads in 803.102 CPU sec, 103.124 real sec
[M::process] 0 single-end sequences; 651448 paired-end sequences
[M::process] read 651492 sequences (80000210 bp)...
[M::mem_pestat] # candidate unique pairs for (FF, FR, RF, RR): (0, 245269, 3, 0)
[M::mem_pestat] skip orientation FF as there are not enough pairs
[M::mem_pestat] analyzing insert size distribution for orientation FR...
[M::mem_pestat] (25, 50, 75) percentile: (162, 184, 209)
[M::mem_pestat] low and high boundaries for computing mean and std.dev: (68, 303)
[M::mem_pestat] mean and std.dev: (186.47, 32.49)
[M::mem_pestat] low and high boundaries for proper pairs: (21, 350)
[M::mem_pestat] skip orientation RF as there are not enough pairs
[M::mem_pestat] skip orientation RR as there are not enough pairs
[M::mem_process_seqs] Processed 651448 reads in 807.157 CPU sec, 103.614 real sec
[M::process] 0 single-end sequences; 651492 paired-end sequences
[M::process] read 652128 sequences (80000032 bp)...
[M::mem_pestat] # candidate unique pairs for (FF, FR, RF, RR): (0, 245758, 5, 0)
[M::mem_pestat] skip orientation FF as there are not enough pairs
[M::mem_pestat] analyzing insert size distribution for orientation FR...
[M::mem_pestat] (25, 50, 75) percentile: (162, 184, 209)
[M::mem_pestat] low and high boundaries for computing mean and std.dev: (68, 303)
[M::mem_pestat] mean and std.dev: (186.49, 32.57)
[M::mem_pestat] low and high boundaries for proper pairs: (21, 350)
[M::mem_pestat] skip orientation RF as there are not enough pairs
[M::mem_pestat] skip orientation RR as there are not enough pairs
[M::mem_process_seqs] Processed 651492 reads in 805.516 CPU sec, 103.453 real sec
[M::process] 0 single-end sequences; 652128 paired-end sequences
[M::process] read 653522 sequences (80000115 bp)...
[M::mem_pestat] # candidate unique pairs for (FF, FR, RF, RR): (0, 245346, 4, 0)
[M::mem_pestat] skip orientation FF as there are not enough pairs
[M::mem_pestat] analyzing insert size distribution for orientation FR...
[M::mem_pestat] (25, 50, 75) percentile: (162, 184, 209)
[M::mem_pestat] low and high boundaries for computing mean and std.dev: (68, 303)
[M::mem_pestat] mean and std.dev: (186.34, 32.47)
[M::mem_pestat] low and high boundaries for proper pairs: (21, 350)
[M::mem_pestat] skip orientation RF as there are not enough pairs
[M::mem_pestat] skip orientation RR as there are not enough pairs
[M::mem_process_seqs] Processed 652128 reads in 822.033 CPU sec, 105.541 real sec
[M::process] 0 single-end sequences; 653522 paired-end sequences
[M::process] read 655560 sequences (80000035 bp)...
[M::mem_pestat] # candidate unique pairs for (FF, FR, RF, RR): (0, 246346, 2, 0)
[M::mem_pestat] skip orientation FF as there are not enough pairs
[M::mem_pestat] analyzing insert size distribution for orientation FR...
[M::mem_pestat] (25, 50, 75) percentile: (162, 184, 209)
[M::mem_pestat] low and high boundaries for computing mean and std.dev: (68, 303)
[M::mem_pestat] mean and std.dev: (186.29, 32.54)
[M::mem_pestat] low and high boundaries for proper pairs: (21, 350)
[M::mem_pestat] skip orientation RF as there are not enough pairs
[M::mem_pestat] skip orientation RR as there are not enough pairs
[M::mem_process_seqs] Processed 653522 reads in 830.939 CPU sec, 106.614 real sec
[M::process] 0 single-end sequences; 655560 paired-end sequences
[M::process] read 657086 sequences (80000148 bp)...
[M::mem_pestat] # candidate unique pairs for (FF, FR, RF, RR): (0, 246924, 2, 0)
[M::mem_pestat] skip orientation FF as there are not enough pairs
[M::mem_pestat] analyzing insert size distribution for orientation FR...
[M::mem_pestat] (25, 50, 75) percentile: (162, 184, 209)
[M::mem_pestat] low and high boundaries for computing mean and std.dev: (68, 303)
[M::mem_pestat] mean and std.dev: (186.39, 32.60)
[M::mem_pestat] low and high boundaries for proper pairs: (21, 350)
[M::mem_pestat] skip orientation RF as there are not enough pairs
[M::mem_pestat] skip orientation RR as there are not enough pairs
[M::mem_process_seqs] Processed 655560 reads in 843.801 CPU sec, 108.248 real sec
[M::process] 0 single-end sequences; 657086 paired-end sequences
[M::process] read 657688 sequences (80000063 bp)...
[M::mem_pestat] # candidate unique pairs for (FF, FR, RF, RR): (0, 246925, 3, 0)
[M::mem_pestat] skip orientation FF as there are not enough pairs
[M::mem_pestat] analyzing insert size distribution for orientation FR...
[M::mem_pestat] (25, 50, 75) percentile: (162, 184, 209)
[M::mem_pestat] low and high boundaries for computing mean and std.dev: (68, 303)
[M::mem_pestat] mean and std.dev: (186.43, 32.51)
[M::mem_pestat] low and high boundaries for proper pairs: (21, 350)
[M::mem_pestat] skip orientation RF as there are not enough pairs
[M::mem_pestat] skip orientation RR as there are not enough pairs
[M::mem_process_seqs] Processed 657086 reads in 870.941 CPU sec, 111.677 real sec
[M::process] 0 single-end sequences; 657688 paired-end sequences
[M::process] read 657128 sequences (80000090 bp)...
[M::mem_pestat] # candidate unique pairs for (FF, FR, RF, RR): (0, 247846, 5, 0)
[M::mem_pestat] skip orientation FF as there are not enough pairs
[M::mem_pestat] analyzing insert size distribution for orientation FR...
[M::mem_pestat] (25, 50, 75) percentile: (162, 184, 209)
[M::mem_pestat] low and high boundaries for computing mean and std.dev: (68, 303)
[M::mem_pestat] mean and std.dev: (186.39, 32.52)
[M::mem_pestat] low and high boundaries for proper pairs: (21, 350)
[M::mem_pestat] skip orientation RF as there are not enough pairs
[M::mem_pestat] skip orientation RR as there are not enough pairs
[M::mem_process_seqs] Processed 657688 reads in 858.052 CPU sec, 110.057 real sec
[M::process] 0 single-end sequences; 657128 paired-end sequences
[M::process] read 655882 sequences (80000134 bp)...
[M::mem_pestat] # candidate unique pairs for (FF, FR, RF, RR): (0, 247986, 3, 0)
[M::mem_pestat] skip orientation FF as there are not enough pairs
[M::mem_pestat] analyzing insert size distribution for orientation FR...
[M::mem_pestat] (25, 50, 75) percentile: (162, 184, 209)
[M::mem_pestat] low and high boundaries for computing mean and std.dev: (68, 303)
[M::mem_pestat] mean and std.dev: (186.34, 32.55)
[M::mem_pestat] low and high boundaries for proper pairs: (21, 350)
[M::mem_pestat] skip orientation RF as there are not enough pairs
[M::mem_pestat] skip orientation RR as there are not enough pairs
[M::mem_process_seqs] Processed 657128 reads in 854.737 CPU sec, 109.602 real sec
[M::process] 0 single-end sequences; 655882 paired-end sequences
[M::process] read 654236 sequences (80000177 bp)...
[M::mem_pestat] # candidate unique pairs for (FF, FR, RF, RR): (0, 247407, 5, 0)
[M::mem_pestat] skip orientation FF as there are not enough pairs
[M::mem_pestat] analyzing insert size distribution for orientation FR...
[M::mem_pestat] (25, 50, 75) percentile: (162, 184, 209)
[M::mem_pestat] low and high boundaries for computing mean and std.dev: (68, 303)
[M::mem_pestat] mean and std.dev: (186.22, 32.48)
[M::mem_pestat] low and high boundaries for proper pairs: (21, 350)
[M::mem_pestat] skip orientation RF as there are not enough pairs
[M::mem_pestat] skip orientation RR as there are not enough pairs
[M::mem_process_seqs] Processed 655882 reads in 841.071 CPU sec, 107.923 real sec
[M::process] 0 single-end sequences; 654236 paired-end sequences
[M::process] read 652874 sequences (80000206 bp)...
[M::mem_pestat] # candidate unique pairs for (FF, FR, RF, RR): (0, 246748, 4, 0)
[M::mem_pestat] skip orientation FF as there are not enough pairs
[M::mem_pestat] analyzing insert size distribution for orientation FR...
[M::mem_pestat] (25, 50, 75) percentile: (162, 184, 209)
[M::mem_pestat] low and high boundaries for computing mean and std.dev: (68, 303)
[M::mem_pestat] mean and std.dev: (186.31, 32.50)
[M::mem_pestat] low and high boundaries for proper pairs: (21, 350)
[M::mem_pestat] skip orientation RF as there are not enough pairs
[M::mem_pestat] skip orientation RR as there are not enough pairs
[M::mem_process_seqs] Processed 654236 reads in 824.072 CPU sec, 105.781 real sec
[M::process] 0 single-end sequences; 652874 paired-end sequences
[M::process] read 652380 sequences (80000089 bp)...
[M::mem_pestat] # candidate unique pairs for (FF, FR, RF, RR): (0, 246369, 8, 0)
[M::mem_pestat] skip orientation FF as there are not enough pairs
[M::mem_pestat] analyzing insert size distribution for orientation FR...
[M::mem_pestat] (25, 50, 75) percentile: (162, 184, 208)
[M::mem_pestat] low and high boundaries for computing mean and std.dev: (70, 300)
[M::mem_pestat] mean and std.dev: (186.20, 32.49)
[M::mem_pestat] low and high boundaries for proper pairs: (24, 346)
[M::mem_pestat] skip orientation RF as there are not enough pairs
[M::mem_pestat] skip orientation RR as there are not enough pairs
[M::mem_process_seqs] Processed 652874 reads in 828.686 CPU sec, 106.338 real sec
[M::process] 0 single-end sequences; 652380 paired-end sequences
[M::process] read 651698 sequences (80000068 bp)...
[M::mem_pestat] # candidate unique pairs for (FF, FR, RF, RR): (0, 246278, 1, 0)
[M::mem_pestat] skip orientation FF as there are not enough pairs
[M::mem_pestat] analyzing insert size distribution for orientation FR...
[M::mem_pestat] (25, 50, 75) percentile: (162, 184, 208)
[M::mem_pestat] low and high boundaries for computing mean and std.dev: (70, 300)
[M::mem_pestat] mean and std.dev: (186.15, 32.53)
[M::mem_pestat] low and high boundaries for proper pairs: (24, 346)
[M::mem_pestat] skip orientation RF as there are not enough pairs
[M::mem_pestat] skip orientation RR as there are not enough pairs
[M::mem_process_seqs] Processed 652380 reads in 813.354 CPU sec, 104.399 real sec
[M::process] 0 single-end sequences; 651698 paired-end sequences
[M::process] read 650932 sequences (80000145 bp)...
[M::mem_pestat] # candidate unique pairs for (FF, FR, RF, RR): (0, 245618, 2, 0)
[M::mem_pestat] skip orientation FF as there are not enough pairs
[M::mem_pestat] analyzing insert size distribution for orientation FR...
[M::mem_pestat] (25, 50, 75) percentile: (162, 184, 209)
[M::mem_pestat] low and high boundaries for computing mean and std.dev: (68, 303)
[M::mem_pestat] mean and std.dev: (186.33, 32.42)
[M::mem_pestat] low and high boundaries for proper pairs: (21, 350)
[M::mem_pestat] skip orientation RF as there are not enough pairs
[M::mem_pestat] skip orientation RR as there are not enough pairs
[M::mem_process_seqs] Processed 651698 reads in 813.820 CPU sec, 104.456 real sec
[M::process] 0 single-end sequences; 650932 paired-end sequences
[M::process] read 650490 sequences (80000206 bp)...
[M::mem_pestat] # candidate unique pairs for (FF, FR, RF, RR): (0, 245908, 1, 0)
[M::mem_pestat] skip orientation FF as there are not enough pairs
[M::mem_pestat] analyzing insert size distribution for orientation FR...
[M::mem_pestat] (25, 50, 75) percentile: (162, 184, 209)
[M::mem_pestat] low and high boundaries for computing mean and std.dev: (68, 303)
[M::mem_pestat] mean and std.dev: (186.26, 32.55)
[M::mem_pestat] low and high boundaries for proper pairs: (21, 350)
[M::mem_pestat] skip orientation RF as there are not enough pairs
[M::mem_pestat] skip orientation RR as there are not enough pairs
[M::mem_process_seqs] Processed 650932 reads in 797.103 CPU sec, 102.355 real sec
[M::process] 0 single-end sequences; 650490 paired-end sequences
[M::process] read 650510 sequences (80000059 bp)...
[M::mem_pestat] # candidate unique pairs for (FF, FR, RF, RR): (0, 244851, 3, 0)
[M::mem_pestat] skip orientation FF as there are not enough pairs
[M::mem_pestat] analyzing insert size distribution for orientation FR...
[M::mem_pestat] (25, 50, 75) percentile: (162, 184, 209)
[M::mem_pestat] low and high boundaries for computing mean and std.dev: (68, 303)
[M::mem_pestat] mean and std.dev: (186.22, 32.52)
[M::mem_pestat] low and high boundaries for proper pairs: (21, 350)
[M::mem_pestat] skip orientation RF as there are not enough pairs
[M::mem_pestat] skip orientation RR as there are not enough pairs
[M::mem_process_seqs] Processed 650490 reads in 813.395 CPU sec, 104.382 real sec
[M::process] 0 single-end sequences; 650510 paired-end sequences
[M::process] read 649852 sequences (80000141 bp)...
[M::mem_pestat] # candidate unique pairs for (FF, FR, RF, RR): (0, 244672, 5, 0)
[M::mem_pestat] skip orientation FF as there are not enough pairs
[M::mem_pestat] analyzing insert size distribution for orientation FR...
[M::mem_pestat] (25, 50, 75) percentile: (162, 184, 208)
[M::mem_pestat] low and high boundaries for computing mean and std.dev: (70, 300)
[M::mem_pestat] mean and std.dev: (186.13, 32.52)
[M::mem_pestat] low and high boundaries for proper pairs: (24, 346)
[M::mem_pestat] skip orientation RF as there are not enough pairs
[M::mem_pestat] skip orientation RR as there are not enough pairs
[M::mem_process_seqs] Processed 650510 reads in 812.740 CPU sec, 104.329 real sec
[M::process] 0 single-end sequences; 649852 paired-end sequences
[M::process] read 649520 sequences (80000224 bp)...
[M::mem_pestat] # candidate unique pairs for (FF, FR, RF, RR): (0, 243672, 5, 0)
[M::mem_pestat] skip orientation FF as there are not enough pairs
[M::mem_pestat] analyzing insert size distribution for orientation FR...
[M::mem_pestat] (25, 50, 75) percentile: (162, 184, 208)
[M::mem_pestat] low and high boundaries for computing mean and std.dev: (70, 300)
[M::mem_pestat] mean and std.dev: (186.05, 32.45)
[M::mem_pestat] low and high boundaries for proper pairs: (24, 346)
[M::mem_pestat] skip orientation RF as there are not enough pairs
[M::mem_pestat] skip orientation RR as there are not enough pairs
[M::mem_process_seqs] Processed 649852 reads in 811.022 CPU sec, 104.106 real sec
[M::process] 0 single-end sequences; 649520 paired-end sequences
[M::process] read 648984 sequences (80000100 bp)...
[M::mem_pestat] # candidate unique pairs for (FF, FR, RF, RR): (0, 244109, 3, 0)
[M::mem_pestat] skip orientation FF as there are not enough pairs
[M::mem_pestat] analyzing insert size distribution for orientation FR...
[M::mem_pestat] (25, 50, 75) percentile: (162, 184, 209)
[M::mem_pestat] low and high boundaries for computing mean and std.dev: (68, 303)
[M::mem_pestat] mean and std.dev: (186.17, 32.53)
[M::mem_pestat] low and high boundaries for proper pairs: (21, 350)
[M::mem_pestat] skip orientation RF as there are not enough pairs
[M::mem_pestat] skip orientation RR as there are not enough pairs
[M::mem_process_seqs] Processed 649520 reads in 809.137 CPU sec, 103.903 real sec
[M::process] 0 single-end sequences; 648984 paired-end sequences
[M::process] read 648474 sequences (80000129 bp)...
[M::mem_pestat] # candidate unique pairs for (FF, FR, RF, RR): (0, 243227, 4, 0)
[M::mem_pestat] skip orientation FF as there are not enough pairs
[M::mem_pestat] analyzing insert size distribution for orientation FR...
[M::mem_pestat] (25, 50, 75) percentile: (162, 183, 208)
[M::mem_pestat] low and high boundaries for computing mean and std.dev: (70, 300)
[M::mem_pestat] mean and std.dev: (185.95, 32.42)
[M::mem_pestat] low and high boundaries for proper pairs: (24, 346)
[M::mem_pestat] skip orientation RF as there are not enough pairs
[M::mem_pestat] skip orientation RR as there are not enough pairs
[M::mem_process_seqs] Processed 648984 reads in 806.718 CPU sec, 103.563 real sec
[M::process] 0 single-end sequences; 648474 paired-end sequences
[M::process] read 648084 sequences (80000200 bp)...
[M::mem_pestat] # candidate unique pairs for (FF, FR, RF, RR): (0, 243173, 2, 0)
[M::mem_pestat] skip orientation FF as there are not enough pairs
[M::mem_pestat] analyzing insert size distribution for orientation FR...
[M::mem_pestat] (25, 50, 75) percentile: (162, 184, 208)
[M::mem_pestat] low and high boundaries for computing mean and std.dev: (70, 300)
[M::mem_pestat] mean and std.dev: (185.93, 32.43)
[M::mem_pestat] low and high boundaries for proper pairs: (24, 346)
[M::mem_pestat] skip orientation RF as there are not enough pairs
[M::mem_pestat] skip orientation RR as there are not enough pairs
[M::mem_process_seqs] Processed 648474 reads in 800.687 CPU sec, 102.809 real sec
[M::process] 0 single-end sequences; 648084 paired-end sequences
[M::process] read 647636 sequences (80000062 bp)...
[M::mem_pestat] # candidate unique pairs for (FF, FR, RF, RR): (0, 242977, 4, 0)
[M::mem_pestat] skip orientation FF as there are not enough pairs
[M::mem_pestat] analyzing insert size distribution for orientation FR...
[M::mem_pestat] (25, 50, 75) percentile: (162, 184, 208)
[M::mem_pestat] low and high boundaries for computing mean and std.dev: (70, 300)
[M::mem_pestat] mean and std.dev: (186.02, 32.56)
[M::mem_pestat] low and high boundaries for proper pairs: (24, 346)
[M::mem_pestat] skip orientation RF as there are not enough pairs
[M::mem_pestat] skip orientation RR as there are not enough pairs
[M::mem_process_seqs] Processed 648084 reads in 794.471 CPU sec, 102.024 real sec
[M::process] 0 single-end sequences; 647636 paired-end sequences
[M::process] read 648338 sequences (80000002 bp)...
[M::mem_pestat] # candidate unique pairs for (FF, FR, RF, RR): (0, 243287, 5, 0)
[M::mem_pestat] skip orientation FF as there are not enough pairs
[M::mem_pestat] analyzing insert size distribution for orientation FR...
[M::mem_pestat] (25, 50, 75) percentile: (162, 184, 208)
[M::mem_pestat] low and high boundaries for computing mean and std.dev: (70, 300)
[M::mem_pestat] mean and std.dev: (185.97, 32.49)
[M::mem_pestat] low and high boundaries for proper pairs: (24, 346)
[M::mem_pestat] skip orientation RF as there are not enough pairs
[M::mem_pestat] skip orientation RR as there are not enough pairs
[M::mem_process_seqs] Processed 647636 reads in 788.087 CPU sec, 101.223 real sec
[M::process] 0 single-end sequences; 648338 paired-end sequences
[M::process] read 650004 sequences (80000065 bp)...
[M::mem_pestat] # candidate unique pairs for (FF, FR, RF, RR): (0, 244089, 3, 0)
[M::mem_pestat] skip orientation FF as there are not enough pairs
[M::mem_pestat] analyzing insert size distribution for orientation FR...
[M::mem_pestat] (25, 50, 75) percentile: (162, 184, 208)
[M::mem_pestat] low and high boundaries for computing mean and std.dev: (70, 300)
[M::mem_pestat] mean and std.dev: (186.11, 32.47)
[M::mem_pestat] low and high boundaries for proper pairs: (24, 346)
[M::mem_pestat] skip orientation RF as there are not enough pairs
[M::mem_pestat] skip orientation RR as there are not enough pairs
[M::mem_process_seqs] Processed 648338 reads in 791.732 CPU sec, 101.679 real sec
[M::process] 0 single-end sequences; 650004 paired-end sequences
[M::process] read 649826 sequences (80000092 bp)...
[M::mem_pestat] # candidate unique pairs for (FF, FR, RF, RR): (0, 243778, 7, 0)
[M::mem_pestat] skip orientation FF as there are not enough pairs
[M::mem_pestat] analyzing insert size distribution for orientation FR...
[M::mem_pestat] (25, 50, 75) percentile: (162, 184, 209)
[M::mem_pestat] low and high boundaries for computing mean and std.dev: (68, 303)
[M::mem_pestat] mean and std.dev: (186.62, 32.48)
[M::mem_pestat] low and high boundaries for proper pairs: (21, 350)
[M::mem_pestat] skip orientation RF as there are not enough pairs
[M::mem_pestat] skip orientation RR as there are not enough pairs
[M::mem_process_seqs] Processed 650004 reads in 833.600 CPU sec, 106.906 real sec
[M::process] 0 single-end sequences; 649826 paired-end sequences
[M::process] read 649454 sequences (80000177 bp)...
[M::mem_pestat] # candidate unique pairs for (FF, FR, RF, RR): (0, 243693, 2, 0)
[M::mem_pestat] skip orientation FF as there are not enough pairs
[M::mem_pestat] analyzing insert size distribution for orientation FR...
[M::mem_pestat] (25, 50, 75) percentile: (162, 184, 209)
[M::mem_pestat] low and high boundaries for computing mean and std.dev: (68, 303)
[M::mem_pestat] mean and std.dev: (186.47, 32.44)
[M::mem_pestat] low and high boundaries for proper pairs: (21, 350)
[M::mem_pestat] skip orientation RF as there are not enough pairs
[M::mem_pestat] skip orientation RR as there are not enough pairs
[M::mem_process_seqs] Processed 649826 reads in 829.304 CPU sec, 106.426 real sec
[M::process] 0 single-end sequences; 649454 paired-end sequences
[M::process] read 649316 sequences (80000027 bp)...
[M::mem_pestat] # candidate unique pairs for (FF, FR, RF, RR): (0, 243621, 4, 0)
[M::mem_pestat] skip orientation FF as there are not enough pairs
[M::mem_pestat] analyzing insert size distribution for orientation FR...
[M::mem_pestat] (25, 50, 75) percentile: (162, 184, 209)
[M::mem_pestat] low and high boundaries for computing mean and std.dev: (68, 303)
[M::mem_pestat] mean and std.dev: (186.56, 32.47)
[M::mem_pestat] low and high boundaries for proper pairs: (21, 350)
[M::mem_pestat] skip orientation RF as there are not enough pairs
[M::mem_pestat] skip orientation RR as there are not enough pairs
[M::mem_process_seqs] Processed 649454 reads in 823.452 CPU sec, 105.664 real sec
[M::process] 0 single-end sequences; 649316 paired-end sequences
[M::process] read 649066 sequences (80000003 bp)...
[M::mem_pestat] # candidate unique pairs for (FF, FR, RF, RR): (0, 244393, 4, 0)
[M::mem_pestat] skip orientation FF as there are not enough pairs
[M::mem_pestat] analyzing insert size distribution for orientation FR...
[M::mem_pestat] (25, 50, 75) percentile: (162, 184, 209)
[M::mem_pestat] low and high boundaries for computing mean and std.dev: (68, 303)
[M::mem_pestat] mean and std.dev: (186.48, 32.58)
[M::mem_pestat] low and high boundaries for proper pairs: (21, 350)
[M::mem_pestat] skip orientation RF as there are not enough pairs
[M::mem_pestat] skip orientation RR as there are not enough pairs
[M::mem_process_seqs] Processed 649316 reads in 817.298 CPU sec, 104.889 real sec
[M::process] 0 single-end sequences; 649066 paired-end sequences
[M::process] read 648992 sequences (80000086 bp)...
[M::mem_pestat] # candidate unique pairs for (FF, FR, RF, RR): (0, 243851, 6, 0)
[M::mem_pestat] skip orientation FF as there are not enough pairs
[M::mem_pestat] analyzing insert size distribution for orientation FR...
[M::mem_pestat] (25, 50, 75) percentile: (162, 184, 209)
[M::mem_pestat] low and high boundaries for computing mean and std.dev: (68, 303)
[M::mem_pestat] mean and std.dev: (186.52, 32.53)
[M::mem_pestat] low and high boundaries for proper pairs: (21, 350)
[M::mem_pestat] skip orientation RF as there are not enough pairs
[M::mem_pestat] skip orientation RR as there are not enough pairs
[M::mem_process_seqs] Processed 649066 reads in 809.212 CPU sec, 103.916 real sec
[M::process] 0 single-end sequences; 648992 paired-end sequences
[M::process] read 648686 sequences (80000039 bp)...
[M::mem_pestat] # candidate unique pairs for (FF, FR, RF, RR): (0, 244026, 3, 0)
[M::mem_pestat] skip orientation FF as there are not enough pairs
[M::mem_pestat] analyzing insert size distribution for orientation FR...
[M::mem_pestat] (25, 50, 75) percentile: (162, 184, 209)
[M::mem_pestat] low and high boundaries for computing mean and std.dev: (68, 303)
[M::mem_pestat] mean and std.dev: (186.52, 32.50)
[M::mem_pestat] low and high boundaries for proper pairs: (21, 350)
[M::mem_pestat] skip orientation RF as there are not enough pairs
[M::mem_pestat] skip orientation RR as there are not enough pairs
[M::mem_process_seqs] Processed 648992 reads in 802.540 CPU sec, 103.036 real sec
[M::process] 0 single-end sequences; 648686 paired-end sequences
[M::process] read 648578 sequences (80000192 bp)...
[M::mem_pestat] # candidate unique pairs for (FF, FR, RF, RR): (0, 243716, 6, 0)
[M::mem_pestat] skip orientation FF as there are not enough pairs
[M::mem_pestat] analyzing insert size distribution for orientation FR...
[M::mem_pestat] (25, 50, 75) percentile: (162, 184, 209)
[M::mem_pestat] low and high boundaries for computing mean and std.dev: (68, 303)
[M::mem_pestat] mean and std.dev: (186.61, 32.52)
[M::mem_pestat] low and high boundaries for proper pairs: (21, 350)
[M::mem_pestat] skip orientation RF as there are not enough pairs
[M::mem_pestat] skip orientation RR as there are not enough pairs
[M::mem_process_seqs] Processed 648686 reads in 810.321 CPU sec, 104.002 real sec
[M::process] 0 single-end sequences; 648578 paired-end sequences
[M::process] read 648314 sequences (80000150 bp)...
[M::mem_pestat] # candidate unique pairs for (FF, FR, RF, RR): (0, 243602, 4, 0)
[M::mem_pestat] skip orientation FF as there are not enough pairs
[M::mem_pestat] analyzing insert size distribution for orientation FR...
[M::mem_pestat] (25, 50, 75) percentile: (162, 184, 209)
[M::mem_pestat] low and high boundaries for computing mean and std.dev: (68, 303)
[M::mem_pestat] mean and std.dev: (186.41, 32.48)
[M::mem_pestat] low and high boundaries for proper pairs: (21, 350)
[M::mem_pestat] skip orientation RF as there are not enough pairs
[M::mem_pestat] skip orientation RR as there are not enough pairs
[M::mem_process_seqs] Processed 648578 reads in 807.595 CPU sec, 103.688 real sec
[M::process] 0 single-end sequences; 648314 paired-end sequences
[M::process] read 648332 sequences (80000230 bp)...
[M::mem_pestat] # candidate unique pairs for (FF, FR, RF, RR): (0, 243643, 3, 0)
[M::mem_pestat] skip orientation FF as there are not enough pairs
[M::mem_pestat] analyzing insert size distribution for orientation FR...
[M::mem_pestat] (25, 50, 75) percentile: (162, 184, 209)
[M::mem_pestat] low and high boundaries for computing mean and std.dev: (68, 303)
[M::mem_pestat] mean and std.dev: (186.43, 32.54)
[M::mem_pestat] low and high boundaries for proper pairs: (21, 350)
[M::mem_pestat] skip orientation RF as there are not enough pairs
[M::mem_pestat] skip orientation RR as there are not enough pairs
[M::mem_process_seqs] Processed 648314 reads in 813.227 CPU sec, 104.390 real sec
[M::process] 0 single-end sequences; 648332 paired-end sequences
[M::process] read 648410 sequences (80000150 bp)...
[M::mem_pestat] # candidate unique pairs for (FF, FR, RF, RR): (0, 244128, 6, 0)
[M::mem_pestat] skip orientation FF as there are not enough pairs
[M::mem_pestat] analyzing insert size distribution for orientation FR...
[M::mem_pestat] (25, 50, 75) percentile: (162, 184, 209)
[M::mem_pestat] low and high boundaries for computing mean and std.dev: (68, 303)
[M::mem_pestat] mean and std.dev: (186.41, 32.49)
[M::mem_pestat] low and high boundaries for proper pairs: (21, 350)
[M::mem_pestat] skip orientation RF as there are not enough pairs
[M::mem_pestat] skip orientation RR as there are not enough pairs
[M::mem_process_seqs] Processed 648332 reads in 803.609 CPU sec, 103.195 real sec
[M::process] 0 single-end sequences; 648410 paired-end sequences
[M::process] read 648510 sequences (80000010 bp)...
[M::mem_pestat] # candidate unique pairs for (FF, FR, RF, RR): (0, 243889, 0, 0)
[M::mem_pestat] skip orientation FF as there are not enough pairs
[M::mem_pestat] analyzing insert size distribution for orientation FR...
[M::mem_pestat] (25, 50, 75) percentile: (162, 184, 209)
[M::mem_pestat] low and high boundaries for computing mean and std.dev: (68, 303)
[M::mem_pestat] mean and std.dev: (186.37, 32.51)
[M::mem_pestat] low and high boundaries for proper pairs: (21, 350)
[M::mem_pestat] skip orientation RF as there are not enough pairs
[M::mem_pestat] skip orientation RR as there are not enough pairs
[M::mem_process_seqs] Processed 648410 reads in 801.512 CPU sec, 102.942 real sec
[M::process] 0 single-end sequences; 648510 paired-end sequences
[M::process] read 649118 sequences (80000136 bp)...
[M::mem_pestat] # candidate unique pairs for (FF, FR, RF, RR): (0, 244136, 6, 0)
[M::mem_pestat] skip orientation FF as there are not enough pairs
[M::mem_pestat] analyzing insert size distribution for orientation FR...
[M::mem_pestat] (25, 50, 75) percentile: (162, 184, 209)
[M::mem_pestat] low and high boundaries for computing mean and std.dev: (68, 303)
[M::mem_pestat] mean and std.dev: (186.38, 32.54)
[M::mem_pestat] low and high boundaries for proper pairs: (21, 350)
[M::mem_pestat] skip orientation RF as there are not enough pairs
[M::mem_pestat] skip orientation RR as there are not enough pairs
[M::mem_process_seqs] Processed 648510 reads in 807.530 CPU sec, 103.652 real sec
[M::process] 0 single-end sequences; 649118 paired-end sequences
[M::process] read 649590 sequences (80000095 bp)...
[M::mem_pestat] # candidate unique pairs for (FF, FR, RF, RR): (0, 244958, 1, 0)
[M::mem_pestat] skip orientation FF as there are not enough pairs
[M::mem_pestat] analyzing insert size distribution for orientation FR...
[M::mem_pestat] (25, 50, 75) percentile: (162, 184, 209)
[M::mem_pestat] low and high boundaries for computing mean and std.dev: (68, 303)
[M::mem_pestat] mean and std.dev: (186.38, 32.57)
[M::mem_pestat] low and high boundaries for proper pairs: (21, 350)
[M::mem_pestat] skip orientation RF as there are not enough pairs
[M::mem_pestat] skip orientation RR as there are not enough pairs
[M::mem_process_seqs] Processed 649118 reads in 803.849 CPU sec, 103.205 real sec
[M::process] 0 single-end sequences; 649590 paired-end sequences
[M::process] read 650396 sequences (80000132 bp)...
[M::mem_pestat] # candidate unique pairs for (FF, FR, RF, RR): (0, 244511, 3, 0)
[M::mem_pestat] skip orientation FF as there are not enough pairs
[M::mem_pestat] analyzing insert size distribution for orientation FR...
[M::mem_pestat] (25, 50, 75) percentile: (162, 184, 209)
[M::mem_pestat] low and high boundaries for computing mean and std.dev: (68, 303)
[M::mem_pestat] mean and std.dev: (186.27, 32.49)
[M::mem_pestat] low and high boundaries for proper pairs: (21, 350)
[M::mem_pestat] skip orientation RF as there are not enough pairs
[M::mem_pestat] skip orientation RR as there are not enough pairs
[M::mem_process_seqs] Processed 649590 reads in 820.327 CPU sec, 105.254 real sec
[M::process] 0 single-end sequences; 650396 paired-end sequences
[M::process] read 650888 sequences (80000081 bp)...
[M::mem_pestat] # candidate unique pairs for (FF, FR, RF, RR): (0, 244982, 4, 0)
[M::mem_pestat] skip orientation FF as there are not enough pairs
[M::mem_pestat] analyzing insert size distribution for orientation FR...
[M::mem_pestat] (25, 50, 75) percentile: (162, 184, 209)
[M::mem_pestat] low and high boundaries for computing mean and std.dev: (68, 303)
[M::mem_pestat] mean and std.dev: (186.27, 32.56)
[M::mem_pestat] low and high boundaries for proper pairs: (21, 350)
[M::mem_pestat] skip orientation RF as there are not enough pairs
[M::mem_pestat] skip orientation RR as there are not enough pairs
[M::mem_process_seqs] Processed 650396 reads in 813.549 CPU sec, 104.476 real sec
[M::process] 0 single-end sequences; 650888 paired-end sequences
[M::process] read 650766 sequences (80000204 bp)...
[M::mem_pestat] # candidate unique pairs for (FF, FR, RF, RR): (0, 245038, 8, 0)
[M::mem_pestat] skip orientation FF as there are not enough pairs
[M::mem_pestat] analyzing insert size distribution for orientation FR...
[M::mem_pestat] (25, 50, 75) percentile: (162, 184, 209)
[M::mem_pestat] low and high boundaries for computing mean and std.dev: (68, 303)
[M::mem_pestat] mean and std.dev: (186.37, 32.45)
[M::mem_pestat] low and high boundaries for proper pairs: (21, 350)
[M::mem_pestat] skip orientation RF as there are not enough pairs
[M::mem_pestat] skip orientation RR as there are not enough pairs
[M::mem_process_seqs] Processed 650888 reads in 830.238 CPU sec, 106.543 real sec
[M::process] 0 single-end sequences; 650766 paired-end sequences
[M::process] read 650336 sequences (80000216 bp)...
[M::mem_pestat] # candidate unique pairs for (FF, FR, RF, RR): (0, 245223, 5, 0)
[M::mem_pestat] skip orientation FF as there are not enough pairs
[M::mem_pestat] analyzing insert size distribution for orientation FR...
[M::mem_pestat] (25, 50, 75) percentile: (162, 184, 209)
[M::mem_pestat] low and high boundaries for computing mean and std.dev: (68, 303)
[M::mem_pestat] mean and std.dev: (186.26, 32.51)
[M::mem_pestat] low and high boundaries for proper pairs: (21, 350)
[M::mem_pestat] skip orientation RF as there are not enough pairs
[M::mem_pestat] skip orientation RR as there are not enough pairs
[M::mem_process_seqs] Processed 650766 reads in 819.188 CPU sec, 105.181 real sec
[M::process] 0 single-end sequences; 650336 paired-end sequences
[M::process] read 649658 sequences (80000043 bp)...
[M::mem_pestat] # candidate unique pairs for (FF, FR, RF, RR): (0, 245059, 5, 0)
[M::mem_pestat] skip orientation FF as there are not enough pairs
[M::mem_pestat] analyzing insert size distribution for orientation FR...
[M::mem_pestat] (25, 50, 75) percentile: (162, 184, 209)
[M::mem_pestat] low and high boundaries for computing mean and std.dev: (68, 303)
[M::mem_pestat] mean and std.dev: (186.37, 32.53)
[M::mem_pestat] low and high boundaries for proper pairs: (21, 350)
[M::mem_pestat] skip orientation RF as there are not enough pairs
[M::mem_pestat] skip orientation RR as there are not enough pairs
[M::mem_process_seqs] Processed 650336 reads in 812.949 CPU sec, 104.347 real sec
[M::process] 0 single-end sequences; 649658 paired-end sequences
[M::process] read 649238 sequences (80000167 bp)...
[M::mem_pestat] # candidate unique pairs for (FF, FR, RF, RR): (0, 244465, 4, 0)
[M::mem_pestat] skip orientation FF as there are not enough pairs
[M::mem_pestat] analyzing insert size distribution for orientation FR...
[M::mem_pestat] (25, 50, 75) percentile: (162, 184, 209)
[M::mem_pestat] low and high boundaries for computing mean and std.dev: (68, 303)
[M::mem_pestat] mean and std.dev: (186.35, 32.51)
[M::mem_pestat] low and high boundaries for proper pairs: (21, 350)
[M::mem_pestat] skip orientation RF as there are not enough pairs
[M::mem_pestat] skip orientation RR as there are not enough pairs
[M::mem_process_seqs] Processed 649658 reads in 812.517 CPU sec, 104.284 real sec
[M::process] 0 single-end sequences; 649238 paired-end sequences
[M::process] read 648772 sequences (80000137 bp)...
[M::mem_pestat] # candidate unique pairs for (FF, FR, RF, RR): (0, 244395, 1, 0)
[M::mem_pestat] skip orientation FF as there are not enough pairs
[M::mem_pestat] analyzing insert size distribution for orientation FR...
[M::mem_pestat] (25, 50, 75) percentile: (162, 184, 209)
[M::mem_pestat] low and high boundaries for computing mean and std.dev: (68, 303)
[M::mem_pestat] mean and std.dev: (186.27, 32.57)
[M::mem_pestat] low and high boundaries for proper pairs: (21, 350)
[M::mem_pestat] skip orientation RF as there are not enough pairs
[M::mem_pestat] skip orientation RR as there are not enough pairs
[M::mem_process_seqs] Processed 649238 reads in 806.148 CPU sec, 103.624 real sec
[M::process] 0 single-end sequences; 648772 paired-end sequences
[M::process] read 648602 sequences (80000166 bp)...
[M::mem_pestat] # candidate unique pairs for (FF, FR, RF, RR): (0, 244616, 3, 0)
[M::mem_pestat] skip orientation FF as there are not enough pairs
[M::mem_pestat] analyzing insert size distribution for orientation FR...
[M::mem_pestat] (25, 50, 75) percentile: (162, 184, 209)
[M::mem_pestat] low and high boundaries for computing mean and std.dev: (68, 303)
[M::mem_pestat] mean and std.dev: (186.27, 32.48)
[M::mem_pestat] low and high boundaries for proper pairs: (21, 350)
[M::mem_pestat] skip orientation RF as there are not enough pairs
[M::mem_pestat] skip orientation RR as there are not enough pairs
[M::mem_process_seqs] Processed 648772 reads in 806.740 CPU sec, 103.591 real sec
[M::process] 0 single-end sequences; 648602 paired-end sequences
[M::process] read 648154 sequences (80000220 bp)...
[M::mem_pestat] # candidate unique pairs for (FF, FR, RF, RR): (0, 244429, 3, 0)
[M::mem_pestat] skip orientation FF as there are not enough pairs
[M::mem_pestat] analyzing insert size distribution for orientation FR...
[M::mem_pestat] (25, 50, 75) percentile: (162, 184, 208)
[M::mem_pestat] low and high boundaries for computing mean and std.dev: (70, 300)
[M::mem_pestat] mean and std.dev: (186.01, 32.54)
[M::mem_pestat] low and high boundaries for proper pairs: (24, 346)
[M::mem_pestat] skip orientation RF as there are not enough pairs
[M::mem_pestat] skip orientation RR as there are not enough pairs
[M::mem_process_seqs] Processed 648602 reads in 807.511 CPU sec, 103.649 real sec
[M::process] 0 single-end sequences; 648154 paired-end sequences
[M::process] read 647988 sequences (80000193 bp)...
[M::mem_pestat] # candidate unique pairs for (FF, FR, RF, RR): (0, 243777, 4, 0)
[M::mem_pestat] skip orientation FF as there are not enough pairs
[M::mem_pestat] analyzing insert size distribution for orientation FR...
[M::mem_pestat] (25, 50, 75) percentile: (162, 184, 209)
[M::mem_pestat] low and high boundaries for computing mean and std.dev: (68, 303)
[M::mem_pestat] mean and std.dev: (186.27, 32.60)
[M::mem_pestat] low and high boundaries for proper pairs: (21, 350)
[M::mem_pestat] skip orientation RF as there are not enough pairs
[M::mem_pestat] skip orientation RR as there are not enough pairs
[M::mem_process_seqs] Processed 648154 reads in 803.523 CPU sec, 103.206 real sec
[M::process] 0 single-end sequences; 647988 paired-end sequences
[M::process] read 647804 sequences (80000011 bp)...
[M::mem_pestat] # candidate unique pairs for (FF, FR, RF, RR): (0, 243877, 0, 0)
[M::mem_pestat] skip orientation FF as there are not enough pairs
[M::mem_pestat] analyzing insert size distribution for orientation FR...
[M::mem_pestat] (25, 50, 75) percentile: (162, 184, 208)
[M::mem_pestat] low and high boundaries for computing mean and std.dev: (70, 300)
[M::mem_pestat] mean and std.dev: (186.17, 32.46)
[M::mem_pestat] low and high boundaries for proper pairs: (24, 346)
[M::mem_pestat] skip orientation RF as there are not enough pairs
[M::mem_pestat] skip orientation RR as there are not enough pairs
[M::mem_process_seqs] Processed 647988 reads in 807.885 CPU sec, 103.684 real sec
[M::process] 0 single-end sequences; 647804 paired-end sequences
[M::process] read 647772 sequences (80000045 bp)...
[M::mem_pestat] # candidate unique pairs for (FF, FR, RF, RR): (0, 243036, 3, 0)
[M::mem_pestat] skip orientation FF as there are not enough pairs
[M::mem_pestat] analyzing insert size distribution for orientation FR...
[M::mem_pestat] (25, 50, 75) percentile: (162, 184, 208)
[M::mem_pestat] low and high boundaries for computing mean and std.dev: (70, 300)
[M::mem_pestat] mean and std.dev: (185.92, 32.48)
[M::mem_pestat] low and high boundaries for proper pairs: (24, 346)
[M::mem_pestat] skip orientation RF as there are not enough pairs
[M::mem_pestat] skip orientation RR as there are not enough pairs
[M::mem_process_seqs] Processed 647804 reads in 809.630 CPU sec, 103.925 real sec
[M::process] 0 single-end sequences; 647772 paired-end sequences
[M::process] read 647614 sequences (80000025 bp)...
[M::mem_pestat] # candidate unique pairs for (FF, FR, RF, RR): (0, 242713, 2, 0)
[M::mem_pestat] skip orientation FF as there are not enough pairs
[M::mem_pestat] analyzing insert size distribution for orientation FR...
[M::mem_pestat] (25, 50, 75) percentile: (162, 184, 208)
[M::mem_pestat] low and high boundaries for computing mean and std.dev: (70, 300)
[M::mem_pestat] mean and std.dev: (186.10, 32.46)
[M::mem_pestat] low and high boundaries for proper pairs: (24, 346)
[M::mem_pestat] skip orientation RF as there are not enough pairs
[M::mem_pestat] skip orientation RR as there are not enough pairs
[M::mem_process_seqs] Processed 647772 reads in 814.949 CPU sec, 104.589 real sec
[M::process] 0 single-end sequences; 647614 paired-end sequences
[M::process] read 647456 sequences (80000152 bp)...
[M::mem_pestat] # candidate unique pairs for (FF, FR, RF, RR): (0, 242595, 4, 0)
[M::mem_pestat] skip orientation FF as there are not enough pairs
[M::mem_pestat] analyzing insert size distribution for orientation FR...
[M::mem_pestat] (25, 50, 75) percentile: (162, 184, 208)
[M::mem_pestat] low and high boundaries for computing mean and std.dev: (70, 300)
[M::mem_pestat] mean and std.dev: (186.00, 32.54)
[M::mem_pestat] low and high boundaries for proper pairs: (24, 346)
[M::mem_pestat] skip orientation RF as there are not enough pairs
[M::mem_pestat] skip orientation RR as there are not enough pairs
[M::mem_process_seqs] Processed 647614 reads in 814.628 CPU sec, 104.574 real sec
[M::process] 0 single-end sequences; 647456 paired-end sequences
[M::process] read 647224 sequences (80000236 bp)...
[M::mem_pestat] # candidate unique pairs for (FF, FR, RF, RR): (0, 242413, 5, 0)
[M::mem_pestat] skip orientation FF as there are not enough pairs
[M::mem_pestat] analyzing insert size distribution for orientation FR...
[M::mem_pestat] (25, 50, 75) percentile: (162, 184, 208)
[M::mem_pestat] low and high boundaries for computing mean and std.dev: (70, 300)
[M::mem_pestat] mean and std.dev: (186.01, 32.51)
[M::mem_pestat] low and high boundaries for proper pairs: (24, 346)
[M::mem_pestat] skip orientation RF as there are not enough pairs
[M::mem_pestat] skip orientation RR as there are not enough pairs
[M::mem_process_seqs] Processed 647456 reads in 817.452 CPU sec, 104.920 real sec
[M::process] 0 single-end sequences; 647224 paired-end sequences
[M::process] read 646480 sequences (80000209 bp)...
[M::mem_pestat] # candidate unique pairs for (FF, FR, RF, RR): (0, 242347, 4, 0)
[M::mem_pestat] skip orientation FF as there are not enough pairs
[M::mem_pestat] analyzing insert size distribution for orientation FR...
[M::mem_pestat] (25, 50, 75) percentile: (162, 184, 208)
[M::mem_pestat] low and high boundaries for computing mean and std.dev: (70, 300)
[M::mem_pestat] mean and std.dev: (186.01, 32.50)
[M::mem_pestat] low and high boundaries for proper pairs: (24, 346)
[M::mem_pestat] skip orientation RF as there are not enough pairs
[M::mem_pestat] skip orientation RR as there are not enough pairs
[M::mem_process_seqs] Processed 647224 reads in 806.826 CPU sec, 103.587 real sec
[M::process] 0 single-end sequences; 646480 paired-end sequences
[M::process] read 646416 sequences (80000038 bp)...
[M::mem_pestat] # candidate unique pairs for (FF, FR, RF, RR): (0, 241226, 5, 0)
[M::mem_pestat] skip orientation FF as there are not enough pairs
[M::mem_pestat] analyzing insert size distribution for orientation FR...
[M::mem_pestat] (25, 50, 75) percentile: (162, 184, 208)
[M::mem_pestat] low and high boundaries for computing mean and std.dev: (70, 300)
[M::mem_pestat] mean and std.dev: (185.93, 32.50)
[M::mem_pestat] low and high boundaries for proper pairs: (24, 346)
[M::mem_pestat] skip orientation RF as there are not enough pairs
[M::mem_pestat] skip orientation RR as there are not enough pairs
[M::mem_process_seqs] Processed 646480 reads in 819.891 CPU sec, 105.198 real sec
[M::process] 0 single-end sequences; 646416 paired-end sequences
[M::process] read 645928 sequences (80000009 bp)...
[M::mem_pestat] # candidate unique pairs for (FF, FR, RF, RR): (0, 241886, 3, 0)
[M::mem_pestat] skip orientation FF as there are not enough pairs
[M::mem_pestat] analyzing insert size distribution for orientation FR...
[M::mem_pestat] (25, 50, 75) percentile: (162, 183, 208)
[M::mem_pestat] low and high boundaries for computing mean and std.dev: (70, 300)
[M::mem_pestat] mean and std.dev: (185.83, 32.48)
[M::mem_pestat] low and high boundaries for proper pairs: (24, 346)
[M::mem_pestat] skip orientation RF as there are not enough pairs
[M::mem_pestat] skip orientation RR as there are not enough pairs
[M::mem_process_seqs] Processed 646416 reads in 804.589 CPU sec, 103.291 real sec
[M::process] 0 single-end sequences; 645928 paired-end sequences
[M::process] read 645856 sequences (80000203 bp)...
[M::mem_pestat] # candidate unique pairs for (FF, FR, RF, RR): (0, 241881, 1, 0)
[M::mem_pestat] skip orientation FF as there are not enough pairs
[M::mem_pestat] analyzing insert size distribution for orientation FR...
[M::mem_pestat] (25, 50, 75) percentile: (162, 183, 208)
[M::mem_pestat] low and high boundaries for computing mean and std.dev: (70, 300)
[M::mem_pestat] mean and std.dev: (185.89, 32.49)
[M::mem_pestat] low and high boundaries for proper pairs: (24, 346)
[M::mem_pestat] skip orientation RF as there are not enough pairs
[M::mem_pestat] skip orientation RR as there are not enough pairs
[M::mem_process_seqs] Processed 645928 reads in 807.460 CPU sec, 103.682 real sec
[M::process] 0 single-end sequences; 645856 paired-end sequences
[M::process] read 648532 sequences (80000055 bp)...
[M::mem_pestat] # candidate unique pairs for (FF, FR, RF, RR): (0, 241641, 2, 0)
[M::mem_pestat] skip orientation FF as there are not enough pairs
[M::mem_pestat] analyzing insert size distribution for orientation FR...
[M::mem_pestat] (25, 50, 75) percentile: (162, 183, 208)
[M::mem_pestat] low and high boundaries for computing mean and std.dev: (70, 300)
[M::mem_pestat] mean and std.dev: (185.90, 32.44)
[M::mem_pestat] low and high boundaries for proper pairs: (24, 346)
[M::mem_pestat] skip orientation RF as there are not enough pairs
[M::mem_pestat] skip orientation RR as there are not enough pairs
[M::mem_process_seqs] Processed 645856 reads in 800.898 CPU sec, 102.828 real sec
[M::process] 0 single-end sequences; 648532 paired-end sequences
[M::process] read 650178 sequences (80000194 bp)...
[M::mem_pestat] # candidate unique pairs for (FF, FR, RF, RR): (0, 243265, 6, 0)
[M::mem_pestat] skip orientation FF as there are not enough pairs
[M::mem_pestat] analyzing insert size distribution for orientation FR...
[M::mem_pestat] (25, 50, 75) percentile: (162, 184, 209)
[M::mem_pestat] low and high boundaries for computing mean and std.dev: (68, 303)
[M::mem_pestat] mean and std.dev: (186.36, 32.54)
[M::mem_pestat] low and high boundaries for proper pairs: (21, 350)
[M::mem_pestat] skip orientation RF as there are not enough pairs
[M::mem_pestat] skip orientation RR as there are not enough pairs
[M::mem_process_seqs] Processed 648532 reads in 817.922 CPU sec, 104.978 real sec
[M::process] 0 single-end sequences; 650178 paired-end sequences
[M::process] read 650078 sequences (80000178 bp)...
[M::mem_pestat] # candidate unique pairs for (FF, FR, RF, RR): (0, 243130, 5, 0)
[M::mem_pestat] skip orientation FF as there are not enough pairs
[M::mem_pestat] analyzing insert size distribution for orientation FR...
[M::mem_pestat] (25, 50, 75) percentile: (162, 184, 209)
[M::mem_pestat] low and high boundaries for computing mean and std.dev: (68, 303)
[M::mem_pestat] mean and std.dev: (186.63, 32.60)
[M::mem_pestat] low and high boundaries for proper pairs: (21, 350)
[M::mem_pestat] skip orientation RF as there are not enough pairs
[M::mem_pestat] skip orientation RR as there are not enough pairs
[M::mem_process_seqs] Processed 650178 reads in 840.765 CPU sec, 107.869 real sec
[M::process] 0 single-end sequences; 650078 paired-end sequences
[M::process] read 649876 sequences (80000098 bp)...
[M::mem_pestat] # candidate unique pairs for (FF, FR, RF, RR): (0, 243431, 2, 0)
[M::mem_pestat] skip orientation FF as there are not enough pairs
[M::mem_pestat] analyzing insert size distribution for orientation FR...
[M::mem_pestat] (25, 50, 75) percentile: (162, 184, 209)
[M::mem_pestat] low and high boundaries for computing mean and std.dev: (68, 303)
[M::mem_pestat] mean and std.dev: (186.50, 32.52)
[M::mem_pestat] low and high boundaries for proper pairs: (21, 350)
[M::mem_pestat] skip orientation RF as there are not enough pairs
[M::mem_pestat] skip orientation RR as there are not enough pairs
[M::mem_process_seqs] Processed 650078 reads in 834.986 CPU sec, 107.100 real sec
[M::process] 0 single-end sequences; 649876 paired-end sequences
[M::process] read 649752 sequences (80000033 bp)...
[M::mem_pestat] # candidate unique pairs for (FF, FR, RF, RR): (0, 243313, 7, 0)
[M::mem_pestat] skip orientation FF as there are not enough pairs
[M::mem_pestat] analyzing insert size distribution for orientation FR...
[M::mem_pestat] (25, 50, 75) percentile: (162, 184, 209)
[M::mem_pestat] low and high boundaries for computing mean and std.dev: (68, 303)
[M::mem_pestat] mean and std.dev: (186.71, 32.64)
[M::mem_pestat] low and high boundaries for proper pairs: (21, 350)
[M::mem_pestat] skip orientation RF as there are not enough pairs
[M::mem_pestat] skip orientation RR as there are not enough pairs
[M::mem_process_seqs] Processed 649876 reads in 830.601 CPU sec, 106.574 real sec
[M::process] 0 single-end sequences; 649752 paired-end sequences
[M::process] read 649642 sequences (80000224 bp)...
[M::mem_pestat] # candidate unique pairs for (FF, FR, RF, RR): (0, 243758, 3, 0)
[M::mem_pestat] skip orientation FF as there are not enough pairs
[M::mem_pestat] analyzing insert size distribution for orientation FR...
[M::mem_pestat] (25, 50, 75) percentile: (162, 184, 209)
[M::mem_pestat] low and high boundaries for computing mean and std.dev: (68, 303)
[M::mem_pestat] mean and std.dev: (186.51, 32.52)
[M::mem_pestat] low and high boundaries for proper pairs: (21, 350)
[M::mem_pestat] skip orientation RF as there are not enough pairs
[M::mem_pestat] skip orientation RR as there are not enough pairs
[M::mem_process_seqs] Processed 649752 reads in 821.158 CPU sec, 105.383 real sec
[M::process] 0 single-end sequences; 649642 paired-end sequences
[M::process] read 649292 sequences (80000040 bp)...
[M::mem_pestat] # candidate unique pairs for (FF, FR, RF, RR): (0, 244235, 3, 0)
[M::mem_pestat] skip orientation FF as there are not enough pairs
[M::mem_pestat] analyzing insert size distribution for orientation FR...
[M::mem_pestat] (25, 50, 75) percentile: (162, 184, 209)
[M::mem_pestat] low and high boundaries for computing mean and std.dev: (68, 303)
[M::mem_pestat] mean and std.dev: (186.61, 32.56)
[M::mem_pestat] low and high boundaries for proper pairs: (21, 350)
[M::mem_pestat] skip orientation RF as there are not enough pairs
[M::mem_pestat] skip orientation RR as there are not enough pairs
[M::mem_process_seqs] Processed 649642 reads in 819.490 CPU sec, 105.210 real sec
[M::process] 0 single-end sequences; 649292 paired-end sequences
[M::process] read 649070 sequences (80000056 bp)...
[M::mem_pestat] # candidate unique pairs for (FF, FR, RF, RR): (0, 243072, 1, 0)
[M::mem_pestat] skip orientation FF as there are not enough pairs
[M::mem_pestat] analyzing insert size distribution for orientation FR...
[M::mem_pestat] (25, 50, 75) percentile: (162, 184, 209)
[M::mem_pestat] low and high boundaries for computing mean and std.dev: (68, 303)
[M::mem_pestat] mean and std.dev: (186.70, 32.53)
[M::mem_pestat] low and high boundaries for proper pairs: (21, 350)
[M::mem_pestat] skip orientation RF as there are not enough pairs
[M::mem_pestat] skip orientation RR as there are not enough pairs
[M::mem_process_seqs] Processed 649292 reads in 825.493 CPU sec, 105.902 real sec
[M::process] 0 single-end sequences; 649070 paired-end sequences
[M::process] read 649070 sequences (80000105 bp)...
[M::mem_pestat] # candidate unique pairs for (FF, FR, RF, RR): (0, 243664, 5, 0)
[M::mem_pestat] skip orientation FF as there are not enough pairs
[M::mem_pestat] analyzing insert size distribution for orientation FR...
[M::mem_pestat] (25, 50, 75) percentile: (162, 184, 209)
[M::mem_pestat] low and high boundaries for computing mean and std.dev: (68, 303)
[M::mem_pestat] mean and std.dev: (186.73, 32.60)
[M::mem_pestat] low and high boundaries for proper pairs: (21, 350)
[M::mem_pestat] skip orientation RF as there are not enough pairs
[M::mem_pestat] skip orientation RR as there are not enough pairs
[M::mem_process_seqs] Processed 649070 reads in 822.137 CPU sec, 105.529 real sec
[M::process] 0 single-end sequences; 649070 paired-end sequences
[M::process] read 648888 sequences (80000050 bp)...
[M::mem_pestat] # candidate unique pairs for (FF, FR, RF, RR): (0, 243543, 3, 0)
[M::mem_pestat] skip orientation FF as there are not enough pairs
[M::mem_pestat] analyzing insert size distribution for orientation FR...
[M::mem_pestat] (25, 50, 75) percentile: (162, 184, 209)
[M::mem_pestat] low and high boundaries for computing mean and std.dev: (68, 303)
[M::mem_pestat] mean and std.dev: (186.44, 32.53)
[M::mem_pestat] low and high boundaries for proper pairs: (21, 350)
[M::mem_pestat] skip orientation RF as there are not enough pairs
[M::mem_pestat] skip orientation RR as there are not enough pairs
[M::mem_process_seqs] Processed 649070 reads in 823.919 CPU sec, 105.710 real sec
[M::process] 0 single-end sequences; 648888 paired-end sequences
[M::process] read 648820 sequences (80000079 bp)...
[M::mem_pestat] # candidate unique pairs for (FF, FR, RF, RR): (0, 243615, 3, 0)
[M::mem_pestat] skip orientation FF as there are not enough pairs
[M::mem_pestat] analyzing insert size distribution for orientation FR...
[M::mem_pestat] (25, 50, 75) percentile: (162, 184, 209)
[M::mem_pestat] low and high boundaries for computing mean and std.dev: (68, 303)
[M::mem_pestat] mean and std.dev: (186.46, 32.58)
[M::mem_pestat] low and high boundaries for proper pairs: (21, 350)
[M::mem_pestat] skip orientation RF as there are not enough pairs
[M::mem_pestat] skip orientation RR as there are not enough pairs
[M::mem_process_seqs] Processed 648888 reads in 816.053 CPU sec, 104.719 real sec
[M::process] 0 single-end sequences; 648820 paired-end sequences
[M::process] read 648692 sequences (80000075 bp)...
[M::mem_pestat] # candidate unique pairs for (FF, FR, RF, RR): (0, 243349, 3, 0)
[M::mem_pestat] skip orientation FF as there are not enough pairs
[M::mem_pestat] analyzing insert size distribution for orientation FR...
[M::mem_pestat] (25, 50, 75) percentile: (162, 184, 209)
[M::mem_pestat] low and high boundaries for computing mean and std.dev: (68, 303)
[M::mem_pestat] mean and std.dev: (186.38, 32.47)
[M::mem_pestat] low and high boundaries for proper pairs: (21, 350)
[M::mem_pestat] skip orientation RF as there are not enough pairs
[M::mem_pestat] skip orientation RR as there are not enough pairs
[M::mem_process_seqs] Processed 648820 reads in 813.769 CPU sec, 104.451 real sec
[M::process] 0 single-end sequences; 648692 paired-end sequences
[M::process] read 648802 sequences (80000242 bp)...
[M::mem_pestat] # candidate unique pairs for (FF, FR, RF, RR): (0, 243986, 6, 0)
[M::mem_pestat] skip orientation FF as there are not enough pairs
[M::mem_pestat] analyzing insert size distribution for orientation FR...
[M::mem_pestat] (25, 50, 75) percentile: (162, 184, 209)
[M::mem_pestat] low and high boundaries for computing mean and std.dev: (68, 303)
[M::mem_pestat] mean and std.dev: (186.42, 32.47)
[M::mem_pestat] low and high boundaries for proper pairs: (21, 350)
[M::mem_pestat] skip orientation RF as there are not enough pairs
[M::mem_pestat] skip orientation RR as there are not enough pairs
[M::mem_process_seqs] Processed 648692 reads in 810.037 CPU sec, 103.957 real sec
[M::process] 0 single-end sequences; 648802 paired-end sequences
[M::process] read 648898 sequences (80000126 bp)...
[M::mem_pestat] # candidate unique pairs for (FF, FR, RF, RR): (0, 243690, 4, 0)
[M::mem_pestat] skip orientation FF as there are not enough pairs
[M::mem_pestat] analyzing insert size distribution for orientation FR...
[M::mem_pestat] (25, 50, 75) percentile: (162, 184, 209)
[M::mem_pestat] low and high boundaries for computing mean and std.dev: (68, 303)
[M::mem_pestat] mean and std.dev: (186.59, 32.58)
[M::mem_pestat] low and high boundaries for proper pairs: (21, 350)
[M::mem_pestat] skip orientation RF as there are not enough pairs
[M::mem_pestat] skip orientation RR as there are not enough pairs
[M::mem_process_seqs] Processed 648802 reads in 817.548 CPU sec, 104.944 real sec
[M::process] 0 single-end sequences; 648898 paired-end sequences
[M::process] read 649092 sequences (80000000 bp)...
[M::mem_pestat] # candidate unique pairs for (FF, FR, RF, RR): (0, 243708, 4, 0)
[M::mem_pestat] skip orientation FF as there are not enough pairs
[M::mem_pestat] analyzing insert size distribution for orientation FR...
[M::mem_pestat] (25, 50, 75) percentile: (162, 184, 209)
[M::mem_pestat] low and high boundaries for computing mean and std.dev: (68, 303)
[M::mem_pestat] mean and std.dev: (186.29, 32.49)
[M::mem_pestat] low and high boundaries for proper pairs: (21, 350)
[M::mem_pestat] skip orientation RF as there are not enough pairs
[M::mem_pestat] skip orientation RR as there are not enough pairs
[M::mem_process_seqs] Processed 648898 reads in 820.181 CPU sec, 105.238 real sec
[M::process] 0 single-end sequences; 649092 paired-end sequences
[M::process] read 649426 sequences (80000167 bp)...
[M::mem_pestat] # candidate unique pairs for (FF, FR, RF, RR): (0, 244172, 4, 0)
[M::mem_pestat] skip orientation FF as there are not enough pairs
[M::mem_pestat] analyzing insert size distribution for orientation FR...
[M::mem_pestat] (25, 50, 75) percentile: (162, 184, 209)
[M::mem_pestat] low and high boundaries for computing mean and std.dev: (68, 303)
[M::mem_pestat] mean and std.dev: (186.45, 32.58)
[M::mem_pestat] low and high boundaries for proper pairs: (21, 350)
[M::mem_pestat] skip orientation RF as there are not enough pairs
[M::mem_pestat] skip orientation RR as there are not enough pairs
[M::mem_process_seqs] Processed 649092 reads in 807.057 CPU sec, 103.609 real sec
[M::process] 0 single-end sequences; 649426 paired-end sequences
[M::process] read 649422 sequences (80000079 bp)...
[M::mem_pestat] # candidate unique pairs for (FF, FR, RF, RR): (0, 244518, 4, 0)
[M::mem_pestat] skip orientation FF as there are not enough pairs
[M::mem_pestat] analyzing insert size distribution for orientation FR...
[M::mem_pestat] (25, 50, 75) percentile: (162, 184, 209)
[M::mem_pestat] low and high boundaries for computing mean and std.dev: (68, 303)
[M::mem_pestat] mean and std.dev: (186.45, 32.44)
[M::mem_pestat] low and high boundaries for proper pairs: (21, 350)
[M::mem_pestat] skip orientation RF as there are not enough pairs
[M::mem_pestat] skip orientation RR as there are not enough pairs
[M::mem_process_seqs] Processed 649426 reads in 814.318 CPU sec, 104.546 real sec
[M::process] 0 single-end sequences; 649422 paired-end sequences
[M::process] read 649170 sequences (80000002 bp)...
[M::mem_pestat] # candidate unique pairs for (FF, FR, RF, RR): (0, 244345, 2, 0)
[M::mem_pestat] skip orientation FF as there are not enough pairs
[M::mem_pestat] analyzing insert size distribution for orientation FR...
[M::mem_pestat] (25, 50, 75) percentile: (162, 184, 209)
[M::mem_pestat] low and high boundaries for computing mean and std.dev: (68, 303)
[M::mem_pestat] mean and std.dev: (186.33, 32.47)
[M::mem_pestat] low and high boundaries for proper pairs: (21, 350)
[M::mem_pestat] skip orientation RF as there are not enough pairs
[M::mem_pestat] skip orientation RR as there are not enough pairs
[M::mem_process_seqs] Processed 649422 reads in 817.014 CPU sec, 104.859 real sec
[M::process] 0 single-end sequences; 649170 paired-end sequences
[M::process] read 648738 sequences (80000183 bp)...
[M::mem_pestat] # candidate unique pairs for (FF, FR, RF, RR): (0, 244584, 3, 0)
[M::mem_pestat] skip orientation FF as there are not enough pairs
[M::mem_pestat] analyzing insert size distribution for orientation FR...
[M::mem_pestat] (25, 50, 75) percentile: (162, 184, 209)
[M::mem_pestat] low and high boundaries for computing mean and std.dev: (68, 303)
[M::mem_pestat] mean and std.dev: (186.31, 32.54)
[M::mem_pestat] low and high boundaries for proper pairs: (21, 350)
[M::mem_pestat] skip orientation RF as there are not enough pairs
[M::mem_pestat] skip orientation RR as there are not enough pairs
[M::mem_process_seqs] Processed 649170 reads in 807.826 CPU sec, 103.728 real sec
[M::process] 0 single-end sequences; 648738 paired-end sequences
[M::process] read 648652 sequences (80000086 bp)...
[M::mem_pestat] # candidate unique pairs for (FF, FR, RF, RR): (0, 243612, 3, 0)
[M::mem_pestat] skip orientation FF as there are not enough pairs
[M::mem_pestat] analyzing insert size distribution for orientation FR...
[M::mem_pestat] (25, 50, 75) percentile: (162, 184, 209)
[M::mem_pestat] low and high boundaries for computing mean and std.dev: (68, 303)
[M::mem_pestat] mean and std.dev: (186.34, 32.44)
[M::mem_pestat] low and high boundaries for proper pairs: (21, 350)
[M::mem_pestat] skip orientation RF as there are not enough pairs
[M::mem_pestat] skip orientation RR as there are not enough pairs
[M::mem_process_seqs] Processed 648738 reads in 811.138 CPU sec, 104.135 real sec
[M::process] 0 single-end sequences; 648652 paired-end sequences
[M::process] read 648560 sequences (80000099 bp)...
[M::mem_pestat] # candidate unique pairs for (FF, FR, RF, RR): (0, 243956, 6, 0)
[M::mem_pestat] skip orientation FF as there are not enough pairs
[M::mem_pestat] analyzing insert size distribution for orientation FR...
[M::mem_pestat] (25, 50, 75) percentile: (162, 184, 209)
[M::mem_pestat] low and high boundaries for computing mean and std.dev: (68, 303)
[M::mem_pestat] mean and std.dev: (186.29, 32.57)
[M::mem_pestat] low and high boundaries for proper pairs: (21, 350)
[M::mem_pestat] skip orientation RF as there are not enough pairs
[M::mem_pestat] skip orientation RR as there are not enough pairs
[M::mem_process_seqs] Processed 648652 reads in 804.452 CPU sec, 103.273 real sec
[M::process] 0 single-end sequences; 648560 paired-end sequences
[M::process] read 648338 sequences (80000097 bp)...
[M::mem_pestat] # candidate unique pairs for (FF, FR, RF, RR): (0, 243663, 5, 0)
[M::mem_pestat] skip orientation FF as there are not enough pairs
[M::mem_pestat] analyzing insert size distribution for orientation FR...
[M::mem_pestat] (25, 50, 75) percentile: (162, 184, 209)
[M::mem_pestat] low and high boundaries for computing mean and std.dev: (68, 303)
[M::mem_pestat] mean and std.dev: (186.23, 32.52)
[M::mem_pestat] low and high boundaries for proper pairs: (21, 350)
[M::mem_pestat] skip orientation RF as there are not enough pairs
[M::mem_pestat] skip orientation RR as there are not enough pairs
[M::mem_process_seqs] Processed 648560 reads in 809.597 CPU sec, 103.914 real sec
[M::process] 0 single-end sequences; 648338 paired-end sequences
[M::process] read 647804 sequences (80000089 bp)...
[M::mem_pestat] # candidate unique pairs for (FF, FR, RF, RR): (0, 243297, 7, 0)
[M::mem_pestat] skip orientation FF as there are not enough pairs
[M::mem_pestat] analyzing insert size distribution for orientation FR...
[M::mem_pestat] (25, 50, 75) percentile: (162, 184, 208)
[M::mem_pestat] low and high boundaries for computing mean and std.dev: (70, 300)
[M::mem_pestat] mean and std.dev: (186.20, 32.48)
[M::mem_pestat] low and high boundaries for proper pairs: (24, 346)
[M::mem_pestat] skip orientation RF as there are not enough pairs
[M::mem_pestat] skip orientation RR as there are not enough pairs
[M::mem_process_seqs] Processed 648338 reads in 813.456 CPU sec, 104.388 real sec
[M::process] 0 single-end sequences; 647804 paired-end sequences
[M::process] read 647738 sequences (80000093 bp)...
[M::mem_pestat] # candidate unique pairs for (FF, FR, RF, RR): (0, 243235, 1, 0)
[M::mem_pestat] skip orientation FF as there are not enough pairs
[M::mem_pestat] analyzing insert size distribution for orientation FR...
[M::mem_pestat] (25, 50, 75) percentile: (162, 184, 208)
[M::mem_pestat] low and high boundaries for computing mean and std.dev: (70, 300)
[M::mem_pestat] mean and std.dev: (186.19, 32.52)
[M::mem_pestat] low and high boundaries for proper pairs: (24, 346)
[M::mem_pestat] skip orientation RF as there are not enough pairs
[M::mem_pestat] skip orientation RR as there are not enough pairs
[M::mem_process_seqs] Processed 647804 reads in 816.352 CPU sec, 104.768 real sec
[M::process] 0 single-end sequences; 647738 paired-end sequences
[M::process] read 647410 sequences (80000111 bp)...
[M::mem_pestat] # candidate unique pairs for (FF, FR, RF, RR): (0, 243447, 2, 0)
[M::mem_pestat] skip orientation FF as there are not enough pairs
[M::mem_pestat] analyzing insert size distribution for orientation FR...
[M::mem_pestat] (25, 50, 75) percentile: (162, 184, 208)
[M::mem_pestat] low and high boundaries for computing mean and std.dev: (70, 300)
[M::mem_pestat] mean and std.dev: (186.08, 32.51)
[M::mem_pestat] low and high boundaries for proper pairs: (24, 346)
[M::mem_pestat] skip orientation RF as there are not enough pairs
[M::mem_pestat] skip orientation RR as there are not enough pairs
[M::mem_process_seqs] Processed 647738 reads in 811.190 CPU sec, 104.138 real sec
[M::process] 0 single-end sequences; 647410 paired-end sequences
[M::process] read 647478 sequences (80000017 bp)...
[M::mem_pestat] # candidate unique pairs for (FF, FR, RF, RR): (0, 242730, 3, 0)
[M::mem_pestat] skip orientation FF as there are not enough pairs
[M::mem_pestat] analyzing insert size distribution for orientation FR...
[M::mem_pestat] (25, 50, 75) percentile: (162, 184, 208)
[M::mem_pestat] low and high boundaries for computing mean and std.dev: (70, 300)
[M::mem_pestat] mean and std.dev: (186.04, 32.44)
[M::mem_pestat] low and high boundaries for proper pairs: (24, 346)
[M::mem_pestat] skip orientation RF as there are not enough pairs
[M::mem_pestat] skip orientation RR as there are not enough pairs
[M::mem_process_seqs] Processed 647410 reads in 822.189 CPU sec, 105.487 real sec
[M::process] 0 single-end sequences; 647478 paired-end sequences
[M::process] read 647150 sequences (80000148 bp)...
[M::mem_pestat] # candidate unique pairs for (FF, FR, RF, RR): (0, 242752, 6, 0)
[M::mem_pestat] skip orientation FF as there are not enough pairs
[M::mem_pestat] analyzing insert size distribution for orientation FR...
[M::mem_pestat] (25, 50, 75) percentile: (162, 184, 208)
[M::mem_pestat] low and high boundaries for computing mean and std.dev: (70, 300)
[M::mem_pestat] mean and std.dev: (186.12, 32.43)
[M::mem_pestat] low and high boundaries for proper pairs: (24, 346)
[M::mem_pestat] skip orientation RF as there are not enough pairs
[M::mem_pestat] skip orientation RR as there are not enough pairs
[M::mem_process_seqs] Processed 647478 reads in 824.138 CPU sec, 105.721 real sec
[M::process] 0 single-end sequences; 647150 paired-end sequences
[M::process] read 647048 sequences (80000154 bp)...
[M::mem_pestat] # candidate unique pairs for (FF, FR, RF, RR): (0, 241726, 5, 0)
[M::mem_pestat] skip orientation FF as there are not enough pairs
[M::mem_pestat] analyzing insert size distribution for orientation FR...
[M::mem_pestat] (25, 50, 75) percentile: (162, 184, 208)
[M::mem_pestat] low and high boundaries for computing mean and std.dev: (70, 300)
[M::mem_pestat] mean and std.dev: (186.14, 32.48)
[M::mem_pestat] low and high boundaries for proper pairs: (24, 346)
[M::mem_pestat] skip orientation RF as there are not enough pairs
[M::mem_pestat] skip orientation RR as there are not enough pairs
[M::mem_process_seqs] Processed 647150 reads in 834.595 CPU sec, 107.067 real sec
[M::process] 0 single-end sequences; 647048 paired-end sequences
[M::process] read 646772 sequences (80000066 bp)...
[M::mem_pestat] # candidate unique pairs for (FF, FR, RF, RR): (0, 242429, 3, 0)
[M::mem_pestat] skip orientation FF as there are not enough pairs
[M::mem_pestat] analyzing insert size distribution for orientation FR...
[M::mem_pestat] (25, 50, 75) percentile: (162, 184, 208)
[M::mem_pestat] low and high boundaries for computing mean and std.dev: (70, 300)
[M::mem_pestat] mean and std.dev: (186.07, 32.50)
[M::mem_pestat] low and high boundaries for proper pairs: (24, 346)
[M::mem_pestat] skip orientation RF as there are not enough pairs
[M::mem_pestat] skip orientation RR as there are not enough pairs
[M::mem_process_seqs] Processed 647048 reads in 827.970 CPU sec, 106.238 real sec
[M::process] 0 single-end sequences; 646772 paired-end sequences
[M::process] read 646676 sequences (80000194 bp)...
[M::mem_pestat] # candidate unique pairs for (FF, FR, RF, RR): (0, 242107, 4, 0)
[M::mem_pestat] skip orientation FF as there are not enough pairs
[M::mem_pestat] analyzing insert size distribution for orientation FR...
[M::mem_pestat] (25, 50, 75) percentile: (162, 184, 208)
[M::mem_pestat] low and high boundaries for computing mean and std.dev: (70, 300)
[M::mem_pestat] mean and std.dev: (186.14, 32.46)
[M::mem_pestat] low and high boundaries for proper pairs: (24, 346)
[M::mem_pestat] skip orientation RF as there are not enough pairs
[M::mem_pestat] skip orientation RR as there are not enough pairs
[M::mem_process_seqs] Processed 646772 reads in 811.613 CPU sec, 104.149 real sec
[M::process] 0 single-end sequences; 646676 paired-end sequences
[M::process] read 646346 sequences (80000018 bp)...
[M::mem_pestat] # candidate unique pairs for (FF, FR, RF, RR): (0, 242107, 3, 0)
[M::mem_pestat] skip orientation FF as there are not enough pairs
[M::mem_pestat] analyzing insert size distribution for orientation FR...
[M::mem_pestat] (25, 50, 75) percentile: (162, 184, 208)
[M::mem_pestat] low and high boundaries for computing mean and std.dev: (70, 300)
[M::mem_pestat] mean and std.dev: (186.06, 32.45)
[M::mem_pestat] low and high boundaries for proper pairs: (24, 346)
[M::mem_pestat] skip orientation RF as there are not enough pairs
[M::mem_pestat] skip orientation RR as there are not enough pairs
[M::mem_process_seqs] Processed 646676 reads in 806.074 CPU sec, 103.469 real sec
[M::process] 0 single-end sequences; 646346 paired-end sequences
[M::process] read 646122 sequences (80000234 bp)...
[M::mem_pestat] # candidate unique pairs for (FF, FR, RF, RR): (0, 242255, 6, 0)
[M::mem_pestat] skip orientation FF as there are not enough pairs
[M::mem_pestat] analyzing insert size distribution for orientation FR...
[M::mem_pestat] (25, 50, 75) percentile: (162, 183, 208)
[M::mem_pestat] low and high boundaries for computing mean and std.dev: (70, 300)
[M::mem_pestat] mean and std.dev: (185.90, 32.47)
[M::mem_pestat] low and high boundaries for proper pairs: (24, 346)
[M::mem_pestat] skip orientation RF as there are not enough pairs
[M::mem_pestat] skip orientation RR as there are not enough pairs
[M::mem_process_seqs] Processed 646346 reads in 803.114 CPU sec, 103.085 real sec
[M::process] 0 single-end sequences; 646122 paired-end sequences
[M::process] read 652868 sequences (80000025 bp)...
[M::mem_pestat] # candidate unique pairs for (FF, FR, RF, RR): (0, 242848, 2, 0)
[M::mem_pestat] skip orientation FF as there are not enough pairs
[M::mem_pestat] analyzing insert size distribution for orientation FR...
[M::mem_pestat] (25, 50, 75) percentile: (162, 184, 208)
[M::mem_pestat] low and high boundaries for computing mean and std.dev: (70, 300)
[M::mem_pestat] mean and std.dev: (185.99, 32.52)
[M::mem_pestat] low and high boundaries for proper pairs: (24, 346)
[M::mem_pestat] skip orientation RF as there are not enough pairs
[M::mem_pestat] skip orientation RR as there are not enough pairs
[M::mem_process_seqs] Processed 646122 reads in 782.970 CPU sec, 100.594 real sec
[M::process] 0 single-end sequences; 652868 paired-end sequences
[M::process] read 654916 sequences (80000168 bp)...
[M::mem_pestat] # candidate unique pairs for (FF, FR, RF, RR): (0, 245008, 5, 0)
[M::mem_pestat] skip orientation FF as there are not enough pairs
[M::mem_pestat] analyzing insert size distribution for orientation FR...
[M::mem_pestat] (25, 50, 75) percentile: (162, 184, 209)
[M::mem_pestat] low and high boundaries for computing mean and std.dev: (68, 303)
[M::mem_pestat] mean and std.dev: (186.35, 32.52)
[M::mem_pestat] low and high boundaries for proper pairs: (21, 350)
[M::mem_pestat] skip orientation RF as there are not enough pairs
[M::mem_pestat] skip orientation RR as there are not enough pairs
[M::mem_process_seqs] Processed 652868 reads in 893.942 CPU sec, 115.060 real sec
[M::process] 0 single-end sequences; 654916 paired-end sequences
[M::process] read 654256 sequences (80000223 bp)...
[M::mem_pestat] # candidate unique pairs for (FF, FR, RF, RR): (0, 245719, 6, 0)
[M::mem_pestat] skip orientation FF as there are not enough pairs
[M::mem_pestat] analyzing insert size distribution for orientation FR...
[M::mem_pestat] (25, 50, 75) percentile: (162, 184, 209)
[M::mem_pestat] low and high boundaries for computing mean and std.dev: (68, 303)
[M::mem_pestat] mean and std.dev: (186.55, 32.57)
[M::mem_pestat] low and high boundaries for proper pairs: (21, 350)
[M::mem_pestat] skip orientation RF as there are not enough pairs
[M::mem_pestat] skip orientation RR as there are not enough pairs
[M::mem_process_seqs] Processed 654916 reads in 869.017 CPU sec, 111.404 real sec
[M::process] 0 single-end sequences; 654256 paired-end sequences
[M::process] read 653736 sequences (80000009 bp)...
[M::mem_pestat] # candidate unique pairs for (FF, FR, RF, RR): (0, 245222, 3, 0)
[M::mem_pestat] skip orientation FF as there are not enough pairs
[M::mem_pestat] analyzing insert size distribution for orientation FR...
[M::mem_pestat] (25, 50, 75) percentile: (162, 184, 209)
[M::mem_pestat] low and high boundaries for computing mean and std.dev: (68, 303)
[M::mem_pestat] mean and std.dev: (186.50, 32.51)
[M::mem_pestat] low and high boundaries for proper pairs: (21, 350)
[M::mem_pestat] skip orientation RF as there are not enough pairs
[M::mem_pestat] skip orientation RR as there are not enough pairs
[M::mem_process_seqs] Processed 654256 reads in 894.730 CPU sec, 114.589 real sec
[M::process] 0 single-end sequences; 653736 paired-end sequences
[M::process] read 653238 sequences (80000165 bp)...
[M::mem_pestat] # candidate unique pairs for (FF, FR, RF, RR): (0, 245756, 3, 0)
[M::mem_pestat] skip orientation FF as there are not enough pairs
[M::mem_pestat] analyzing insert size distribution for orientation FR...
[M::mem_pestat] (25, 50, 75) percentile: (162, 184, 209)
[M::mem_pestat] low and high boundaries for computing mean and std.dev: (68, 303)
[M::mem_pestat] mean and std.dev: (186.54, 32.49)
[M::mem_pestat] low and high boundaries for proper pairs: (21, 350)
[M::mem_pestat] skip orientation RF as there are not enough pairs
[M::mem_pestat] skip orientation RR as there are not enough pairs
[M::mem_process_seqs] Processed 653736 reads in 888.957 CPU sec, 113.862 real sec
[M::process] 0 single-end sequences; 653238 paired-end sequences
[M::process] read 652786 sequences (80000096 bp)...
[M::mem_pestat] # candidate unique pairs for (FF, FR, RF, RR): (0, 245231, 10, 0)
[M::mem_pestat] skip orientation FF as there are not enough pairs
[M::mem_pestat] analyzing insert size distribution for orientation FR...
[M::mem_pestat] (25, 50, 75) percentile: (162, 184, 209)
[M::mem_pestat] low and high boundaries for computing mean and std.dev: (68, 303)
[M::mem_pestat] mean and std.dev: (186.49, 32.58)
[M::mem_pestat] low and high boundaries for proper pairs: (21, 350)
[M::mem_pestat] analyzing insert size distribution for orientation RF...
[M::mem_pestat] (25, 50, 75) percentile: (133, 169, 200)
[M::mem_pestat] low and high boundaries for computing mean and std.dev: (1, 334)
[M::mem_pestat] mean and std.dev: (168.00, 71.95)
[M::mem_pestat] low and high boundaries for proper pairs: (1, 456)
[M::mem_pestat] skip orientation RR as there are not enough pairs
[M::mem_pestat] skip orientation RF
[M::mem_process_seqs] Processed 653238 reads in 903.069 CPU sec, 115.663 real sec
[M::process] 0 single-end sequences; 652786 paired-end sequences
[M::process] read 652440 sequences (80000087 bp)...
[M::mem_pestat] # candidate unique pairs for (FF, FR, RF, RR): (0, 245276, 4, 0)
[M::mem_pestat] skip orientation FF as there are not enough pairs
[M::mem_pestat] analyzing insert size distribution for orientation FR...
[M::mem_pestat] (25, 50, 75) percentile: (162, 184, 209)
[M::mem_pestat] low and high boundaries for computing mean and std.dev: (68, 303)
[M::mem_pestat] mean and std.dev: (186.57, 32.55)
[M::mem_pestat] low and high boundaries for proper pairs: (21, 350)
[M::mem_pestat] skip orientation RF as there are not enough pairs
[M::mem_pestat] skip orientation RR as there are not enough pairs
[M::mem_process_seqs] Processed 652786 reads in 911.316 CPU sec, 116.719 real sec
[M::process] 0 single-end sequences; 652440 paired-end sequences
[M::process] read 652234 sequences (80000103 bp)...
[M::mem_pestat] # candidate unique pairs for (FF, FR, RF, RR): (0, 245276, 3, 0)
[M::mem_pestat] skip orientation FF as there are not enough pairs
[M::mem_pestat] analyzing insert size distribution for orientation FR...
[M::mem_pestat] (25, 50, 75) percentile: (162, 184, 209)
[M::mem_pestat] low and high boundaries for computing mean and std.dev: (68, 303)
[M::mem_pestat] mean and std.dev: (186.48, 32.53)
[M::mem_pestat] low and high boundaries for proper pairs: (21, 350)
[M::mem_pestat] skip orientation RF as there are not enough pairs
[M::mem_pestat] skip orientation RR as there are not enough pairs
[M::mem_process_seqs] Processed 652440 reads in 842.897 CPU sec, 108.129 real sec
[M::process] 0 single-end sequences; 652234 paired-end sequences
[M::process] read 652018 sequences (80000014 bp)...
[M::mem_pestat] # candidate unique pairs for (FF, FR, RF, RR): (0, 245308, 2, 0)
[M::mem_pestat] skip orientation FF as there are not enough pairs
[M::mem_pestat] analyzing insert size distribution for orientation FR...
[M::mem_pestat] (25, 50, 75) percentile: (162, 184, 209)
[M::mem_pestat] low and high boundaries for computing mean and std.dev: (68, 303)
[M::mem_pestat] mean and std.dev: (186.47, 32.50)
[M::mem_pestat] low and high boundaries for proper pairs: (21, 350)
[M::mem_pestat] skip orientation RF as there are not enough pairs
[M::mem_pestat] skip orientation RR as there are not enough pairs
[M::mem_process_seqs] Processed 652234 reads in 853.966 CPU sec, 109.514 real sec
[M::process] 0 single-end sequences; 652018 paired-end sequences
[M::process] read 651898 sequences (80000015 bp)...
[M::mem_pestat] # candidate unique pairs for (FF, FR, RF, RR): (0, 245896, 6, 0)
[M::mem_pestat] skip orientation FF as there are not enough pairs
[M::mem_pestat] analyzing insert size distribution for orientation FR...
[M::mem_pestat] (25, 50, 75) percentile: (162, 184, 209)
[M::mem_pestat] low and high boundaries for computing mean and std.dev: (68, 303)
[M::mem_pestat] mean and std.dev: (186.55, 32.59)
[M::mem_pestat] low and high boundaries for proper pairs: (21, 350)
[M::mem_pestat] skip orientation RF as there are not enough pairs
[M::mem_pestat] skip orientation RR as there are not enough pairs
[M::mem_process_seqs] Processed 652018 reads in 809.860 CPU sec, 103.994 real sec
[M::process] 0 single-end sequences; 651898 paired-end sequences
[M::process] read 651566 sequences (80000057 bp)...
[M::mem_pestat] # candidate unique pairs for (FF, FR, RF, RR): (0, 245270, 5, 0)
[M::mem_pestat] skip orientation FF as there are not enough pairs
[M::mem_pestat] analyzing insert size distribution for orientation FR...
[M::mem_pestat] (25, 50, 75) percentile: (162, 184, 209)
[M::mem_pestat] low and high boundaries for computing mean and std.dev: (68, 303)
[M::mem_pestat] mean and std.dev: (186.46, 32.58)
[M::mem_pestat] low and high boundaries for proper pairs: (21, 350)
[M::mem_pestat] skip orientation RF as there are not enough pairs
[M::mem_pestat] skip orientation RR as there are not enough pairs
[M::mem_process_seqs] Processed 651898 reads in 831.540 CPU sec, 106.684 real sec
[M::process] 0 single-end sequences; 651566 paired-end sequences
[M::process] read 651820 sequences (80000102 bp)...
[M::mem_pestat] # candidate unique pairs for (FF, FR, RF, RR): (0, 245475, 4, 0)
[M::mem_pestat] skip orientation FF as there are not enough pairs
[M::mem_pestat] analyzing insert size distribution for orientation FR...
[M::mem_pestat] (25, 50, 75) percentile: (162, 184, 209)
[M::mem_pestat] low and high boundaries for computing mean and std.dev: (68, 303)
[M::mem_pestat] mean and std.dev: (186.50, 32.57)
[M::mem_pestat] low and high boundaries for proper pairs: (21, 350)
[M::mem_pestat] skip orientation RF as there are not enough pairs
[M::mem_pestat] skip orientation RR as there are not enough pairs
[M::mem_process_seqs] Processed 651566 reads in 836.605 CPU sec, 107.346 real sec
[M::process] 0 single-end sequences; 651820 paired-end sequences
[M::process] read 652538 sequences (80000133 bp)...
[M::mem_pestat] # candidate unique pairs for (FF, FR, RF, RR): (0, 245564, 8, 0)
[M::mem_pestat] skip orientation FF as there are not enough pairs
[M::mem_pestat] analyzing insert size distribution for orientation FR...
[M::mem_pestat] (25, 50, 75) percentile: (162, 184, 209)
[M::mem_pestat] low and high boundaries for computing mean and std.dev: (68, 303)
[M::mem_pestat] mean and std.dev: (186.40, 32.44)
[M::mem_pestat] low and high boundaries for proper pairs: (21, 350)
[M::mem_pestat] skip orientation RF as there are not enough pairs
[M::mem_pestat] skip orientation RR as there are not enough pairs
[M::mem_process_seqs] Processed 651820 reads in 859.568 CPU sec, 110.222 real sec
[M::process] 0 single-end sequences; 652538 paired-end sequences
[M::process] read 654008 sequences (80000087 bp)...
[M::mem_pestat] # candidate unique pairs for (FF, FR, RF, RR): (0, 245791, 2, 0)
[M::mem_pestat] skip orientation FF as there are not enough pairs
[M::mem_pestat] analyzing insert size distribution for orientation FR...
[M::mem_pestat] (25, 50, 75) percentile: (162, 184, 208)
[M::mem_pestat] low and high boundaries for computing mean and std.dev: (70, 300)
[M::mem_pestat] mean and std.dev: (186.27, 32.46)
[M::mem_pestat] low and high boundaries for proper pairs: (24, 346)
[M::mem_pestat] skip orientation RF as there are not enough pairs
[M::mem_pestat] skip orientation RR as there are not enough pairs
[M::mem_process_seqs] Processed 652538 reads in 860.476 CPU sec, 110.448 real sec
[M::process] 0 single-end sequences; 654008 paired-end sequences
[M::process] read 656466 sequences (80000112 bp)...
[M::mem_pestat] # candidate unique pairs for (FF, FR, RF, RR): (0, 246217, 3, 0)
[M::mem_pestat] skip orientation FF as there are not enough pairs
[M::mem_pestat] analyzing insert size distribution for orientation FR...
[M::mem_pestat] (25, 50, 75) percentile: (162, 184, 209)
[M::mem_pestat] low and high boundaries for computing mean and std.dev: (68, 303)
[M::mem_pestat] mean and std.dev: (186.36, 32.53)
[M::mem_pestat] low and high boundaries for proper pairs: (21, 350)
[M::mem_pestat] skip orientation RF as there are not enough pairs
[M::mem_pestat] skip orientation RR as there are not enough pairs
[M::mem_process_seqs] Processed 654008 reads in 922.534 CPU sec, 118.126 real sec
[M::process] 0 single-end sequences; 656466 paired-end sequences
[M::process] read 658268 sequences (80000028 bp)...
[M::mem_pestat] # candidate unique pairs for (FF, FR, RF, RR): (0, 246647, 4, 0)
[M::mem_pestat] skip orientation FF as there are not enough pairs
[M::mem_pestat] analyzing insert size distribution for orientation FR...
[M::mem_pestat] (25, 50, 75) percentile: (162, 184, 209)
[M::mem_pestat] low and high boundaries for computing mean and std.dev: (68, 303)
[M::mem_pestat] mean and std.dev: (186.36, 32.53)
[M::mem_pestat] low and high boundaries for proper pairs: (21, 350)
[M::mem_pestat] skip orientation RF as there are not enough pairs
[M::mem_pestat] skip orientation RR as there are not enough pairs
[M::mem_process_seqs] Processed 656466 reads in 905.275 CPU sec, 115.983 real sec
[M::process] 0 single-end sequences; 658268 paired-end sequences
[M::process] read 658550 sequences (80000125 bp)...
[M::mem_pestat] # candidate unique pairs for (FF, FR, RF, RR): (0, 247988, 6, 0)
[M::mem_pestat] skip orientation FF as there are not enough pairs
[M::mem_pestat] analyzing insert size distribution for orientation FR...
[M::mem_pestat] (25, 50, 75) percentile: (162, 184, 208)
[M::mem_pestat] low and high boundaries for computing mean and std.dev: (70, 300)
[M::mem_pestat] mean and std.dev: (186.18, 32.46)
[M::mem_pestat] low and high boundaries for proper pairs: (24, 346)
[M::mem_pestat] skip orientation RF as there are not enough pairs
[M::mem_pestat] skip orientation RR as there are not enough pairs
[M::mem_process_seqs] Processed 658268 reads in 883.638 CPU sec, 113.260 real sec
[M::process] 0 single-end sequences; 658550 paired-end sequences
[M::process] read 657986 sequences (80000087 bp)...
[M::mem_pestat] # candidate unique pairs for (FF, FR, RF, RR): (0, 247596, 1, 0)
[M::mem_pestat] skip orientation FF as there are not enough pairs
[M::mem_pestat] analyzing insert size distribution for orientation FR...
[M::mem_pestat] (25, 50, 75) percentile: (162, 184, 209)
[M::mem_pestat] low and high boundaries for computing mean and std.dev: (68, 303)
[M::mem_pestat] mean and std.dev: (186.30, 32.56)
[M::mem_pestat] low and high boundaries for proper pairs: (21, 350)
[M::mem_pestat] skip orientation RF as there are not enough pairs
[M::mem_pestat] skip orientation RR as there are not enough pairs
[M::mem_process_seqs] Processed 658550 reads in 879.167 CPU sec, 112.689 real sec
[M::process] 0 single-end sequences; 657986 paired-end sequences
[M::process] read 656944 sequences (80000076 bp)...
[M::mem_pestat] # candidate unique pairs for (FF, FR, RF, RR): (0, 247488, 4, 0)
[M::mem_pestat] skip orientation FF as there are not enough pairs
[M::mem_pestat] analyzing insert size distribution for orientation FR...
[M::mem_pestat] (25, 50, 75) percentile: (162, 184, 209)
[M::mem_pestat] low and high boundaries for computing mean and std.dev: (68, 303)
[M::mem_pestat] mean and std.dev: (186.36, 32.61)
[M::mem_pestat] low and high boundaries for proper pairs: (21, 350)
[M::mem_pestat] skip orientation RF as there are not enough pairs
[M::mem_pestat] skip orientation RR as there are not enough pairs
[M::mem_process_seqs] Processed 657986 reads in 870.268 CPU sec, 111.566 real sec
[M::process] 0 single-end sequences; 656944 paired-end sequences
[M::process] read 656126 sequences (80000081 bp)...
[M::mem_pestat] # candidate unique pairs for (FF, FR, RF, RR): (0, 247561, 3, 0)
[M::mem_pestat] skip orientation FF as there are not enough pairs
[M::mem_pestat] analyzing insert size distribution for orientation FR...
[M::mem_pestat] (25, 50, 75) percentile: (162, 184, 208)
[M::mem_pestat] low and high boundaries for computing mean and std.dev: (70, 300)
[M::mem_pestat] mean and std.dev: (186.17, 32.44)
[M::mem_pestat] low and high boundaries for proper pairs: (24, 346)
[M::mem_pestat] skip orientation RF as there are not enough pairs
[M::mem_pestat] skip orientation RR as there are not enough pairs
[M::mem_process_seqs] Processed 656944 reads in 848.535 CPU sec, 108.873 real sec
[M::process] 0 single-end sequences; 656126 paired-end sequences
[M::process] read 655854 sequences (80000106 bp)...
[M::mem_pestat] # candidate unique pairs for (FF, FR, RF, RR): (0, 247604, 5, 0)
[M::mem_pestat] skip orientation FF as there are not enough pairs
[M::mem_pestat] analyzing insert size distribution for orientation FR...
[M::mem_pestat] (25, 50, 75) percentile: (162, 184, 209)
[M::mem_pestat] low and high boundaries for computing mean and std.dev: (68, 303)
[M::mem_pestat] mean and std.dev: (186.18, 32.51)
[M::mem_pestat] low and high boundaries for proper pairs: (21, 350)
[M::mem_pestat] skip orientation RF as there are not enough pairs
[M::mem_pestat] skip orientation RR as there are not enough pairs
[M::mem_process_seqs] Processed 656126 reads in 851.999 CPU sec, 109.304 real sec
[M::process] 0 single-end sequences; 655854 paired-end sequences
[M::process] read 654928 sequences (80000156 bp)...
[M::mem_pestat] # candidate unique pairs for (FF, FR, RF, RR): (0, 246808, 9, 0)
[M::mem_pestat] skip orientation FF as there are not enough pairs
[M::mem_pestat] analyzing insert size distribution for orientation FR...
[M::mem_pestat] (25, 50, 75) percentile: (162, 184, 208)
[M::mem_pestat] low and high boundaries for computing mean and std.dev: (70, 300)
[M::mem_pestat] mean and std.dev: (186.15, 32.50)
[M::mem_pestat] low and high boundaries for proper pairs: (24, 346)
[M::mem_pestat] skip orientation RF as there are not enough pairs
[M::mem_pestat] skip orientation RR as there are not enough pairs
[M::mem_process_seqs] Processed 655854 reads in 870.361 CPU sec, 111.584 real sec
[M::process] 0 single-end sequences; 654928 paired-end sequences
[M::process] read 652120 sequences (80000130 bp)...
[M::mem_pestat] # candidate unique pairs for (FF, FR, RF, RR): (0, 246795, 3, 0)
[M::mem_pestat] skip orientation FF as there are not enough pairs
[M::mem_pestat] analyzing insert size distribution for orientation FR...
[M::mem_pestat] (25, 50, 75) percentile: (162, 184, 209)
[M::mem_pestat] low and high boundaries for computing mean and std.dev: (68, 303)
[M::mem_pestat] mean and std.dev: (186.18, 32.61)
[M::mem_pestat] low and high boundaries for proper pairs: (21, 350)
[M::mem_pestat] skip orientation RF as there are not enough pairs
[M::mem_pestat] skip orientation RR as there are not enough pairs
[M::mem_process_seqs] Processed 654928 reads in 904.361 CPU sec, 115.812 real sec
[M::process] 0 single-end sequences; 652120 paired-end sequences
[M::process] read 651580 sequences (80000139 bp)...
[M::mem_pestat] # candidate unique pairs for (FF, FR, RF, RR): (0, 246069, 3, 0)
[M::mem_pestat] skip orientation FF as there are not enough pairs
[M::mem_pestat] analyzing insert size distribution for orientation FR...
[M::mem_pestat] (25, 50, 75) percentile: (162, 184, 208)
[M::mem_pestat] low and high boundaries for computing mean and std.dev: (70, 300)
[M::mem_pestat] mean and std.dev: (186.13, 32.53)
[M::mem_pestat] low and high boundaries for proper pairs: (24, 346)
[M::mem_pestat] skip orientation RF as there are not enough pairs
[M::mem_pestat] skip orientation RR as there are not enough pairs
[M::mem_process_seqs] Processed 652120 reads in 818.612 CPU sec, 105.076 real sec
[M::process] 0 single-end sequences; 651580 paired-end sequences
[M::process] read 651422 sequences (80000025 bp)...
[M::mem_pestat] # candidate unique pairs for (FF, FR, RF, RR): (0, 245654, 7, 0)
[M::mem_pestat] skip orientation FF as there are not enough pairs
[M::mem_pestat] analyzing insert size distribution for orientation FR...
[M::mem_pestat] (25, 50, 75) percentile: (162, 184, 208)
[M::mem_pestat] low and high boundaries for computing mean and std.dev: (70, 300)
[M::mem_pestat] mean and std.dev: (186.07, 32.39)
[M::mem_pestat] low and high boundaries for proper pairs: (24, 346)
[M::mem_pestat] skip orientation RF as there are not enough pairs
[M::mem_pestat] skip orientation RR as there are not enough pairs
[M::mem_process_seqs] Processed 651580 reads in 850.650 CPU sec, 109.100 real sec
[M::process] 0 single-end sequences; 651422 paired-end sequences
[M::process] read 651258 sequences (80000162 bp)...
[M::mem_pestat] # candidate unique pairs for (FF, FR, RF, RR): (0, 245419, 3, 0)
[M::mem_pestat] skip orientation FF as there are not enough pairs
[M::mem_pestat] analyzing insert size distribution for orientation FR...
[M::mem_pestat] (25, 50, 75) percentile: (162, 184, 208)
[M::mem_pestat] low and high boundaries for computing mean and std.dev: (70, 300)
[M::mem_pestat] mean and std.dev: (186.08, 32.45)
[M::mem_pestat] low and high boundaries for proper pairs: (24, 346)
[M::mem_pestat] skip orientation RF as there are not enough pairs
[M::mem_pestat] skip orientation RR as there are not enough pairs
[M::mem_process_seqs] Processed 651422 reads in 895.015 CPU sec, 114.652 real sec
[M::process] 0 single-end sequences; 651258 paired-end sequences
[M::process] read 651132 sequences (80000075 bp)...
[M::mem_pestat] # candidate unique pairs for (FF, FR, RF, RR): (0, 244959, 5, 0)
[M::mem_pestat] skip orientation FF as there are not enough pairs
[M::mem_pestat] analyzing insert size distribution for orientation FR...
[M::mem_pestat] (25, 50, 75) percentile: (162, 184, 209)
[M::mem_pestat] low and high boundaries for computing mean and std.dev: (68, 303)
[M::mem_pestat] mean and std.dev: (186.11, 32.52)
[M::mem_pestat] low and high boundaries for proper pairs: (21, 350)
[M::mem_pestat] skip orientation RF as there are not enough pairs
[M::mem_pestat] skip orientation RR as there are not enough pairs
[M::mem_process_seqs] Processed 651258 reads in 886.089 CPU sec, 113.493 real sec
[M::process] 0 single-end sequences; 651132 paired-end sequences
[M::process] read 650382 sequences (80000155 bp)...
[M::mem_pestat] # candidate unique pairs for (FF, FR, RF, RR): (0, 244356, 4, 0)
[M::mem_pestat] skip orientation FF as there are not enough pairs
[M::mem_pestat] analyzing insert size distribution for orientation FR...
[M::mem_pestat] (25, 50, 75) percentile: (162, 184, 208)
[M::mem_pestat] low and high boundaries for computing mean and std.dev: (70, 300)
[M::mem_pestat] mean and std.dev: (186.14, 32.45)
[M::mem_pestat] low and high boundaries for proper pairs: (24, 346)
[M::mem_pestat] skip orientation RF as there are not enough pairs
[M::mem_pestat] skip orientation RR as there are not enough pairs
[M::mem_process_seqs] Processed 651132 reads in 935.733 CPU sec, 119.734 real sec
[M::process] 0 single-end sequences; 650382 paired-end sequences
[M::process] read 649808 sequences (80000151 bp)...
[M::mem_pestat] # candidate unique pairs for (FF, FR, RF, RR): (0, 244832, 6, 0)
[M::mem_pestat] skip orientation FF as there are not enough pairs
[M::mem_pestat] analyzing insert size distribution for orientation FR...
[M::mem_pestat] (25, 50, 75) percentile: (162, 184, 208)
[M::mem_pestat] low and high boundaries for computing mean and std.dev: (70, 300)
[M::mem_pestat] mean and std.dev: (186.05, 32.48)
[M::mem_pestat] low and high boundaries for proper pairs: (24, 346)
[M::mem_pestat] skip orientation RF as there are not enough pairs
[M::mem_pestat] skip orientation RR as there are not enough pairs
[M::mem_process_seqs] Processed 650382 reads in 883.880 CPU sec, 113.274 real sec
[M::process] 0 single-end sequences; 649808 paired-end sequences
[M::process] read 649304 sequences (80000221 bp)...
[M::mem_pestat] # candidate unique pairs for (FF, FR, RF, RR): (0, 244622, 5, 0)
[M::mem_pestat] skip orientation FF as there are not enough pairs
[M::mem_pestat] analyzing insert size distribution for orientation FR...
[M::mem_pestat] (25, 50, 75) percentile: (162, 184, 208)
[M::mem_pestat] low and high boundaries for computing mean and std.dev: (70, 300)
[M::mem_pestat] mean and std.dev: (186.01, 32.41)
[M::mem_pestat] low and high boundaries for proper pairs: (24, 346)
[M::mem_pestat] skip orientation RF as there are not enough pairs
[M::mem_pestat] skip orientation RR as there are not enough pairs
[M::mem_process_seqs] Processed 649808 reads in 872.165 CPU sec, 111.764 real sec
[M::process] 0 single-end sequences; 649304 paired-end sequences
[M::process] read 648738 sequences (80000193 bp)...
[M::mem_pestat] # candidate unique pairs for (FF, FR, RF, RR): (0, 244611, 5, 0)
[M::mem_pestat] skip orientation FF as there are not enough pairs
[M::mem_pestat] analyzing insert size distribution for orientation FR...
[M::mem_pestat] (25, 50, 75) percentile: (162, 184, 208)
[M::mem_pestat] low and high boundaries for computing mean and std.dev: (70, 300)
[M::mem_pestat] mean and std.dev: (186.10, 32.44)
[M::mem_pestat] low and high boundaries for proper pairs: (24, 346)
[M::mem_pestat] skip orientation RF as there are not enough pairs
[M::mem_pestat] skip orientation RR as there are not enough pairs
[M::mem_process_seqs] Processed 649304 reads in 904.908 CPU sec, 115.892 real sec
[M::process] 0 single-end sequences; 648738 paired-end sequences
[M::process] read 648906 sequences (80000000 bp)...
[M::mem_pestat] # candidate unique pairs for (FF, FR, RF, RR): (0, 244963, 3, 0)
[M::mem_pestat] skip orientation FF as there are not enough pairs
[M::mem_pestat] analyzing insert size distribution for orientation FR...
[M::mem_pestat] (25, 50, 75) percentile: (162, 184, 208)
[M::mem_pestat] low and high boundaries for computing mean and std.dev: (70, 300)
[M::mem_pestat] mean and std.dev: (186.02, 32.53)
[M::mem_pestat] low and high boundaries for proper pairs: (24, 346)
[M::mem_pestat] skip orientation RF as there are not enough pairs
[M::mem_pestat] skip orientation RR as there are not enough pairs
[M::mem_process_seqs] Processed 648738 reads in 811.837 CPU sec, 104.220 real sec
[M::process] 0 single-end sequences; 648906 paired-end sequences
[M::process] read 650600 sequences (80000160 bp)...
[M::mem_pestat] # candidate unique pairs for (FF, FR, RF, RR): (0, 244733, 3, 0)
[M::mem_pestat] skip orientation FF as there are not enough pairs
[M::mem_pestat] analyzing insert size distribution for orientation FR...
[M::mem_pestat] (25, 50, 75) percentile: (162, 184, 209)
[M::mem_pestat] low and high boundaries for computing mean and std.dev: (68, 303)
[M::mem_pestat] mean and std.dev: (186.17, 32.49)
[M::mem_pestat] low and high boundaries for proper pairs: (21, 350)
[M::mem_pestat] skip orientation RF as there are not enough pairs
[M::mem_pestat] skip orientation RR as there are not enough pairs
[M::mem_process_seqs] Processed 648906 reads in 801.748 CPU sec, 102.978 real sec
[M::process] 0 single-end sequences; 650600 paired-end sequences
[M::process] read 650462 sequences (80000134 bp)...
[M::mem_pestat] # candidate unique pairs for (FF, FR, RF, RR): (0, 243397, 5, 0)
[M::mem_pestat] skip orientation FF as there are not enough pairs
[M::mem_pestat] analyzing insert size distribution for orientation FR...
[M::mem_pestat] (25, 50, 75) percentile: (162, 184, 209)
[M::mem_pestat] low and high boundaries for computing mean and std.dev: (68, 303)
[M::mem_pestat] mean and std.dev: (186.52, 32.53)
[M::mem_pestat] low and high boundaries for proper pairs: (21, 350)
[M::mem_pestat] skip orientation RF as there are not enough pairs
[M::mem_pestat] skip orientation RR as there are not enough pairs
[M::mem_process_seqs] Processed 650600 reads in 914.555 CPU sec, 117.053 real sec
[M::process] 0 single-end sequences; 650462 paired-end sequences
[M::process] read 650406 sequences (80000019 bp)...
[M::mem_pestat] # candidate unique pairs for (FF, FR, RF, RR): (0, 244008, 5, 0)
[M::mem_pestat] skip orientation FF as there are not enough pairs
[M::mem_pestat] analyzing insert size distribution for orientation FR...
[M::mem_pestat] (25, 50, 75) percentile: (162, 184, 209)
[M::mem_pestat] low and high boundaries for computing mean and std.dev: (68, 303)
[M::mem_pestat] mean and std.dev: (186.55, 32.52)
[M::mem_pestat] low and high boundaries for proper pairs: (21, 350)
[M::mem_pestat] skip orientation RF as there are not enough pairs
[M::mem_pestat] skip orientation RR as there are not enough pairs
[M::mem_process_seqs] Processed 650462 reads in 853.515 CPU sec, 109.432 real sec
[M::process] 0 single-end sequences; 650406 paired-end sequences
[M::process] read 649904 sequences (80000148 bp)...
[M::mem_pestat] # candidate unique pairs for (FF, FR, RF, RR): (0, 243880, 3, 0)
[M::mem_pestat] skip orientation FF as there are not enough pairs
[M::mem_pestat] analyzing insert size distribution for orientation FR...
[M::mem_pestat] (25, 50, 75) percentile: (162, 184, 209)
[M::mem_pestat] low and high boundaries for computing mean and std.dev: (68, 303)
[M::mem_pestat] mean and std.dev: (186.52, 32.47)
[M::mem_pestat] low and high boundaries for proper pairs: (21, 350)
[M::mem_pestat] skip orientation RF as there are not enough pairs
[M::mem_pestat] skip orientation RR as there are not enough pairs
[M::mem_process_seqs] Processed 650406 reads in 929.887 CPU sec, 119.014 real sec
[M::process] 0 single-end sequences; 649904 paired-end sequences
[M::process] read 649638 sequences (80000170 bp)...
[M::mem_pestat] # candidate unique pairs for (FF, FR, RF, RR): (0, 243830, 2, 0)
[M::mem_pestat] skip orientation FF as there are not enough pairs
[M::mem_pestat] analyzing insert size distribution for orientation FR...
[M::mem_pestat] (25, 50, 75) percentile: (162, 184, 209)
[M::mem_pestat] low and high boundaries for computing mean and std.dev: (68, 303)
[M::mem_pestat] mean and std.dev: (186.59, 32.57)
[M::mem_pestat] low and high boundaries for proper pairs: (21, 350)
[M::mem_pestat] skip orientation RF as there are not enough pairs
[M::mem_pestat] skip orientation RR as there are not enough pairs
[M::mem_process_seqs] Processed 649904 reads in 891.330 CPU sec, 114.144 real sec
[M::process] 0 single-end sequences; 649638 paired-end sequences
[M::process] read 649648 sequences (80000117 bp)...
[M::mem_pestat] # candidate unique pairs for (FF, FR, RF, RR): (0, 243783, 6, 0)
[M::mem_pestat] skip orientation FF as there are not enough pairs
[M::mem_pestat] analyzing insert size distribution for orientation FR...
[M::mem_pestat] (25, 50, 75) percentile: (162, 184, 209)
[M::mem_pestat] low and high boundaries for computing mean and std.dev: (68, 303)
[M::mem_pestat] mean and std.dev: (186.45, 32.47)
[M::mem_pestat] low and high boundaries for proper pairs: (21, 350)
[M::mem_pestat] skip orientation RF as there are not enough pairs
[M::mem_pestat] skip orientation RR as there are not enough pairs
[M::mem_process_seqs] Processed 649638 reads in 851.961 CPU sec, 109.216 real sec
[M::process] 0 single-end sequences; 649648 paired-end sequences
[M::process] read 649338 sequences (80000119 bp)...
[M::mem_pestat] # candidate unique pairs for (FF, FR, RF, RR): (0, 244022, 8, 0)
[M::mem_pestat] skip orientation FF as there are not enough pairs
[M::mem_pestat] analyzing insert size distribution for orientation FR...
[M::mem_pestat] (25, 50, 75) percentile: (162, 184, 209)
[M::mem_pestat] low and high boundaries for computing mean and std.dev: (68, 303)
[M::mem_pestat] mean and std.dev: (186.46, 32.48)
[M::mem_pestat] low and high boundaries for proper pairs: (21, 350)
[M::mem_pestat] skip orientation RF as there are not enough pairs
[M::mem_pestat] skip orientation RR as there are not enough pairs
[M::mem_process_seqs] Processed 649648 reads in 872.468 CPU sec, 111.820 real sec
[M::process] 0 single-end sequences; 649338 paired-end sequences
[M::process] read 649258 sequences (80000220 bp)...
[M::mem_pestat] # candidate unique pairs for (FF, FR, RF, RR): (0, 244526, 3, 0)
[M::mem_pestat] skip orientation FF as there are not enough pairs
[M::mem_pestat] analyzing insert size distribution for orientation FR...
[M::mem_pestat] (25, 50, 75) percentile: (162, 184, 209)
[M::mem_pestat] low and high boundaries for computing mean and std.dev: (68, 303)
[M::mem_pestat] mean and std.dev: (186.55, 32.56)
[M::mem_pestat] low and high boundaries for proper pairs: (21, 350)
[M::mem_pestat] skip orientation RF as there are not enough pairs
[M::mem_pestat] skip orientation RR as there are not enough pairs
[M::mem_process_seqs] Processed 649338 reads in 886.116 CPU sec, 113.491 real sec
[M::process] 0 single-end sequences; 649258 paired-end sequences
[M::process] read 649144 sequences (80000151 bp)...
[M::mem_pestat] # candidate unique pairs for (FF, FR, RF, RR): (0, 244487, 4, 0)
[M::mem_pestat] skip orientation FF as there are not enough pairs
[M::mem_pestat] analyzing insert size distribution for orientation FR...
[M::mem_pestat] (25, 50, 75) percentile: (162, 184, 209)
[M::mem_pestat] low and high boundaries for computing mean and std.dev: (68, 303)
[M::mem_pestat] mean and std.dev: (186.49, 32.51)
[M::mem_pestat] low and high boundaries for proper pairs: (21, 350)
[M::mem_pestat] skip orientation RF as there are not enough pairs
[M::mem_pestat] skip orientation RR as there are not enough pairs
[M::mem_process_seqs] Processed 649258 reads in 830.435 CPU sec, 106.512 real sec
[M::process] 0 single-end sequences; 649144 paired-end sequences
[M::process] read 649004 sequences (80000210 bp)...
[M::mem_pestat] # candidate unique pairs for (FF, FR, RF, RR): (0, 244652, 3, 0)
[M::mem_pestat] skip orientation FF as there are not enough pairs
[M::mem_pestat] analyzing insert size distribution for orientation FR...
[M::mem_pestat] (25, 50, 75) percentile: (162, 184, 209)
[M::mem_pestat] low and high boundaries for computing mean and std.dev: (68, 303)
[M::mem_pestat] mean and std.dev: (186.39, 32.46)
[M::mem_pestat] low and high boundaries for proper pairs: (21, 350)
[M::mem_pestat] skip orientation RF as there are not enough pairs
[M::mem_pestat] skip orientation RR as there are not enough pairs
[M::mem_process_seqs] Processed 649144 reads in 807.142 CPU sec, 103.648 real sec
[M::process] 0 single-end sequences; 649004 paired-end sequences
[M::process] read 648890 sequences (80000173 bp)...
[M::mem_pestat] # candidate unique pairs for (FF, FR, RF, RR): (0, 243533, 4, 0)
[M::mem_pestat] skip orientation FF as there are not enough pairs
[M::mem_pestat] analyzing insert size distribution for orientation FR...
[M::mem_pestat] (25, 50, 75) percentile: (162, 184, 209)
[M::mem_pestat] low and high boundaries for computing mean and std.dev: (68, 303)
[M::mem_pestat] mean and std.dev: (186.36, 32.47)
[M::mem_pestat] low and high boundaries for proper pairs: (21, 350)
[M::mem_pestat] skip orientation RF as there are not enough pairs
[M::mem_pestat] skip orientation RR as there are not enough pairs
[M::mem_process_seqs] Processed 649004 reads in 831.235 CPU sec, 106.619 real sec
[M::process] 0 single-end sequences; 648890 paired-end sequences
[M::process] read 649280 sequences (80000158 bp)...
[M::mem_pestat] # candidate unique pairs for (FF, FR, RF, RR): (0, 244507, 1, 0)
[M::mem_pestat] skip orientation FF as there are not enough pairs
[M::mem_pestat] analyzing insert size distribution for orientation FR...
[M::mem_pestat] (25, 50, 75) percentile: (162, 184, 209)
[M::mem_pestat] low and high boundaries for computing mean and std.dev: (68, 303)
[M::mem_pestat] mean and std.dev: (186.38, 32.49)
[M::mem_pestat] low and high boundaries for proper pairs: (21, 350)
[M::mem_pestat] skip orientation RF as there are not enough pairs
[M::mem_pestat] skip orientation RR as there are not enough pairs
[M::mem_process_seqs] Processed 648890 reads in 843.293 CPU sec, 108.149 real sec
[M::process] 0 single-end sequences; 649280 paired-end sequences
[M::process] read 649894 sequences (80000246 bp)...
[M::mem_pestat] # candidate unique pairs for (FF, FR, RF, RR): (0, 244369, 2, 0)
[M::mem_pestat] skip orientation FF as there are not enough pairs
[M::mem_pestat] analyzing insert size distribution for orientation FR...
[M::mem_pestat] (25, 50, 75) percentile: (162, 184, 209)
[M::mem_pestat] low and high boundaries for computing mean and std.dev: (68, 303)
[M::mem_pestat] mean and std.dev: (186.34, 32.51)
[M::mem_pestat] low and high boundaries for proper pairs: (21, 350)
[M::mem_pestat] skip orientation RF as there are not enough pairs
[M::mem_pestat] skip orientation RR as there are not enough pairs
[M::mem_process_seqs] Processed 649280 reads in 809.266 CPU sec, 103.907 real sec
[M::process] 0 single-end sequences; 649894 paired-end sequences
[M::process] read 650656 sequences (80000125 bp)...
[M::mem_pestat] # candidate unique pairs for (FF, FR, RF, RR): (0, 244460, 7, 0)
[M::mem_pestat] skip orientation FF as there are not enough pairs
[M::mem_pestat] analyzing insert size distribution for orientation FR...
[M::mem_pestat] (25, 50, 75) percentile: (162, 184, 209)
[M::mem_pestat] low and high boundaries for computing mean and std.dev: (68, 303)
[M::mem_pestat] mean and std.dev: (186.31, 32.48)
[M::mem_pestat] low and high boundaries for proper pairs: (21, 350)
[M::mem_pestat] skip orientation RF as there are not enough pairs
[M::mem_pestat] skip orientation RR as there are not enough pairs
[M::mem_process_seqs] Processed 649894 reads in 832.951 CPU sec, 106.842 real sec
[M::process] 0 single-end sequences; 650656 paired-end sequences
[M::process] read 651676 sequences (80000128 bp)...
[M::mem_pestat] # candidate unique pairs for (FF, FR, RF, RR): (0, 244924, 4, 0)
[M::mem_pestat] skip orientation FF as there are not enough pairs
[M::mem_pestat] analyzing insert size distribution for orientation FR...
[M::mem_pestat] (25, 50, 75) percentile: (162, 184, 209)
[M::mem_pestat] low and high boundaries for computing mean and std.dev: (68, 303)
[M::mem_pestat] mean and std.dev: (186.27, 32.51)
[M::mem_pestat] low and high boundaries for proper pairs: (21, 350)
[M::mem_pestat] skip orientation RF as there are not enough pairs
[M::mem_pestat] skip orientation RR as there are not enough pairs
[M::mem_process_seqs] Processed 650656 reads in 849.656 CPU sec, 108.960 real sec
[M::process] 0 single-end sequences; 651676 paired-end sequences
[M::process] read 651364 sequences (80000063 bp)...
[M::mem_pestat] # candidate unique pairs for (FF, FR, RF, RR): (0, 245259, 9, 0)
[M::mem_pestat] skip orientation FF as there are not enough pairs
[M::mem_pestat] analyzing insert size distribution for orientation FR...
[M::mem_pestat] (25, 50, 75) percentile: (162, 184, 208)
[M::mem_pestat] low and high boundaries for computing mean and std.dev: (70, 300)
[M::mem_pestat] mean and std.dev: (186.13, 32.46)
[M::mem_pestat] low and high boundaries for proper pairs: (24, 346)
[M::mem_pestat] skip orientation RF as there are not enough pairs
[M::mem_pestat] skip orientation RR as there are not enough pairs
[M::mem_process_seqs] Processed 651676 reads in 845.111 CPU sec, 108.445 real sec
[M::process] 0 single-end sequences; 651364 paired-end sequences
[M::process] read 651008 sequences (80000032 bp)...
[M::mem_pestat] # candidate unique pairs for (FF, FR, RF, RR): (0, 245142, 4, 0)
[M::mem_pestat] skip orientation FF as there are not enough pairs
[M::mem_pestat] analyzing insert size distribution for orientation FR...
[M::mem_pestat] (25, 50, 75) percentile: (162, 184, 208)
[M::mem_pestat] low and high boundaries for computing mean and std.dev: (70, 300)
[M::mem_pestat] mean and std.dev: (186.16, 32.47)
[M::mem_pestat] low and high boundaries for proper pairs: (24, 346)
[M::mem_pestat] skip orientation RF as there are not enough pairs
[M::mem_pestat] skip orientation RR as there are not enough pairs
[M::mem_process_seqs] Processed 651364 reads in 826.207 CPU sec, 106.047 real sec
[M::process] 0 single-end sequences; 651008 paired-end sequences
[M::process] read 650396 sequences (80000130 bp)...
[M::mem_pestat] # candidate unique pairs for (FF, FR, RF, RR): (0, 245176, 9, 0)
[M::mem_pestat] skip orientation FF as there are not enough pairs
[M::mem_pestat] analyzing insert size distribution for orientation FR...
[M::mem_pestat] (25, 50, 75) percentile: (162, 184, 208)
[M::mem_pestat] low and high boundaries for computing mean and std.dev: (70, 300)
[M::mem_pestat] mean and std.dev: (186.22, 32.46)
[M::mem_pestat] low and high boundaries for proper pairs: (24, 346)
[M::mem_pestat] skip orientation RF as there are not enough pairs
[M::mem_pestat] skip orientation RR as there are not enough pairs
[M::mem_process_seqs] Processed 651008 reads in 821.137 CPU sec, 105.388 real sec
[M::process] 0 single-end sequences; 650396 paired-end sequences
[M::process] read 649780 sequences (80000125 bp)...
[M::mem_pestat] # candidate unique pairs for (FF, FR, RF, RR): (0, 244710, 5, 0)
[M::mem_pestat] skip orientation FF as there are not enough pairs
[M::mem_pestat] analyzing insert size distribution for orientation FR...
[M::mem_pestat] (25, 50, 75) percentile: (162, 184, 209)
[M::mem_pestat] low and high boundaries for computing mean and std.dev: (68, 303)
[M::mem_pestat] mean and std.dev: (186.34, 32.47)
[M::mem_pestat] low and high boundaries for proper pairs: (21, 350)
[M::mem_pestat] skip orientation RF as there are not enough pairs
[M::mem_pestat] skip orientation RR as there are not enough pairs
[M::mem_process_seqs] Processed 650396 reads in 820.999 CPU sec, 105.370 real sec
[M::process] 0 single-end sequences; 649780 paired-end sequences
[M::process] read 649358 sequences (80000100 bp)...
[M::mem_pestat] # candidate unique pairs for (FF, FR, RF, RR): (0, 244947, 4, 0)
[M::mem_pestat] skip orientation FF as there are not enough pairs
[M::mem_pestat] analyzing insert size distribution for orientation FR...
[M::mem_pestat] (25, 50, 75) percentile: (162, 184, 209)
[M::mem_pestat] low and high boundaries for computing mean and std.dev: (68, 303)
[M::mem_pestat] mean and std.dev: (186.21, 32.53)
[M::mem_pestat] low and high boundaries for proper pairs: (21, 350)
[M::mem_pestat] skip orientation RF as there are not enough pairs
[M::mem_pestat] skip orientation RR as there are not enough pairs
[M::mem_process_seqs] Processed 649780 reads in 801.812 CPU sec, 102.946 real sec
[M::process] 0 single-end sequences; 649358 paired-end sequences
[M::process] read 649632 sequences (80000178 bp)...
[M::mem_pestat] # candidate unique pairs for (FF, FR, RF, RR): (0, 244692, 3, 0)
[M::mem_pestat] skip orientation FF as there are not enough pairs
[M::mem_pestat] analyzing insert size distribution for orientation FR...
[M::mem_pestat] (25, 50, 75) percentile: (162, 184, 208)
[M::mem_pestat] low and high boundaries for computing mean and std.dev: (70, 300)
[M::mem_pestat] mean and std.dev: (186.13, 32.49)
[M::mem_pestat] low and high boundaries for proper pairs: (24, 346)
[M::mem_pestat] skip orientation RF as there are not enough pairs
[M::mem_pestat] skip orientation RR as there are not enough pairs
[M::mem_process_seqs] Processed 649358 reads in 813.093 CPU sec, 104.414 real sec
[M::process] 0 single-end sequences; 649632 paired-end sequences
[M::process] read 648864 sequences (80000148 bp)...
[M::mem_pestat] # candidate unique pairs for (FF, FR, RF, RR): (0, 244541, 3, 0)
[M::mem_pestat] skip orientation FF as there are not enough pairs
[M::mem_pestat] analyzing insert size distribution for orientation FR...
[M::mem_pestat] (25, 50, 75) percentile: (162, 184, 208)
[M::mem_pestat] low and high boundaries for computing mean and std.dev: (70, 300)
[M::mem_pestat] mean and std.dev: (186.09, 32.50)
[M::mem_pestat] low and high boundaries for proper pairs: (24, 346)
[M::mem_pestat] skip orientation RF as there are not enough pairs
[M::mem_pestat] skip orientation RR as there are not enough pairs
[M::mem_process_seqs] Processed 649632 reads in 840.377 CPU sec, 107.788 real sec
[M::process] 0 single-end sequences; 648864 paired-end sequences
[M::process] read 648442 sequences (80000051 bp)...
[M::mem_pestat] # candidate unique pairs for (FF, FR, RF, RR): (0, 244215, 2, 0)
[M::mem_pestat] skip orientation FF as there are not enough pairs
[M::mem_pestat] analyzing insert size distribution for orientation FR...
[M::mem_pestat] (25, 50, 75) percentile: (162, 184, 208)
[M::mem_pestat] low and high boundaries for computing mean and std.dev: (70, 300)
[M::mem_pestat] mean and std.dev: (186.01, 32.50)
[M::mem_pestat] low and high boundaries for proper pairs: (24, 346)
[M::mem_pestat] skip orientation RF as there are not enough pairs
[M::mem_pestat] skip orientation RR as there are not enough pairs
[M::mem_process_seqs] Processed 648864 reads in 817.291 CPU sec, 104.863 real sec
[M::process] 0 single-end sequences; 648442 paired-end sequences
[M::process] read 648478 sequences (80000043 bp)...
[M::mem_pestat] # candidate unique pairs for (FF, FR, RF, RR): (0, 244046, 2, 0)
[M::mem_pestat] skip orientation FF as there are not enough pairs
[M::mem_pestat] analyzing insert size distribution for orientation FR...
[M::mem_pestat] (25, 50, 75) percentile: (162, 184, 208)
[M::mem_pestat] low and high boundaries for computing mean and std.dev: (70, 300)
[M::mem_pestat] mean and std.dev: (186.02, 32.49)
[M::mem_pestat] low and high boundaries for proper pairs: (24, 346)
[M::mem_pestat] skip orientation RF as there are not enough pairs
[M::mem_pestat] skip orientation RR as there are not enough pairs
[M::mem_process_seqs] Processed 648442 reads in 802.250 CPU sec, 102.998 real sec
[M::process] 0 single-end sequences; 648478 paired-end sequences
[M::process] read 648484 sequences (80000170 bp)...
[M::mem_pestat] # candidate unique pairs for (FF, FR, RF, RR): (0, 243428, 4, 0)
[M::mem_pestat] skip orientation FF as there are not enough pairs
[M::mem_pestat] analyzing insert size distribution for orientation FR...
[M::mem_pestat] (25, 50, 75) percentile: (162, 184, 208)
[M::mem_pestat] low and high boundaries for computing mean and std.dev: (70, 300)
[M::mem_pestat] mean and std.dev: (186.02, 32.53)
[M::mem_pestat] low and high boundaries for proper pairs: (24, 346)
[M::mem_pestat] skip orientation RF as there are not enough pairs
[M::mem_pestat] skip orientation RR as there are not enough pairs
[M::mem_process_seqs] Processed 648478 reads in 910.789 CPU sec, 116.570 real sec
[M::process] 0 single-end sequences; 648484 paired-end sequences
[M::process] read 648118 sequences (80000097 bp)...
[M::mem_pestat] # candidate unique pairs for (FF, FR, RF, RR): (0, 242822, 4, 0)
[M::mem_pestat] skip orientation FF as there are not enough pairs
[M::mem_pestat] analyzing insert size distribution for orientation FR...
[M::mem_pestat] (25, 50, 75) percentile: (162, 184, 208)
[M::mem_pestat] low and high boundaries for computing mean and std.dev: (70, 300)
[M::mem_pestat] mean and std.dev: (185.97, 32.44)
[M::mem_pestat] low and high boundaries for proper pairs: (24, 346)
[M::mem_pestat] skip orientation RF as there are not enough pairs
[M::mem_pestat] skip orientation RR as there are not enough pairs
[M::mem_process_seqs] Processed 648484 reads in 954.144 CPU sec, 121.980 real sec
[M::process] 0 single-end sequences; 648118 paired-end sequences
[M::process] read 648000 sequences (80000152 bp)...
[M::mem_pestat] # candidate unique pairs for (FF, FR, RF, RR): (0, 242313, 5, 0)
[M::mem_pestat] skip orientation FF as there are not enough pairs
[M::mem_pestat] analyzing insert size distribution for orientation FR...
[M::mem_pestat] (25, 50, 75) percentile: (162, 183, 208)
[M::mem_pestat] low and high boundaries for computing mean and std.dev: (70, 300)
[M::mem_pestat] mean and std.dev: (185.87, 32.44)
[M::mem_pestat] low and high boundaries for proper pairs: (24, 346)
[M::mem_pestat] skip orientation RF as there are not enough pairs
[M::mem_pestat] skip orientation RR as there are not enough pairs
[M::mem_process_seqs] Processed 648118 reads in 1057.743 CPU sec, 135.029 real sec
[M::process] 0 single-end sequences; 648000 paired-end sequences
[M::process] read 647436 sequences (80000035 bp)...
[M::mem_pestat] # candidate unique pairs for (FF, FR, RF, RR): (0, 242221, 7, 0)
[M::mem_pestat] skip orientation FF as there are not enough pairs
[M::mem_pestat] analyzing insert size distribution for orientation FR...
[M::mem_pestat] (25, 50, 75) percentile: (162, 183, 208)
[M::mem_pestat] low and high boundaries for computing mean and std.dev: (70, 300)
[M::mem_pestat] mean and std.dev: (185.83, 32.40)
[M::mem_pestat] low and high boundaries for proper pairs: (24, 346)
[M::mem_pestat] skip orientation RF as there are not enough pairs
[M::mem_pestat] skip orientation RR as there are not enough pairs
[M::mem_process_seqs] Processed 648000 reads in 1004.939 CPU sec, 128.391 real sec
[M::process] 0 single-end sequences; 647436 paired-end sequences
[M::process] read 646932 sequences (80000157 bp)...
[M::mem_pestat] # candidate unique pairs for (FF, FR, RF, RR): (0, 242466, 5, 0)
[M::mem_pestat] skip orientation FF as there are not enough pairs
[M::mem_pestat] analyzing insert size distribution for orientation FR...
[M::mem_pestat] (25, 50, 75) percentile: (162, 184, 208)
[M::mem_pestat] low and high boundaries for computing mean and std.dev: (70, 300)
[M::mem_pestat] mean and std.dev: (185.96, 32.43)
[M::mem_pestat] low and high boundaries for proper pairs: (24, 346)
[M::mem_pestat] skip orientation RF as there are not enough pairs
[M::mem_pestat] skip orientation RR as there are not enough pairs
[M::mem_process_seqs] Processed 647436 reads in 1059.806 CPU sec, 135.227 real sec
[M::process] 0 single-end sequences; 646932 paired-end sequences
[M::process] read 646642 sequences (80000049 bp)...
[M::mem_pestat] # candidate unique pairs for (FF, FR, RF, RR): (0, 242298, 5, 0)
[M::mem_pestat] skip orientation FF as there are not enough pairs
[M::mem_pestat] analyzing insert size distribution for orientation FR...
[M::mem_pestat] (25, 50, 75) percentile: (162, 183, 208)
[M::mem_pestat] low and high boundaries for computing mean and std.dev: (70, 300)
[M::mem_pestat] mean and std.dev: (185.88, 32.33)
[M::mem_pestat] low and high boundaries for proper pairs: (24, 346)
[M::mem_pestat] skip orientation RF as there are not enough pairs
[M::mem_pestat] skip orientation RR as there are not enough pairs
[M::mem_process_seqs] Processed 646932 reads in 1035.112 CPU sec, 132.128 real sec
[M::process] 0 single-end sequences; 646642 paired-end sequences
[M::process] read 646438 sequences (80000240 bp)...
[M::mem_pestat] # candidate unique pairs for (FF, FR, RF, RR): (0, 242101, 5, 0)
[M::mem_pestat] skip orientation FF as there are not enough pairs
[M::mem_pestat] analyzing insert size distribution for orientation FR...
[M::mem_pestat] (25, 50, 75) percentile: (162, 184, 208)
[M::mem_pestat] low and high boundaries for computing mean and std.dev: (70, 300)
[M::mem_pestat] mean and std.dev: (186.06, 32.41)
[M::mem_pestat] low and high boundaries for proper pairs: (24, 346)
[M::mem_pestat] skip orientation RF as there are not enough pairs
[M::mem_pestat] skip orientation RR as there are not enough pairs
[M::mem_process_seqs] Processed 646642 reads in 1072.358 CPU sec, 136.814 real sec
[M::process] 0 single-end sequences; 646438 paired-end sequences
WARNING: 2267930 reads with length < 80
       : this program is designed for long reads
[M::process] read 73992 sequences (9155058 bp)...
[M::mem_pestat] # candidate unique pairs for (FF, FR, RF, RR): (0, 243105, 6, 0)
[M::mem_pestat] skip orientation FF as there are not enough pairs
[M::mem_pestat] analyzing insert size distribution for orientation FR...
[M::mem_pestat] (25, 50, 75) percentile: (162, 184, 208)
[M::mem_pestat] low and high boundaries for computing mean and std.dev: (70, 300)
[M::mem_pestat] mean and std.dev: (186.04, 32.47)
[M::mem_pestat] low and high boundaries for proper pairs: (24, 346)
[M::mem_pestat] skip orientation RF as there are not enough pairs
[M::mem_pestat] skip orientation RR as there are not enough pairs
[M::mem_process_seqs] Processed 646438 reads in 922.820 CPU sec, 117.658 real sec
[M::process] 0 single-end sequences; 73992 paired-end sequences
[M::mem_pestat] # candidate unique pairs for (FF, FR, RF, RR): (0, 27761, 0, 0)
[M::mem_pestat] skip orientation FF as there are not enough pairs
[M::mem_pestat] analyzing insert size distribution for orientation FR...
[M::mem_pestat] (25, 50, 75) percentile: (162, 184, 209)
[M::mem_pestat] low and high boundaries for computing mean and std.dev: (68, 303)
[M::mem_pestat] mean and std.dev: (186.50, 32.50)
[M::mem_pestat] low and high boundaries for proper pairs: (21, 350)
[M::mem_pestat] skip orientation RF as there are not enough pairs
[M::mem_pestat] skip orientation RR as there are not enough pairs
[M::mem_process_seqs] Processed 73992 reads in 100.701 CPU sec, 14.133 real sec
[main] Version: 0.7.19-r1273
[main] CMD: bwa mem -T 40 -B 2 -L 10 -CM -U 100 -p -R @RG\tID:SRR11647649__val_\tSM:SRR11647649__val_ -t 8 references/GRCh38.primary_assembly.genome.fa.bwameth.c2t /dev/stdin
[main] Real time: 123378.520 sec; CPU: 960687.760 sec
