--------------------
Found BWA MEM index
running: /home/genetics/miniconda3/envs/bwameth_env/bin/python /home/genetics/miniconda3/envs/bwameth_env/bin/bwameth.py c2t reads_trimmed/SRR11647651_1_val_1.fq.gz reads_trimmed/SRR11647651_2_val_2.fq.gz |bwa mem -T 40 -B 2 -L 10 -CM -U 100 -p -R '@RG\tID:SRR11647651__val_\tSM:SRR11647651__val_' -t 8  references/GRCh38.primary_assembly.genome.fa.bwameth.c2t /dev/stdin
--------------------
converting reads in reads_trimmed/SRR11647651_1_val_1.fq.gz,reads_trimmed/SRR11647651_2_val_2.fq.gz
[M::bwa_idx_load_from_disk] read 0 ALT contigs
[M::process] read 648284 sequences (80000169 bp)...
[M::process] 0 single-end sequences; 648284 paired-end sequences
[M::process] read 647200 sequences (80000059 bp)...
[M::mem_pestat] # candidate unique pairs for (FF, FR, RF, RR): (0, 243608, 5, 0)
[M::mem_pestat] skip orientation FF as there are not enough pairs
[M::mem_pestat] analyzing insert size distribution for orientation FR...
[M::mem_pestat] (25, 50, 75) percentile: (160, 181, 207)
[M::mem_pestat] low and high boundaries for computing mean and std.dev: (66, 301)
[M::mem_pestat] mean and std.dev: (184.91, 33.46)
[M::mem_pestat] low and high boundaries for proper pairs: (19, 348)
[M::mem_pestat] skip orientation RF as there are not enough pairs
[M::mem_pestat] skip orientation RR as there are not enough pairs
[M::mem_process_seqs] Processed 648284 reads in 827.195 CPU sec, 104.230 real sec
[M::process] 0 single-end sequences; 647200 paired-end sequences
[M::process] read 646428 sequences (80000086 bp)...
[M::mem_pestat] # candidate unique pairs for (FF, FR, RF, RR): (0, 243598, 5, 0)
[M::mem_pestat] skip orientation FF as there are not enough pairs
[M::mem_pestat] analyzing insert size distribution for orientation FR...
[M::mem_pestat] (25, 50, 75) percentile: (160, 181, 207)
[M::mem_pestat] low and high boundaries for computing mean and std.dev: (66, 301)
[M::mem_pestat] mean and std.dev: (184.83, 33.51)
[M::mem_pestat] low and high boundaries for proper pairs: (19, 348)
[M::mem_pestat] skip orientation RF as there are not enough pairs
[M::mem_pestat] skip orientation RR as there are not enough pairs
[M::mem_process_seqs] Processed 647200 reads in 814.572 CPU sec, 104.759 real sec
[M::process] 0 single-end sequences; 646428 paired-end sequences
[M::process] read 646042 sequences (80000031 bp)...
[M::mem_pestat] # candidate unique pairs for (FF, FR, RF, RR): (0, 244200, 5, 0)
[M::mem_pestat] skip orientation FF as there are not enough pairs
[M::mem_pestat] analyzing insert size distribution for orientation FR...
[M::mem_pestat] (25, 50, 75) percentile: (160, 181, 207)
[M::mem_pestat] low and high boundaries for computing mean and std.dev: (66, 301)
[M::mem_pestat] mean and std.dev: (184.69, 33.35)
[M::mem_pestat] low and high boundaries for proper pairs: (19, 348)
[M::mem_pestat] skip orientation RF as there are not enough pairs
[M::mem_pestat] skip orientation RR as there are not enough pairs
[M::mem_process_seqs] Processed 646428 reads in 803.904 CPU sec, 103.223 real sec
[M::process] 0 single-end sequences; 646042 paired-end sequences
[M::process] read 645722 sequences (80000074 bp)...
[M::mem_pestat] # candidate unique pairs for (FF, FR, RF, RR): (0, 244225, 5, 0)
[M::mem_pestat] skip orientation FF as there are not enough pairs
[M::mem_pestat] analyzing insert size distribution for orientation FR...
[M::mem_pestat] (25, 50, 75) percentile: (160, 181, 207)
[M::mem_pestat] low and high boundaries for computing mean and std.dev: (66, 301)
[M::mem_pestat] mean and std.dev: (184.71, 33.41)
[M::mem_pestat] low and high boundaries for proper pairs: (19, 348)
[M::mem_pestat] skip orientation RF as there are not enough pairs
[M::mem_pestat] skip orientation RR as there are not enough pairs
[M::mem_process_seqs] Processed 646042 reads in 807.409 CPU sec, 103.667 real sec
[M::process] 0 single-end sequences; 645722 paired-end sequences
[M::process] read 648094 sequences (80000172 bp)...
[M::mem_pestat] # candidate unique pairs for (FF, FR, RF, RR): (0, 244181, 6, 0)
[M::mem_pestat] skip orientation FF as there are not enough pairs
[M::mem_pestat] analyzing insert size distribution for orientation FR...
[M::mem_pestat] (25, 50, 75) percentile: (159, 181, 206)
[M::mem_pestat] low and high boundaries for computing mean and std.dev: (65, 300)
[M::mem_pestat] mean and std.dev: (184.44, 33.33)
[M::mem_pestat] low and high boundaries for proper pairs: (18, 347)
[M::mem_pestat] skip orientation RF as there are not enough pairs
[M::mem_pestat] skip orientation RR as there are not enough pairs
[M::mem_process_seqs] Processed 645722 reads in 797.417 CPU sec, 102.415 real sec
[M::process] 0 single-end sequences; 648094 paired-end sequences
[M::process] read 648184 sequences (80000046 bp)...
[M::mem_pestat] # candidate unique pairs for (FF, FR, RF, RR): (0, 244181, 5, 0)
[M::mem_pestat] skip orientation FF as there are not enough pairs
[M::mem_pestat] analyzing insert size distribution for orientation FR...
[M::mem_pestat] (25, 50, 75) percentile: (160, 181, 207)
[M::mem_pestat] low and high boundaries for computing mean and std.dev: (66, 301)
[M::mem_pestat] mean and std.dev: (184.75, 33.36)
[M::mem_pestat] low and high boundaries for proper pairs: (19, 348)
[M::mem_pestat] skip orientation RF as there are not enough pairs
[M::mem_pestat] skip orientation RR as there are not enough pairs
[M::mem_process_seqs] Processed 648094 reads in 807.836 CPU sec, 103.708 real sec
[M::process] 0 single-end sequences; 648184 paired-end sequences
[M::process] read 647560 sequences (80000241 bp)...
[M::mem_pestat] # candidate unique pairs for (FF, FR, RF, RR): (0, 244333, 4, 0)
[M::mem_pestat] skip orientation FF as there are not enough pairs
[M::mem_pestat] analyzing insert size distribution for orientation FR...
[M::mem_pestat] (25, 50, 75) percentile: (160, 181, 207)
[M::mem_pestat] low and high boundaries for computing mean and std.dev: (66, 301)
[M::mem_pestat] mean and std.dev: (184.82, 33.42)
[M::mem_pestat] low and high boundaries for proper pairs: (19, 348)
[M::mem_pestat] skip orientation RF as there are not enough pairs
[M::mem_pestat] skip orientation RR as there are not enough pairs
[M::mem_process_seqs] Processed 648184 reads in 818.512 CPU sec, 105.078 real sec
[M::process] 0 single-end sequences; 647560 paired-end sequences
[M::process] read 647040 sequences (80000207 bp)...
[M::mem_pestat] # candidate unique pairs for (FF, FR, RF, RR): (0, 244298, 6, 0)
[M::mem_pestat] skip orientation FF as there are not enough pairs
[M::mem_pestat] analyzing insert size distribution for orientation FR...
[M::mem_pestat] (25, 50, 75) percentile: (160, 181, 207)
[M::mem_pestat] low and high boundaries for computing mean and std.dev: (66, 301)
[M::mem_pestat] mean and std.dev: (184.64, 33.35)
[M::mem_pestat] low and high boundaries for proper pairs: (19, 348)
[M::mem_pestat] skip orientation RF as there are not enough pairs
[M::mem_pestat] skip orientation RR as there are not enough pairs
[M::mem_process_seqs] Processed 647560 reads in 815.567 CPU sec, 104.695 real sec
[M::process] 0 single-end sequences; 647040 paired-end sequences
[M::process] read 646132 sequences (80000199 bp)...
[M::mem_pestat] # candidate unique pairs for (FF, FR, RF, RR): (0, 244286, 12, 0)
[M::mem_pestat] skip orientation FF as there are not enough pairs
[M::mem_pestat] analyzing insert size distribution for orientation FR...
[M::mem_pestat] (25, 50, 75) percentile: (159, 181, 207)
[M::mem_pestat] low and high boundaries for computing mean and std.dev: (63, 303)
[M::mem_pestat] mean and std.dev: (184.57, 33.36)
[M::mem_pestat] low and high boundaries for proper pairs: (15, 351)
[M::mem_pestat] analyzing insert size distribution for orientation RF...
[M::mem_pestat] (25, 50, 75) percentile: (132, 175, 3685)
[M::mem_pestat] low and high boundaries for computing mean and std.dev: (1, 10791)
[M::mem_pestat] mean and std.dev: (1191.33, 1834.36)
[M::mem_pestat] low and high boundaries for proper pairs: (1, 14344)
[M::mem_pestat] skip orientation RR as there are not enough pairs
[M::mem_pestat] skip orientation RF
[M::mem_process_seqs] Processed 647040 reads in 810.624 CPU sec, 104.055 real sec
[M::process] 0 single-end sequences; 646132 paired-end sequences
[M::process] read 647258 sequences (80000188 bp)...
[M::mem_pestat] # candidate unique pairs for (FF, FR, RF, RR): (0, 244177, 2, 0)
[M::mem_pestat] skip orientation FF as there are not enough pairs
[M::mem_pestat] analyzing insert size distribution for orientation FR...
[M::mem_pestat] (25, 50, 75) percentile: (159, 181, 206)
[M::mem_pestat] low and high boundaries for computing mean and std.dev: (65, 300)
[M::mem_pestat] mean and std.dev: (184.46, 33.39)
[M::mem_pestat] low and high boundaries for proper pairs: (18, 347)
[M::mem_pestat] skip orientation RF as there are not enough pairs
[M::mem_pestat] skip orientation RR as there are not enough pairs
[M::mem_process_seqs] Processed 646132 reads in 809.609 CPU sec, 103.944 real sec
[M::process] 0 single-end sequences; 647258 paired-end sequences
[M::process] read 649010 sequences (80000227 bp)...
[M::mem_pestat] # candidate unique pairs for (FF, FR, RF, RR): (0, 244179, 9, 0)
[M::mem_pestat] skip orientation FF as there are not enough pairs
[M::mem_pestat] analyzing insert size distribution for orientation FR...
[M::mem_pestat] (25, 50, 75) percentile: (159, 181, 206)
[M::mem_pestat] low and high boundaries for computing mean and std.dev: (65, 300)
[M::mem_pestat] mean and std.dev: (184.46, 33.34)
[M::mem_pestat] low and high boundaries for proper pairs: (18, 347)
[M::mem_pestat] skip orientation RF as there are not enough pairs
[M::mem_pestat] skip orientation RR as there are not enough pairs
[M::mem_process_seqs] Processed 647258 reads in 804.459 CPU sec, 103.306 real sec
[M::process] 0 single-end sequences; 649010 paired-end sequences
[M::process] read 648002 sequences (80000033 bp)...
[M::mem_pestat] # candidate unique pairs for (FF, FR, RF, RR): (0, 244068, 3, 0)
[M::mem_pestat] skip orientation FF as there are not enough pairs
[M::mem_pestat] analyzing insert size distribution for orientation FR...
[M::mem_pestat] (25, 50, 75) percentile: (160, 181, 207)
[M::mem_pestat] low and high boundaries for computing mean and std.dev: (66, 301)
[M::mem_pestat] mean and std.dev: (184.83, 33.45)
[M::mem_pestat] low and high boundaries for proper pairs: (19, 348)
[M::mem_pestat] skip orientation RF as there are not enough pairs
[M::mem_pestat] skip orientation RR as there are not enough pairs
[M::mem_process_seqs] Processed 649010 reads in 826.781 CPU sec, 106.091 real sec
[M::process] 0 single-end sequences; 648002 paired-end sequences
[M::process] read 647728 sequences (80000084 bp)...
[M::mem_pestat] # candidate unique pairs for (FF, FR, RF, RR): (0, 243899, 7, 0)
[M::mem_pestat] skip orientation FF as there are not enough pairs
[M::mem_pestat] analyzing insert size distribution for orientation FR...
[M::mem_pestat] (25, 50, 75) percentile: (160, 181, 207)
[M::mem_pestat] low and high boundaries for computing mean and std.dev: (66, 301)
[M::mem_pestat] mean and std.dev: (184.76, 33.41)
[M::mem_pestat] low and high boundaries for proper pairs: (19, 348)
[M::mem_pestat] skip orientation RF as there are not enough pairs
[M::mem_pestat] skip orientation RR as there are not enough pairs
[M::mem_process_seqs] Processed 648002 reads in 814.361 CPU sec, 104.573 real sec
[M::process] 0 single-end sequences; 647728 paired-end sequences
[M::process] read 647216 sequences (80000194 bp)...
[M::mem_pestat] # candidate unique pairs for (FF, FR, RF, RR): (0, 243639, 4, 0)
[M::mem_pestat] skip orientation FF as there are not enough pairs
[M::mem_pestat] analyzing insert size distribution for orientation FR...
[M::mem_pestat] (25, 50, 75) percentile: (160, 181, 207)
[M::mem_pestat] low and high boundaries for computing mean and std.dev: (66, 301)
[M::mem_pestat] mean and std.dev: (184.68, 33.41)
[M::mem_pestat] low and high boundaries for proper pairs: (19, 348)
[M::mem_pestat] skip orientation RF as there are not enough pairs
[M::mem_pestat] skip orientation RR as there are not enough pairs
[M::mem_process_seqs] Processed 647728 reads in 813.485 CPU sec, 104.427 real sec
[M::process] 0 single-end sequences; 647216 paired-end sequences
[M::process] read 646236 sequences (80000227 bp)...
[M::mem_pestat] # candidate unique pairs for (FF, FR, RF, RR): (0, 244057, 3, 0)
[M::mem_pestat] skip orientation FF as there are not enough pairs
[M::mem_pestat] analyzing insert size distribution for orientation FR...
[M::mem_pestat] (25, 50, 75) percentile: (159, 181, 207)
[M::mem_pestat] low and high boundaries for computing mean and std.dev: (63, 303)
[M::mem_pestat] mean and std.dev: (184.64, 33.41)
[M::mem_pestat] low and high boundaries for proper pairs: (15, 351)
[M::mem_pestat] skip orientation RF as there are not enough pairs
[M::mem_pestat] skip orientation RR as there are not enough pairs
[M::mem_process_seqs] Processed 647216 reads in 813.425 CPU sec, 104.436 real sec
[M::process] 0 single-end sequences; 646236 paired-end sequences
[M::process] read 648612 sequences (80000145 bp)...
[M::mem_pestat] # candidate unique pairs for (FF, FR, RF, RR): (0, 244232, 4, 0)
[M::mem_pestat] skip orientation FF as there are not enough pairs
[M::mem_pestat] analyzing insert size distribution for orientation FR...
[M::mem_pestat] (25, 50, 75) percentile: (159, 181, 206)
[M::mem_pestat] low and high boundaries for computing mean and std.dev: (65, 300)
[M::mem_pestat] mean and std.dev: (184.37, 33.41)
[M::mem_pestat] low and high boundaries for proper pairs: (18, 347)
[M::mem_pestat] skip orientation RF as there are not enough pairs
[M::mem_pestat] skip orientation RR as there are not enough pairs
[M::mem_process_seqs] Processed 646236 reads in 812.730 CPU sec, 104.334 real sec
[M::process] 0 single-end sequences; 648612 paired-end sequences
[M::process] read 647312 sequences (80000219 bp)...
[M::mem_pestat] # candidate unique pairs for (FF, FR, RF, RR): (0, 243004, 6, 0)
[M::mem_pestat] skip orientation FF as there are not enough pairs
[M::mem_pestat] analyzing insert size distribution for orientation FR...
[M::mem_pestat] (25, 50, 75) percentile: (160, 181, 207)
[M::mem_pestat] low and high boundaries for computing mean and std.dev: (66, 301)
[M::mem_pestat] mean and std.dev: (185.01, 33.49)
[M::mem_pestat] low and high boundaries for proper pairs: (19, 348)
[M::mem_pestat] skip orientation RF as there are not enough pairs
[M::mem_pestat] skip orientation RR as there are not enough pairs
[M::mem_process_seqs] Processed 648612 reads in 853.607 CPU sec, 109.453 real sec
[M::process] 0 single-end sequences; 647312 paired-end sequences
[M::process] read 646702 sequences (80000123 bp)...
[M::mem_pestat] # candidate unique pairs for (FF, FR, RF, RR): (0, 243792, 9, 0)
[M::mem_pestat] skip orientation FF as there are not enough pairs
[M::mem_pestat] analyzing insert size distribution for orientation FR...
[M::mem_pestat] (25, 50, 75) percentile: (160, 181, 207)
[M::mem_pestat] low and high boundaries for computing mean and std.dev: (66, 301)
[M::mem_pestat] mean and std.dev: (184.79, 33.45)
[M::mem_pestat] low and high boundaries for proper pairs: (19, 348)
[M::mem_pestat] skip orientation RF as there are not enough pairs
[M::mem_pestat] skip orientation RR as there are not enough pairs
[M::mem_process_seqs] Processed 647312 reads in 813.088 CPU sec, 104.389 real sec
[M::process] 0 single-end sequences; 646702 paired-end sequences
[M::process] read 646570 sequences (80000050 bp)...
[M::mem_pestat] # candidate unique pairs for (FF, FR, RF, RR): (0, 243741, 4, 0)
[M::mem_pestat] skip orientation FF as there are not enough pairs
[M::mem_pestat] analyzing insert size distribution for orientation FR...
[M::mem_pestat] (25, 50, 75) percentile: (160, 181, 207)
[M::mem_pestat] low and high boundaries for computing mean and std.dev: (66, 301)
[M::mem_pestat] mean and std.dev: (184.80, 33.40)
[M::mem_pestat] low and high boundaries for proper pairs: (19, 348)
[M::mem_pestat] skip orientation RF as there are not enough pairs
[M::mem_pestat] skip orientation RR as there are not enough pairs
[M::mem_process_seqs] Processed 646702 reads in 802.831 CPU sec, 103.104 real sec
[M::process] 0 single-end sequences; 646570 paired-end sequences
[M::process] read 646182 sequences (80000216 bp)...
[M::mem_pestat] # candidate unique pairs for (FF, FR, RF, RR): (0, 243968, 5, 0)
[M::mem_pestat] skip orientation FF as there are not enough pairs
[M::mem_pestat] analyzing insert size distribution for orientation FR...
[M::mem_pestat] (25, 50, 75) percentile: (160, 181, 207)
[M::mem_pestat] low and high boundaries for computing mean and std.dev: (66, 301)
[M::mem_pestat] mean and std.dev: (184.66, 33.32)
[M::mem_pestat] low and high boundaries for proper pairs: (19, 348)
[M::mem_pestat] skip orientation RF as there are not enough pairs
[M::mem_pestat] skip orientation RR as there are not enough pairs
[M::mem_process_seqs] Processed 646570 reads in 881.894 CPU sec, 112.977 real sec
[M::process] 0 single-end sequences; 646182 paired-end sequences
[M::process] read 648804 sequences (80000098 bp)...
[M::mem_pestat] # candidate unique pairs for (FF, FR, RF, RR): (0, 243359, 2, 0)
[M::mem_pestat] skip orientation FF as there are not enough pairs
[M::mem_pestat] analyzing insert size distribution for orientation FR...
[M::mem_pestat] (25, 50, 75) percentile: (159, 181, 206)
[M::mem_pestat] low and high boundaries for computing mean and std.dev: (65, 300)
[M::mem_pestat] mean and std.dev: (184.48, 33.37)
[M::mem_pestat] low and high boundaries for proper pairs: (18, 347)
[M::mem_pestat] skip orientation RF as there are not enough pairs
[M::mem_pestat] skip orientation RR as there are not enough pairs
[M::mem_process_seqs] Processed 646182 reads in 945.766 CPU sec, 120.969 real sec
[M::process] 0 single-end sequences; 648804 paired-end sequences
[M::process] read 648012 sequences (80000031 bp)...
[M::mem_pestat] # candidate unique pairs for (FF, FR, RF, RR): (0, 243265, 7, 0)
[M::mem_pestat] skip orientation FF as there are not enough pairs
[M::mem_pestat] analyzing insert size distribution for orientation FR...
[M::mem_pestat] (25, 50, 75) percentile: (160, 181, 207)
[M::mem_pestat] low and high boundaries for computing mean and std.dev: (66, 301)
[M::mem_pestat] mean and std.dev: (184.73, 33.42)
[M::mem_pestat] low and high boundaries for proper pairs: (19, 348)
[M::mem_pestat] skip orientation RF as there are not enough pairs
[M::mem_pestat] skip orientation RR as there are not enough pairs
[M::mem_process_seqs] Processed 648804 reads in 836.075 CPU sec, 107.259 real sec
[M::process] 0 single-end sequences; 648012 paired-end sequences
[M::process] read 647642 sequences (80000100 bp)...
[M::mem_pestat] # candidate unique pairs for (FF, FR, RF, RR): (0, 243851, 3, 0)
[M::mem_pestat] skip orientation FF as there are not enough pairs
[M::mem_pestat] analyzing insert size distribution for orientation FR...
[M::mem_pestat] (25, 50, 75) percentile: (160, 181, 207)
[M::mem_pestat] low and high boundaries for computing mean and std.dev: (66, 301)
[M::mem_pestat] mean and std.dev: (184.71, 33.37)
[M::mem_pestat] low and high boundaries for proper pairs: (19, 348)
[M::mem_pestat] skip orientation RF as there are not enough pairs
[M::mem_pestat] skip orientation RR as there are not enough pairs
[M::mem_process_seqs] Processed 648012 reads in 814.880 CPU sec, 104.606 real sec
[M::process] 0 single-end sequences; 647642 paired-end sequences
[M::process] read 647166 sequences (80000159 bp)...
[M::mem_pestat] # candidate unique pairs for (FF, FR, RF, RR): (0, 244520, 8, 0)
[M::mem_pestat] skip orientation FF as there are not enough pairs
[M::mem_pestat] analyzing insert size distribution for orientation FR...
[M::mem_pestat] (25, 50, 75) percentile: (159, 181, 206)
[M::mem_pestat] low and high boundaries for computing mean and std.dev: (65, 300)
[M::mem_pestat] mean and std.dev: (184.50, 33.32)
[M::mem_pestat] low and high boundaries for proper pairs: (18, 347)
[M::mem_pestat] skip orientation RF as there are not enough pairs
[M::mem_pestat] skip orientation RR as there are not enough pairs
[M::mem_process_seqs] Processed 647642 reads in 805.858 CPU sec, 103.488 real sec
[M::process] 0 single-end sequences; 647166 paired-end sequences
[M::process] read 646450 sequences (80000245 bp)...
[M::mem_pestat] # candidate unique pairs for (FF, FR, RF, RR): (0, 244236, 3, 0)
[M::mem_pestat] skip orientation FF as there are not enough pairs
[M::mem_pestat] analyzing insert size distribution for orientation FR...
[M::mem_pestat] (25, 50, 75) percentile: (160, 181, 207)
[M::mem_pestat] low and high boundaries for computing mean and std.dev: (66, 301)
[M::mem_pestat] mean and std.dev: (184.58, 33.33)
[M::mem_pestat] low and high boundaries for proper pairs: (19, 348)
[M::mem_pestat] skip orientation RF as there are not enough pairs
[M::mem_pestat] skip orientation RR as there are not enough pairs
[M::mem_process_seqs] Processed 647166 reads in 828.755 CPU sec, 106.352 real sec
[M::process] 0 single-end sequences; 646450 paired-end sequences
[M::process] read 649052 sequences (80000220 bp)...
[M::mem_pestat] # candidate unique pairs for (FF, FR, RF, RR): (0, 244396, 6, 0)
[M::mem_pestat] skip orientation FF as there are not enough pairs
[M::mem_pestat] analyzing insert size distribution for orientation FR...
[M::mem_pestat] (25, 50, 75) percentile: (159, 181, 206)
[M::mem_pestat] low and high boundaries for computing mean and std.dev: (65, 300)
[M::mem_pestat] mean and std.dev: (184.36, 33.29)
[M::mem_pestat] low and high boundaries for proper pairs: (18, 347)
[M::mem_pestat] skip orientation RF as there are not enough pairs
[M::mem_pestat] skip orientation RR as there are not enough pairs
[M::mem_process_seqs] Processed 646450 reads in 825.953 CPU sec, 105.975 real sec
[M::process] 0 single-end sequences; 649052 paired-end sequences
[M::process] read 648520 sequences (80000142 bp)...
[M::mem_pestat] # candidate unique pairs for (FF, FR, RF, RR): (0, 244326, 4, 0)
[M::mem_pestat] skip orientation FF as there are not enough pairs
[M::mem_pestat] analyzing insert size distribution for orientation FR...
[M::mem_pestat] (25, 50, 75) percentile: (160, 181, 207)
[M::mem_pestat] low and high boundaries for computing mean and std.dev: (66, 301)
[M::mem_pestat] mean and std.dev: (184.79, 33.37)
[M::mem_pestat] low and high boundaries for proper pairs: (19, 348)
[M::mem_pestat] skip orientation RF as there are not enough pairs
[M::mem_pestat] skip orientation RR as there are not enough pairs
[M::mem_process_seqs] Processed 649052 reads in 831.606 CPU sec, 106.707 real sec
[M::process] 0 single-end sequences; 648520 paired-end sequences
[M::process] read 648160 sequences (80000105 bp)...
[M::mem_pestat] # candidate unique pairs for (FF, FR, RF, RR): (0, 243699, 9, 0)
[M::mem_pestat] skip orientation FF as there are not enough pairs
[M::mem_pestat] analyzing insert size distribution for orientation FR...
[M::mem_pestat] (25, 50, 75) percentile: (160, 181, 207)
[M::mem_pestat] low and high boundaries for computing mean and std.dev: (66, 301)
[M::mem_pestat] mean and std.dev: (184.74, 33.36)
[M::mem_pestat] low and high boundaries for proper pairs: (19, 348)
[M::mem_pestat] skip orientation RF as there are not enough pairs
[M::mem_pestat] skip orientation RR as there are not enough pairs
[M::mem_process_seqs] Processed 648520 reads in 820.340 CPU sec, 105.287 real sec
[M::process] 0 single-end sequences; 648160 paired-end sequences
[M::process] read 647860 sequences (80000222 bp)...
[M::mem_pestat] # candidate unique pairs for (FF, FR, RF, RR): (0, 244394, 10, 0)
[M::mem_pestat] skip orientation FF as there are not enough pairs
[M::mem_pestat] analyzing insert size distribution for orientation FR...
[M::mem_pestat] (25, 50, 75) percentile: (160, 181, 207)
[M::mem_pestat] low and high boundaries for computing mean and std.dev: (66, 301)
[M::mem_pestat] mean and std.dev: (184.64, 33.40)
[M::mem_pestat] low and high boundaries for proper pairs: (19, 348)
[M::mem_pestat] analyzing insert size distribution for orientation RF...
[M::mem_pestat] (25, 50, 75) percentile: (124, 163, 175)
[M::mem_pestat] low and high boundaries for computing mean and std.dev: (22, 277)
[M::mem_pestat] mean and std.dev: (143.62, 26.43)
[M::mem_pestat] low and high boundaries for proper pairs: (1, 328)
[M::mem_pestat] skip orientation RR as there are not enough pairs
[M::mem_pestat] skip orientation RF
[M::mem_process_seqs] Processed 648160 reads in 805.229 CPU sec, 103.392 real sec
[M::process] 0 single-end sequences; 647860 paired-end sequences
[M::process] read 647496 sequences (80000175 bp)...
[M::mem_pestat] # candidate unique pairs for (FF, FR, RF, RR): (0, 244452, 3, 0)
[M::mem_pestat] skip orientation FF as there are not enough pairs
[M::mem_pestat] analyzing insert size distribution for orientation FR...
[M::mem_pestat] (25, 50, 75) percentile: (160, 181, 207)
[M::mem_pestat] low and high boundaries for computing mean and std.dev: (66, 301)
[M::mem_pestat] mean and std.dev: (184.61, 33.35)
[M::mem_pestat] low and high boundaries for proper pairs: (19, 348)
[M::mem_pestat] skip orientation RF as there are not enough pairs
[M::mem_pestat] skip orientation RR as there are not enough pairs
[M::mem_process_seqs] Processed 647860 reads in 813.277 CPU sec, 104.430 real sec
[M::process] 0 single-end sequences; 647496 paired-end sequences
[M::process] read 648222 sequences (80000046 bp)...
[M::mem_pestat] # candidate unique pairs for (FF, FR, RF, RR): (0, 244552, 8, 0)
[M::mem_pestat] skip orientation FF as there are not enough pairs
[M::mem_pestat] analyzing insert size distribution for orientation FR...
[M::mem_pestat] (25, 50, 75) percentile: (159, 180, 206)
[M::mem_pestat] low and high boundaries for computing mean and std.dev: (65, 300)
[M::mem_pestat] mean and std.dev: (184.34, 33.33)
[M::mem_pestat] low and high boundaries for proper pairs: (18, 347)
[M::mem_pestat] skip orientation RF as there are not enough pairs
[M::mem_pestat] skip orientation RR as there are not enough pairs
[M::mem_process_seqs] Processed 647496 reads in 792.386 CPU sec, 101.797 real sec
[M::process] 0 single-end sequences; 648222 paired-end sequences
[M::process] read 647196 sequences (80000244 bp)...
[M::mem_pestat] # candidate unique pairs for (FF, FR, RF, RR): (0, 243729, 0, 0)
[M::mem_pestat] skip orientation FF as there are not enough pairs
[M::mem_pestat] analyzing insert size distribution for orientation FR...
[M::mem_pestat] (25, 50, 75) percentile: (160, 181, 207)
[M::mem_pestat] low and high boundaries for computing mean and std.dev: (66, 301)
[M::mem_pestat] mean and std.dev: (184.89, 33.54)
[M::mem_pestat] low and high boundaries for proper pairs: (19, 348)
[M::mem_pestat] skip orientation RF as there are not enough pairs
[M::mem_pestat] skip orientation RR as there are not enough pairs
[M::mem_process_seqs] Processed 648222 reads in 817.092 CPU sec, 104.877 real sec
[M::process] 0 single-end sequences; 647196 paired-end sequences
[M::process] read 646502 sequences (80000117 bp)...
[M::mem_pestat] # candidate unique pairs for (FF, FR, RF, RR): (0, 243315, 2, 0)
[M::mem_pestat] skip orientation FF as there are not enough pairs
[M::mem_pestat] analyzing insert size distribution for orientation FR...
[M::mem_pestat] (25, 50, 75) percentile: (160, 181, 207)
[M::mem_pestat] low and high boundaries for computing mean and std.dev: (66, 301)
[M::mem_pestat] mean and std.dev: (184.99, 33.48)
[M::mem_pestat] low and high boundaries for proper pairs: (19, 348)
[M::mem_pestat] skip orientation RF as there are not enough pairs
[M::mem_pestat] skip orientation RR as there are not enough pairs
[M::mem_process_seqs] Processed 647196 reads in 822.329 CPU sec, 105.547 real sec
[M::process] 0 single-end sequences; 646502 paired-end sequences
[M::process] read 646712 sequences (80000064 bp)...
[M::mem_pestat] # candidate unique pairs for (FF, FR, RF, RR): (0, 243551, 1, 0)
[M::mem_pestat] skip orientation FF as there are not enough pairs
[M::mem_pestat] analyzing insert size distribution for orientation FR...
[M::mem_pestat] (25, 50, 75) percentile: (160, 181, 207)
[M::mem_pestat] low and high boundaries for computing mean and std.dev: (66, 301)
[M::mem_pestat] mean and std.dev: (184.98, 33.47)
[M::mem_pestat] low and high boundaries for proper pairs: (19, 348)
[M::mem_pestat] skip orientation RF as there are not enough pairs
[M::mem_pestat] skip orientation RR as there are not enough pairs
[M::mem_process_seqs] Processed 646502 reads in 813.158 CPU sec, 104.388 real sec
[M::process] 0 single-end sequences; 646712 paired-end sequences
[M::process] read 646196 sequences (80000096 bp)...
[M::mem_pestat] # candidate unique pairs for (FF, FR, RF, RR): (0, 243665, 5, 0)
[M::mem_pestat] skip orientation FF as there are not enough pairs
[M::mem_pestat] analyzing insert size distribution for orientation FR...
[M::mem_pestat] (25, 50, 75) percentile: (160, 181, 207)
[M::mem_pestat] low and high boundaries for computing mean and std.dev: (66, 301)
[M::mem_pestat] mean and std.dev: (184.79, 33.43)
[M::mem_pestat] low and high boundaries for proper pairs: (19, 348)
[M::mem_pestat] skip orientation RF as there are not enough pairs
[M::mem_pestat] skip orientation RR as there are not enough pairs
[M::mem_process_seqs] Processed 646712 reads in 812.978 CPU sec, 104.351 real sec
[M::process] 0 single-end sequences; 646196 paired-end sequences
[M::process] read 647420 sequences (80000020 bp)...
[M::mem_pestat] # candidate unique pairs for (FF, FR, RF, RR): (0, 243525, 3, 0)
[M::mem_pestat] skip orientation FF as there are not enough pairs
[M::mem_pestat] analyzing insert size distribution for orientation FR...
[M::mem_pestat] (25, 50, 75) percentile: (160, 181, 206)
[M::mem_pestat] low and high boundaries for computing mean and std.dev: (68, 298)
[M::mem_pestat] mean and std.dev: (184.55, 33.29)
[M::mem_pestat] low and high boundaries for proper pairs: (22, 344)
[M::mem_pestat] skip orientation RF as there are not enough pairs
[M::mem_pestat] skip orientation RR as there are not enough pairs
[M::mem_process_seqs] Processed 646196 reads in 812.507 CPU sec, 104.334 real sec
[M::process] 0 single-end sequences; 647420 paired-end sequences
[M::process] read 648276 sequences (80000161 bp)...
[M::mem_pestat] # candidate unique pairs for (FF, FR, RF, RR): (0, 243850, 6, 0)
[M::mem_pestat] skip orientation FF as there are not enough pairs
[M::mem_pestat] analyzing insert size distribution for orientation FR...
[M::mem_pestat] (25, 50, 75) percentile: (160, 181, 207)
[M::mem_pestat] low and high boundaries for computing mean and std.dev: (66, 301)
[M::mem_pestat] mean and std.dev: (184.71, 33.42)
[M::mem_pestat] low and high boundaries for proper pairs: (19, 348)
[M::mem_pestat] skip orientation RF as there are not enough pairs
[M::mem_pestat] skip orientation RR as there are not enough pairs
[M::mem_process_seqs] Processed 647420 reads in 808.733 CPU sec, 103.849 real sec
[M::process] 0 single-end sequences; 648276 paired-end sequences
[M::process] read 647680 sequences (80000014 bp)...
[M::mem_pestat] # candidate unique pairs for (FF, FR, RF, RR): (0, 244218, 6, 0)
[M::mem_pestat] skip orientation FF as there are not enough pairs
[M::mem_pestat] analyzing insert size distribution for orientation FR...
[M::mem_pestat] (25, 50, 75) percentile: (160, 181, 207)
[M::mem_pestat] low and high boundaries for computing mean and std.dev: (66, 301)
[M::mem_pestat] mean and std.dev: (184.89, 33.43)
[M::mem_pestat] low and high boundaries for proper pairs: (19, 348)
[M::mem_pestat] skip orientation RF as there are not enough pairs
[M::mem_pestat] skip orientation RR as there are not enough pairs
[M::mem_process_seqs] Processed 648276 reads in 813.749 CPU sec, 104.462 real sec
[M::process] 0 single-end sequences; 647680 paired-end sequences
[M::process] read 647322 sequences (80000143 bp)...
[M::mem_pestat] # candidate unique pairs for (FF, FR, RF, RR): (0, 244309, 3, 0)
[M::mem_pestat] skip orientation FF as there are not enough pairs
[M::mem_pestat] analyzing insert size distribution for orientation FR...
[M::mem_pestat] (25, 50, 75) percentile: (160, 181, 207)
[M::mem_pestat] low and high boundaries for computing mean and std.dev: (66, 301)
[M::mem_pestat] mean and std.dev: (184.66, 33.38)
[M::mem_pestat] low and high boundaries for proper pairs: (19, 348)
[M::mem_pestat] skip orientation RF as there are not enough pairs
[M::mem_pestat] skip orientation RR as there are not enough pairs
[M::mem_process_seqs] Processed 647680 reads in 811.413 CPU sec, 104.171 real sec
[M::process] 0 single-end sequences; 647322 paired-end sequences
[M::process] read 646522 sequences (80000136 bp)...
[M::mem_pestat] # candidate unique pairs for (FF, FR, RF, RR): (0, 244151, 3, 0)
[M::mem_pestat] skip orientation FF as there are not enough pairs
[M::mem_pestat] analyzing insert size distribution for orientation FR...
[M::mem_pestat] (25, 50, 75) percentile: (160, 181, 207)
[M::mem_pestat] low and high boundaries for computing mean and std.dev: (66, 301)
[M::mem_pestat] mean and std.dev: (184.63, 33.35)
[M::mem_pestat] low and high boundaries for proper pairs: (19, 348)
[M::mem_pestat] skip orientation RF as there are not enough pairs
[M::mem_pestat] skip orientation RR as there are not enough pairs
[M::mem_process_seqs] Processed 647322 reads in 810.007 CPU sec, 103.987 real sec
[M::process] 0 single-end sequences; 646522 paired-end sequences
[M::process] read 646664 sequences (80000124 bp)...
[M::mem_pestat] # candidate unique pairs for (FF, FR, RF, RR): (0, 243396, 12, 0)
[M::mem_pestat] skip orientation FF as there are not enough pairs
[M::mem_pestat] analyzing insert size distribution for orientation FR...
[M::mem_pestat] (25, 50, 75) percentile: (159, 181, 206)
[M::mem_pestat] low and high boundaries for computing mean and std.dev: (65, 300)
[M::mem_pestat] mean and std.dev: (184.40, 33.33)
[M::mem_pestat] low and high boundaries for proper pairs: (18, 347)
[M::mem_pestat] analyzing insert size distribution for orientation RF...
[M::mem_pestat] (25, 50, 75) percentile: (140, 203, 595)
[M::mem_pestat] low and high boundaries for computing mean and std.dev: (1, 1505)
[M::mem_pestat] mean and std.dev: (204.90, 141.34)
[M::mem_pestat] low and high boundaries for proper pairs: (1, 1960)
[M::mem_pestat] skip orientation RR as there are not enough pairs
[M::mem_pestat] skip orientation RF
[M::mem_process_seqs] Processed 646522 reads in 813.643 CPU sec, 104.435 real sec
[M::process] 0 single-end sequences; 646664 paired-end sequences
[M::process] read 648148 sequences (80000046 bp)...
[M::mem_pestat] # candidate unique pairs for (FF, FR, RF, RR): (0, 244117, 5, 0)
[M::mem_pestat] skip orientation FF as there are not enough pairs
[M::mem_pestat] analyzing insert size distribution for orientation FR...
[M::mem_pestat] (25, 50, 75) percentile: (159, 181, 207)
[M::mem_pestat] low and high boundaries for computing mean and std.dev: (63, 303)
[M::mem_pestat] mean and std.dev: (184.53, 33.48)
[M::mem_pestat] low and high boundaries for proper pairs: (15, 351)
[M::mem_pestat] skip orientation RF as there are not enough pairs
[M::mem_pestat] skip orientation RR as there are not enough pairs
[M::mem_process_seqs] Processed 646664 reads in 808.907 CPU sec, 103.882 real sec
[M::process] 0 single-end sequences; 648148 paired-end sequences
[M::process] read 647280 sequences (80000154 bp)...
[M::mem_pestat] # candidate unique pairs for (FF, FR, RF, RR): (0, 243504, 8, 0)
[M::mem_pestat] skip orientation FF as there are not enough pairs
[M::mem_pestat] analyzing insert size distribution for orientation FR...
[M::mem_pestat] (25, 50, 75) percentile: (160, 181, 207)
[M::mem_pestat] low and high boundaries for computing mean and std.dev: (66, 301)
[M::mem_pestat] mean and std.dev: (184.97, 33.43)
[M::mem_pestat] low and high boundaries for proper pairs: (19, 348)
[M::mem_pestat] skip orientation RF as there are not enough pairs
[M::mem_pestat] skip orientation RR as there are not enough pairs
[M::mem_process_seqs] Processed 648148 reads in 817.350 CPU sec, 104.924 real sec
[M::process] 0 single-end sequences; 647280 paired-end sequences
[M::process] read 646886 sequences (80000013 bp)...
[M::mem_pestat] # candidate unique pairs for (FF, FR, RF, RR): (0, 243831, 5, 0)
[M::mem_pestat] skip orientation FF as there are not enough pairs
[M::mem_pestat] analyzing insert size distribution for orientation FR...
[M::mem_pestat] (25, 50, 75) percentile: (160, 181, 207)
[M::mem_pestat] low and high boundaries for computing mean and std.dev: (66, 301)
[M::mem_pestat] mean and std.dev: (184.73, 33.34)
[M::mem_pestat] low and high boundaries for proper pairs: (19, 348)
[M::mem_pestat] skip orientation RF as there are not enough pairs
[M::mem_pestat] skip orientation RR as there are not enough pairs
[M::mem_process_seqs] Processed 647280 reads in 810.954 CPU sec, 104.116 real sec
[M::process] 0 single-end sequences; 646886 paired-end sequences
[M::process] read 646932 sequences (80000112 bp)...
[M::mem_pestat] # candidate unique pairs for (FF, FR, RF, RR): (0, 243671, 5, 0)
[M::mem_pestat] skip orientation FF as there are not enough pairs
[M::mem_pestat] analyzing insert size distribution for orientation FR...
[M::mem_pestat] (25, 50, 75) percentile: (160, 181, 207)
[M::mem_pestat] low and high boundaries for computing mean and std.dev: (66, 301)
[M::mem_pestat] mean and std.dev: (184.62, 33.41)
[M::mem_pestat] low and high boundaries for proper pairs: (19, 348)
[M::mem_pestat] skip orientation RF as there are not enough pairs
[M::mem_pestat] skip orientation RR as there are not enough pairs
[M::mem_process_seqs] Processed 646886 reads in 815.866 CPU sec, 104.734 real sec
[M::process] 0 single-end sequences; 646932 paired-end sequences
[M::process] read 646078 sequences (80000154 bp)...
[M::mem_pestat] # candidate unique pairs for (FF, FR, RF, RR): (0, 243634, 2, 0)
[M::mem_pestat] skip orientation FF as there are not enough pairs
[M::mem_pestat] analyzing insert size distribution for orientation FR...
[M::mem_pestat] (25, 50, 75) percentile: (160, 181, 207)
[M::mem_pestat] low and high boundaries for computing mean and std.dev: (66, 301)
[M::mem_pestat] mean and std.dev: (184.71, 33.44)
[M::mem_pestat] low and high boundaries for proper pairs: (19, 348)
[M::mem_pestat] skip orientation RF as there are not enough pairs
[M::mem_pestat] skip orientation RR as there are not enough pairs
[M::mem_process_seqs] Processed 646932 reads in 827.401 CPU sec, 106.171 real sec
[M::process] 0 single-end sequences; 646078 paired-end sequences
[M::process] read 648508 sequences (80000207 bp)...
[M::mem_pestat] # candidate unique pairs for (FF, FR, RF, RR): (0, 244253, 6, 0)
[M::mem_pestat] skip orientation FF as there are not enough pairs
[M::mem_pestat] analyzing insert size distribution for orientation FR...
[M::mem_pestat] (25, 50, 75) percentile: (159, 181, 206)
[M::mem_pestat] low and high boundaries for computing mean and std.dev: (65, 300)
[M::mem_pestat] mean and std.dev: (184.49, 33.35)
[M::mem_pestat] low and high boundaries for proper pairs: (18, 347)
[M::mem_pestat] skip orientation RF as there are not enough pairs
[M::mem_pestat] skip orientation RR as there are not enough pairs
[M::mem_process_seqs] Processed 646078 reads in 805.130 CPU sec, 103.395 real sec
[M::process] 0 single-end sequences; 648508 paired-end sequences
[M::process] read 647490 sequences (80000215 bp)...
[M::mem_pestat] # candidate unique pairs for (FF, FR, RF, RR): (0, 243885, 3, 0)
[M::mem_pestat] skip orientation FF as there are not enough pairs
[M::mem_pestat] analyzing insert size distribution for orientation FR...
[M::mem_pestat] (25, 50, 75) percentile: (160, 181, 207)
[M::mem_pestat] low and high boundaries for computing mean and std.dev: (66, 301)
[M::mem_pestat] mean and std.dev: (185.04, 33.39)
[M::mem_pestat] low and high boundaries for proper pairs: (19, 348)
[M::mem_pestat] skip orientation RF as there are not enough pairs
[M::mem_pestat] skip orientation RR as there are not enough pairs
[M::mem_process_seqs] Processed 648508 reads in 822.153 CPU sec, 105.502 real sec
[M::process] 0 single-end sequences; 647490 paired-end sequences
[M::process] read 647220 sequences (80000134 bp)...
[M::mem_pestat] # candidate unique pairs for (FF, FR, RF, RR): (0, 244206, 4, 0)
[M::mem_pestat] skip orientation FF as there are not enough pairs
[M::mem_pestat] analyzing insert size distribution for orientation FR...
[M::mem_pestat] (25, 50, 75) percentile: (160, 181, 207)
[M::mem_pestat] low and high boundaries for computing mean and std.dev: (66, 301)
[M::mem_pestat] mean and std.dev: (184.74, 33.37)
[M::mem_pestat] low and high boundaries for proper pairs: (19, 348)
[M::mem_pestat] skip orientation RF as there are not enough pairs
[M::mem_pestat] skip orientation RR as there are not enough pairs
[M::mem_process_seqs] Processed 647490 reads in 809.680 CPU sec, 103.957 real sec
[M::process] 0 single-end sequences; 647220 paired-end sequences
[M::process] read 646872 sequences (80000210 bp)...
[M::mem_pestat] # candidate unique pairs for (FF, FR, RF, RR): (0, 244450, 4, 0)
[M::mem_pestat] skip orientation FF as there are not enough pairs
[M::mem_pestat] analyzing insert size distribution for orientation FR...
[M::mem_pestat] (25, 50, 75) percentile: (160, 181, 207)
[M::mem_pestat] low and high boundaries for computing mean and std.dev: (66, 301)
[M::mem_pestat] mean and std.dev: (184.73, 33.41)
[M::mem_pestat] low and high boundaries for proper pairs: (19, 348)
[M::mem_pestat] skip orientation RF as there are not enough pairs
[M::mem_pestat] skip orientation RR as there are not enough pairs
[M::mem_process_seqs] Processed 647220 reads in 797.918 CPU sec, 102.482 real sec
[M::process] 0 single-end sequences; 646872 paired-end sequences
[M::process] read 646464 sequences (80000156 bp)...
[M::mem_pestat] # candidate unique pairs for (FF, FR, RF, RR): (0, 243926, 7, 0)
[M::mem_pestat] skip orientation FF as there are not enough pairs
[M::mem_pestat] analyzing insert size distribution for orientation FR...
[M::mem_pestat] (25, 50, 75) percentile: (160, 181, 207)
[M::mem_pestat] low and high boundaries for computing mean and std.dev: (66, 301)
[M::mem_pestat] mean and std.dev: (184.67, 33.44)
[M::mem_pestat] low and high boundaries for proper pairs: (19, 348)
[M::mem_pestat] skip orientation RF as there are not enough pairs
[M::mem_pestat] skip orientation RR as there are not enough pairs
[M::mem_process_seqs] Processed 646872 reads in 809.918 CPU sec, 103.978 real sec
[M::process] 0 single-end sequences; 646464 paired-end sequences
[M::process] read 648594 sequences (80000142 bp)...
[M::mem_pestat] # candidate unique pairs for (FF, FR, RF, RR): (0, 244078, 5, 0)
[M::mem_pestat] skip orientation FF as there are not enough pairs
[M::mem_pestat] analyzing insert size distribution for orientation FR...
[M::mem_pestat] (25, 50, 75) percentile: (159, 181, 206)
[M::mem_pestat] low and high boundaries for computing mean and std.dev: (65, 300)
[M::mem_pestat] mean and std.dev: (184.41, 33.26)
[M::mem_pestat] low and high boundaries for proper pairs: (18, 347)
[M::mem_pestat] skip orientation RF as there are not enough pairs
[M::mem_pestat] skip orientation RR as there are not enough pairs
[M::mem_process_seqs] Processed 646464 reads in 797.660 CPU sec, 102.440 real sec
[M::process] 0 single-end sequences; 648594 paired-end sequences
[M::process] read 648030 sequences (80000200 bp)...
[M::mem_pestat] # candidate unique pairs for (FF, FR, RF, RR): (0, 243859, 7, 0)
[M::mem_pestat] skip orientation FF as there are not enough pairs
[M::mem_pestat] analyzing insert size distribution for orientation FR...
[M::mem_pestat] (25, 50, 75) percentile: (160, 181, 207)
[M::mem_pestat] low and high boundaries for computing mean and std.dev: (66, 301)
[M::mem_pestat] mean and std.dev: (184.90, 33.48)
[M::mem_pestat] low and high boundaries for proper pairs: (19, 348)
[M::mem_pestat] skip orientation RF as there are not enough pairs
[M::mem_pestat] skip orientation RR as there are not enough pairs
[M::mem_process_seqs] Processed 648594 reads in 822.394 CPU sec, 105.570 real sec
[M::process] 0 single-end sequences; 648030 paired-end sequences
[M::process] read 647744 sequences (80000218 bp)...
[M::mem_pestat] # candidate unique pairs for (FF, FR, RF, RR): (0, 243652, 4, 0)
[M::mem_pestat] skip orientation FF as there are not enough pairs
[M::mem_pestat] analyzing insert size distribution for orientation FR...
[M::mem_pestat] (25, 50, 75) percentile: (160, 181, 207)
[M::mem_pestat] low and high boundaries for computing mean and std.dev: (66, 301)
[M::mem_pestat] mean and std.dev: (184.76, 33.42)
[M::mem_pestat] low and high boundaries for proper pairs: (19, 348)
[M::mem_pestat] skip orientation RF as there are not enough pairs
[M::mem_pestat] skip orientation RR as there are not enough pairs
[M::mem_process_seqs] Processed 648030 reads in 810.809 CPU sec, 104.091 real sec
[M::process] 0 single-end sequences; 647744 paired-end sequences
[M::process] read 647664 sequences (80000202 bp)...
[M::mem_pestat] # candidate unique pairs for (FF, FR, RF, RR): (0, 244338, 2, 0)
[M::mem_pestat] skip orientation FF as there are not enough pairs
[M::mem_pestat] analyzing insert size distribution for orientation FR...
[M::mem_pestat] (25, 50, 75) percentile: (160, 181, 207)
[M::mem_pestat] low and high boundaries for computing mean and std.dev: (66, 301)
[M::mem_pestat] mean and std.dev: (184.71, 33.41)
[M::mem_pestat] low and high boundaries for proper pairs: (19, 348)
[M::mem_pestat] skip orientation RF as there are not enough pairs
[M::mem_pestat] skip orientation RR as there are not enough pairs
[M::mem_process_seqs] Processed 647744 reads in 803.992 CPU sec, 103.239 real sec
[M::process] 0 single-end sequences; 647664 paired-end sequences
[M::process] read 647158 sequences (80000010 bp)...
[M::mem_pestat] # candidate unique pairs for (FF, FR, RF, RR): (0, 243862, 6, 0)
[M::mem_pestat] skip orientation FF as there are not enough pairs
[M::mem_pestat] analyzing insert size distribution for orientation FR...
[M::mem_pestat] (25, 50, 75) percentile: (159, 181, 206)
[M::mem_pestat] low and high boundaries for computing mean and std.dev: (65, 300)
[M::mem_pestat] mean and std.dev: (184.52, 33.27)
[M::mem_pestat] low and high boundaries for proper pairs: (18, 347)
[M::mem_pestat] skip orientation RF as there are not enough pairs
[M::mem_pestat] skip orientation RR as there are not enough pairs
[M::mem_process_seqs] Processed 647664 reads in 816.470 CPU sec, 104.819 real sec
[M::process] 0 single-end sequences; 647158 paired-end sequences
[M::process] read 648416 sequences (80000193 bp)...
[M::mem_pestat] # candidate unique pairs for (FF, FR, RF, RR): (0, 244068, 2, 0)
[M::mem_pestat] skip orientation FF as there are not enough pairs
[M::mem_pestat] analyzing insert size distribution for orientation FR...
[M::mem_pestat] (25, 50, 75) percentile: (159, 181, 207)
[M::mem_pestat] low and high boundaries for computing mean and std.dev: (63, 303)
[M::mem_pestat] mean and std.dev: (184.49, 33.44)
[M::mem_pestat] low and high boundaries for proper pairs: (15, 351)
[M::mem_pestat] skip orientation RF as there are not enough pairs
[M::mem_pestat] skip orientation RR as there are not enough pairs
[M::mem_process_seqs] Processed 647158 reads in 796.623 CPU sec, 102.317 real sec
[M::process] 0 single-end sequences; 648416 paired-end sequences
[M::process] read 648006 sequences (80000214 bp)...
[M::mem_pestat] # candidate unique pairs for (FF, FR, RF, RR): (0, 244147, 4, 0)
[M::mem_pestat] skip orientation FF as there are not enough pairs
[M::mem_pestat] analyzing insert size distribution for orientation FR...
[M::mem_pestat] (25, 50, 75) percentile: (160, 181, 207)
[M::mem_pestat] low and high boundaries for computing mean and std.dev: (66, 301)
[M::mem_pestat] mean and std.dev: (184.87, 33.41)
[M::mem_pestat] low and high boundaries for proper pairs: (19, 348)
[M::mem_pestat] skip orientation RF as there are not enough pairs
[M::mem_pestat] skip orientation RR as there are not enough pairs
[M::mem_process_seqs] Processed 648416 reads in 818.884 CPU sec, 105.089 real sec
[M::process] 0 single-end sequences; 648006 paired-end sequences
[M::process] read 647670 sequences (80000073 bp)...
[M::mem_pestat] # candidate unique pairs for (FF, FR, RF, RR): (0, 243808, 4, 0)
[M::mem_pestat] skip orientation FF as there are not enough pairs
[M::mem_pestat] analyzing insert size distribution for orientation FR...
[M::mem_pestat] (25, 50, 75) percentile: (160, 181, 207)
[M::mem_pestat] low and high boundaries for computing mean and std.dev: (66, 301)
[M::mem_pestat] mean and std.dev: (184.82, 33.37)
[M::mem_pestat] low and high boundaries for proper pairs: (19, 348)
[M::mem_pestat] skip orientation RF as there are not enough pairs
[M::mem_pestat] skip orientation RR as there are not enough pairs
[M::mem_process_seqs] Processed 648006 reads in 820.654 CPU sec, 105.338 real sec
[M::process] 0 single-end sequences; 647670 paired-end sequences
[M::process] read 647724 sequences (80000165 bp)...
[M::mem_pestat] # candidate unique pairs for (FF, FR, RF, RR): (0, 244167, 3, 0)
[M::mem_pestat] skip orientation FF as there are not enough pairs
[M::mem_pestat] analyzing insert size distribution for orientation FR...
[M::mem_pestat] (25, 50, 75) percentile: (160, 181, 207)
[M::mem_pestat] low and high boundaries for computing mean and std.dev: (66, 301)
[M::mem_pestat] mean and std.dev: (184.70, 33.42)
[M::mem_pestat] low and high boundaries for proper pairs: (19, 348)
[M::mem_pestat] skip orientation RF as there are not enough pairs
[M::mem_pestat] skip orientation RR as there are not enough pairs
[M::mem_process_seqs] Processed 647670 reads in 813.436 CPU sec, 104.431 real sec
[M::process] 0 single-end sequences; 647724 paired-end sequences
[M::process] read 647320 sequences (80000129 bp)...
[M::mem_pestat] # candidate unique pairs for (FF, FR, RF, RR): (0, 243843, 3, 0)
[M::mem_pestat] skip orientation FF as there are not enough pairs
[M::mem_pestat] analyzing insert size distribution for orientation FR...
[M::mem_pestat] (25, 50, 75) percentile: (160, 181, 207)
[M::mem_pestat] low and high boundaries for computing mean and std.dev: (66, 301)
[M::mem_pestat] mean and std.dev: (184.68, 33.37)
[M::mem_pestat] low and high boundaries for proper pairs: (19, 348)
[M::mem_pestat] skip orientation RF as there are not enough pairs
[M::mem_pestat] skip orientation RR as there are not enough pairs
[M::mem_process_seqs] Processed 647724 reads in 823.408 CPU sec, 105.669 real sec
[M::process] 0 single-end sequences; 647320 paired-end sequences
[M::process] read 648322 sequences (80000147 bp)...
[M::mem_pestat] # candidate unique pairs for (FF, FR, RF, RR): (0, 243906, 5, 0)
[M::mem_pestat] skip orientation FF as there are not enough pairs
[M::mem_pestat] analyzing insert size distribution for orientation FR...
[M::mem_pestat] (25, 50, 75) percentile: (159, 181, 206)
[M::mem_pestat] low and high boundaries for computing mean and std.dev: (65, 300)
[M::mem_pestat] mean and std.dev: (184.34, 33.33)
[M::mem_pestat] low and high boundaries for proper pairs: (18, 347)
[M::mem_pestat] skip orientation RF as there are not enough pairs
[M::mem_pestat] skip orientation RR as there are not enough pairs
[M::mem_process_seqs] Processed 647320 reads in 810.514 CPU sec, 104.687 real sec
[M::process] 0 single-end sequences; 648322 paired-end sequences
[M::process] read 647264 sequences (80000211 bp)...
[M::mem_pestat] # candidate unique pairs for (FF, FR, RF, RR): (0, 243706, 4, 0)
[M::mem_pestat] skip orientation FF as there are not enough pairs
[M::mem_pestat] analyzing insert size distribution for orientation FR...
[M::mem_pestat] (25, 50, 75) percentile: (160, 181, 207)
[M::mem_pestat] low and high boundaries for computing mean and std.dev: (66, 301)
[M::mem_pestat] mean and std.dev: (184.89, 33.38)
[M::mem_pestat] low and high boundaries for proper pairs: (19, 348)
[M::mem_pestat] skip orientation RF as there are not enough pairs
[M::mem_pestat] skip orientation RR as there are not enough pairs
[M::mem_process_seqs] Processed 648322 reads in 820.211 CPU sec, 105.257 real sec
[M::process] 0 single-end sequences; 647264 paired-end sequences
[M::process] read 646780 sequences (80000087 bp)...
[M::mem_pestat] # candidate unique pairs for (FF, FR, RF, RR): (0, 243903, 10, 0)
[M::mem_pestat] skip orientation FF as there are not enough pairs
[M::mem_pestat] analyzing insert size distribution for orientation FR...
[M::mem_pestat] (25, 50, 75) percentile: (160, 181, 207)
[M::mem_pestat] low and high boundaries for computing mean and std.dev: (66, 301)
[M::mem_pestat] mean and std.dev: (185.01, 33.43)
[M::mem_pestat] low and high boundaries for proper pairs: (19, 348)
[M::mem_pestat] analyzing insert size distribution for orientation RF...
[M::mem_pestat] (25, 50, 75) percentile: (158, 170, 177)
[M::mem_pestat] low and high boundaries for computing mean and std.dev: (120, 215)
[M::mem_pestat] mean and std.dev: (166.12, 12.44)
[M::mem_pestat] low and high boundaries for proper pairs: (101, 234)
[M::mem_pestat] skip orientation RR as there are not enough pairs
[M::mem_pestat] skip orientation RF
[M::mem_process_seqs] Processed 647264 reads in 817.878 CPU sec, 105.014 real sec
[M::process] 0 single-end sequences; 646780 paired-end sequences
[M::process] read 646346 sequences (80000126 bp)...
[M::mem_pestat] # candidate unique pairs for (FF, FR, RF, RR): (0, 243949, 7, 0)
[M::mem_pestat] skip orientation FF as there are not enough pairs
[M::mem_pestat] analyzing insert size distribution for orientation FR...
[M::mem_pestat] (25, 50, 75) percentile: (160, 181, 207)
[M::mem_pestat] low and high boundaries for computing mean and std.dev: (66, 301)
[M::mem_pestat] mean and std.dev: (184.82, 33.39)
[M::mem_pestat] low and high boundaries for proper pairs: (19, 348)
[M::mem_pestat] skip orientation RF as there are not enough pairs
[M::mem_pestat] skip orientation RR as there are not enough pairs
[M::mem_process_seqs] Processed 646780 reads in 814.421 CPU sec, 104.545 real sec
[M::process] 0 single-end sequences; 646346 paired-end sequences
[M::process] read 645920 sequences (80000102 bp)...
[M::mem_pestat] # candidate unique pairs for (FF, FR, RF, RR): (0, 243841, 4, 0)
[M::mem_pestat] skip orientation FF as there are not enough pairs
[M::mem_pestat] analyzing insert size distribution for orientation FR...
[M::mem_pestat] (25, 50, 75) percentile: (160, 181, 207)
[M::mem_pestat] low and high boundaries for computing mean and std.dev: (66, 301)
[M::mem_pestat] mean and std.dev: (184.71, 33.40)
[M::mem_pestat] low and high boundaries for proper pairs: (19, 348)
[M::mem_pestat] skip orientation RF as there are not enough pairs
[M::mem_pestat] skip orientation RR as there are not enough pairs
[M::mem_process_seqs] Processed 646346 reads in 821.908 CPU sec, 105.482 real sec
[M::process] 0 single-end sequences; 645920 paired-end sequences
[M::process] read 647354 sequences (80000236 bp)...
[M::mem_pestat] # candidate unique pairs for (FF, FR, RF, RR): (0, 243846, 3, 0)
[M::mem_pestat] skip orientation FF as there are not enough pairs
[M::mem_pestat] analyzing insert size distribution for orientation FR...
[M::mem_pestat] (25, 50, 75) percentile: (159, 181, 207)
[M::mem_pestat] low and high boundaries for computing mean and std.dev: (63, 303)
[M::mem_pestat] mean and std.dev: (184.53, 33.36)
[M::mem_pestat] low and high boundaries for proper pairs: (15, 351)
[M::mem_pestat] skip orientation RF as there are not enough pairs
[M::mem_pestat] skip orientation RR as there are not enough pairs
[M::mem_process_seqs] Processed 645920 reads in 809.763 CPU sec, 103.963 real sec
[M::process] 0 single-end sequences; 647354 paired-end sequences
[M::process] read 647988 sequences (80000032 bp)...
[M::mem_pestat] # candidate unique pairs for (FF, FR, RF, RR): (0, 243674, 5, 0)
[M::mem_pestat] skip orientation FF as there are not enough pairs
[M::mem_pestat] analyzing insert size distribution for orientation FR...
[M::mem_pestat] (25, 50, 75) percentile: (160, 181, 207)
[M::mem_pestat] low and high boundaries for computing mean and std.dev: (66, 301)
[M::mem_pestat] mean and std.dev: (184.69, 33.39)
[M::mem_pestat] low and high boundaries for proper pairs: (19, 348)
[M::mem_pestat] skip orientation RF as there are not enough pairs
[M::mem_pestat] skip orientation RR as there are not enough pairs
[M::mem_process_seqs] Processed 647354 reads in 813.128 CPU sec, 104.375 real sec
[M::process] 0 single-end sequences; 647988 paired-end sequences
[M::process] read 647014 sequences (80000049 bp)...
[M::mem_pestat] # candidate unique pairs for (FF, FR, RF, RR): (0, 243679, 4, 0)
[M::mem_pestat] skip orientation FF as there are not enough pairs
[M::mem_pestat] analyzing insert size distribution for orientation FR...
[M::mem_pestat] (25, 50, 75) percentile: (160, 181, 207)
[M::mem_pestat] low and high boundaries for computing mean and std.dev: (66, 301)
[M::mem_pestat] mean and std.dev: (184.86, 33.46)
[M::mem_pestat] low and high boundaries for proper pairs: (19, 348)
[M::mem_pestat] skip orientation RF as there are not enough pairs
[M::mem_pestat] skip orientation RR as there are not enough pairs
[M::mem_process_seqs] Processed 647988 reads in 816.466 CPU sec, 104.793 real sec
[M::process] 0 single-end sequences; 647014 paired-end sequences
[M::process] read 647158 sequences (80000152 bp)...
[M::mem_pestat] # candidate unique pairs for (FF, FR, RF, RR): (0, 243788, 3, 0)
[M::mem_pestat] skip orientation FF as there are not enough pairs
[M::mem_pestat] analyzing insert size distribution for orientation FR...
[M::mem_pestat] (25, 50, 75) percentile: (160, 181, 207)
[M::mem_pestat] low and high boundaries for computing mean and std.dev: (66, 301)
[M::mem_pestat] mean and std.dev: (184.80, 33.44)
[M::mem_pestat] low and high boundaries for proper pairs: (19, 348)
[M::mem_pestat] skip orientation RF as there are not enough pairs
[M::mem_pestat] skip orientation RR as there are not enough pairs
[M::mem_process_seqs] Processed 647014 reads in 813.956 CPU sec, 104.503 real sec
[M::process] 0 single-end sequences; 647158 paired-end sequences
[M::process] read 646230 sequences (80000182 bp)...
[M::mem_pestat] # candidate unique pairs for (FF, FR, RF, RR): (0, 244355, 1, 0)
[M::mem_pestat] skip orientation FF as there are not enough pairs
[M::mem_pestat] analyzing insert size distribution for orientation FR...
[M::mem_pestat] (25, 50, 75) percentile: (159, 181, 207)
[M::mem_pestat] low and high boundaries for computing mean and std.dev: (63, 303)
[M::mem_pestat] mean and std.dev: (184.51, 33.40)
[M::mem_pestat] low and high boundaries for proper pairs: (15, 351)
[M::mem_pestat] skip orientation RF as there are not enough pairs
[M::mem_pestat] skip orientation RR as there are not enough pairs
[M::mem_process_seqs] Processed 647158 reads in 816.295 CPU sec, 104.779 real sec
[M::process] 0 single-end sequences; 646230 paired-end sequences
[M::process] read 646580 sequences (80000225 bp)...
[M::mem_pestat] # candidate unique pairs for (FF, FR, RF, RR): (0, 243321, 5, 0)
[M::mem_pestat] skip orientation FF as there are not enough pairs
[M::mem_pestat] analyzing insert size distribution for orientation FR...
[M::mem_pestat] (25, 50, 75) percentile: (159, 181, 206)
[M::mem_pestat] low and high boundaries for computing mean and std.dev: (65, 300)
[M::mem_pestat] mean and std.dev: (184.48, 33.40)
[M::mem_pestat] low and high boundaries for proper pairs: (18, 347)
[M::mem_pestat] skip orientation RF as there are not enough pairs
[M::mem_pestat] skip orientation RR as there are not enough pairs
[M::mem_process_seqs] Processed 646230 reads in 820.483 CPU sec, 105.310 real sec
[M::process] 0 single-end sequences; 646580 paired-end sequences
[M::process] read 647172 sequences (80000231 bp)...
[M::mem_pestat] # candidate unique pairs for (FF, FR, RF, RR): (0, 243619, 11, 0)
[M::mem_pestat] skip orientation FF as there are not enough pairs
[M::mem_pestat] analyzing insert size distribution for orientation FR...
[M::mem_pestat] (25, 50, 75) percentile: (159, 181, 207)
[M::mem_pestat] low and high boundaries for computing mean and std.dev: (63, 303)
[M::mem_pestat] mean and std.dev: (184.55, 33.29)
[M::mem_pestat] low and high boundaries for proper pairs: (15, 351)
[M::mem_pestat] analyzing insert size distribution for orientation RF...
[M::mem_pestat] (25, 50, 75) percentile: (174, 190, 211)
[M::mem_pestat] low and high boundaries for computing mean and std.dev: (100, 285)
[M::mem_pestat] mean and std.dev: (182.00, 30.72)
[M::mem_pestat] low and high boundaries for proper pairs: (59, 322)
[M::mem_pestat] skip orientation RR as there are not enough pairs
[M::mem_pestat] skip orientation RF
[M::mem_process_seqs] Processed 646580 reads in 815.479 CPU sec, 104.690 real sec
[M::process] 0 single-end sequences; 647172 paired-end sequences
[M::process] read 646338 sequences (80000116 bp)...
[M::mem_pestat] # candidate unique pairs for (FF, FR, RF, RR): (0, 243231, 6, 0)
[M::mem_pestat] skip orientation FF as there are not enough pairs
[M::mem_pestat] analyzing insert size distribution for orientation FR...
[M::mem_pestat] (25, 50, 75) percentile: (160, 181, 207)
[M::mem_pestat] low and high boundaries for computing mean and std.dev: (66, 301)
[M::mem_pestat] mean and std.dev: (184.95, 33.44)
[M::mem_pestat] low and high boundaries for proper pairs: (19, 348)
[M::mem_pestat] skip orientation RF as there are not enough pairs
[M::mem_pestat] skip orientation RR as there are not enough pairs
[M::mem_process_seqs] Processed 647172 reads in 830.480 CPU sec, 106.545 real sec
[M::process] 0 single-end sequences; 646338 paired-end sequences
[M::process] read 646206 sequences (80000099 bp)...
[M::mem_pestat] # candidate unique pairs for (FF, FR, RF, RR): (0, 243122, 4, 0)
[M::mem_pestat] skip orientation FF as there are not enough pairs
[M::mem_pestat] analyzing insert size distribution for orientation FR...
[M::mem_pestat] (25, 50, 75) percentile: (160, 181, 207)
[M::mem_pestat] low and high boundaries for computing mean and std.dev: (66, 301)
[M::mem_pestat] mean and std.dev: (184.81, 33.41)
[M::mem_pestat] low and high boundaries for proper pairs: (19, 348)
[M::mem_pestat] skip orientation RF as there are not enough pairs
[M::mem_pestat] skip orientation RR as there are not enough pairs
[M::mem_process_seqs] Processed 646338 reads in 820.377 CPU sec, 105.277 real sec
[M::process] 0 single-end sequences; 646206 paired-end sequences
[M::process] read 646194 sequences (80000224 bp)...
[M::mem_pestat] # candidate unique pairs for (FF, FR, RF, RR): (0, 243622, 1, 0)
[M::mem_pestat] skip orientation FF as there are not enough pairs
[M::mem_pestat] analyzing insert size distribution for orientation FR...
[M::mem_pestat] (25, 50, 75) percentile: (160, 181, 207)
[M::mem_pestat] low and high boundaries for computing mean and std.dev: (66, 301)
[M::mem_pestat] mean and std.dev: (184.60, 33.36)
[M::mem_pestat] low and high boundaries for proper pairs: (19, 348)
[M::mem_pestat] skip orientation RF as there are not enough pairs
[M::mem_pestat] skip orientation RR as there are not enough pairs
[M::mem_process_seqs] Processed 646206 reads in 817.504 CPU sec, 104.941 real sec
[M::process] 0 single-end sequences; 646194 paired-end sequences
[M::process] read 646132 sequences (80000057 bp)...
[M::mem_pestat] # candidate unique pairs for (FF, FR, RF, RR): (0, 243265, 4, 0)
[M::mem_pestat] skip orientation FF as there are not enough pairs
[M::mem_pestat] analyzing insert size distribution for orientation FR...
[M::mem_pestat] (25, 50, 75) percentile: (160, 181, 206)
[M::mem_pestat] low and high boundaries for computing mean and std.dev: (68, 298)
[M::mem_pestat] mean and std.dev: (184.53, 33.28)
[M::mem_pestat] low and high boundaries for proper pairs: (22, 344)
[M::mem_pestat] skip orientation RF as there are not enough pairs
[M::mem_pestat] skip orientation RR as there are not enough pairs
[M::mem_process_seqs] Processed 646194 reads in 825.638 CPU sec, 105.936 real sec
[M::process] 0 single-end sequences; 646132 paired-end sequences
[M::process] read 648594 sequences (80000243 bp)...
[M::mem_pestat] # candidate unique pairs for (FF, FR, RF, RR): (0, 243703, 2, 0)
[M::mem_pestat] skip orientation FF as there are not enough pairs
[M::mem_pestat] analyzing insert size distribution for orientation FR...
[M::mem_pestat] (25, 50, 75) percentile: (159, 181, 206)
[M::mem_pestat] low and high boundaries for computing mean and std.dev: (65, 300)
[M::mem_pestat] mean and std.dev: (184.39, 33.26)
[M::mem_pestat] low and high boundaries for proper pairs: (18, 347)
[M::mem_pestat] skip orientation RF as there are not enough pairs
[M::mem_pestat] skip orientation RR as there are not enough pairs
[M::mem_process_seqs] Processed 646132 reads in 810.268 CPU sec, 104.032 real sec
[M::process] 0 single-end sequences; 648594 paired-end sequences
[M::process] read 647776 sequences (80000193 bp)...
[M::mem_pestat] # candidate unique pairs for (FF, FR, RF, RR): (0, 243235, 5, 0)
[M::mem_pestat] skip orientation FF as there are not enough pairs
[M::mem_pestat] analyzing insert size distribution for orientation FR...
[M::mem_pestat] (25, 50, 75) percentile: (160, 181, 207)
[M::mem_pestat] low and high boundaries for computing mean and std.dev: (66, 301)
[M::mem_pestat] mean and std.dev: (185.00, 33.43)
[M::mem_pestat] low and high boundaries for proper pairs: (19, 348)
[M::mem_pestat] skip orientation RF as there are not enough pairs
[M::mem_pestat] skip orientation RR as there are not enough pairs
[M::mem_process_seqs] Processed 648594 reads in 845.520 CPU sec, 108.422 real sec
[M::process] 0 single-end sequences; 647776 paired-end sequences
[M::process] read 646930 sequences (80000174 bp)...
[M::mem_pestat] # candidate unique pairs for (FF, FR, RF, RR): (0, 244031, 5, 0)
[M::mem_pestat] skip orientation FF as there are not enough pairs
[M::mem_pestat] analyzing insert size distribution for orientation FR...
[M::mem_pestat] (25, 50, 75) percentile: (160, 181, 207)
[M::mem_pestat] low and high boundaries for computing mean and std.dev: (66, 301)
[M::mem_pestat] mean and std.dev: (184.86, 33.39)
[M::mem_pestat] low and high boundaries for proper pairs: (19, 348)
[M::mem_pestat] skip orientation RF as there are not enough pairs
[M::mem_pestat] skip orientation RR as there are not enough pairs
[M::mem_process_seqs] Processed 647776 reads in 815.047 CPU sec, 104.620 real sec
[M::process] 0 single-end sequences; 646930 paired-end sequences
[M::process] read 646948 sequences (80000183 bp)...
[M::mem_pestat] # candidate unique pairs for (FF, FR, RF, RR): (0, 243834, 4, 0)
[M::mem_pestat] skip orientation FF as there are not enough pairs
[M::mem_pestat] analyzing insert size distribution for orientation FR...
[M::mem_pestat] (25, 50, 75) percentile: (160, 181, 207)
[M::mem_pestat] low and high boundaries for computing mean and std.dev: (66, 301)
[M::mem_pestat] mean and std.dev: (184.79, 33.38)
[M::mem_pestat] low and high boundaries for proper pairs: (19, 348)
[M::mem_pestat] skip orientation RF as there are not enough pairs
[M::mem_pestat] skip orientation RR as there are not enough pairs
[M::mem_process_seqs] Processed 646930 reads in 807.799 CPU sec, 103.732 real sec
[M::process] 0 single-end sequences; 646948 paired-end sequences
[M::process] read 646572 sequences (80000155 bp)...
[M::mem_pestat] # candidate unique pairs for (FF, FR, RF, RR): (0, 244342, 5, 0)
[M::mem_pestat] skip orientation FF as there are not enough pairs
[M::mem_pestat] analyzing insert size distribution for orientation FR...
[M::mem_pestat] (25, 50, 75) percentile: (160, 181, 206)
[M::mem_pestat] low and high boundaries for computing mean and std.dev: (68, 298)
[M::mem_pestat] mean and std.dev: (184.62, 33.32)
[M::mem_pestat] low and high boundaries for proper pairs: (22, 344)
[M::mem_pestat] skip orientation RF as there are not enough pairs
[M::mem_pestat] skip orientation RR as there are not enough pairs
[M::mem_process_seqs] Processed 646948 reads in 805.727 CPU sec, 103.506 real sec
[M::process] 0 single-end sequences; 646572 paired-end sequences
[M::process] read 648598 sequences (80000083 bp)...
[M::mem_pestat] # candidate unique pairs for (FF, FR, RF, RR): (0, 244353, 5, 0)
[M::mem_pestat] skip orientation FF as there are not enough pairs
[M::mem_pestat] analyzing insert size distribution for orientation FR...
[M::mem_pestat] (25, 50, 75) percentile: (159, 181, 206)
[M::mem_pestat] low and high boundaries for computing mean and std.dev: (65, 300)
[M::mem_pestat] mean and std.dev: (184.48, 33.35)
[M::mem_pestat] low and high boundaries for proper pairs: (18, 347)
[M::mem_pestat] skip orientation RF as there are not enough pairs
[M::mem_pestat] skip orientation RR as there are not enough pairs
[M::mem_process_seqs] Processed 646572 reads in 788.681 CPU sec, 101.317 real sec
[M::process] 0 single-end sequences; 648598 paired-end sequences
[M::process] read 647952 sequences (80000188 bp)...
[M::mem_pestat] # candidate unique pairs for (FF, FR, RF, RR): (0, 243694, 7, 0)
[M::mem_pestat] skip orientation FF as there are not enough pairs
[M::mem_pestat] analyzing insert size distribution for orientation FR...
[M::mem_pestat] (25, 50, 75) percentile: (160, 181, 207)
[M::mem_pestat] low and high boundaries for computing mean and std.dev: (66, 301)
[M::mem_pestat] mean and std.dev: (184.86, 33.46)
[M::mem_pestat] low and high boundaries for proper pairs: (19, 348)
[M::mem_pestat] skip orientation RF as there are not enough pairs
[M::mem_pestat] skip orientation RR as there are not enough pairs
[M::mem_process_seqs] Processed 648598 reads in 832.121 CPU sec, 106.741 real sec
[M::process] 0 single-end sequences; 647952 paired-end sequences
[M::process] read 647758 sequences (80000202 bp)...
[M::mem_pestat] # candidate unique pairs for (FF, FR, RF, RR): (0, 244245, 10, 0)
[M::mem_pestat] skip orientation FF as there are not enough pairs
[M::mem_pestat] analyzing insert size distribution for orientation FR...
[M::mem_pestat] (25, 50, 75) percentile: (160, 181, 207)
[M::mem_pestat] low and high boundaries for computing mean and std.dev: (66, 301)
[M::mem_pestat] mean and std.dev: (184.65, 33.40)
[M::mem_pestat] low and high boundaries for proper pairs: (19, 348)
[M::mem_pestat] analyzing insert size distribution for orientation RF...
[M::mem_pestat] (25, 50, 75) percentile: (132, 173, 215)
[M::mem_pestat] low and high boundaries for computing mean and std.dev: (1, 381)
[M::mem_pestat] mean and std.dev: (155.38, 31.71)
[M::mem_pestat] low and high boundaries for proper pairs: (1, 464)
[M::mem_pestat] skip orientation RR as there are not enough pairs
[M::mem_pestat] skip orientation RF
[M::mem_process_seqs] Processed 647952 reads in 817.310 CPU sec, 104.914 real sec
[M::process] 0 single-end sequences; 647758 paired-end sequences
[M::process] read 647634 sequences (80000098 bp)...
[M::mem_pestat] # candidate unique pairs for (FF, FR, RF, RR): (0, 243691, 4, 0)
[M::mem_pestat] skip orientation FF as there are not enough pairs
[M::mem_pestat] analyzing insert size distribution for orientation FR...
[M::mem_pestat] (25, 50, 75) percentile: (160, 181, 207)
[M::mem_pestat] low and high boundaries for computing mean and std.dev: (66, 301)
[M::mem_pestat] mean and std.dev: (184.67, 33.45)
[M::mem_pestat] low and high boundaries for proper pairs: (19, 348)
[M::mem_pestat] skip orientation RF as there are not enough pairs
[M::mem_pestat] skip orientation RR as there are not enough pairs
[M::mem_process_seqs] Processed 647758 reads in 812.840 CPU sec, 104.373 real sec
[M::process] 0 single-end sequences; 647634 paired-end sequences
[M::process] read 646944 sequences (80000206 bp)...
[M::mem_pestat] # candidate unique pairs for (FF, FR, RF, RR): (0, 243660, 8, 0)
[M::mem_pestat] skip orientation FF as there are not enough pairs
[M::mem_pestat] analyzing insert size distribution for orientation FR...
[M::mem_pestat] (25, 50, 75) percentile: (159, 181, 206)
[M::mem_pestat] low and high boundaries for computing mean and std.dev: (65, 300)
[M::mem_pestat] mean and std.dev: (184.50, 33.39)
[M::mem_pestat] low and high boundaries for proper pairs: (18, 347)
[M::mem_pestat] skip orientation RF as there are not enough pairs
[M::mem_pestat] skip orientation RR as there are not enough pairs
[M::mem_process_seqs] Processed 647634 reads in 819.945 CPU sec, 105.252 real sec
[M::process] 0 single-end sequences; 646944 paired-end sequences
[M::process] read 647996 sequences (80000041 bp)...
[M::mem_pestat] # candidate unique pairs for (FF, FR, RF, RR): (0, 243948, 6, 0)
[M::mem_pestat] skip orientation FF as there are not enough pairs
[M::mem_pestat] analyzing insert size distribution for orientation FR...
[M::mem_pestat] (25, 50, 75) percentile: (159, 181, 206)
[M::mem_pestat] low and high boundaries for computing mean and std.dev: (65, 300)
[M::mem_pestat] mean and std.dev: (184.38, 33.38)
[M::mem_pestat] low and high boundaries for proper pairs: (18, 347)
[M::mem_pestat] skip orientation RF as there are not enough pairs
[M::mem_pestat] skip orientation RR as there are not enough pairs
[M::mem_process_seqs] Processed 646944 reads in 800.227 CPU sec, 102.772 real sec
[M::process] 0 single-end sequences; 647996 paired-end sequences
[M::process] read 646908 sequences (80000212 bp)...
[M::mem_pestat] # candidate unique pairs for (FF, FR, RF, RR): (0, 243032, 5, 0)
[M::mem_pestat] skip orientation FF as there are not enough pairs
[M::mem_pestat] analyzing insert size distribution for orientation FR...
[M::mem_pestat] (25, 50, 75) percentile: (160, 181, 207)
[M::mem_pestat] low and high boundaries for computing mean and std.dev: (66, 301)
[M::mem_pestat] mean and std.dev: (184.87, 33.43)
[M::mem_pestat] low and high boundaries for proper pairs: (19, 348)
[M::mem_pestat] skip orientation RF as there are not enough pairs
[M::mem_pestat] skip orientation RR as there are not enough pairs
[M::mem_process_seqs] Processed 647996 reads in 840.366 CPU sec, 107.784 real sec
[M::process] 0 single-end sequences; 646908 paired-end sequences
[M::process] read 646818 sequences (80000029 bp)...
[M::mem_pestat] # candidate unique pairs for (FF, FR, RF, RR): (0, 243598, 4, 0)
[M::mem_pestat] skip orientation FF as there are not enough pairs
[M::mem_pestat] analyzing insert size distribution for orientation FR...
[M::mem_pestat] (25, 50, 75) percentile: (160, 181, 207)
[M::mem_pestat] low and high boundaries for computing mean and std.dev: (66, 301)
[M::mem_pestat] mean and std.dev: (184.90, 33.42)
[M::mem_pestat] low and high boundaries for proper pairs: (19, 348)
[M::mem_pestat] skip orientation RF as there are not enough pairs
[M::mem_pestat] skip orientation RR as there are not enough pairs
[M::mem_process_seqs] Processed 646908 reads in 829.203 CPU sec, 106.386 real sec
[M::process] 0 single-end sequences; 646818 paired-end sequences
[M::process] read 646628 sequences (80000032 bp)...
[M::mem_pestat] # candidate unique pairs for (FF, FR, RF, RR): (0, 243629, 4, 0)
[M::mem_pestat] skip orientation FF as there are not enough pairs
[M::mem_pestat] analyzing insert size distribution for orientation FR...
[M::mem_pestat] (25, 50, 75) percentile: (160, 181, 207)
[M::mem_pestat] low and high boundaries for computing mean and std.dev: (66, 301)
[M::mem_pestat] mean and std.dev: (184.74, 33.38)
[M::mem_pestat] low and high boundaries for proper pairs: (19, 348)
[M::mem_pestat] skip orientation RF as there are not enough pairs
[M::mem_pestat] skip orientation RR as there are not enough pairs
[M::mem_process_seqs] Processed 646818 reads in 821.363 CPU sec, 105.415 real sec
[M::process] 0 single-end sequences; 646628 paired-end sequences
[M::process] read 646012 sequences (80000109 bp)...
[M::mem_pestat] # candidate unique pairs for (FF, FR, RF, RR): (0, 242889, 3, 0)
[M::mem_pestat] skip orientation FF as there are not enough pairs
[M::mem_pestat] analyzing insert size distribution for orientation FR...
[M::mem_pestat] (25, 50, 75) percentile: (160, 181, 207)
[M::mem_pestat] low and high boundaries for computing mean and std.dev: (66, 301)
[M::mem_pestat] mean and std.dev: (184.58, 33.35)
[M::mem_pestat] low and high boundaries for proper pairs: (19, 348)
[M::mem_pestat] skip orientation RF as there are not enough pairs
[M::mem_pestat] skip orientation RR as there are not enough pairs
[M::mem_process_seqs] Processed 646628 reads in 834.015 CPU sec, 106.994 real sec
[M::process] 0 single-end sequences; 646012 paired-end sequences
[M::process] read 648094 sequences (80000123 bp)...
[M::mem_pestat] # candidate unique pairs for (FF, FR, RF, RR): (0, 243085, 6, 0)
[M::mem_pestat] skip orientation FF as there are not enough pairs
[M::mem_pestat] analyzing insert size distribution for orientation FR...
[M::mem_pestat] (25, 50, 75) percentile: (159, 181, 206)
[M::mem_pestat] low and high boundaries for computing mean and std.dev: (65, 300)
[M::mem_pestat] mean and std.dev: (184.37, 33.30)
[M::mem_pestat] low and high boundaries for proper pairs: (18, 347)
[M::mem_pestat] skip orientation RF as there are not enough pairs
[M::mem_pestat] skip orientation RR as there are not enough pairs
[M::mem_process_seqs] Processed 646012 reads in 818.949 CPU sec, 105.129 real sec
[M::process] 0 single-end sequences; 648094 paired-end sequences
[M::process] read 646752 sequences (80000027 bp)...
[M::mem_pestat] # candidate unique pairs for (FF, FR, RF, RR): (0, 243091, 6, 0)
[M::mem_pestat] skip orientation FF as there are not enough pairs
[M::mem_pestat] analyzing insert size distribution for orientation FR...
[M::mem_pestat] (25, 50, 75) percentile: (160, 181, 207)
[M::mem_pestat] low and high boundaries for computing mean and std.dev: (66, 301)
[M::mem_pestat] mean and std.dev: (184.91, 33.39)
[M::mem_pestat] low and high boundaries for proper pairs: (19, 348)
[M::mem_pestat] skip orientation RF as there are not enough pairs
[M::mem_pestat] skip orientation RR as there are not enough pairs
[M::mem_process_seqs] Processed 648094 reads in 830.957 CPU sec, 106.604 real sec
[M::process] 0 single-end sequences; 646752 paired-end sequences
[M::process] read 646548 sequences (80000162 bp)...
[M::mem_pestat] # candidate unique pairs for (FF, FR, RF, RR): (0, 242909, 2, 0)
[M::mem_pestat] skip orientation FF as there are not enough pairs
[M::mem_pestat] analyzing insert size distribution for orientation FR...
[M::mem_pestat] (25, 50, 75) percentile: (160, 181, 207)
[M::mem_pestat] low and high boundaries for computing mean and std.dev: (66, 301)
[M::mem_pestat] mean and std.dev: (184.93, 33.41)
[M::mem_pestat] low and high boundaries for proper pairs: (19, 348)
[M::mem_pestat] skip orientation RF as there are not enough pairs
[M::mem_pestat] skip orientation RR as there are not enough pairs
[M::mem_process_seqs] Processed 646752 reads in 829.092 CPU sec, 106.371 real sec
[M::process] 0 single-end sequences; 646548 paired-end sequences
[M::process] read 646412 sequences (80000075 bp)...
[M::mem_pestat] # candidate unique pairs for (FF, FR, RF, RR): (0, 243697, 2, 0)
[M::mem_pestat] skip orientation FF as there are not enough pairs
[M::mem_pestat] analyzing insert size distribution for orientation FR...
[M::mem_pestat] (25, 50, 75) percentile: (160, 181, 207)
[M::mem_pestat] low and high boundaries for computing mean and std.dev: (66, 301)
[M::mem_pestat] mean and std.dev: (184.68, 33.37)
[M::mem_pestat] low and high boundaries for proper pairs: (19, 348)
[M::mem_pestat] skip orientation RF as there are not enough pairs
[M::mem_pestat] skip orientation RR as there are not enough pairs
[M::mem_process_seqs] Processed 646548 reads in 817.572 CPU sec, 104.954 real sec
[M::process] 0 single-end sequences; 646412 paired-end sequences
[M::process] read 651618 sequences (80000122 bp)...
[M::mem_pestat] # candidate unique pairs for (FF, FR, RF, RR): (0, 242881, 2, 0)
[M::mem_pestat] skip orientation FF as there are not enough pairs
[M::mem_pestat] analyzing insert size distribution for orientation FR...
[M::mem_pestat] (25, 50, 75) percentile: (160, 181, 207)
[M::mem_pestat] low and high boundaries for computing mean and std.dev: (66, 301)
[M::mem_pestat] mean and std.dev: (184.71, 33.43)
[M::mem_pestat] low and high boundaries for proper pairs: (19, 348)
[M::mem_pestat] skip orientation RF as there are not enough pairs
[M::mem_pestat] skip orientation RR as there are not enough pairs
[M::mem_process_seqs] Processed 646412 reads in 826.542 CPU sec, 106.054 real sec
[M::process] 0 single-end sequences; 651618 paired-end sequences
[M::process] read 646842 sequences (80000005 bp)...
[M::mem_pestat] # candidate unique pairs for (FF, FR, RF, RR): (0, 245081, 4, 0)
[M::mem_pestat] skip orientation FF as there are not enough pairs
[M::mem_pestat] analyzing insert size distribution for orientation FR...
[M::mem_pestat] (25, 50, 75) percentile: (159, 181, 206)
[M::mem_pestat] low and high boundaries for computing mean and std.dev: (65, 300)
[M::mem_pestat] mean and std.dev: (184.44, 33.40)
[M::mem_pestat] low and high boundaries for proper pairs: (18, 347)
[M::mem_pestat] skip orientation RF as there are not enough pairs
[M::mem_pestat] skip orientation RR as there are not enough pairs
[M::mem_process_seqs] Processed 651618 reads in 889.529 CPU sec, 113.929 real sec
[M::process] 0 single-end sequences; 646842 paired-end sequences
[M::process] read 646422 sequences (80000037 bp)...
[M::mem_pestat] # candidate unique pairs for (FF, FR, RF, RR): (0, 243014, 0, 0)
[M::mem_pestat] skip orientation FF as there are not enough pairs
[M::mem_pestat] analyzing insert size distribution for orientation FR...
[M::mem_pestat] (25, 50, 75) percentile: (160, 181, 207)
[M::mem_pestat] low and high boundaries for computing mean and std.dev: (66, 301)
[M::mem_pestat] mean and std.dev: (184.87, 33.40)
[M::mem_pestat] low and high boundaries for proper pairs: (19, 348)
[M::mem_pestat] skip orientation RF as there are not enough pairs
[M::mem_pestat] skip orientation RR as there are not enough pairs
[M::mem_process_seqs] Processed 646842 reads in 823.529 CPU sec, 105.708 real sec
[M::process] 0 single-end sequences; 646422 paired-end sequences
[M::process] read 646040 sequences (80000020 bp)...
[M::mem_pestat] # candidate unique pairs for (FF, FR, RF, RR): (0, 243292, 3, 0)
[M::mem_pestat] skip orientation FF as there are not enough pairs
[M::mem_pestat] analyzing insert size distribution for orientation FR...
[M::mem_pestat] (25, 50, 75) percentile: (160, 181, 207)
[M::mem_pestat] low and high boundaries for computing mean and std.dev: (66, 301)
[M::mem_pestat] mean and std.dev: (184.93, 33.43)
[M::mem_pestat] low and high boundaries for proper pairs: (19, 348)
[M::mem_pestat] skip orientation RF as there are not enough pairs
[M::mem_pestat] skip orientation RR as there are not enough pairs
[M::mem_process_seqs] Processed 646422 reads in 816.920 CPU sec, 104.849 real sec
[M::process] 0 single-end sequences; 646040 paired-end sequences
[M::process] read 646130 sequences (80000139 bp)...
[M::mem_pestat] # candidate unique pairs for (FF, FR, RF, RR): (0, 243261, 5, 0)
[M::mem_pestat] skip orientation FF as there are not enough pairs
[M::mem_pestat] analyzing insert size distribution for orientation FR...
[M::mem_pestat] (25, 50, 75) percentile: (160, 181, 207)
[M::mem_pestat] low and high boundaries for computing mean and std.dev: (66, 301)
[M::mem_pestat] mean and std.dev: (184.86, 33.52)
[M::mem_pestat] low and high boundaries for proper pairs: (19, 348)
[M::mem_pestat] skip orientation RF as there are not enough pairs
[M::mem_pestat] skip orientation RR as there are not enough pairs
[M::mem_process_seqs] Processed 646040 reads in 814.702 CPU sec, 104.586 real sec
[M::process] 0 single-end sequences; 646130 paired-end sequences
[M::process] read 652402 sequences (80000240 bp)...
[M::mem_pestat] # candidate unique pairs for (FF, FR, RF, RR): (0, 243197, 5, 0)
[M::mem_pestat] skip orientation FF as there are not enough pairs
[M::mem_pestat] analyzing insert size distribution for orientation FR...
[M::mem_pestat] (25, 50, 75) percentile: (159, 181, 207)
[M::mem_pestat] low and high boundaries for computing mean and std.dev: (63, 303)
[M::mem_pestat] mean and std.dev: (184.56, 33.40)
[M::mem_pestat] low and high boundaries for proper pairs: (15, 351)
[M::mem_pestat] skip orientation RF as there are not enough pairs
[M::mem_pestat] skip orientation RR as there are not enough pairs
[M::mem_process_seqs] Processed 646130 reads in 823.711 CPU sec, 105.716 real sec
[M::process] 0 single-end sequences; 652402 paired-end sequences
[M::process] read 647008 sequences (80000190 bp)...
[M::mem_pestat] # candidate unique pairs for (FF, FR, RF, RR): (0, 245034, 5, 0)
[M::mem_pestat] skip orientation FF as there are not enough pairs
[M::mem_pestat] analyzing insert size distribution for orientation FR...
[M::mem_pestat] (25, 50, 75) percentile: (159, 181, 206)
[M::mem_pestat] low and high boundaries for computing mean and std.dev: (65, 300)
[M::mem_pestat] mean and std.dev: (184.41, 33.27)
[M::mem_pestat] low and high boundaries for proper pairs: (18, 347)
[M::mem_pestat] skip orientation RF as there are not enough pairs
[M::mem_pestat] skip orientation RR as there are not enough pairs
[M::mem_process_seqs] Processed 652402 reads in 908.107 CPU sec, 116.249 real sec
[M::process] 0 single-end sequences; 647008 paired-end sequences
[M::process] read 646750 sequences (80000229 bp)...
[M::mem_pestat] # candidate unique pairs for (FF, FR, RF, RR): (0, 243287, 6, 0)
[M::mem_pestat] skip orientation FF as there are not enough pairs
[M::mem_pestat] analyzing insert size distribution for orientation FR...
[M::mem_pestat] (25, 50, 75) percentile: (160, 181, 207)
[M::mem_pestat] low and high boundaries for computing mean and std.dev: (66, 301)
[M::mem_pestat] mean and std.dev: (184.60, 33.31)
[M::mem_pestat] low and high boundaries for proper pairs: (19, 348)
[M::mem_pestat] skip orientation RF as there are not enough pairs
[M::mem_pestat] skip orientation RR as there are not enough pairs
[M::mem_process_seqs] Processed 647008 reads in 816.915 CPU sec, 104.911 real sec
[M::process] 0 single-end sequences; 646750 paired-end sequences
[M::process] read 646454 sequences (80000112 bp)...
[M::mem_pestat] # candidate unique pairs for (FF, FR, RF, RR): (0, 243039, 9, 0)
[M::mem_pestat] skip orientation FF as there are not enough pairs
[M::mem_pestat] analyzing insert size distribution for orientation FR...
[M::mem_pestat] (25, 50, 75) percentile: (160, 181, 207)
[M::mem_pestat] low and high boundaries for computing mean and std.dev: (66, 301)
[M::mem_pestat] mean and std.dev: (184.94, 33.45)
[M::mem_pestat] low and high boundaries for proper pairs: (19, 348)
[M::mem_pestat] skip orientation RF as there are not enough pairs
[M::mem_pestat] skip orientation RR as there are not enough pairs
[M::mem_process_seqs] Processed 646750 reads in 820.021 CPU sec, 105.244 real sec
[M::process] 0 single-end sequences; 646454 paired-end sequences
[M::process] read 646378 sequences (80000018 bp)...
[M::mem_pestat] # candidate unique pairs for (FF, FR, RF, RR): (0, 243602, 2, 0)
[M::mem_pestat] skip orientation FF as there are not enough pairs
[M::mem_pestat] analyzing insert size distribution for orientation FR...
[M::mem_pestat] (25, 50, 75) percentile: (160, 181, 207)
[M::mem_pestat] low and high boundaries for computing mean and std.dev: (66, 301)
[M::mem_pestat] mean and std.dev: (184.96, 33.46)
[M::mem_pestat] low and high boundaries for proper pairs: (19, 348)
[M::mem_pestat] skip orientation RF as there are not enough pairs
[M::mem_pestat] skip orientation RR as there are not enough pairs
[M::mem_process_seqs] Processed 646454 reads in 816.257 CPU sec, 104.761 real sec
[M::process] 0 single-end sequences; 646378 paired-end sequences
[M::process] read 651652 sequences (80000118 bp)...
[M::mem_pestat] # candidate unique pairs for (FF, FR, RF, RR): (0, 243569, 6, 0)
[M::mem_pestat] skip orientation FF as there are not enough pairs
[M::mem_pestat] analyzing insert size distribution for orientation FR...
[M::mem_pestat] (25, 50, 75) percentile: (160, 181, 207)
[M::mem_pestat] low and high boundaries for computing mean and std.dev: (66, 301)
[M::mem_pestat] mean and std.dev: (184.69, 33.35)
[M::mem_pestat] low and high boundaries for proper pairs: (19, 348)
[M::mem_pestat] skip orientation RF as there are not enough pairs
[M::mem_pestat] skip orientation RR as there are not enough pairs
[M::mem_process_seqs] Processed 646378 reads in 825.727 CPU sec, 105.976 real sec
[M::process] 0 single-end sequences; 651652 paired-end sequences
[M::process] read 647314 sequences (80000024 bp)...
[M::mem_pestat] # candidate unique pairs for (FF, FR, RF, RR): (0, 244033, 8, 0)
[M::mem_pestat] skip orientation FF as there are not enough pairs
[M::mem_pestat] analyzing insert size distribution for orientation FR...
[M::mem_pestat] (25, 50, 75) percentile: (160, 181, 206)
[M::mem_pestat] low and high boundaries for computing mean and std.dev: (68, 298)
[M::mem_pestat] mean and std.dev: (184.55, 33.36)
[M::mem_pestat] low and high boundaries for proper pairs: (22, 344)
[M::mem_pestat] skip orientation RF as there are not enough pairs
[M::mem_pestat] skip orientation RR as there are not enough pairs
[M::mem_process_seqs] Processed 651652 reads in 901.057 CPU sec, 115.386 real sec
[M::process] 0 single-end sequences; 647314 paired-end sequences
[M::process] read 648228 sequences (80000118 bp)...
[M::mem_pestat] # candidate unique pairs for (FF, FR, RF, RR): (0, 243182, 5, 0)
[M::mem_pestat] skip orientation FF as there are not enough pairs
[M::mem_pestat] analyzing insert size distribution for orientation FR...
[M::mem_pestat] (25, 50, 75) percentile: (160, 181, 206)
[M::mem_pestat] low and high boundaries for computing mean and std.dev: (68, 298)
[M::mem_pestat] mean and std.dev: (184.60, 33.41)
[M::mem_pestat] low and high boundaries for proper pairs: (22, 344)
[M::mem_pestat] skip orientation RF as there are not enough pairs
[M::mem_pestat] skip orientation RR as there are not enough pairs
[M::mem_process_seqs] Processed 647314 reads in 834.760 CPU sec, 107.098 real sec
[M::process] 0 single-end sequences; 648228 paired-end sequences
[M::process] read 647296 sequences (80000053 bp)...
[M::mem_pestat] # candidate unique pairs for (FF, FR, RF, RR): (0, 243532, 6, 0)
[M::mem_pestat] skip orientation FF as there are not enough pairs
[M::mem_pestat] analyzing insert size distribution for orientation FR...
[M::mem_pestat] (25, 50, 75) percentile: (160, 181, 207)
[M::mem_pestat] low and high boundaries for computing mean and std.dev: (66, 301)
[M::mem_pestat] mean and std.dev: (184.97, 33.46)
[M::mem_pestat] low and high boundaries for proper pairs: (19, 348)
[M::mem_pestat] skip orientation RF as there are not enough pairs
[M::mem_pestat] skip orientation RR as there are not enough pairs
[M::mem_process_seqs] Processed 648228 reads in 830.760 CPU sec, 106.617 real sec
[M::process] 0 single-end sequences; 647296 paired-end sequences
[M::process] read 646570 sequences (80000167 bp)...
[M::mem_pestat] # candidate unique pairs for (FF, FR, RF, RR): (0, 244195, 2, 0)
[M::mem_pestat] skip orientation FF as there are not enough pairs
[M::mem_pestat] analyzing insert size distribution for orientation FR...
[M::mem_pestat] (25, 50, 75) percentile: (160, 181, 207)
[M::mem_pestat] low and high boundaries for computing mean and std.dev: (66, 301)
[M::mem_pestat] mean and std.dev: (184.80, 33.44)
[M::mem_pestat] low and high boundaries for proper pairs: (19, 348)
[M::mem_pestat] skip orientation RF as there are not enough pairs
[M::mem_pestat] skip orientation RR as there are not enough pairs
[M::mem_process_seqs] Processed 647296 reads in 808.292 CPU sec, 103.779 real sec
[M::process] 0 single-end sequences; 646570 paired-end sequences
[M::process] read 646566 sequences (80000037 bp)...
[M::mem_pestat] # candidate unique pairs for (FF, FR, RF, RR): (0, 243720, 5, 0)
[M::mem_pestat] skip orientation FF as there are not enough pairs
[M::mem_pestat] analyzing insert size distribution for orientation FR...
[M::mem_pestat] (25, 50, 75) percentile: (160, 181, 207)
[M::mem_pestat] low and high boundaries for computing mean and std.dev: (66, 301)
[M::mem_pestat] mean and std.dev: (184.83, 33.42)
[M::mem_pestat] low and high boundaries for proper pairs: (19, 348)
[M::mem_pestat] skip orientation RF as there are not enough pairs
[M::mem_pestat] skip orientation RR as there are not enough pairs
[M::mem_process_seqs] Processed 646570 reads in 812.615 CPU sec, 104.323 real sec
[M::process] 0 single-end sequences; 646566 paired-end sequences
[M::process] read 647182 sequences (80000076 bp)...
[M::mem_pestat] # candidate unique pairs for (FF, FR, RF, RR): (0, 243093, 5, 0)
[M::mem_pestat] skip orientation FF as there are not enough pairs
[M::mem_pestat] analyzing insert size distribution for orientation FR...
[M::mem_pestat] (25, 50, 75) percentile: (159, 181, 207)
[M::mem_pestat] low and high boundaries for computing mean and std.dev: (63, 303)
[M::mem_pestat] mean and std.dev: (184.57, 33.40)
[M::mem_pestat] low and high boundaries for proper pairs: (15, 351)
[M::mem_pestat] skip orientation RF as there are not enough pairs
[M::mem_pestat] skip orientation RR as there are not enough pairs
[M::mem_process_seqs] Processed 646566 reads in 823.814 CPU sec, 105.718 real sec
[M::process] 0 single-end sequences; 647182 paired-end sequences
[M::process] read 647090 sequences (80000224 bp)...
[M::mem_pestat] # candidate unique pairs for (FF, FR, RF, RR): (0, 243801, 13, 0)
[M::mem_pestat] skip orientation FF as there are not enough pairs
[M::mem_pestat] analyzing insert size distribution for orientation FR...
[M::mem_pestat] (25, 50, 75) percentile: (160, 181, 207)
[M::mem_pestat] low and high boundaries for computing mean and std.dev: (66, 301)
[M::mem_pestat] mean and std.dev: (184.66, 33.39)
[M::mem_pestat] low and high boundaries for proper pairs: (19, 348)
[M::mem_pestat] analyzing insert size distribution for orientation RF...
[M::mem_pestat] (25, 50, 75) percentile: (167, 209, 4638)
[M::mem_pestat] low and high boundaries for computing mean and std.dev: (1, 13580)
[M::mem_pestat] mean and std.dev: (2457.31, 2853.63)
[M::mem_pestat] low and high boundaries for proper pairs: (1, 18051)
[M::mem_pestat] skip orientation RR as there are not enough pairs
[M::mem_pestat] skip orientation RF
[M::mem_process_seqs] Processed 647182 reads in 820.593 CPU sec, 105.299 real sec
[M::process] 0 single-end sequences; 647090 paired-end sequences
[M::process] read 646360 sequences (80000212 bp)...
[M::mem_pestat] # candidate unique pairs for (FF, FR, RF, RR): (0, 243592, 3, 0)
[M::mem_pestat] skip orientation FF as there are not enough pairs
[M::mem_pestat] analyzing insert size distribution for orientation FR...
[M::mem_pestat] (25, 50, 75) percentile: (160, 181, 207)
[M::mem_pestat] low and high boundaries for computing mean and std.dev: (66, 301)
[M::mem_pestat] mean and std.dev: (184.79, 33.40)
[M::mem_pestat] low and high boundaries for proper pairs: (19, 348)
[M::mem_pestat] skip orientation RF as there are not enough pairs
[M::mem_pestat] skip orientation RR as there are not enough pairs
[M::mem_process_seqs] Processed 647090 reads in 823.965 CPU sec, 105.728 real sec
[M::process] 0 single-end sequences; 646360 paired-end sequences
[M::process] read 646494 sequences (80000224 bp)...
[M::mem_pestat] # candidate unique pairs for (FF, FR, RF, RR): (0, 243958, 6, 0)
[M::mem_pestat] skip orientation FF as there are not enough pairs
[M::mem_pestat] analyzing insert size distribution for orientation FR...
[M::mem_pestat] (25, 50, 75) percentile: (160, 181, 207)
[M::mem_pestat] low and high boundaries for computing mean and std.dev: (66, 301)
[M::mem_pestat] mean and std.dev: (184.73, 33.40)
[M::mem_pestat] low and high boundaries for proper pairs: (19, 348)
[M::mem_pestat] skip orientation RF as there are not enough pairs
[M::mem_pestat] skip orientation RR as there are not enough pairs
[M::mem_process_seqs] Processed 646360 reads in 812.461 CPU sec, 104.324 real sec
[M::process] 0 single-end sequences; 646494 paired-end sequences
[M::process] read 646318 sequences (80000242 bp)...
[M::mem_pestat] # candidate unique pairs for (FF, FR, RF, RR): (0, 243729, 4, 0)
[M::mem_pestat] skip orientation FF as there are not enough pairs
[M::mem_pestat] analyzing insert size distribution for orientation FR...
[M::mem_pestat] (25, 50, 75) percentile: (160, 181, 207)
[M::mem_pestat] low and high boundaries for computing mean and std.dev: (66, 301)
[M::mem_pestat] mean and std.dev: (184.72, 33.42)
[M::mem_pestat] low and high boundaries for proper pairs: (19, 348)
[M::mem_pestat] skip orientation RF as there are not enough pairs
[M::mem_pestat] skip orientation RR as there are not enough pairs
[M::mem_process_seqs] Processed 646494 reads in 807.550 CPU sec, 103.671 real sec
[M::process] 0 single-end sequences; 646318 paired-end sequences
[M::process] read 646894 sequences (80000130 bp)...
[M::mem_pestat] # candidate unique pairs for (FF, FR, RF, RR): (0, 243435, 6, 0)
[M::mem_pestat] skip orientation FF as there are not enough pairs
[M::mem_pestat] analyzing insert size distribution for orientation FR...
[M::mem_pestat] (25, 50, 75) percentile: (160, 181, 207)
[M::mem_pestat] low and high boundaries for computing mean and std.dev: (66, 301)
[M::mem_pestat] mean and std.dev: (184.65, 33.39)
[M::mem_pestat] low and high boundaries for proper pairs: (19, 348)
[M::mem_pestat] skip orientation RF as there are not enough pairs
[M::mem_pestat] skip orientation RR as there are not enough pairs
[M::mem_process_seqs] Processed 646318 reads in 824.397 CPU sec, 105.792 real sec
[M::process] 0 single-end sequences; 646894 paired-end sequences
[M::process] read 647924 sequences (80000132 bp)...
[M::mem_pestat] # candidate unique pairs for (FF, FR, RF, RR): (0, 244136, 4, 0)
[M::mem_pestat] skip orientation FF as there are not enough pairs
[M::mem_pestat] analyzing insert size distribution for orientation FR...
[M::mem_pestat] (25, 50, 75) percentile: (159, 181, 207)
[M::mem_pestat] low and high boundaries for computing mean and std.dev: (63, 303)
[M::mem_pestat] mean and std.dev: (184.48, 33.41)
[M::mem_pestat] low and high boundaries for proper pairs: (15, 351)
[M::mem_pestat] skip orientation RF as there are not enough pairs
[M::mem_pestat] skip orientation RR as there are not enough pairs
[M::mem_process_seqs] Processed 646894 reads in 798.232 CPU sec, 102.511 real sec
[M::process] 0 single-end sequences; 647924 paired-end sequences
[M::process] read 646966 sequences (80000046 bp)...
[M::mem_pestat] # candidate unique pairs for (FF, FR, RF, RR): (0, 243728, 2, 0)
[M::mem_pestat] skip orientation FF as there are not enough pairs
[M::mem_pestat] analyzing insert size distribution for orientation FR...
[M::mem_pestat] (25, 50, 75) percentile: (160, 181, 207)
[M::mem_pestat] low and high boundaries for computing mean and std.dev: (66, 301)
[M::mem_pestat] mean and std.dev: (184.93, 33.46)
[M::mem_pestat] low and high boundaries for proper pairs: (19, 348)
[M::mem_pestat] skip orientation RF as there are not enough pairs
[M::mem_pestat] skip orientation RR as there are not enough pairs
[M::mem_process_seqs] Processed 647924 reads in 820.256 CPU sec, 105.278 real sec
[M::process] 0 single-end sequences; 646966 paired-end sequences
[M::process] read 646612 sequences (80000086 bp)...
[M::mem_pestat] # candidate unique pairs for (FF, FR, RF, RR): (0, 244029, 7, 0)
[M::mem_pestat] skip orientation FF as there are not enough pairs
[M::mem_pestat] analyzing insert size distribution for orientation FR...
[M::mem_pestat] (25, 50, 75) percentile: (160, 181, 207)
[M::mem_pestat] low and high boundaries for computing mean and std.dev: (66, 301)
[M::mem_pestat] mean and std.dev: (184.93, 33.44)
[M::mem_pestat] low and high boundaries for proper pairs: (19, 348)
[M::mem_pestat] skip orientation RF as there are not enough pairs
[M::mem_pestat] skip orientation RR as there are not enough pairs
[M::mem_process_seqs] Processed 646966 reads in 808.987 CPU sec, 103.876 real sec
[M::process] 0 single-end sequences; 646612 paired-end sequences
[M::process] read 646826 sequences (80000141 bp)...
[M::mem_pestat] # candidate unique pairs for (FF, FR, RF, RR): (0, 243850, 4, 0)
[M::mem_pestat] skip orientation FF as there are not enough pairs
[M::mem_pestat] analyzing insert size distribution for orientation FR...
[M::mem_pestat] (25, 50, 75) percentile: (160, 181, 207)
[M::mem_pestat] low and high boundaries for computing mean and std.dev: (66, 301)
[M::mem_pestat] mean and std.dev: (184.75, 33.43)
[M::mem_pestat] low and high boundaries for proper pairs: (19, 348)
[M::mem_pestat] skip orientation RF as there are not enough pairs
[M::mem_pestat] skip orientation RR as there are not enough pairs
[M::mem_process_seqs] Processed 646612 reads in 809.242 CPU sec, 103.884 real sec
[M::process] 0 single-end sequences; 646826 paired-end sequences
[M::process] read 647194 sequences (80000001 bp)...
[M::mem_pestat] # candidate unique pairs for (FF, FR, RF, RR): (0, 243177, 4, 0)
[M::mem_pestat] skip orientation FF as there are not enough pairs
[M::mem_pestat] analyzing insert size distribution for orientation FR...
[M::mem_pestat] (25, 50, 75) percentile: (159, 181, 206)
[M::mem_pestat] low and high boundaries for computing mean and std.dev: (65, 300)
[M::mem_pestat] mean and std.dev: (184.51, 33.39)
[M::mem_pestat] low and high boundaries for proper pairs: (18, 347)
[M::mem_pestat] skip orientation RF as there are not enough pairs
[M::mem_pestat] skip orientation RR as there are not enough pairs
[M::mem_process_seqs] Processed 646826 reads in 816.742 CPU sec, 104.839 real sec
[M::process] 0 single-end sequences; 647194 paired-end sequences
[M::process] read 648194 sequences (80000244 bp)...
[M::mem_pestat] # candidate unique pairs for (FF, FR, RF, RR): (0, 243792, 2, 0)
[M::mem_pestat] skip orientation FF as there are not enough pairs
[M::mem_pestat] analyzing insert size distribution for orientation FR...
[M::mem_pestat] (25, 50, 75) percentile: (159, 181, 207)
[M::mem_pestat] low and high boundaries for computing mean and std.dev: (63, 303)
[M::mem_pestat] mean and std.dev: (184.53, 33.38)
[M::mem_pestat] low and high boundaries for proper pairs: (15, 351)
[M::mem_pestat] skip orientation RF as there are not enough pairs
[M::mem_pestat] skip orientation RR as there are not enough pairs
[M::mem_process_seqs] Processed 647194 reads in 811.333 CPU sec, 104.157 real sec
[M::process] 0 single-end sequences; 648194 paired-end sequences
[M::process] read 647456 sequences (80000056 bp)...
[M::mem_pestat] # candidate unique pairs for (FF, FR, RF, RR): (0, 243636, 2, 0)
[M::mem_pestat] skip orientation FF as there are not enough pairs
[M::mem_pestat] analyzing insert size distribution for orientation FR...
[M::mem_pestat] (25, 50, 75) percentile: (160, 181, 207)
[M::mem_pestat] low and high boundaries for computing mean and std.dev: (66, 301)
[M::mem_pestat] mean and std.dev: (184.98, 33.45)
[M::mem_pestat] low and high boundaries for proper pairs: (19, 348)
[M::mem_pestat] skip orientation RF as there are not enough pairs
[M::mem_pestat] skip orientation RR as there are not enough pairs
[M::mem_process_seqs] Processed 648194 reads in 824.319 CPU sec, 105.778 real sec
[M::process] 0 single-end sequences; 647456 paired-end sequences
[M::process] read 647326 sequences (80000042 bp)...
[M::mem_pestat] # candidate unique pairs for (FF, FR, RF, RR): (0, 244257, 7, 0)
[M::mem_pestat] skip orientation FF as there are not enough pairs
[M::mem_pestat] analyzing insert size distribution for orientation FR...
[M::mem_pestat] (25, 50, 75) percentile: (160, 181, 207)
[M::mem_pestat] low and high boundaries for computing mean and std.dev: (66, 301)
[M::mem_pestat] mean and std.dev: (184.81, 33.42)
[M::mem_pestat] low and high boundaries for proper pairs: (19, 348)
[M::mem_pestat] skip orientation RF as there are not enough pairs
[M::mem_pestat] skip orientation RR as there are not enough pairs
[M::mem_process_seqs] Processed 647456 reads in 808.620 CPU sec, 103.821 real sec
[M::process] 0 single-end sequences; 647326 paired-end sequences
[M::process] read 646622 sequences (80000180 bp)...
[M::mem_pestat] # candidate unique pairs for (FF, FR, RF, RR): (0, 244107, 5, 0)
[M::mem_pestat] skip orientation FF as there are not enough pairs
[M::mem_pestat] analyzing insert size distribution for orientation FR...
[M::mem_pestat] (25, 50, 75) percentile: (159, 181, 207)
[M::mem_pestat] low and high boundaries for computing mean and std.dev: (63, 303)
[M::mem_pestat] mean and std.dev: (184.63, 33.34)
[M::mem_pestat] low and high boundaries for proper pairs: (15, 351)
[M::mem_pestat] skip orientation RF as there are not enough pairs
[M::mem_pestat] skip orientation RR as there are not enough pairs
[M::mem_process_seqs] Processed 647326 reads in 806.072 CPU sec, 103.522 real sec
[M::process] 0 single-end sequences; 646622 paired-end sequences
[M::process] read 645872 sequences (80000184 bp)...
[M::mem_pestat] # candidate unique pairs for (FF, FR, RF, RR): (0, 243544, 8, 0)
[M::mem_pestat] skip orientation FF as there are not enough pairs
[M::mem_pestat] analyzing insert size distribution for orientation FR...
[M::mem_pestat] (25, 50, 75) percentile: (159, 181, 206)
[M::mem_pestat] low and high boundaries for computing mean and std.dev: (65, 300)
[M::mem_pestat] mean and std.dev: (184.44, 33.36)
[M::mem_pestat] low and high boundaries for proper pairs: (18, 347)
[M::mem_pestat] skip orientation RF as there are not enough pairs
[M::mem_pestat] skip orientation RR as there are not enough pairs
[M::mem_process_seqs] Processed 646622 reads in 822.821 CPU sec, 105.597 real sec
[M::process] 0 single-end sequences; 645872 paired-end sequences
[M::process] read 648306 sequences (80000199 bp)...
[M::mem_pestat] # candidate unique pairs for (FF, FR, RF, RR): (0, 243823, 6, 0)
[M::mem_pestat] skip orientation FF as there are not enough pairs
[M::mem_pestat] analyzing insert size distribution for orientation FR...
[M::mem_pestat] (25, 50, 75) percentile: (159, 181, 206)
[M::mem_pestat] low and high boundaries for computing mean and std.dev: (65, 300)
[M::mem_pestat] mean and std.dev: (184.41, 33.35)
[M::mem_pestat] low and high boundaries for proper pairs: (18, 347)
[M::mem_pestat] skip orientation RF as there are not enough pairs
[M::mem_pestat] skip orientation RR as there are not enough pairs
[M::mem_process_seqs] Processed 645872 reads in 801.569 CPU sec, 102.917 real sec
[M::process] 0 single-end sequences; 648306 paired-end sequences
[M::process] read 647392 sequences (80000017 bp)...
[M::mem_pestat] # candidate unique pairs for (FF, FR, RF, RR): (0, 244058, 10, 0)
[M::mem_pestat] skip orientation FF as there are not enough pairs
[M::mem_pestat] analyzing insert size distribution for orientation FR...
[M::mem_pestat] (25, 50, 75) percentile: (160, 181, 207)
[M::mem_pestat] low and high boundaries for computing mean and std.dev: (66, 301)
[M::mem_pestat] mean and std.dev: (184.91, 33.38)
[M::mem_pestat] low and high boundaries for proper pairs: (19, 348)
[M::mem_pestat] analyzing insert size distribution for orientation RF...
[M::mem_pestat] (25, 50, 75) percentile: (109, 177, 184)
[M::mem_pestat] low and high boundaries for computing mean and std.dev: (1, 334)
[M::mem_pestat] mean and std.dev: (153.90, 60.15)
[M::mem_pestat] low and high boundaries for proper pairs: (1, 409)
[M::mem_pestat] skip orientation RR as there are not enough pairs
[M::mem_pestat] skip orientation RF
[M::mem_process_seqs] Processed 648306 reads in 823.932 CPU sec, 105.703 real sec
[M::process] 0 single-end sequences; 647392 paired-end sequences
[M::process] read 646648 sequences (80000070 bp)...
[M::mem_pestat] # candidate unique pairs for (FF, FR, RF, RR): (0, 244354, 4, 0)
[M::mem_pestat] skip orientation FF as there are not enough pairs
[M::mem_pestat] analyzing insert size distribution for orientation FR...
[M::mem_pestat] (25, 50, 75) percentile: (160, 181, 207)
[M::mem_pestat] low and high boundaries for computing mean and std.dev: (66, 301)
[M::mem_pestat] mean and std.dev: (184.83, 33.35)
[M::mem_pestat] low and high boundaries for proper pairs: (19, 348)
[M::mem_pestat] skip orientation RF as there are not enough pairs
[M::mem_pestat] skip orientation RR as there are not enough pairs
[M::mem_process_seqs] Processed 647392 reads in 797.476 CPU sec, 102.420 real sec
[M::process] 0 single-end sequences; 646648 paired-end sequences
[M::process] read 646582 sequences (80000157 bp)...
[M::mem_pestat] # candidate unique pairs for (FF, FR, RF, RR): (0, 243838, 8, 0)
[M::mem_pestat] skip orientation FF as there are not enough pairs
[M::mem_pestat] analyzing insert size distribution for orientation FR...
[M::mem_pestat] (25, 50, 75) percentile: (160, 181, 207)
[M::mem_pestat] low and high boundaries for computing mean and std.dev: (66, 301)
[M::mem_pestat] mean and std.dev: (184.77, 33.38)
[M::mem_pestat] low and high boundaries for proper pairs: (19, 348)
[M::mem_pestat] skip orientation RF as there are not enough pairs
[M::mem_pestat] skip orientation RR as there are not enough pairs
[M::mem_process_seqs] Processed 646648 reads in 806.140 CPU sec, 103.524 real sec
[M::process] 0 single-end sequences; 646582 paired-end sequences
[M::process] read 645986 sequences (80000183 bp)...
[M::mem_pestat] # candidate unique pairs for (FF, FR, RF, RR): (0, 243475, 4, 0)
[M::mem_pestat] skip orientation FF as there are not enough pairs
[M::mem_pestat] analyzing insert size distribution for orientation FR...
[M::mem_pestat] (25, 50, 75) percentile: (159, 181, 207)
[M::mem_pestat] low and high boundaries for computing mean and std.dev: (63, 303)
[M::mem_pestat] mean and std.dev: (184.52, 33.38)
[M::mem_pestat] low and high boundaries for proper pairs: (15, 351)
[M::mem_pestat] skip orientation RF as there are not enough pairs
[M::mem_pestat] skip orientation RR as there are not enough pairs
[M::mem_process_seqs] Processed 646582 reads in 813.655 CPU sec, 104.480 real sec
[M::process] 0 single-end sequences; 645986 paired-end sequences
[M::process] read 649002 sequences (80000229 bp)...
[M::mem_pestat] # candidate unique pairs for (FF, FR, RF, RR): (0, 243668, 6, 0)
[M::mem_pestat] skip orientation FF as there are not enough pairs
[M::mem_pestat] analyzing insert size distribution for orientation FR...
[M::mem_pestat] (25, 50, 75) percentile: (159, 181, 206)
[M::mem_pestat] low and high boundaries for computing mean and std.dev: (65, 300)
[M::mem_pestat] mean and std.dev: (184.40, 33.27)
[M::mem_pestat] low and high boundaries for proper pairs: (18, 347)
[M::mem_pestat] skip orientation RF as there are not enough pairs
[M::mem_pestat] skip orientation RR as there are not enough pairs
[M::mem_process_seqs] Processed 645986 reads in 805.543 CPU sec, 103.444 real sec
[M::process] 0 single-end sequences; 649002 paired-end sequences
[M::process] read 648636 sequences (80000125 bp)...
[M::mem_pestat] # candidate unique pairs for (FF, FR, RF, RR): (0, 244002, 9, 0)
[M::mem_pestat] skip orientation FF as there are not enough pairs
[M::mem_pestat] analyzing insert size distribution for orientation FR...
[M::mem_pestat] (25, 50, 75) percentile: (160, 181, 207)
[M::mem_pestat] low and high boundaries for computing mean and std.dev: (66, 301)
[M::mem_pestat] mean and std.dev: (184.93, 33.45)
[M::mem_pestat] low and high boundaries for proper pairs: (19, 348)
[M::mem_pestat] skip orientation RF as there are not enough pairs
[M::mem_pestat] skip orientation RR as there are not enough pairs
[M::mem_process_seqs] Processed 649002 reads in 822.914 CPU sec, 105.600 real sec
[M::process] 0 single-end sequences; 648636 paired-end sequences
[M::process] read 648080 sequences (80000161 bp)...
[M::mem_pestat] # candidate unique pairs for (FF, FR, RF, RR): (0, 244565, 6, 0)
[M::mem_pestat] skip orientation FF as there are not enough pairs
[M::mem_pestat] analyzing insert size distribution for orientation FR...
[M::mem_pestat] (25, 50, 75) percentile: (160, 181, 207)
[M::mem_pestat] low and high boundaries for computing mean and std.dev: (66, 301)
[M::mem_pestat] mean and std.dev: (184.94, 33.43)
[M::mem_pestat] low and high boundaries for proper pairs: (19, 348)
[M::mem_pestat] skip orientation RF as there are not enough pairs
[M::mem_pestat] skip orientation RR as there are not enough pairs
[M::mem_process_seqs] Processed 648636 reads in 813.395 CPU sec, 104.431 real sec
[M::process] 0 single-end sequences; 648080 paired-end sequences
[M::process] read 647830 sequences (80000213 bp)...
[M::mem_pestat] # candidate unique pairs for (FF, FR, RF, RR): (0, 244580, 3, 0)
[M::mem_pestat] skip orientation FF as there are not enough pairs
[M::mem_pestat] analyzing insert size distribution for orientation FR...
[M::mem_pestat] (25, 50, 75) percentile: (160, 181, 207)
[M::mem_pestat] low and high boundaries for computing mean and std.dev: (66, 301)
[M::mem_pestat] mean and std.dev: (184.94, 33.46)
[M::mem_pestat] low and high boundaries for proper pairs: (19, 348)
[M::mem_pestat] skip orientation RF as there are not enough pairs
[M::mem_pestat] skip orientation RR as there are not enough pairs
[M::mem_process_seqs] Processed 648080 reads in 802.539 CPU sec, 103.056 real sec
[M::process] 0 single-end sequences; 647830 paired-end sequences
[M::process] read 646748 sequences (80000043 bp)...
[M::mem_pestat] # candidate unique pairs for (FF, FR, RF, RR): (0, 244525, 6, 0)
[M::mem_pestat] skip orientation FF as there are not enough pairs
[M::mem_pestat] analyzing insert size distribution for orientation FR...
[M::mem_pestat] (25, 50, 75) percentile: (160, 181, 207)
[M::mem_pestat] low and high boundaries for computing mean and std.dev: (66, 301)
[M::mem_pestat] mean and std.dev: (184.77, 33.42)
[M::mem_pestat] low and high boundaries for proper pairs: (19, 348)
[M::mem_pestat] skip orientation RF as there are not enough pairs
[M::mem_pestat] skip orientation RR as there are not enough pairs
[M::mem_process_seqs] Processed 647830 reads in 814.529 CPU sec, 104.551 real sec
[M::process] 0 single-end sequences; 646748 paired-end sequences
[M::process] read 647764 sequences (80000089 bp)...
[M::mem_pestat] # candidate unique pairs for (FF, FR, RF, RR): (0, 243541, 3, 0)
[M::mem_pestat] skip orientation FF as there are not enough pairs
[M::mem_pestat] analyzing insert size distribution for orientation FR...
[M::mem_pestat] (25, 50, 75) percentile: (159, 181, 207)
[M::mem_pestat] low and high boundaries for computing mean and std.dev: (63, 303)
[M::mem_pestat] mean and std.dev: (184.61, 33.43)
[M::mem_pestat] low and high boundaries for proper pairs: (15, 351)
[M::mem_pestat] skip orientation RF as there are not enough pairs
[M::mem_pestat] skip orientation RR as there are not enough pairs
[M::mem_process_seqs] Processed 646748 reads in 811.930 CPU sec, 104.243 real sec
[M::process] 0 single-end sequences; 647764 paired-end sequences
[M::process] read 648156 sequences (80000046 bp)...
[M::mem_pestat] # candidate unique pairs for (FF, FR, RF, RR): (0, 243963, 1, 0)
[M::mem_pestat] skip orientation FF as there are not enough pairs
[M::mem_pestat] analyzing insert size distribution for orientation FR...
[M::mem_pestat] (25, 50, 75) percentile: (160, 181, 207)
[M::mem_pestat] low and high boundaries for computing mean and std.dev: (66, 301)
[M::mem_pestat] mean and std.dev: (184.74, 33.35)
[M::mem_pestat] low and high boundaries for proper pairs: (19, 348)
[M::mem_pestat] skip orientation RF as there are not enough pairs
[M::mem_pestat] skip orientation RR as there are not enough pairs
[M::mem_process_seqs] Processed 647764 reads in 813.125 CPU sec, 104.363 real sec
[M::process] 0 single-end sequences; 648156 paired-end sequences
[M::process] read 647606 sequences (80000037 bp)...
[M::mem_pestat] # candidate unique pairs for (FF, FR, RF, RR): (0, 244049, 4, 0)
[M::mem_pestat] skip orientation FF as there are not enough pairs
[M::mem_pestat] analyzing insert size distribution for orientation FR...
[M::mem_pestat] (25, 50, 75) percentile: (160, 181, 207)
[M::mem_pestat] low and high boundaries for computing mean and std.dev: (66, 301)
[M::mem_pestat] mean and std.dev: (184.96, 33.40)
[M::mem_pestat] low and high boundaries for proper pairs: (19, 348)
[M::mem_pestat] skip orientation RF as there are not enough pairs
[M::mem_pestat] skip orientation RR as there are not enough pairs
[M::mem_process_seqs] Processed 648156 reads in 810.916 CPU sec, 104.117 real sec
[M::process] 0 single-end sequences; 647606 paired-end sequences
[M::process] read 647258 sequences (80000180 bp)...
[M::mem_pestat] # candidate unique pairs for (FF, FR, RF, RR): (0, 244484, 6, 0)
[M::mem_pestat] skip orientation FF as there are not enough pairs
[M::mem_pestat] analyzing insert size distribution for orientation FR...
[M::mem_pestat] (25, 50, 75) percentile: (160, 181, 207)
[M::mem_pestat] low and high boundaries for computing mean and std.dev: (66, 301)
[M::mem_pestat] mean and std.dev: (184.79, 33.42)
[M::mem_pestat] low and high boundaries for proper pairs: (19, 348)
[M::mem_pestat] skip orientation RF as there are not enough pairs
[M::mem_pestat] skip orientation RR as there are not enough pairs
[M::mem_process_seqs] Processed 647606 reads in 797.215 CPU sec, 102.419 real sec
[M::process] 0 single-end sequences; 647258 paired-end sequences
[M::process] read 646872 sequences (80000234 bp)...
[M::mem_pestat] # candidate unique pairs for (FF, FR, RF, RR): (0, 244150, 3, 0)
[M::mem_pestat] skip orientation FF as there are not enough pairs
[M::mem_pestat] analyzing insert size distribution for orientation FR...
[M::mem_pestat] (25, 50, 75) percentile: (159, 181, 207)
[M::mem_pestat] low and high boundaries for computing mean and std.dev: (63, 303)
[M::mem_pestat] mean and std.dev: (184.53, 33.46)
[M::mem_pestat] low and high boundaries for proper pairs: (15, 351)
[M::mem_pestat] skip orientation RF as there are not enough pairs
[M::mem_pestat] skip orientation RR as there are not enough pairs
[M::mem_process_seqs] Processed 647258 reads in 799.611 CPU sec, 102.674 real sec
[M::process] 0 single-end sequences; 646872 paired-end sequences
[M::process] read 647838 sequences (80000144 bp)...
[M::mem_pestat] # candidate unique pairs for (FF, FR, RF, RR): (0, 244017, 4, 0)
[M::mem_pestat] skip orientation FF as there are not enough pairs
[M::mem_pestat] analyzing insert size distribution for orientation FR...
[M::mem_pestat] (25, 50, 75) percentile: (159, 181, 206)
[M::mem_pestat] low and high boundaries for computing mean and std.dev: (65, 300)
[M::mem_pestat] mean and std.dev: (184.44, 33.28)
[M::mem_pestat] low and high boundaries for proper pairs: (18, 347)
[M::mem_pestat] skip orientation RF as there are not enough pairs
[M::mem_pestat] skip orientation RR as there are not enough pairs
[M::mem_process_seqs] Processed 646872 reads in 801.063 CPU sec, 102.887 real sec
[M::process] 0 single-end sequences; 647838 paired-end sequences
[M::process] read 647952 sequences (80000180 bp)...
[M::mem_pestat] # candidate unique pairs for (FF, FR, RF, RR): (0, 244049, 6, 0)
[M::mem_pestat] skip orientation FF as there are not enough pairs
[M::mem_pestat] analyzing insert size distribution for orientation FR...
[M::mem_pestat] (25, 50, 75) percentile: (160, 181, 207)
[M::mem_pestat] low and high boundaries for computing mean and std.dev: (66, 301)
[M::mem_pestat] mean and std.dev: (184.66, 33.34)
[M::mem_pestat] low and high boundaries for proper pairs: (19, 348)
[M::mem_pestat] skip orientation RF as there are not enough pairs
[M::mem_pestat] skip orientation RR as there are not enough pairs
[M::mem_process_seqs] Processed 647838 reads in 811.057 CPU sec, 104.128 real sec
[M::process] 0 single-end sequences; 647952 paired-end sequences
[M::process] read 647548 sequences (80000123 bp)...
[M::mem_pestat] # candidate unique pairs for (FF, FR, RF, RR): (0, 244086, 2, 0)
[M::mem_pestat] skip orientation FF as there are not enough pairs
[M::mem_pestat] analyzing insert size distribution for orientation FR...
[M::mem_pestat] (25, 50, 75) percentile: (160, 181, 207)
[M::mem_pestat] low and high boundaries for computing mean and std.dev: (66, 301)
[M::mem_pestat] mean and std.dev: (184.86, 33.48)
[M::mem_pestat] low and high boundaries for proper pairs: (19, 348)
[M::mem_pestat] skip orientation RF as there are not enough pairs
[M::mem_pestat] skip orientation RR as there are not enough pairs
[M::mem_process_seqs] Processed 647952 reads in 821.402 CPU sec, 105.532 real sec
[M::process] 0 single-end sequences; 647548 paired-end sequences
[M::process] read 647160 sequences (80000242 bp)...
[M::mem_pestat] # candidate unique pairs for (FF, FR, RF, RR): (0, 244508, 2, 0)
[M::mem_pestat] skip orientation FF as there are not enough pairs
[M::mem_pestat] analyzing insert size distribution for orientation FR...
[M::mem_pestat] (25, 50, 75) percentile: (160, 181, 207)
[M::mem_pestat] low and high boundaries for computing mean and std.dev: (66, 301)
[M::mem_pestat] mean and std.dev: (184.77, 33.38)
[M::mem_pestat] low and high boundaries for proper pairs: (19, 348)
[M::mem_pestat] skip orientation RF as there are not enough pairs
[M::mem_pestat] skip orientation RR as there are not enough pairs
[M::mem_process_seqs] Processed 647548 reads in 793.358 CPU sec, 101.910 real sec
[M::process] 0 single-end sequences; 647160 paired-end sequences
[M::process] read 646826 sequences (80000173 bp)...
[M::mem_pestat] # candidate unique pairs for (FF, FR, RF, RR): (0, 243780, 6, 0)
[M::mem_pestat] skip orientation FF as there are not enough pairs
[M::mem_pestat] analyzing insert size distribution for orientation FR...
[M::mem_pestat] (25, 50, 75) percentile: (160, 181, 207)
[M::mem_pestat] low and high boundaries for computing mean and std.dev: (66, 301)
[M::mem_pestat] mean and std.dev: (184.72, 33.48)
[M::mem_pestat] low and high boundaries for proper pairs: (19, 348)
[M::mem_pestat] skip orientation RF as there are not enough pairs
[M::mem_pestat] skip orientation RR as there are not enough pairs
[M::mem_process_seqs] Processed 647160 reads in 804.671 CPU sec, 103.320 real sec
[M::process] 0 single-end sequences; 646826 paired-end sequences
[M::process] read 648290 sequences (80000191 bp)...
[M::mem_pestat] # candidate unique pairs for (FF, FR, RF, RR): (0, 243761, 4, 0)
[M::mem_pestat] skip orientation FF as there are not enough pairs
[M::mem_pestat] analyzing insert size distribution for orientation FR...
[M::mem_pestat] (25, 50, 75) percentile: (159, 181, 206)
[M::mem_pestat] low and high boundaries for computing mean and std.dev: (65, 300)
[M::mem_pestat] mean and std.dev: (184.44, 33.39)
[M::mem_pestat] low and high boundaries for proper pairs: (18, 347)
[M::mem_pestat] skip orientation RF as there are not enough pairs
[M::mem_pestat] skip orientation RR as there are not enough pairs
[M::mem_process_seqs] Processed 646826 reads in 813.069 CPU sec, 104.381 real sec
[M::process] 0 single-end sequences; 648290 paired-end sequences
[M::process] read 649382 sequences (80000003 bp)...
[M::mem_pestat] # candidate unique pairs for (FF, FR, RF, RR): (0, 244162, 5, 0)
[M::mem_pestat] skip orientation FF as there are not enough pairs
[M::mem_pestat] analyzing insert size distribution for orientation FR...
[M::mem_pestat] (25, 50, 75) percentile: (159, 181, 207)
[M::mem_pestat] low and high boundaries for computing mean and std.dev: (63, 303)
[M::mem_pestat] mean and std.dev: (184.56, 33.41)
[M::mem_pestat] low and high boundaries for proper pairs: (15, 351)
[M::mem_pestat] skip orientation RF as there are not enough pairs
[M::mem_pestat] skip orientation RR as there are not enough pairs
[M::mem_process_seqs] Processed 648290 reads in 813.771 CPU sec, 104.478 real sec
[M::process] 0 single-end sequences; 649382 paired-end sequences
[M::process] read 648416 sequences (80000082 bp)...
[M::mem_pestat] # candidate unique pairs for (FF, FR, RF, RR): (0, 244214, 5, 0)
[M::mem_pestat] skip orientation FF as there are not enough pairs
[M::mem_pestat] analyzing insert size distribution for orientation FR...
[M::mem_pestat] (25, 50, 75) percentile: (160, 181, 207)
[M::mem_pestat] low and high boundaries for computing mean and std.dev: (66, 301)
[M::mem_pestat] mean and std.dev: (184.98, 33.45)
[M::mem_pestat] low and high boundaries for proper pairs: (19, 348)
[M::mem_pestat] skip orientation RF as there are not enough pairs
[M::mem_pestat] skip orientation RR as there are not enough pairs
[M::mem_process_seqs] Processed 649382 reads in 818.623 CPU sec, 105.090 real sec
[M::process] 0 single-end sequences; 648416 paired-end sequences
[M::process] read 647952 sequences (80000137 bp)...
[M::mem_pestat] # candidate unique pairs for (FF, FR, RF, RR): (0, 244463, 5, 0)
[M::mem_pestat] skip orientation FF as there are not enough pairs
[M::mem_pestat] analyzing insert size distribution for orientation FR...
[M::mem_pestat] (25, 50, 75) percentile: (160, 181, 207)
[M::mem_pestat] low and high boundaries for computing mean and std.dev: (66, 301)
[M::mem_pestat] mean and std.dev: (184.86, 33.45)
[M::mem_pestat] low and high boundaries for proper pairs: (19, 348)
[M::mem_pestat] skip orientation RF as there are not enough pairs
[M::mem_pestat] skip orientation RR as there are not enough pairs
[M::mem_process_seqs] Processed 648416 reads in 807.571 CPU sec, 103.739 real sec
[M::process] 0 single-end sequences; 647952 paired-end sequences
[M::process] read 647740 sequences (80000071 bp)...
[M::mem_pestat] # candidate unique pairs for (FF, FR, RF, RR): (0, 244615, 5, 0)
[M::mem_pestat] skip orientation FF as there are not enough pairs
[M::mem_pestat] analyzing insert size distribution for orientation FR...
[M::mem_pestat] (25, 50, 75) percentile: (160, 181, 207)
[M::mem_pestat] low and high boundaries for computing mean and std.dev: (66, 301)
[M::mem_pestat] mean and std.dev: (184.72, 33.46)
[M::mem_pestat] low and high boundaries for proper pairs: (19, 348)
[M::mem_pestat] skip orientation RF as there are not enough pairs
[M::mem_pestat] skip orientation RR as there are not enough pairs
[M::mem_process_seqs] Processed 647952 reads in 809.275 CPU sec, 103.907 real sec
[M::process] 0 single-end sequences; 647740 paired-end sequences
[M::process] read 647882 sequences (80000129 bp)...
[M::mem_pestat] # candidate unique pairs for (FF, FR, RF, RR): (0, 243508, 4, 0)
[M::mem_pestat] skip orientation FF as there are not enough pairs
[M::mem_pestat] analyzing insert size distribution for orientation FR...
[M::mem_pestat] (25, 50, 75) percentile: (159, 181, 206)
[M::mem_pestat] low and high boundaries for computing mean and std.dev: (65, 300)
[M::mem_pestat] mean and std.dev: (184.38, 33.36)
[M::mem_pestat] low and high boundaries for proper pairs: (18, 347)
[M::mem_pestat] skip orientation RF as there are not enough pairs
[M::mem_pestat] skip orientation RR as there are not enough pairs
[M::mem_process_seqs] Processed 647740 reads in 816.083 CPU sec, 104.739 real sec
[M::process] 0 single-end sequences; 647882 paired-end sequences
[M::process] read 647614 sequences (80000197 bp)...
[M::mem_pestat] # candidate unique pairs for (FF, FR, RF, RR): (0, 243680, 1, 0)
[M::mem_pestat] skip orientation FF as there are not enough pairs
[M::mem_pestat] analyzing insert size distribution for orientation FR...
[M::mem_pestat] (25, 50, 75) percentile: (159, 181, 207)
[M::mem_pestat] low and high boundaries for computing mean and std.dev: (63, 303)
[M::mem_pestat] mean and std.dev: (184.58, 33.37)
[M::mem_pestat] low and high boundaries for proper pairs: (15, 351)
[M::mem_pestat] skip orientation RF as there are not enough pairs
[M::mem_pestat] skip orientation RR as there are not enough pairs
[M::mem_process_seqs] Processed 647882 reads in 821.079 CPU sec, 105.406 real sec
[M::process] 0 single-end sequences; 647614 paired-end sequences
[M::process] read 646486 sequences (80000023 bp)...
[M::mem_pestat] # candidate unique pairs for (FF, FR, RF, RR): (0, 243254, 6, 0)
[M::mem_pestat] skip orientation FF as there are not enough pairs
[M::mem_pestat] analyzing insert size distribution for orientation FR...
[M::mem_pestat] (25, 50, 75) percentile: (160, 181, 207)
[M::mem_pestat] low and high boundaries for computing mean and std.dev: (66, 301)
[M::mem_pestat] mean and std.dev: (184.89, 33.40)
[M::mem_pestat] low and high boundaries for proper pairs: (19, 348)
[M::mem_pestat] skip orientation RF as there are not enough pairs
[M::mem_pestat] skip orientation RR as there are not enough pairs
[M::mem_process_seqs] Processed 647614 reads in 826.078 CPU sec, 106.017 real sec
[M::process] 0 single-end sequences; 646486 paired-end sequences
[M::process] read 646178 sequences (80000086 bp)...
[M::mem_pestat] # candidate unique pairs for (FF, FR, RF, RR): (0, 243297, 4, 0)
[M::mem_pestat] skip orientation FF as there are not enough pairs
[M::mem_pestat] analyzing insert size distribution for orientation FR...
[M::mem_pestat] (25, 50, 75) percentile: (160, 181, 207)
[M::mem_pestat] low and high boundaries for computing mean and std.dev: (66, 301)
[M::mem_pestat] mean and std.dev: (184.79, 33.48)
[M::mem_pestat] low and high boundaries for proper pairs: (19, 348)
[M::mem_pestat] skip orientation RF as there are not enough pairs
[M::mem_pestat] skip orientation RR as there are not enough pairs
[M::mem_process_seqs] Processed 646486 reads in 818.414 CPU sec, 105.038 real sec
[M::process] 0 single-end sequences; 646178 paired-end sequences
[M::process] read 646046 sequences (80000034 bp)...
[M::mem_pestat] # candidate unique pairs for (FF, FR, RF, RR): (0, 243411, 8, 0)
[M::mem_pestat] skip orientation FF as there are not enough pairs
[M::mem_pestat] analyzing insert size distribution for orientation FR...
[M::mem_pestat] (25, 50, 75) percentile: (159, 181, 207)
[M::mem_pestat] low and high boundaries for computing mean and std.dev: (63, 303)
[M::mem_pestat] mean and std.dev: (184.61, 33.41)
[M::mem_pestat] low and high boundaries for proper pairs: (15, 351)
[M::mem_pestat] skip orientation RF as there are not enough pairs
[M::mem_pestat] skip orientation RR as there are not enough pairs
[M::mem_process_seqs] Processed 646178 reads in 818.430 CPU sec, 105.037 real sec
[M::process] 0 single-end sequences; 646046 paired-end sequences
[M::process] read 646462 sequences (80000000 bp)...
[M::mem_pestat] # candidate unique pairs for (FF, FR, RF, RR): (0, 243151, 7, 0)
[M::mem_pestat] skip orientation FF as there are not enough pairs
[M::mem_pestat] analyzing insert size distribution for orientation FR...
[M::mem_pestat] (25, 50, 75) percentile: (159, 181, 206)
[M::mem_pestat] low and high boundaries for computing mean and std.dev: (65, 300)
[M::mem_pestat] mean and std.dev: (184.39, 33.36)
[M::mem_pestat] low and high boundaries for proper pairs: (18, 347)
[M::mem_pestat] skip orientation RF as there are not enough pairs
[M::mem_pestat] skip orientation RR as there are not enough pairs
[M::mem_process_seqs] Processed 646046 reads in 822.790 CPU sec, 105.588 real sec
[M::process] 0 single-end sequences; 646462 paired-end sequences
[M::process] read 648722 sequences (80000052 bp)...
[M::mem_pestat] # candidate unique pairs for (FF, FR, RF, RR): (0, 244064, 6, 0)
[M::mem_pestat] skip orientation FF as there are not enough pairs
[M::mem_pestat] analyzing insert size distribution for orientation FR...
[M::mem_pestat] (25, 50, 75) percentile: (159, 181, 206)
[M::mem_pestat] low and high boundaries for computing mean and std.dev: (65, 300)
[M::mem_pestat] mean and std.dev: (184.40, 33.30)
[M::mem_pestat] low and high boundaries for proper pairs: (18, 347)
[M::mem_pestat] skip orientation RF as there are not enough pairs
[M::mem_pestat] skip orientation RR as there are not enough pairs
[M::mem_process_seqs] Processed 646462 reads in 804.814 CPU sec, 103.329 real sec
[M::process] 0 single-end sequences; 648722 paired-end sequences
[M::process] read 647896 sequences (80000111 bp)...
[M::mem_pestat] # candidate unique pairs for (FF, FR, RF, RR): (0, 244299, 8, 0)
[M::mem_pestat] skip orientation FF as there are not enough pairs
[M::mem_pestat] analyzing insert size distribution for orientation FR...
[M::mem_pestat] (25, 50, 75) percentile: (160, 181, 207)
[M::mem_pestat] low and high boundaries for computing mean and std.dev: (66, 301)
[M::mem_pestat] mean and std.dev: (184.92, 33.43)
[M::mem_pestat] low and high boundaries for proper pairs: (19, 348)
[M::mem_pestat] skip orientation RF as there are not enough pairs
[M::mem_pestat] skip orientation RR as there are not enough pairs
[M::mem_process_seqs] Processed 648722 reads in 817.731 CPU sec, 104.947 real sec
[M::process] 0 single-end sequences; 647896 paired-end sequences
[M::process] read 647564 sequences (80000023 bp)...
[M::mem_pestat] # candidate unique pairs for (FF, FR, RF, RR): (0, 244955, 4, 0)
[M::mem_pestat] skip orientation FF as there are not enough pairs
[M::mem_pestat] analyzing insert size distribution for orientation FR...
[M::mem_pestat] (25, 50, 75) percentile: (160, 181, 207)
[M::mem_pestat] low and high boundaries for computing mean and std.dev: (66, 301)
[M::mem_pestat] mean and std.dev: (184.92, 33.43)
[M::mem_pestat] low and high boundaries for proper pairs: (19, 348)
[M::mem_pestat] skip orientation RF as there are not enough pairs
[M::mem_pestat] skip orientation RR as there are not enough pairs
[M::mem_process_seqs] Processed 647896 reads in 800.226 CPU sec, 102.789 real sec
[M::process] 0 single-end sequences; 647564 paired-end sequences
[M::process] read 647184 sequences (80000220 bp)...
[M::mem_pestat] # candidate unique pairs for (FF, FR, RF, RR): (0, 244392, 4, 0)
[M::mem_pestat] skip orientation FF as there are not enough pairs
[M::mem_pestat] analyzing insert size distribution for orientation FR...
[M::mem_pestat] (25, 50, 75) percentile: (160, 181, 207)
[M::mem_pestat] low and high boundaries for computing mean and std.dev: (66, 301)
[M::mem_pestat] mean and std.dev: (184.72, 33.42)
[M::mem_pestat] low and high boundaries for proper pairs: (19, 348)
[M::mem_pestat] skip orientation RF as there are not enough pairs
[M::mem_pestat] skip orientation RR as there are not enough pairs
[M::mem_process_seqs] Processed 647564 reads in 794.796 CPU sec, 102.080 real sec
[M::process] 0 single-end sequences; 647184 paired-end sequences
[M::process] read 646382 sequences (80000068 bp)...
[M::mem_pestat] # candidate unique pairs for (FF, FR, RF, RR): (0, 244267, 1, 0)
[M::mem_pestat] skip orientation FF as there are not enough pairs
[M::mem_pestat] analyzing insert size distribution for orientation FR...
[M::mem_pestat] (25, 50, 75) percentile: (159, 181, 207)
[M::mem_pestat] low and high boundaries for computing mean and std.dev: (63, 303)
[M::mem_pestat] mean and std.dev: (184.58, 33.40)
[M::mem_pestat] low and high boundaries for proper pairs: (15, 351)
[M::mem_pestat] skip orientation RF as there are not enough pairs
[M::mem_pestat] skip orientation RR as there are not enough pairs
[M::mem_process_seqs] Processed 647184 reads in 812.155 CPU sec, 104.295 real sec
[M::process] 0 single-end sequences; 646382 paired-end sequences
[M::process] read 647946 sequences (80000037 bp)...
[M::mem_pestat] # candidate unique pairs for (FF, FR, RF, RR): (0, 244179, 11, 0)
[M::mem_pestat] skip orientation FF as there are not enough pairs
[M::mem_pestat] analyzing insert size distribution for orientation FR...
[M::mem_pestat] (25, 50, 75) percentile: (159, 181, 206)
[M::mem_pestat] low and high boundaries for computing mean and std.dev: (65, 300)
[M::mem_pestat] mean and std.dev: (184.40, 33.32)
[M::mem_pestat] low and high boundaries for proper pairs: (18, 347)
[M::mem_pestat] analyzing insert size distribution for orientation RF...
[M::mem_pestat] (25, 50, 75) percentile: (149, 160, 197)
[M::mem_pestat] low and high boundaries for computing mean and std.dev: (53, 293)
[M::mem_pestat] mean and std.dev: (165.20, 22.60)
[M::mem_pestat] low and high boundaries for proper pairs: (5, 341)
[M::mem_pestat] skip orientation RR as there are not enough pairs
[M::mem_pestat] skip orientation RF
[M::mem_process_seqs] Processed 646382 reads in 797.981 CPU sec, 102.862 real sec
[M::process] 0 single-end sequences; 647946 paired-end sequences
[M::process] read 646606 sequences (80000049 bp)...
[M::mem_pestat] # candidate unique pairs for (FF, FR, RF, RR): (0, 243393, 7, 0)
[M::mem_pestat] skip orientation FF as there are not enough pairs
[M::mem_pestat] analyzing insert size distribution for orientation FR...
[M::mem_pestat] (25, 50, 75) percentile: (160, 181, 207)
[M::mem_pestat] low and high boundaries for computing mean and std.dev: (66, 301)
[M::mem_pestat] mean and std.dev: (184.88, 33.42)
[M::mem_pestat] low and high boundaries for proper pairs: (19, 348)
[M::mem_pestat] skip orientation RF as there are not enough pairs
[M::mem_pestat] skip orientation RR as there are not enough pairs
[M::mem_process_seqs] Processed 647946 reads in 835.642 CPU sec, 107.192 real sec
[M::process] 0 single-end sequences; 646606 paired-end sequences
[M::process] read 646322 sequences (80000122 bp)...
[M::mem_pestat] # candidate unique pairs for (FF, FR, RF, RR): (0, 243307, 6, 0)
[M::mem_pestat] skip orientation FF as there are not enough pairs
[M::mem_pestat] analyzing insert size distribution for orientation FR...
[M::mem_pestat] (25, 50, 75) percentile: (160, 181, 207)
[M::mem_pestat] low and high boundaries for computing mean and std.dev: (66, 301)
[M::mem_pestat] mean and std.dev: (184.96, 33.42)
[M::mem_pestat] low and high boundaries for proper pairs: (19, 348)
[M::mem_pestat] skip orientation RF as there are not enough pairs
[M::mem_pestat] skip orientation RR as there are not enough pairs
[M::mem_process_seqs] Processed 646606 reads in 823.907 CPU sec, 105.746 real sec
[M::process] 0 single-end sequences; 646322 paired-end sequences
[M::process] read 646348 sequences (80000230 bp)...
[M::mem_pestat] # candidate unique pairs for (FF, FR, RF, RR): (0, 243104, 3, 0)
[M::mem_pestat] skip orientation FF as there are not enough pairs
[M::mem_pestat] analyzing insert size distribution for orientation FR...
[M::mem_pestat] (25, 50, 75) percentile: (160, 181, 207)
[M::mem_pestat] low and high boundaries for computing mean and std.dev: (66, 301)
[M::mem_pestat] mean and std.dev: (184.89, 33.43)
[M::mem_pestat] low and high boundaries for proper pairs: (19, 348)
[M::mem_pestat] skip orientation RF as there are not enough pairs
[M::mem_pestat] skip orientation RR as there are not enough pairs
[M::mem_process_seqs] Processed 646322 reads in 823.674 CPU sec, 105.687 real sec
[M::process] 0 single-end sequences; 646348 paired-end sequences
[M::process] read 645972 sequences (80000051 bp)...
[M::mem_pestat] # candidate unique pairs for (FF, FR, RF, RR): (0, 242703, 5, 0)
[M::mem_pestat] skip orientation FF as there are not enough pairs
[M::mem_pestat] analyzing insert size distribution for orientation FR...
[M::mem_pestat] (25, 50, 75) percentile: (160, 181, 207)
[M::mem_pestat] low and high boundaries for computing mean and std.dev: (66, 301)
[M::mem_pestat] mean and std.dev: (184.75, 33.41)
[M::mem_pestat] low and high boundaries for proper pairs: (19, 348)
[M::mem_pestat] skip orientation RF as there are not enough pairs
[M::mem_pestat] skip orientation RR as there are not enough pairs
[M::mem_process_seqs] Processed 646348 reads in 835.439 CPU sec, 107.567 real sec
[M::process] 0 single-end sequences; 645972 paired-end sequences
[M::process] read 648086 sequences (80000243 bp)...
[M::mem_pestat] # candidate unique pairs for (FF, FR, RF, RR): (0, 243184, 4, 0)
[M::mem_pestat] skip orientation FF as there are not enough pairs
[M::mem_pestat] analyzing insert size distribution for orientation FR...
[M::mem_pestat] (25, 50, 75) percentile: (159, 181, 207)
[M::mem_pestat] low and high boundaries for computing mean and std.dev: (63, 303)
[M::mem_pestat] mean and std.dev: (184.54, 33.38)
[M::mem_pestat] low and high boundaries for proper pairs: (15, 351)
[M::mem_pestat] skip orientation RF as there are not enough pairs
[M::mem_pestat] skip orientation RR as there are not enough pairs
[M::mem_process_seqs] Processed 645972 reads in 823.196 CPU sec, 105.641 real sec
[M::process] 0 single-end sequences; 648086 paired-end sequences
[M::process] read 647706 sequences (80000015 bp)...
[M::mem_pestat] # candidate unique pairs for (FF, FR, RF, RR): (0, 243739, 4, 0)
[M::mem_pestat] skip orientation FF as there are not enough pairs
[M::mem_pestat] analyzing insert size distribution for orientation FR...
[M::mem_pestat] (25, 50, 75) percentile: (160, 181, 207)
[M::mem_pestat] low and high boundaries for computing mean and std.dev: (66, 301)
[M::mem_pestat] mean and std.dev: (184.73, 33.45)
[M::mem_pestat] low and high boundaries for proper pairs: (19, 348)
[M::mem_pestat] skip orientation RF as there are not enough pairs
[M::mem_pestat] skip orientation RR as there are not enough pairs
[M::mem_process_seqs] Processed 648086 reads in 834.040 CPU sec, 106.985 real sec
[M::process] 0 single-end sequences; 647706 paired-end sequences
[M::process] read 647180 sequences (80000207 bp)...
[M::mem_pestat] # candidate unique pairs for (FF, FR, RF, RR): (0, 243836, 7, 0)
[M::mem_pestat] skip orientation FF as there are not enough pairs
[M::mem_pestat] analyzing insert size distribution for orientation FR...
[M::mem_pestat] (25, 50, 75) percentile: (160, 181, 207)
[M::mem_pestat] low and high boundaries for computing mean and std.dev: (66, 301)
[M::mem_pestat] mean and std.dev: (184.92, 33.51)
[M::mem_pestat] low and high boundaries for proper pairs: (19, 348)
[M::mem_pestat] skip orientation RF as there are not enough pairs
[M::mem_pestat] skip orientation RR as there are not enough pairs
[M::mem_process_seqs] Processed 647706 reads in 821.826 CPU sec, 105.482 real sec
[M::process] 0 single-end sequences; 647180 paired-end sequences
[M::process] read 646602 sequences (80000150 bp)...
[M::mem_pestat] # candidate unique pairs for (FF, FR, RF, RR): (0, 244038, 5, 0)
[M::mem_pestat] skip orientation FF as there are not enough pairs
[M::mem_pestat] analyzing insert size distribution for orientation FR...
[M::mem_pestat] (25, 50, 75) percentile: (159, 181, 207)
[M::mem_pestat] low and high boundaries for computing mean and std.dev: (63, 303)
[M::mem_pestat] mean and std.dev: (184.70, 33.46)
[M::mem_pestat] low and high boundaries for proper pairs: (15, 351)
[M::mem_pestat] skip orientation RF as there are not enough pairs
[M::mem_pestat] skip orientation RR as there are not enough pairs
[M::mem_process_seqs] Processed 647180 reads in 807.722 CPU sec, 103.723 real sec
[M::process] 0 single-end sequences; 646602 paired-end sequences
[M::process] read 646350 sequences (80000149 bp)...
[M::mem_pestat] # candidate unique pairs for (FF, FR, RF, RR): (0, 243497, 5, 0)
[M::mem_pestat] skip orientation FF as there are not enough pairs
[M::mem_pestat] analyzing insert size distribution for orientation FR...
[M::mem_pestat] (25, 50, 75) percentile: (159, 181, 207)
[M::mem_pestat] low and high boundaries for computing mean and std.dev: (63, 303)
[M::mem_pestat] mean and std.dev: (184.53, 33.40)
[M::mem_pestat] low and high boundaries for proper pairs: (15, 351)
[M::mem_pestat] skip orientation RF as there are not enough pairs
[M::mem_pestat] skip orientation RR as there are not enough pairs
[M::mem_process_seqs] Processed 646602 reads in 814.404 CPU sec, 104.541 real sec
[M::process] 0 single-end sequences; 646350 paired-end sequences
[M::process] read 648282 sequences (80000157 bp)...
[M::mem_pestat] # candidate unique pairs for (FF, FR, RF, RR): (0, 243527, 5, 0)
[M::mem_pestat] skip orientation FF as there are not enough pairs
[M::mem_pestat] analyzing insert size distribution for orientation FR...
[M::mem_pestat] (25, 50, 75) percentile: (159, 181, 206)
[M::mem_pestat] low and high boundaries for computing mean and std.dev: (65, 300)
[M::mem_pestat] mean and std.dev: (184.39, 33.32)
[M::mem_pestat] low and high boundaries for proper pairs: (18, 347)
[M::mem_pestat] skip orientation RF as there are not enough pairs
[M::mem_pestat] skip orientation RR as there are not enough pairs
[M::mem_process_seqs] Processed 646350 reads in 815.677 CPU sec, 104.705 real sec
[M::process] 0 single-end sequences; 648282 paired-end sequences
[M::process] read 648176 sequences (80000170 bp)...
[M::mem_pestat] # candidate unique pairs for (FF, FR, RF, RR): (0, 244079, 6, 0)
[M::mem_pestat] skip orientation FF as there are not enough pairs
[M::mem_pestat] analyzing insert size distribution for orientation FR...
[M::mem_pestat] (25, 50, 75) percentile: (160, 181, 207)
[M::mem_pestat] low and high boundaries for computing mean and std.dev: (66, 301)
[M::mem_pestat] mean and std.dev: (184.76, 33.38)
[M::mem_pestat] low and high boundaries for proper pairs: (19, 348)
[M::mem_pestat] skip orientation RF as there are not enough pairs
[M::mem_pestat] skip orientation RR as there are not enough pairs
[M::mem_process_seqs] Processed 648282 reads in 857.576 CPU sec, 109.936 real sec
[M::process] 0 single-end sequences; 648176 paired-end sequences
[M::process] read 647670 sequences (80000193 bp)...
[M::mem_pestat] # candidate unique pairs for (FF, FR, RF, RR): (0, 244642, 4, 0)
[M::mem_pestat] skip orientation FF as there are not enough pairs
[M::mem_pestat] analyzing insert size distribution for orientation FR...
[M::mem_pestat] (25, 50, 75) percentile: (160, 181, 207)
[M::mem_pestat] low and high boundaries for computing mean and std.dev: (66, 301)
[M::mem_pestat] mean and std.dev: (184.83, 33.43)
[M::mem_pestat] low and high boundaries for proper pairs: (19, 348)
[M::mem_pestat] skip orientation RF as there are not enough pairs
[M::mem_pestat] skip orientation RR as there are not enough pairs
[M::mem_process_seqs] Processed 648176 reads in 823.402 CPU sec, 105.652 real sec
[M::process] 0 single-end sequences; 647670 paired-end sequences
[M::process] read 647394 sequences (80000126 bp)...
[M::mem_pestat] # candidate unique pairs for (FF, FR, RF, RR): (0, 244499, 4, 0)
[M::mem_pestat] skip orientation FF as there are not enough pairs
[M::mem_pestat] analyzing insert size distribution for orientation FR...
[M::mem_pestat] (25, 50, 75) percentile: (160, 181, 207)
[M::mem_pestat] low and high boundaries for computing mean and std.dev: (66, 301)
[M::mem_pestat] mean and std.dev: (184.82, 33.32)
[M::mem_pestat] low and high boundaries for proper pairs: (19, 348)
[M::mem_pestat] skip orientation RF as there are not enough pairs
[M::mem_pestat] skip orientation RR as there are not enough pairs
[M::mem_process_seqs] Processed 647670 reads in 798.700 CPU sec, 102.598 real sec
[M::process] 0 single-end sequences; 647394 paired-end sequences
[M::process] read 647276 sequences (80000040 bp)...
[M::mem_pestat] # candidate unique pairs for (FF, FR, RF, RR): (0, 244423, 10, 0)
[M::mem_pestat] skip orientation FF as there are not enough pairs
[M::mem_pestat] analyzing insert size distribution for orientation FR...
[M::mem_pestat] (25, 50, 75) percentile: (159, 181, 207)
[M::mem_pestat] low and high boundaries for computing mean and std.dev: (63, 303)
[M::mem_pestat] mean and std.dev: (184.64, 33.47)
[M::mem_pestat] low and high boundaries for proper pairs: (15, 351)
[M::mem_pestat] analyzing insert size distribution for orientation RF...
[M::mem_pestat] (25, 50, 75) percentile: (132, 167, 205)
[M::mem_pestat] low and high boundaries for computing mean and std.dev: (1, 351)
[M::mem_pestat] mean and std.dev: (162.00, 67.52)
[M::mem_pestat] low and high boundaries for proper pairs: (1, 432)
[M::mem_pestat] skip orientation RR as there are not enough pairs
[M::mem_pestat] skip orientation RF
[M::mem_process_seqs] Processed 647394 reads in 804.378 CPU sec, 103.295 real sec
[M::process] 0 single-end sequences; 647276 paired-end sequences
[M::process] read 647944 sequences (80000156 bp)...
[M::mem_pestat] # candidate unique pairs for (FF, FR, RF, RR): (0, 244173, 11, 0)
[M::mem_pestat] skip orientation FF as there are not enough pairs
[M::mem_pestat] analyzing insert size distribution for orientation FR...
[M::mem_pestat] (25, 50, 75) percentile: (159, 181, 206)
[M::mem_pestat] low and high boundaries for computing mean and std.dev: (65, 300)
[M::mem_pestat] mean and std.dev: (184.46, 33.39)
[M::mem_pestat] low and high boundaries for proper pairs: (18, 347)
[M::mem_pestat] analyzing insert size distribution for orientation RF...
[M::mem_pestat] (25, 50, 75) percentile: (163, 170, 190)
[M::mem_pestat] low and high boundaries for computing mean and std.dev: (109, 244)
[M::mem_pestat] mean and std.dev: (161.40, 27.25)
[M::mem_pestat] low and high boundaries for proper pairs: (52, 271)
[M::mem_pestat] skip orientation RR as there are not enough pairs
[M::mem_pestat] skip orientation RF
[M::mem_process_seqs] Processed 647276 reads in 805.314 CPU sec, 103.405 real sec
[M::process] 0 single-end sequences; 647944 paired-end sequences
[M::process] read 648010 sequences (80000066 bp)...
[M::mem_pestat] # candidate unique pairs for (FF, FR, RF, RR): (0, 243453, 2, 0)
[M::mem_pestat] skip orientation FF as there are not enough pairs
[M::mem_pestat] analyzing insert size distribution for orientation FR...
[M::mem_pestat] (25, 50, 75) percentile: (160, 181, 207)
[M::mem_pestat] low and high boundaries for computing mean and std.dev: (66, 301)
[M::mem_pestat] mean and std.dev: (184.72, 33.41)
[M::mem_pestat] low and high boundaries for proper pairs: (19, 348)
[M::mem_pestat] skip orientation RF as there are not enough pairs
[M::mem_pestat] skip orientation RR as there are not enough pairs
[M::mem_process_seqs] Processed 647944 reads in 833.490 CPU sec, 106.929 real sec
[M::process] 0 single-end sequences; 648010 paired-end sequences
[M::process] read 647176 sequences (80000179 bp)...
[M::mem_pestat] # candidate unique pairs for (FF, FR, RF, RR): (0, 243539, 2, 0)
[M::mem_pestat] skip orientation FF as there are not enough pairs
[M::mem_pestat] analyzing insert size distribution for orientation FR...
[M::mem_pestat] (25, 50, 75) percentile: (160, 181, 207)
[M::mem_pestat] low and high boundaries for computing mean and std.dev: (66, 301)
[M::mem_pestat] mean and std.dev: (184.96, 33.45)
[M::mem_pestat] low and high boundaries for proper pairs: (19, 348)
[M::mem_pestat] skip orientation RF as there are not enough pairs
[M::mem_pestat] skip orientation RR as there are not enough pairs
[M::mem_process_seqs] Processed 648010 reads in 827.213 CPU sec, 106.150 real sec
[M::process] 0 single-end sequences; 647176 paired-end sequences
[M::process] read 647056 sequences (80000113 bp)...
[M::mem_pestat] # candidate unique pairs for (FF, FR, RF, RR): (0, 243940, 5, 0)
[M::mem_pestat] skip orientation FF as there are not enough pairs
[M::mem_pestat] analyzing insert size distribution for orientation FR...
[M::mem_pestat] (25, 50, 75) percentile: (160, 181, 207)
[M::mem_pestat] low and high boundaries for computing mean and std.dev: (66, 301)
[M::mem_pestat] mean and std.dev: (184.85, 33.48)
[M::mem_pestat] low and high boundaries for proper pairs: (19, 348)
[M::mem_pestat] skip orientation RF as there are not enough pairs
[M::mem_pestat] skip orientation RR as there are not enough pairs
[M::mem_process_seqs] Processed 647176 reads in 813.445 CPU sec, 104.425 real sec
[M::process] 0 single-end sequences; 647056 paired-end sequences
[M::process] read 646300 sequences (80000037 bp)...
[M::mem_pestat] # candidate unique pairs for (FF, FR, RF, RR): (0, 243676, 7, 0)
[M::mem_pestat] skip orientation FF as there are not enough pairs
[M::mem_pestat] analyzing insert size distribution for orientation FR...
[M::mem_pestat] (25, 50, 75) percentile: (160, 181, 207)
[M::mem_pestat] low and high boundaries for computing mean and std.dev: (66, 301)
[M::mem_pestat] mean and std.dev: (184.62, 33.38)
[M::mem_pestat] low and high boundaries for proper pairs: (19, 348)
[M::mem_pestat] skip orientation RF as there are not enough pairs
[M::mem_pestat] skip orientation RR as there are not enough pairs
[M::mem_process_seqs] Processed 647056 reads in 814.785 CPU sec, 104.607 real sec
[M::process] 0 single-end sequences; 646300 paired-end sequences
[M::process] read 646602 sequences (80000096 bp)...
[M::mem_pestat] # candidate unique pairs for (FF, FR, RF, RR): (0, 242795, 9, 0)
[M::mem_pestat] skip orientation FF as there are not enough pairs
[M::mem_pestat] analyzing insert size distribution for orientation FR...
[M::mem_pestat] (25, 50, 75) percentile: (159, 181, 206)
[M::mem_pestat] low and high boundaries for computing mean and std.dev: (65, 300)
[M::mem_pestat] mean and std.dev: (184.30, 33.31)
[M::mem_pestat] low and high boundaries for proper pairs: (18, 347)
[M::mem_pestat] skip orientation RF as there are not enough pairs
[M::mem_pestat] skip orientation RR as there are not enough pairs
[M::mem_process_seqs] Processed 646300 reads in 821.054 CPU sec, 105.371 real sec
[M::process] 0 single-end sequences; 646602 paired-end sequences
[M::process] read 646694 sequences (80000240 bp)...
[M::mem_pestat] # candidate unique pairs for (FF, FR, RF, RR): (0, 243482, 4, 0)
[M::mem_pestat] skip orientation FF as there are not enough pairs
[M::mem_pestat] analyzing insert size distribution for orientation FR...
[M::mem_pestat] (25, 50, 75) percentile: (159, 181, 207)
[M::mem_pestat] low and high boundaries for computing mean and std.dev: (63, 303)
[M::mem_pestat] mean and std.dev: (184.72, 33.48)
[M::mem_pestat] low and high boundaries for proper pairs: (15, 351)
[M::mem_pestat] skip orientation RF as there are not enough pairs
[M::mem_pestat] skip orientation RR as there are not enough pairs
[M::mem_process_seqs] Processed 646602 reads in 812.450 CPU sec, 104.307 real sec
[M::process] 0 single-end sequences; 646694 paired-end sequences
[M::process] read 646118 sequences (80000067 bp)...
[M::mem_pestat] # candidate unique pairs for (FF, FR, RF, RR): (0, 243673, 2, 0)
[M::mem_pestat] skip orientation FF as there are not enough pairs
[M::mem_pestat] analyzing insert size distribution for orientation FR...
[M::mem_pestat] (25, 50, 75) percentile: (160, 181, 207)
[M::mem_pestat] low and high boundaries for computing mean and std.dev: (66, 301)
[M::mem_pestat] mean and std.dev: (184.90, 33.42)
[M::mem_pestat] low and high boundaries for proper pairs: (19, 348)
[M::mem_pestat] skip orientation RF as there are not enough pairs
[M::mem_pestat] skip orientation RR as there are not enough pairs
[M::mem_process_seqs] Processed 646694 reads in 810.952 CPU sec, 104.117 real sec
[M::process] 0 single-end sequences; 646118 paired-end sequences
[M::process] read 646096 sequences (80000155 bp)...
[M::mem_pestat] # candidate unique pairs for (FF, FR, RF, RR): (0, 243158, 3, 0)
[M::mem_pestat] skip orientation FF as there are not enough pairs
[M::mem_pestat] analyzing insert size distribution for orientation FR...
[M::mem_pestat] (25, 50, 75) percentile: (160, 181, 207)
[M::mem_pestat] low and high boundaries for computing mean and std.dev: (66, 301)
[M::mem_pestat] mean and std.dev: (184.68, 33.36)
[M::mem_pestat] low and high boundaries for proper pairs: (19, 348)
[M::mem_pestat] skip orientation RF as there are not enough pairs
[M::mem_pestat] skip orientation RR as there are not enough pairs
[M::mem_process_seqs] Processed 646118 reads in 815.944 CPU sec, 104.734 real sec
[M::process] 0 single-end sequences; 646096 paired-end sequences
[M::process] read 646256 sequences (80000192 bp)...
[M::mem_pestat] # candidate unique pairs for (FF, FR, RF, RR): (0, 243183, 5, 0)
[M::mem_pestat] skip orientation FF as there are not enough pairs
[M::mem_pestat] analyzing insert size distribution for orientation FR...
[M::mem_pestat] (25, 50, 75) percentile: (159, 181, 207)
[M::mem_pestat] low and high boundaries for computing mean and std.dev: (63, 303)
[M::mem_pestat] mean and std.dev: (184.54, 33.44)
[M::mem_pestat] low and high boundaries for proper pairs: (15, 351)
[M::mem_pestat] skip orientation RF as there are not enough pairs
[M::mem_pestat] skip orientation RR as there are not enough pairs
[M::mem_process_seqs] Processed 646096 reads in 822.103 CPU sec, 105.494 real sec
[M::process] 0 single-end sequences; 646256 paired-end sequences
[M::process] read 646428 sequences (80000114 bp)...
[M::mem_pestat] # candidate unique pairs for (FF, FR, RF, RR): (0, 243145, 8, 0)
[M::mem_pestat] skip orientation FF as there are not enough pairs
[M::mem_pestat] analyzing insert size distribution for orientation FR...
[M::mem_pestat] (25, 50, 75) percentile: (159, 181, 206)
[M::mem_pestat] low and high boundaries for computing mean and std.dev: (65, 300)
[M::mem_pestat] mean and std.dev: (184.37, 33.39)
[M::mem_pestat] low and high boundaries for proper pairs: (18, 347)
[M::mem_pestat] skip orientation RF as there are not enough pairs
[M::mem_pestat] skip orientation RR as there are not enough pairs
[M::mem_process_seqs] Processed 646256 reads in 824.840 CPU sec, 105.880 real sec
[M::process] 0 single-end sequences; 646428 paired-end sequences
[M::process] read 647916 sequences (80000059 bp)...
[M::mem_pestat] # candidate unique pairs for (FF, FR, RF, RR): (0, 243946, 9, 0)
[M::mem_pestat] skip orientation FF as there are not enough pairs
[M::mem_pestat] analyzing insert size distribution for orientation FR...
[M::mem_pestat] (25, 50, 75) percentile: (159, 181, 207)
[M::mem_pestat] low and high boundaries for computing mean and std.dev: (63, 303)
[M::mem_pestat] mean and std.dev: (184.50, 33.35)
[M::mem_pestat] low and high boundaries for proper pairs: (15, 351)
[M::mem_pestat] skip orientation RF as there are not enough pairs
[M::mem_pestat] skip orientation RR as there are not enough pairs
[M::mem_process_seqs] Processed 646428 reads in 808.018 CPU sec, 103.725 real sec
[M::process] 0 single-end sequences; 647916 paired-end sequences
[M::process] read 647180 sequences (80000226 bp)...
[M::mem_pestat] # candidate unique pairs for (FF, FR, RF, RR): (0, 243821, 4, 0)
[M::mem_pestat] skip orientation FF as there are not enough pairs
[M::mem_pestat] analyzing insert size distribution for orientation FR...
[M::mem_pestat] (25, 50, 75) percentile: (160, 181, 207)
[M::mem_pestat] low and high boundaries for computing mean and std.dev: (66, 301)
[M::mem_pestat] mean and std.dev: (185.02, 33.39)
[M::mem_pestat] low and high boundaries for proper pairs: (19, 348)
[M::mem_pestat] skip orientation RF as there are not enough pairs
[M::mem_pestat] skip orientation RR as there are not enough pairs
[M::mem_process_seqs] Processed 647916 reads in 810.340 CPU sec, 104.046 real sec
[M::process] 0 single-end sequences; 647180 paired-end sequences
[M::process] read 647312 sequences (80000024 bp)...
[M::mem_pestat] # candidate unique pairs for (FF, FR, RF, RR): (0, 243994, 5, 0)
[M::mem_pestat] skip orientation FF as there are not enough pairs
[M::mem_pestat] analyzing insert size distribution for orientation FR...
[M::mem_pestat] (25, 50, 75) percentile: (160, 181, 207)
[M::mem_pestat] low and high boundaries for computing mean and std.dev: (66, 301)
[M::mem_pestat] mean and std.dev: (184.99, 33.47)
[M::mem_pestat] low and high boundaries for proper pairs: (19, 348)
[M::mem_pestat] skip orientation RF as there are not enough pairs
[M::mem_pestat] skip orientation RR as there are not enough pairs
[M::mem_process_seqs] Processed 647180 reads in 799.495 CPU sec, 102.687 real sec
[M::process] 0 single-end sequences; 647312 paired-end sequences
[M::process] read 646832 sequences (80000158 bp)...
[M::mem_pestat] # candidate unique pairs for (FF, FR, RF, RR): (0, 244662, 5, 0)
[M::mem_pestat] skip orientation FF as there are not enough pairs
[M::mem_pestat] analyzing insert size distribution for orientation FR...
[M::mem_pestat] (25, 50, 75) percentile: (160, 181, 207)
[M::mem_pestat] low and high boundaries for computing mean and std.dev: (66, 301)
[M::mem_pestat] mean and std.dev: (184.75, 33.44)
[M::mem_pestat] low and high boundaries for proper pairs: (19, 348)
[M::mem_pestat] skip orientation RF as there are not enough pairs
[M::mem_pestat] skip orientation RR as there are not enough pairs
[M::mem_process_seqs] Processed 647312 reads in 800.303 CPU sec, 102.787 real sec
[M::process] 0 single-end sequences; 646832 paired-end sequences
[M::process] read 646384 sequences (80000050 bp)...
[M::mem_pestat] # candidate unique pairs for (FF, FR, RF, RR): (0, 243363, 4, 0)
[M::mem_pestat] skip orientation FF as there are not enough pairs
[M::mem_pestat] analyzing insert size distribution for orientation FR...
[M::mem_pestat] (25, 50, 75) percentile: (160, 181, 207)
[M::mem_pestat] low and high boundaries for computing mean and std.dev: (66, 301)
[M::mem_pestat] mean and std.dev: (184.60, 33.37)
[M::mem_pestat] low and high boundaries for proper pairs: (19, 348)
[M::mem_pestat] skip orientation RF as there are not enough pairs
[M::mem_pestat] skip orientation RR as there are not enough pairs
[M::mem_process_seqs] Processed 646832 reads in 825.327 CPU sec, 105.913 real sec
[M::process] 0 single-end sequences; 646384 paired-end sequences
[M::process] read 646922 sequences (80000110 bp)...
[M::mem_pestat] # candidate unique pairs for (FF, FR, RF, RR): (0, 244108, 7, 0)
[M::mem_pestat] skip orientation FF as there are not enough pairs
[M::mem_pestat] analyzing insert size distribution for orientation FR...
[M::mem_pestat] (25, 50, 75) percentile: (159, 181, 206)
[M::mem_pestat] low and high boundaries for computing mean and std.dev: (65, 300)
[M::mem_pestat] mean and std.dev: (184.30, 33.35)
[M::mem_pestat] low and high boundaries for proper pairs: (18, 347)
[M::mem_pestat] skip orientation RF as there are not enough pairs
[M::mem_pestat] skip orientation RR as there are not enough pairs
[M::mem_process_seqs] Processed 646384 reads in 808.031 CPU sec, 103.753 real sec
[M::process] 0 single-end sequences; 646922 paired-end sequences
[M::process] read 646186 sequences (80000036 bp)...
[M::mem_pestat] # candidate unique pairs for (FF, FR, RF, RR): (0, 243290, 3, 0)
[M::mem_pestat] skip orientation FF as there are not enough pairs
[M::mem_pestat] analyzing insert size distribution for orientation FR...
[M::mem_pestat] (25, 50, 75) percentile: (160, 181, 207)
[M::mem_pestat] low and high boundaries for computing mean and std.dev: (66, 301)
[M::mem_pestat] mean and std.dev: (185.07, 33.43)
[M::mem_pestat] low and high boundaries for proper pairs: (19, 348)
[M::mem_pestat] skip orientation RF as there are not enough pairs
[M::mem_pestat] skip orientation RR as there are not enough pairs
[M::mem_process_seqs] Processed 646922 reads in 821.950 CPU sec, 105.489 real sec
[M::process] 0 single-end sequences; 646186 paired-end sequences
[M::process] read 646138 sequences (80000023 bp)...
[M::mem_pestat] # candidate unique pairs for (FF, FR, RF, RR): (0, 243568, 9, 0)
[M::mem_pestat] skip orientation FF as there are not enough pairs
[M::mem_pestat] analyzing insert size distribution for orientation FR...
[M::mem_pestat] (25, 50, 75) percentile: (160, 181, 207)
[M::mem_pestat] low and high boundaries for computing mean and std.dev: (66, 301)
[M::mem_pestat] mean and std.dev: (185.04, 33.41)
[M::mem_pestat] low and high boundaries for proper pairs: (19, 348)
[M::mem_pestat] skip orientation RF as there are not enough pairs
[M::mem_pestat] skip orientation RR as there are not enough pairs
[M::mem_process_seqs] Processed 646186 reads in 815.373 CPU sec, 104.656 real sec
[M::process] 0 single-end sequences; 646138 paired-end sequences
[M::process] read 646144 sequences (80000038 bp)...
[M::mem_pestat] # candidate unique pairs for (FF, FR, RF, RR): (0, 243358, 3, 0)
[M::mem_pestat] skip orientation FF as there are not enough pairs
[M::mem_pestat] analyzing insert size distribution for orientation FR...
[M::mem_pestat] (25, 50, 75) percentile: (160, 181, 207)
[M::mem_pestat] low and high boundaries for computing mean and std.dev: (66, 301)
[M::mem_pestat] mean and std.dev: (184.76, 33.43)
[M::mem_pestat] low and high boundaries for proper pairs: (19, 348)
[M::mem_pestat] skip orientation RF as there are not enough pairs
[M::mem_pestat] skip orientation RR as there are not enough pairs
[M::mem_process_seqs] Processed 646138 reads in 816.410 CPU sec, 104.786 real sec
[M::process] 0 single-end sequences; 646144 paired-end sequences
[M::process] read 645936 sequences (80000096 bp)...
[M::mem_pestat] # candidate unique pairs for (FF, FR, RF, RR): (0, 243464, 6, 0)
[M::mem_pestat] skip orientation FF as there are not enough pairs
[M::mem_pestat] analyzing insert size distribution for orientation FR...
[M::mem_pestat] (25, 50, 75) percentile: (160, 181, 207)
[M::mem_pestat] low and high boundaries for computing mean and std.dev: (66, 301)
[M::mem_pestat] mean and std.dev: (184.60, 33.28)
[M::mem_pestat] low and high boundaries for proper pairs: (19, 348)
[M::mem_pestat] skip orientation RF as there are not enough pairs
[M::mem_pestat] skip orientation RR as there are not enough pairs
[M::mem_process_seqs] Processed 646144 reads in 829.983 CPU sec, 106.500 real sec
[M::process] 0 single-end sequences; 645936 paired-end sequences
[M::process] read 647290 sequences (80000152 bp)...
[M::mem_pestat] # candidate unique pairs for (FF, FR, RF, RR): (0, 243095, 7, 0)
[M::mem_pestat] skip orientation FF as there are not enough pairs
[M::mem_pestat] analyzing insert size distribution for orientation FR...
[M::mem_pestat] (25, 50, 75) percentile: (159, 181, 206)
[M::mem_pestat] low and high boundaries for computing mean and std.dev: (65, 300)
[M::mem_pestat] mean and std.dev: (184.39, 33.37)
[M::mem_pestat] low and high boundaries for proper pairs: (18, 347)
[M::mem_pestat] skip orientation RF as there are not enough pairs
[M::mem_pestat] skip orientation RR as there are not enough pairs
[M::mem_process_seqs] Processed 645936 reads in 816.951 CPU sec, 104.858 real sec
[M::process] 0 single-end sequences; 647290 paired-end sequences
[M::process] read 647160 sequences (80000237 bp)...
[M::mem_pestat] # candidate unique pairs for (FF, FR, RF, RR): (0, 243809, 4, 0)
[M::mem_pestat] skip orientation FF as there are not enough pairs
[M::mem_pestat] analyzing insert size distribution for orientation FR...
[M::mem_pestat] (25, 50, 75) percentile: (160, 181, 207)
[M::mem_pestat] low and high boundaries for computing mean and std.dev: (66, 301)
[M::mem_pestat] mean and std.dev: (184.77, 33.27)
[M::mem_pestat] low and high boundaries for proper pairs: (19, 348)
[M::mem_pestat] skip orientation RF as there are not enough pairs
[M::mem_pestat] skip orientation RR as there are not enough pairs
[M::mem_process_seqs] Processed 647290 reads in 822.422 CPU sec, 105.553 real sec
[M::process] 0 single-end sequences; 647160 paired-end sequences
[M::process] read 646376 sequences (80000042 bp)...
[M::mem_pestat] # candidate unique pairs for (FF, FR, RF, RR): (0, 243163, 4, 0)
[M::mem_pestat] skip orientation FF as there are not enough pairs
[M::mem_pestat] analyzing insert size distribution for orientation FR...
[M::mem_pestat] (25, 50, 75) percentile: (160, 181, 207)
[M::mem_pestat] low and high boundaries for computing mean and std.dev: (66, 301)
[M::mem_pestat] mean and std.dev: (184.70, 33.41)
[M::mem_pestat] low and high boundaries for proper pairs: (19, 348)
[M::mem_pestat] skip orientation RF as there are not enough pairs
[M::mem_pestat] skip orientation RR as there are not enough pairs
[M::mem_process_seqs] Processed 647160 reads in 816.775 CPU sec, 104.855 real sec
[M::process] 0 single-end sequences; 646376 paired-end sequences
[M::process] read 646650 sequences (80000247 bp)...
[M::mem_pestat] # candidate unique pairs for (FF, FR, RF, RR): (0, 243735, 5, 0)
[M::mem_pestat] skip orientation FF as there are not enough pairs
[M::mem_pestat] analyzing insert size distribution for orientation FR...
[M::mem_pestat] (25, 50, 75) percentile: (160, 181, 207)
[M::mem_pestat] low and high boundaries for computing mean and std.dev: (66, 301)
[M::mem_pestat] mean and std.dev: (184.66, 33.45)
[M::mem_pestat] low and high boundaries for proper pairs: (19, 348)
[M::mem_pestat] skip orientation RF as there are not enough pairs
[M::mem_pestat] skip orientation RR as there are not enough pairs
[M::mem_process_seqs] Processed 646376 reads in 814.428 CPU sec, 104.540 real sec
[M::process] 0 single-end sequences; 646650 paired-end sequences
[M::process] read 646248 sequences (80000060 bp)...
[M::mem_pestat] # candidate unique pairs for (FF, FR, RF, RR): (0, 243438, 4, 0)
[M::mem_pestat] skip orientation FF as there are not enough pairs
[M::mem_pestat] analyzing insert size distribution for orientation FR...
[M::mem_pestat] (25, 50, 75) percentile: (159, 181, 206)
[M::mem_pestat] low and high boundaries for computing mean and std.dev: (65, 300)
[M::mem_pestat] mean and std.dev: (184.53, 33.42)
[M::mem_pestat] low and high boundaries for proper pairs: (18, 347)
[M::mem_pestat] skip orientation RF as there are not enough pairs
[M::mem_pestat] skip orientation RR as there are not enough pairs
[M::mem_process_seqs] Processed 646650 reads in 820.233 CPU sec, 105.266 real sec
[M::process] 0 single-end sequences; 646248 paired-end sequences
[M::process] read 647614 sequences (80000176 bp)...
[M::mem_pestat] # candidate unique pairs for (FF, FR, RF, RR): (0, 242975, 0, 0)
[M::mem_pestat] skip orientation FF as there are not enough pairs
[M::mem_pestat] analyzing insert size distribution for orientation FR...
[M::mem_pestat] (25, 50, 75) percentile: (159, 181, 206)
[M::mem_pestat] low and high boundaries for computing mean and std.dev: (65, 300)
[M::mem_pestat] mean and std.dev: (184.39, 33.31)
[M::mem_pestat] low and high boundaries for proper pairs: (18, 347)
[M::mem_pestat] skip orientation RF as there are not enough pairs
[M::mem_pestat] skip orientation RR as there are not enough pairs
[M::mem_process_seqs] Processed 646248 reads in 815.803 CPU sec, 104.708 real sec
[M::process] 0 single-end sequences; 647614 paired-end sequences
[M::process] read 647788 sequences (80000017 bp)...
[M::mem_pestat] # candidate unique pairs for (FF, FR, RF, RR): (0, 244267, 3, 0)
[M::mem_pestat] skip orientation FF as there are not enough pairs
[M::mem_pestat] analyzing insert size distribution for orientation FR...
[M::mem_pestat] (25, 50, 75) percentile: (160, 181, 207)
[M::mem_pestat] low and high boundaries for computing mean and std.dev: (66, 301)
[M::mem_pestat] mean and std.dev: (184.67, 33.33)
[M::mem_pestat] low and high boundaries for proper pairs: (19, 348)
[M::mem_pestat] skip orientation RF as there are not enough pairs
[M::mem_pestat] skip orientation RR as there are not enough pairs
[M::mem_process_seqs] Processed 647614 reads in 816.048 CPU sec, 104.761 real sec
[M::process] 0 single-end sequences; 647788 paired-end sequences
[M::process] read 647454 sequences (80000087 bp)...
[M::mem_pestat] # candidate unique pairs for (FF, FR, RF, RR): (0, 244226, 4, 0)
[M::mem_pestat] skip orientation FF as there are not enough pairs
[M::mem_pestat] analyzing insert size distribution for orientation FR...
[M::mem_pestat] (25, 50, 75) percentile: (160, 181, 207)
[M::mem_pestat] low and high boundaries for computing mean and std.dev: (66, 301)
[M::mem_pestat] mean and std.dev: (184.99, 33.52)
[M::mem_pestat] low and high boundaries for proper pairs: (19, 348)
[M::mem_pestat] skip orientation RF as there are not enough pairs
[M::mem_pestat] skip orientation RR as there are not enough pairs
[M::mem_process_seqs] Processed 647788 reads in 808.208 CPU sec, 103.755 real sec
[M::process] 0 single-end sequences; 647454 paired-end sequences
[M::process] read 647354 sequences (80000035 bp)...
[M::mem_pestat] # candidate unique pairs for (FF, FR, RF, RR): (0, 244233, 4, 0)
[M::mem_pestat] skip orientation FF as there are not enough pairs
[M::mem_pestat] analyzing insert size distribution for orientation FR...
[M::mem_pestat] (25, 50, 75) percentile: (160, 181, 207)
[M::mem_pestat] low and high boundaries for computing mean and std.dev: (66, 301)
[M::mem_pestat] mean and std.dev: (184.70, 33.46)
[M::mem_pestat] low and high boundaries for proper pairs: (19, 348)
[M::mem_pestat] skip orientation RF as there are not enough pairs
[M::mem_pestat] skip orientation RR as there are not enough pairs
[M::mem_process_seqs] Processed 647454 reads in 795.088 CPU sec, 102.124 real sec
[M::process] 0 single-end sequences; 647354 paired-end sequences
[M::process] read 647336 sequences (80000078 bp)...
[M::mem_pestat] # candidate unique pairs for (FF, FR, RF, RR): (0, 244116, 4, 0)
[M::mem_pestat] skip orientation FF as there are not enough pairs
[M::mem_pestat] analyzing insert size distribution for orientation FR...
[M::mem_pestat] (25, 50, 75) percentile: (160, 181, 207)
[M::mem_pestat] low and high boundaries for computing mean and std.dev: (66, 301)
[M::mem_pestat] mean and std.dev: (184.59, 33.38)
[M::mem_pestat] low and high boundaries for proper pairs: (19, 348)
[M::mem_pestat] skip orientation RF as there are not enough pairs
[M::mem_pestat] skip orientation RR as there are not enough pairs
[M::mem_process_seqs] Processed 647354 reads in 807.849 CPU sec, 103.720 real sec
[M::process] 0 single-end sequences; 647336 paired-end sequences
[M::process] read 647648 sequences (80000137 bp)...
[M::mem_pestat] # candidate unique pairs for (FF, FR, RF, RR): (0, 243820, 7, 0)
[M::mem_pestat] skip orientation FF as there are not enough pairs
[M::mem_pestat] analyzing insert size distribution for orientation FR...
[M::mem_pestat] (25, 50, 75) percentile: (159, 181, 206)
[M::mem_pestat] low and high boundaries for computing mean and std.dev: (65, 300)
[M::mem_pestat] mean and std.dev: (184.44, 33.30)
[M::mem_pestat] low and high boundaries for proper pairs: (18, 347)
[M::mem_pestat] skip orientation RF as there are not enough pairs
[M::mem_pestat] skip orientation RR as there are not enough pairs
[M::mem_process_seqs] Processed 647336 reads in 803.857 CPU sec, 103.218 real sec
[M::process] 0 single-end sequences; 647648 paired-end sequences
[M::process] read 647328 sequences (80000161 bp)...
[M::mem_pestat] # candidate unique pairs for (FF, FR, RF, RR): (0, 244355, 5, 0)
[M::mem_pestat] skip orientation FF as there are not enough pairs
[M::mem_pestat] analyzing insert size distribution for orientation FR...
[M::mem_pestat] (25, 50, 75) percentile: (160, 181, 207)
[M::mem_pestat] low and high boundaries for computing mean and std.dev: (66, 301)
[M::mem_pestat] mean and std.dev: (184.83, 33.44)
[M::mem_pestat] low and high boundaries for proper pairs: (19, 348)
[M::mem_pestat] skip orientation RF as there are not enough pairs
[M::mem_pestat] skip orientation RR as there are not enough pairs
[M::mem_process_seqs] Processed 647648 reads in 808.921 CPU sec, 103.840 real sec
[M::process] 0 single-end sequences; 647328 paired-end sequences
[M::process] read 647022 sequences (80000190 bp)...
[M::mem_pestat] # candidate unique pairs for (FF, FR, RF, RR): (0, 243897, 1, 0)
[M::mem_pestat] skip orientation FF as there are not enough pairs
[M::mem_pestat] analyzing insert size distribution for orientation FR...
[M::mem_pestat] (25, 50, 75) percentile: (160, 181, 207)
[M::mem_pestat] low and high boundaries for computing mean and std.dev: (66, 301)
[M::mem_pestat] mean and std.dev: (185.03, 33.46)
[M::mem_pestat] low and high boundaries for proper pairs: (19, 348)
[M::mem_pestat] skip orientation RF as there are not enough pairs
[M::mem_pestat] skip orientation RR as there are not enough pairs
[M::mem_process_seqs] Processed 647328 reads in 818.812 CPU sec, 105.099 real sec
[M::process] 0 single-end sequences; 647022 paired-end sequences
[M::process] read 646846 sequences (80000225 bp)...
[M::mem_pestat] # candidate unique pairs for (FF, FR, RF, RR): (0, 243934, 3, 0)
[M::mem_pestat] skip orientation FF as there are not enough pairs
[M::mem_pestat] analyzing insert size distribution for orientation FR...
[M::mem_pestat] (25, 50, 75) percentile: (160, 181, 207)
[M::mem_pestat] low and high boundaries for computing mean and std.dev: (66, 301)
[M::mem_pestat] mean and std.dev: (184.89, 33.37)
[M::mem_pestat] low and high boundaries for proper pairs: (19, 348)
[M::mem_pestat] skip orientation RF as there are not enough pairs
[M::mem_pestat] skip orientation RR as there are not enough pairs
[M::mem_process_seqs] Processed 647022 reads in 807.920 CPU sec, 103.731 real sec
[M::process] 0 single-end sequences; 646846 paired-end sequences
[M::process] read 646494 sequences (80000133 bp)...
[M::mem_pestat] # candidate unique pairs for (FF, FR, RF, RR): (0, 243424, 5, 0)
[M::mem_pestat] skip orientation FF as there are not enough pairs
[M::mem_pestat] analyzing insert size distribution for orientation FR...
[M::mem_pestat] (25, 50, 75) percentile: (160, 181, 207)
[M::mem_pestat] low and high boundaries for computing mean and std.dev: (66, 301)
[M::mem_pestat] mean and std.dev: (184.74, 33.42)
[M::mem_pestat] low and high boundaries for proper pairs: (19, 348)
[M::mem_pestat] skip orientation RF as there are not enough pairs
[M::mem_pestat] skip orientation RR as there are not enough pairs
[M::mem_process_seqs] Processed 646846 reads in 816.076 CPU sec, 104.757 real sec
[M::process] 0 single-end sequences; 646494 paired-end sequences
[M::process] read 645964 sequences (80000222 bp)...
[M::mem_pestat] # candidate unique pairs for (FF, FR, RF, RR): (0, 243511, 9, 0)
[M::mem_pestat] skip orientation FF as there are not enough pairs
[M::mem_pestat] analyzing insert size distribution for orientation FR...
[M::mem_pestat] (25, 50, 75) percentile: (159, 181, 206)
[M::mem_pestat] low and high boundaries for computing mean and std.dev: (65, 300)
[M::mem_pestat] mean and std.dev: (184.41, 33.36)
[M::mem_pestat] low and high boundaries for proper pairs: (18, 347)
[M::mem_pestat] skip orientation RF as there are not enough pairs
[M::mem_pestat] skip orientation RR as there are not enough pairs
[M::mem_process_seqs] Processed 646494 reads in 815.374 CPU sec, 104.664 real sec
[M::process] 0 single-end sequences; 645964 paired-end sequences
[M::process] read 645362 sequences (80000155 bp)...
[M::mem_pestat] # candidate unique pairs for (FF, FR, RF, RR): (0, 242591, 6, 0)
[M::mem_pestat] skip orientation FF as there are not enough pairs
[M::mem_pestat] analyzing insert size distribution for orientation FR...
[M::mem_pestat] (25, 50, 75) percentile: (160, 181, 207)
[M::mem_pestat] low and high boundaries for computing mean and std.dev: (66, 301)
[M::mem_pestat] mean and std.dev: (184.66, 33.39)
[M::mem_pestat] low and high boundaries for proper pairs: (19, 348)
[M::mem_pestat] skip orientation RF as there are not enough pairs
[M::mem_pestat] skip orientation RR as there are not enough pairs
[M::mem_process_seqs] Processed 645964 reads in 826.287 CPU sec, 106.019 real sec
[M::process] 0 single-end sequences; 645362 paired-end sequences
[M::process] read 645156 sequences (80000043 bp)...
[M::mem_pestat] # candidate unique pairs for (FF, FR, RF, RR): (0, 242898, 5, 0)
[M::mem_pestat] skip orientation FF as there are not enough pairs
[M::mem_pestat] analyzing insert size distribution for orientation FR...
[M::mem_pestat] (25, 50, 75) percentile: (160, 181, 207)
[M::mem_pestat] low and high boundaries for computing mean and std.dev: (66, 301)
[M::mem_pestat] mean and std.dev: (185.10, 33.43)
[M::mem_pestat] low and high boundaries for proper pairs: (19, 348)
[M::mem_pestat] skip orientation RF as there are not enough pairs
[M::mem_pestat] skip orientation RR as there are not enough pairs
[M::mem_process_seqs] Processed 645362 reads in 832.025 CPU sec, 106.765 real sec
[M::process] 0 single-end sequences; 645156 paired-end sequences
[M::process] read 645074 sequences (80000067 bp)...
[M::mem_pestat] # candidate unique pairs for (FF, FR, RF, RR): (0, 243290, 2, 0)
[M::mem_pestat] skip orientation FF as there are not enough pairs
[M::mem_pestat] analyzing insert size distribution for orientation FR...
[M::mem_pestat] (25, 50, 75) percentile: (160, 181, 207)
[M::mem_pestat] low and high boundaries for computing mean and std.dev: (66, 301)
[M::mem_pestat] mean and std.dev: (184.98, 33.49)
[M::mem_pestat] low and high boundaries for proper pairs: (19, 348)
[M::mem_pestat] skip orientation RF as there are not enough pairs
[M::mem_pestat] skip orientation RR as there are not enough pairs
[M::mem_process_seqs] Processed 645156 reads in 817.270 CPU sec, 104.901 real sec
[M::process] 0 single-end sequences; 645074 paired-end sequences
[M::process] read 645142 sequences (80000060 bp)...
[M::mem_pestat] # candidate unique pairs for (FF, FR, RF, RR): (0, 243955, 5, 0)
[M::mem_pestat] skip orientation FF as there are not enough pairs
[M::mem_pestat] analyzing insert size distribution for orientation FR...
[M::mem_pestat] (25, 50, 75) percentile: (160, 181, 207)
[M::mem_pestat] low and high boundaries for computing mean and std.dev: (66, 301)
[M::mem_pestat] mean and std.dev: (184.73, 33.45)
[M::mem_pestat] low and high boundaries for proper pairs: (19, 348)
[M::mem_pestat] skip orientation RF as there are not enough pairs
[M::mem_pestat] skip orientation RR as there are not enough pairs
[M::mem_process_seqs] Processed 645074 reads in 814.515 CPU sec, 104.555 real sec
[M::process] 0 single-end sequences; 645142 paired-end sequences
[M::process] read 645236 sequences (80000122 bp)...
[M::mem_pestat] # candidate unique pairs for (FF, FR, RF, RR): (0, 243106, 4, 0)
[M::mem_pestat] skip orientation FF as there are not enough pairs
[M::mem_pestat] analyzing insert size distribution for orientation FR...
[M::mem_pestat] (25, 50, 75) percentile: (160, 181, 207)
[M::mem_pestat] low and high boundaries for computing mean and std.dev: (66, 301)
[M::mem_pestat] mean and std.dev: (184.76, 33.50)
[M::mem_pestat] low and high boundaries for proper pairs: (19, 348)
[M::mem_pestat] skip orientation RF as there are not enough pairs
[M::mem_pestat] skip orientation RR as there are not enough pairs
[M::mem_process_seqs] Processed 645142 reads in 826.236 CPU sec, 106.017 real sec
[M::process] 0 single-end sequences; 645236 paired-end sequences
[M::process] read 645172 sequences (80000191 bp)...
[M::mem_pestat] # candidate unique pairs for (FF, FR, RF, RR): (0, 243131, 4, 0)
[M::mem_pestat] skip orientation FF as there are not enough pairs
[M::mem_pestat] analyzing insert size distribution for orientation FR...
[M::mem_pestat] (25, 50, 75) percentile: (159, 181, 207)
[M::mem_pestat] low and high boundaries for computing mean and std.dev: (63, 303)
[M::mem_pestat] mean and std.dev: (184.59, 33.43)
[M::mem_pestat] low and high boundaries for proper pairs: (15, 351)
[M::mem_pestat] skip orientation RF as there are not enough pairs
[M::mem_pestat] skip orientation RR as there are not enough pairs
[M::mem_process_seqs] Processed 645236 reads in 832.070 CPU sec, 106.734 real sec
[M::process] 0 single-end sequences; 645172 paired-end sequences
[M::process] read 645464 sequences (80000052 bp)...
[M::mem_pestat] # candidate unique pairs for (FF, FR, RF, RR): (0, 243166, 7, 0)
[M::mem_pestat] skip orientation FF as there are not enough pairs
[M::mem_pestat] analyzing insert size distribution for orientation FR...
[M::mem_pestat] (25, 50, 75) percentile: (159, 181, 206)
[M::mem_pestat] low and high boundaries for computing mean and std.dev: (65, 300)
[M::mem_pestat] mean and std.dev: (184.38, 33.43)
[M::mem_pestat] low and high boundaries for proper pairs: (18, 347)
[M::mem_pestat] skip orientation RF as there are not enough pairs
[M::mem_pestat] skip orientation RR as there are not enough pairs
[M::mem_process_seqs] Processed 645172 reads in 824.902 CPU sec, 105.850 real sec
[M::process] 0 single-end sequences; 645464 paired-end sequences
[M::process] read 645182 sequences (80000124 bp)...
[M::mem_pestat] # candidate unique pairs for (FF, FR, RF, RR): (0, 243801, 9, 0)
[M::mem_pestat] skip orientation FF as there are not enough pairs
[M::mem_pestat] analyzing insert size distribution for orientation FR...
[M::mem_pestat] (25, 50, 75) percentile: (160, 181, 207)
[M::mem_pestat] low and high boundaries for computing mean and std.dev: (66, 301)
[M::mem_pestat] mean and std.dev: (184.97, 33.49)
[M::mem_pestat] low and high boundaries for proper pairs: (19, 348)
[M::mem_pestat] skip orientation RF as there are not enough pairs
[M::mem_pestat] skip orientation RR as there are not enough pairs
[M::mem_process_seqs] Processed 645464 reads in 818.231 CPU sec, 105.044 real sec
[M::process] 0 single-end sequences; 645182 paired-end sequences
[M::process] read 644944 sequences (80000144 bp)...
[M::mem_pestat] # candidate unique pairs for (FF, FR, RF, RR): (0, 243762, 6, 0)
[M::mem_pestat] skip orientation FF as there are not enough pairs
[M::mem_pestat] analyzing insert size distribution for orientation FR...
[M::mem_pestat] (25, 50, 75) percentile: (160, 181, 207)
[M::mem_pestat] low and high boundaries for computing mean and std.dev: (66, 301)
[M::mem_pestat] mean and std.dev: (185.01, 33.46)
[M::mem_pestat] low and high boundaries for proper pairs: (19, 348)
[M::mem_pestat] skip orientation RF as there are not enough pairs
[M::mem_pestat] skip orientation RR as there are not enough pairs
[M::mem_process_seqs] Processed 645182 reads in 810.655 CPU sec, 104.052 real sec
[M::process] 0 single-end sequences; 644944 paired-end sequences
[M::process] read 644974 sequences (80000007 bp)...
[M::mem_pestat] # candidate unique pairs for (FF, FR, RF, RR): (0, 243787, 1, 0)
[M::mem_pestat] skip orientation FF as there are not enough pairs
[M::mem_pestat] analyzing insert size distribution for orientation FR...
[M::mem_pestat] (25, 50, 75) percentile: (160, 181, 207)
[M::mem_pestat] low and high boundaries for computing mean and std.dev: (66, 301)
[M::mem_pestat] mean and std.dev: (184.92, 33.48)
[M::mem_pestat] low and high boundaries for proper pairs: (19, 348)
[M::mem_pestat] skip orientation RF as there are not enough pairs
[M::mem_pestat] skip orientation RR as there are not enough pairs
[M::mem_process_seqs] Processed 644944 reads in 801.041 CPU sec, 102.856 real sec
[M::process] 0 single-end sequences; 644974 paired-end sequences
[M::process] read 645014 sequences (80000221 bp)...
[M::mem_pestat] # candidate unique pairs for (FF, FR, RF, RR): (0, 243747, 4, 0)
[M::mem_pestat] skip orientation FF as there are not enough pairs
[M::mem_pestat] analyzing insert size distribution for orientation FR...
[M::mem_pestat] (25, 50, 75) percentile: (160, 181, 207)
[M::mem_pestat] low and high boundaries for computing mean and std.dev: (66, 301)
[M::mem_pestat] mean and std.dev: (184.85, 33.48)
[M::mem_pestat] low and high boundaries for proper pairs: (19, 348)
[M::mem_pestat] skip orientation RF as there are not enough pairs
[M::mem_pestat] skip orientation RR as there are not enough pairs
[M::mem_process_seqs] Processed 644974 reads in 809.546 CPU sec, 103.915 real sec
[M::process] 0 single-end sequences; 645014 paired-end sequences
[M::process] read 645106 sequences (80000066 bp)...
[M::mem_pestat] # candidate unique pairs for (FF, FR, RF, RR): (0, 243951, 4, 0)
[M::mem_pestat] skip orientation FF as there are not enough pairs
[M::mem_pestat] analyzing insert size distribution for orientation FR...
[M::mem_pestat] (25, 50, 75) percentile: (159, 181, 207)
[M::mem_pestat] low and high boundaries for computing mean and std.dev: (63, 303)
[M::mem_pestat] mean and std.dev: (184.53, 33.43)
[M::mem_pestat] low and high boundaries for proper pairs: (15, 351)
[M::mem_pestat] skip orientation RF as there are not enough pairs
[M::mem_pestat] skip orientation RR as there are not enough pairs
[M::mem_process_seqs] Processed 645014 reads in 814.810 CPU sec, 104.586 real sec
[M::process] 0 single-end sequences; 645106 paired-end sequences
[M::process] read 645156 sequences (80000244 bp)...
[M::mem_pestat] # candidate unique pairs for (FF, FR, RF, RR): (0, 243708, 3, 0)
[M::mem_pestat] skip orientation FF as there are not enough pairs
[M::mem_pestat] analyzing insert size distribution for orientation FR...
[M::mem_pestat] (25, 50, 75) percentile: (159, 180, 206)
[M::mem_pestat] low and high boundaries for computing mean and std.dev: (65, 300)
[M::mem_pestat] mean and std.dev: (184.40, 33.37)
[M::mem_pestat] low and high boundaries for proper pairs: (18, 347)
[M::mem_pestat] skip orientation RF as there are not enough pairs
[M::mem_pestat] skip orientation RR as there are not enough pairs
[M::mem_process_seqs] Processed 645106 reads in 821.469 CPU sec, 105.408 real sec
[M::process] 0 single-end sequences; 645156 paired-end sequences
[M::process] read 645396 sequences (80000119 bp)...
[M::mem_pestat] # candidate unique pairs for (FF, FR, RF, RR): (0, 243470, 3, 0)
[M::mem_pestat] skip orientation FF as there are not enough pairs
[M::mem_pestat] analyzing insert size distribution for orientation FR...
[M::mem_pestat] (25, 50, 75) percentile: (159, 181, 207)
[M::mem_pestat] low and high boundaries for computing mean and std.dev: (63, 303)
[M::mem_pestat] mean and std.dev: (184.55, 33.40)
[M::mem_pestat] low and high boundaries for proper pairs: (15, 351)
[M::mem_pestat] skip orientation RF as there are not enough pairs
[M::mem_pestat] skip orientation RR as there are not enough pairs
[M::mem_process_seqs] Processed 645156 reads in 820.214 CPU sec, 105.283 real sec
[M::process] 0 single-end sequences; 645396 paired-end sequences
[M::process] read 645106 sequences (80000200 bp)...
[M::mem_pestat] # candidate unique pairs for (FF, FR, RF, RR): (0, 242560, 5, 0)
[M::mem_pestat] skip orientation FF as there are not enough pairs
[M::mem_pestat] analyzing insert size distribution for orientation FR...
[M::mem_pestat] (25, 50, 75) percentile: (160, 181, 207)
[M::mem_pestat] low and high boundaries for computing mean and std.dev: (66, 301)
[M::mem_pestat] mean and std.dev: (185.01, 33.43)
[M::mem_pestat] low and high boundaries for proper pairs: (19, 348)
[M::mem_pestat] skip orientation RF as there are not enough pairs
[M::mem_pestat] skip orientation RR as there are not enough pairs
[M::mem_process_seqs] Processed 645396 reads in 833.739 CPU sec, 106.936 real sec
[M::process] 0 single-end sequences; 645106 paired-end sequences
[M::process] read 644972 sequences (80000003 bp)...
[M::mem_pestat] # candidate unique pairs for (FF, FR, RF, RR): (0, 243336, 2, 0)
[M::mem_pestat] skip orientation FF as there are not enough pairs
[M::mem_pestat] analyzing insert size distribution for orientation FR...
[M::mem_pestat] (25, 50, 75) percentile: (160, 181, 207)
[M::mem_pestat] low and high boundaries for computing mean and std.dev: (66, 301)
[M::mem_pestat] mean and std.dev: (184.91, 33.49)
[M::mem_pestat] low and high boundaries for proper pairs: (19, 348)
[M::mem_pestat] skip orientation RF as there are not enough pairs
[M::mem_pestat] skip orientation RR as there are not enough pairs
[M::mem_process_seqs] Processed 645106 reads in 811.989 CPU sec, 104.247 real sec
[M::process] 0 single-end sequences; 644972 paired-end sequences
[M::process] read 645000 sequences (80000127 bp)...
[M::mem_pestat] # candidate unique pairs for (FF, FR, RF, RR): (0, 243435, 5, 0)
[M::mem_pestat] skip orientation FF as there are not enough pairs
[M::mem_pestat] analyzing insert size distribution for orientation FR...
[M::mem_pestat] (25, 50, 75) percentile: (160, 181, 207)
[M::mem_pestat] low and high boundaries for computing mean and std.dev: (66, 301)
[M::mem_pestat] mean and std.dev: (184.78, 33.43)
[M::mem_pestat] low and high boundaries for proper pairs: (19, 348)
[M::mem_pestat] skip orientation RF as there are not enough pairs
[M::mem_pestat] skip orientation RR as there are not enough pairs
[M::mem_process_seqs] Processed 644972 reads in 814.252 CPU sec, 104.513 real sec
[M::process] 0 single-end sequences; 645000 paired-end sequences
[M::process] read 645128 sequences (80000192 bp)...
[M::mem_pestat] # candidate unique pairs for (FF, FR, RF, RR): (0, 243222, 5, 0)
[M::mem_pestat] skip orientation FF as there are not enough pairs
[M::mem_pestat] analyzing insert size distribution for orientation FR...
[M::mem_pestat] (25, 50, 75) percentile: (160, 181, 207)
[M::mem_pestat] low and high boundaries for computing mean and std.dev: (66, 301)
[M::mem_pestat] mean and std.dev: (184.68, 33.37)
[M::mem_pestat] low and high boundaries for proper pairs: (19, 348)
[M::mem_pestat] skip orientation RF as there are not enough pairs
[M::mem_pestat] skip orientation RR as there are not enough pairs
[M::mem_process_seqs] Processed 645000 reads in 815.081 CPU sec, 104.607 real sec
[M::process] 0 single-end sequences; 645128 paired-end sequences
[M::process] read 645116 sequences (80000031 bp)...
[M::mem_pestat] # candidate unique pairs for (FF, FR, RF, RR): (0, 243637, 4, 0)
[M::mem_pestat] skip orientation FF as there are not enough pairs
[M::mem_pestat] analyzing insert size distribution for orientation FR...
[M::mem_pestat] (25, 50, 75) percentile: (160, 181, 207)
[M::mem_pestat] low and high boundaries for computing mean and std.dev: (66, 301)
[M::mem_pestat] mean and std.dev: (184.59, 33.39)
[M::mem_pestat] low and high boundaries for proper pairs: (19, 348)
[M::mem_pestat] skip orientation RF as there are not enough pairs
[M::mem_pestat] skip orientation RR as there are not enough pairs
[M::mem_process_seqs] Processed 645128 reads in 824.553 CPU sec, 105.796 real sec
[M::process] 0 single-end sequences; 645116 paired-end sequences
[M::process] read 645368 sequences (80000042 bp)...
[M::mem_pestat] # candidate unique pairs for (FF, FR, RF, RR): (0, 243091, 5, 0)
[M::mem_pestat] skip orientation FF as there are not enough pairs
[M::mem_pestat] analyzing insert size distribution for orientation FR...
[M::mem_pestat] (25, 50, 75) percentile: (159, 181, 207)
[M::mem_pestat] low and high boundaries for computing mean and std.dev: (63, 303)
[M::mem_pestat] mean and std.dev: (184.45, 33.36)
[M::mem_pestat] low and high boundaries for proper pairs: (15, 351)
[M::mem_pestat] skip orientation RF as there are not enough pairs
[M::mem_pestat] skip orientation RR as there are not enough pairs
[M::mem_process_seqs] Processed 645116 reads in 827.946 CPU sec, 106.238 real sec
[M::process] 0 single-end sequences; 645368 paired-end sequences
[M::process] read 645474 sequences (80000151 bp)...
[M::mem_pestat] # candidate unique pairs for (FF, FR, RF, RR): (0, 243260, 10, 0)
[M::mem_pestat] skip orientation FF as there are not enough pairs
[M::mem_pestat] analyzing insert size distribution for orientation FR...
[M::mem_pestat] (25, 50, 75) percentile: (160, 181, 207)
[M::mem_pestat] low and high boundaries for computing mean and std.dev: (66, 301)
[M::mem_pestat] mean and std.dev: (184.65, 33.36)
[M::mem_pestat] low and high boundaries for proper pairs: (19, 348)
[M::mem_pestat] analyzing insert size distribution for orientation RF...
[M::mem_pestat] (25, 50, 75) percentile: (157, 207, 1716)
[M::mem_pestat] low and high boundaries for computing mean and std.dev: (1, 4834)
[M::mem_pestat] mean and std.dev: (1066.10, 1525.59)
[M::mem_pestat] low and high boundaries for proper pairs: (1, 7168)
[M::mem_pestat] skip orientation RR as there are not enough pairs
[M::mem_pestat] skip orientation RF
[M::mem_process_seqs] Processed 645368 reads in 842.537 CPU sec, 108.062 real sec
[M::process] 0 single-end sequences; 645474 paired-end sequences
[M::process] read 645238 sequences (80000177 bp)...
[M::mem_pestat] # candidate unique pairs for (FF, FR, RF, RR): (0, 242441, 7, 0)
[M::mem_pestat] skip orientation FF as there are not enough pairs
[M::mem_pestat] analyzing insert size distribution for orientation FR...
[M::mem_pestat] (25, 50, 75) percentile: (160, 181, 207)
[M::mem_pestat] low and high boundaries for computing mean and std.dev: (66, 301)
[M::mem_pestat] mean and std.dev: (184.92, 33.42)
[M::mem_pestat] low and high boundaries for proper pairs: (19, 348)
[M::mem_pestat] skip orientation RF as there are not enough pairs
[M::mem_pestat] skip orientation RR as there are not enough pairs
[M::mem_process_seqs] Processed 645474 reads in 855.865 CPU sec, 109.713 real sec
[M::process] 0 single-end sequences; 645238 paired-end sequences
[M::process] read 645058 sequences (80000145 bp)...
[M::mem_pestat] # candidate unique pairs for (FF, FR, RF, RR): (0, 242950, 5, 0)
[M::mem_pestat] skip orientation FF as there are not enough pairs
[M::mem_pestat] analyzing insert size distribution for orientation FR...
[M::mem_pestat] (25, 50, 75) percentile: (160, 181, 207)
[M::mem_pestat] low and high boundaries for computing mean and std.dev: (66, 301)
[M::mem_pestat] mean and std.dev: (184.93, 33.48)
[M::mem_pestat] low and high boundaries for proper pairs: (19, 348)
[M::mem_pestat] skip orientation RF as there are not enough pairs
[M::mem_pestat] skip orientation RR as there are not enough pairs
[M::mem_process_seqs] Processed 645238 reads in 834.878 CPU sec, 107.091 real sec
[M::process] 0 single-end sequences; 645058 paired-end sequences
[M::process] read 645090 sequences (80000043 bp)...
[M::mem_pestat] # candidate unique pairs for (FF, FR, RF, RR): (0, 242962, 4, 0)
[M::mem_pestat] skip orientation FF as there are not enough pairs
[M::mem_pestat] analyzing insert size distribution for orientation FR...
[M::mem_pestat] (25, 50, 75) percentile: (160, 181, 207)
[M::mem_pestat] low and high boundaries for computing mean and std.dev: (66, 301)
[M::mem_pestat] mean and std.dev: (184.82, 33.44)
[M::mem_pestat] low and high boundaries for proper pairs: (19, 348)
[M::mem_pestat] skip orientation RF as there are not enough pairs
[M::mem_pestat] skip orientation RR as there are not enough pairs
[M::mem_process_seqs] Processed 645058 reads in 823.098 CPU sec, 105.606 real sec
[M::process] 0 single-end sequences; 645090 paired-end sequences
[M::process] read 645276 sequences (80000003 bp)...
[M::mem_pestat] # candidate unique pairs for (FF, FR, RF, RR): (0, 243303, 4, 0)
[M::mem_pestat] skip orientation FF as there are not enough pairs
[M::mem_pestat] analyzing insert size distribution for orientation FR...
[M::mem_pestat] (25, 50, 75) percentile: (159, 181, 207)
[M::mem_pestat] low and high boundaries for computing mean and std.dev: (63, 303)
[M::mem_pestat] mean and std.dev: (184.69, 33.47)
[M::mem_pestat] low and high boundaries for proper pairs: (15, 351)
[M::mem_pestat] skip orientation RF as there are not enough pairs
[M::mem_pestat] skip orientation RR as there are not enough pairs
[M::mem_process_seqs] Processed 645090 reads in 828.981 CPU sec, 106.386 real sec
[M::process] 0 single-end sequences; 645276 paired-end sequences
[M::process] read 645528 sequences (80000164 bp)...
[M::mem_pestat] # candidate unique pairs for (FF, FR, RF, RR): (0, 242677, 7, 0)
[M::mem_pestat] skip orientation FF as there are not enough pairs
[M::mem_pestat] analyzing insert size distribution for orientation FR...
[M::mem_pestat] (25, 50, 75) percentile: (159, 181, 207)
[M::mem_pestat] low and high boundaries for computing mean and std.dev: (63, 303)
[M::mem_pestat] mean and std.dev: (184.58, 33.38)
[M::mem_pestat] low and high boundaries for proper pairs: (15, 351)
[M::mem_pestat] skip orientation RF as there are not enough pairs
[M::mem_pestat] skip orientation RR as there are not enough pairs
[M::mem_process_seqs] Processed 645276 reads in 840.253 CPU sec, 107.804 real sec
[M::process] 0 single-end sequences; 645528 paired-end sequences
[M::process] read 645514 sequences (80000004 bp)...
[M::mem_pestat] # candidate unique pairs for (FF, FR, RF, RR): (0, 242735, 5, 0)
[M::mem_pestat] skip orientation FF as there are not enough pairs
[M::mem_pestat] analyzing insert size distribution for orientation FR...
[M::mem_pestat] (25, 50, 75) percentile: (159, 181, 206)
[M::mem_pestat] low and high boundaries for computing mean and std.dev: (65, 300)
[M::mem_pestat] mean and std.dev: (184.49, 33.38)
[M::mem_pestat] low and high boundaries for proper pairs: (18, 347)
[M::mem_pestat] skip orientation RF as there are not enough pairs
[M::mem_pestat] skip orientation RR as there are not enough pairs
[M::mem_process_seqs] Processed 645528 reads in 852.008 CPU sec, 109.241 real sec
[M::process] 0 single-end sequences; 645514 paired-end sequences
[M::process] read 645256 sequences (80000019 bp)...
[M::mem_pestat] # candidate unique pairs for (FF, FR, RF, RR): (0, 242795, 7, 0)
[M::mem_pestat] skip orientation FF as there are not enough pairs
[M::mem_pestat] analyzing insert size distribution for orientation FR...
[M::mem_pestat] (25, 50, 75) percentile: (160, 181, 207)
[M::mem_pestat] low and high boundaries for computing mean and std.dev: (66, 301)
[M::mem_pestat] mean and std.dev: (184.94, 33.45)
[M::mem_pestat] low and high boundaries for proper pairs: (19, 348)
[M::mem_pestat] skip orientation RF as there are not enough pairs
[M::mem_pestat] skip orientation RR as there are not enough pairs
[M::mem_process_seqs] Processed 645514 reads in 839.994 CPU sec, 107.730 real sec
[M::process] 0 single-end sequences; 645256 paired-end sequences
[M::process] read 644982 sequences (80000094 bp)...
[M::mem_pestat] # candidate unique pairs for (FF, FR, RF, RR): (0, 243066, 4, 0)
[M::mem_pestat] skip orientation FF as there are not enough pairs
[M::mem_pestat] analyzing insert size distribution for orientation FR...
[M::mem_pestat] (25, 50, 75) percentile: (160, 181, 207)
[M::mem_pestat] low and high boundaries for computing mean and std.dev: (66, 301)
[M::mem_pestat] mean and std.dev: (184.93, 33.47)
[M::mem_pestat] low and high boundaries for proper pairs: (19, 348)
[M::mem_pestat] skip orientation RF as there are not enough pairs
[M::mem_pestat] skip orientation RR as there are not enough pairs
[M::mem_process_seqs] Processed 645256 reads in 830.685 CPU sec, 106.570 real sec
[M::process] 0 single-end sequences; 644982 paired-end sequences
[M::process] read 644926 sequences (80000023 bp)...
[M::mem_pestat] # candidate unique pairs for (FF, FR, RF, RR): (0, 243622, 2, 0)
[M::mem_pestat] skip orientation FF as there are not enough pairs
[M::mem_pestat] analyzing insert size distribution for orientation FR...
[M::mem_pestat] (25, 50, 75) percentile: (160, 181, 207)
[M::mem_pestat] low and high boundaries for computing mean and std.dev: (66, 301)
[M::mem_pestat] mean and std.dev: (184.87, 33.49)
[M::mem_pestat] low and high boundaries for proper pairs: (19, 348)
[M::mem_pestat] skip orientation RF as there are not enough pairs
[M::mem_pestat] skip orientation RR as there are not enough pairs
[M::mem_process_seqs] Processed 644982 reads in 820.777 CPU sec, 105.321 real sec
[M::process] 0 single-end sequences; 644926 paired-end sequences
[M::process] read 645068 sequences (80000023 bp)...
[M::mem_pestat] # candidate unique pairs for (FF, FR, RF, RR): (0, 242864, 6, 0)
[M::mem_pestat] skip orientation FF as there are not enough pairs
[M::mem_pestat] analyzing insert size distribution for orientation FR...
[M::mem_pestat] (25, 50, 75) percentile: (160, 181, 207)
[M::mem_pestat] low and high boundaries for computing mean and std.dev: (66, 301)
[M::mem_pestat] mean and std.dev: (184.72, 33.48)
[M::mem_pestat] low and high boundaries for proper pairs: (19, 348)
[M::mem_pestat] skip orientation RF as there are not enough pairs
[M::mem_pestat] skip orientation RR as there are not enough pairs
[M::mem_process_seqs] Processed 644926 reads in 823.043 CPU sec, 105.628 real sec
[M::process] 0 single-end sequences; 645068 paired-end sequences
[M::process] read 645052 sequences (80000012 bp)...
[M::mem_pestat] # candidate unique pairs for (FF, FR, RF, RR): (0, 242983, 6, 0)
[M::mem_pestat] skip orientation FF as there are not enough pairs
[M::mem_pestat] analyzing insert size distribution for orientation FR...
[M::mem_pestat] (25, 50, 75) percentile: (159, 181, 207)
[M::mem_pestat] low and high boundaries for computing mean and std.dev: (63, 303)
[M::mem_pestat] mean and std.dev: (184.62, 33.40)
[M::mem_pestat] low and high boundaries for proper pairs: (15, 351)
[M::mem_pestat] skip orientation RF as there are not enough pairs
[M::mem_pestat] skip orientation RR as there are not enough pairs
[M::mem_process_seqs] Processed 645068 reads in 833.974 CPU sec, 106.987 real sec
[M::process] 0 single-end sequences; 645052 paired-end sequences
[M::process] read 645650 sequences (80000220 bp)...
[M::mem_pestat] # candidate unique pairs for (FF, FR, RF, RR): (0, 242452, 5, 0)
[M::mem_pestat] skip orientation FF as there are not enough pairs
[M::mem_pestat] analyzing insert size distribution for orientation FR...
[M::mem_pestat] (25, 50, 75) percentile: (159, 181, 206)
[M::mem_pestat] low and high boundaries for computing mean and std.dev: (65, 300)
[M::mem_pestat] mean and std.dev: (184.41, 33.30)
[M::mem_pestat] low and high boundaries for proper pairs: (18, 347)
[M::mem_pestat] skip orientation RF as there are not enough pairs
[M::mem_pestat] skip orientation RR as there are not enough pairs
[M::mem_process_seqs] Processed 645052 reads in 839.694 CPU sec, 107.703 real sec
[M::process] 0 single-end sequences; 645650 paired-end sequences
[M::process] read 645864 sequences (80000085 bp)...
[M::mem_pestat] # candidate unique pairs for (FF, FR, RF, RR): (0, 243156, 4, 0)
[M::mem_pestat] skip orientation FF as there are not enough pairs
[M::mem_pestat] analyzing insert size distribution for orientation FR...
[M::mem_pestat] (25, 50, 75) percentile: (160, 181, 207)
[M::mem_pestat] low and high boundaries for computing mean and std.dev: (66, 301)
[M::mem_pestat] mean and std.dev: (184.63, 33.30)
[M::mem_pestat] low and high boundaries for proper pairs: (19, 348)
[M::mem_pestat] skip orientation RF as there are not enough pairs
[M::mem_pestat] skip orientation RR as there are not enough pairs
[M::mem_process_seqs] Processed 645650 reads in 824.328 CPU sec, 105.782 real sec
[M::process] 0 single-end sequences; 645864 paired-end sequences
[M::process] read 645264 sequences (80000158 bp)...
[M::mem_pestat] # candidate unique pairs for (FF, FR, RF, RR): (0, 243313, 9, 0)
[M::mem_pestat] skip orientation FF as there are not enough pairs
[M::mem_pestat] analyzing insert size distribution for orientation FR...
[M::mem_pestat] (25, 50, 75) percentile: (160, 181, 207)
[M::mem_pestat] low and high boundaries for computing mean and std.dev: (66, 301)
[M::mem_pestat] mean and std.dev: (184.95, 33.47)
[M::mem_pestat] low and high boundaries for proper pairs: (19, 348)
[M::mem_pestat] skip orientation RF as there are not enough pairs
[M::mem_pestat] skip orientation RR as there are not enough pairs
[M::mem_process_seqs] Processed 645864 reads in 830.520 CPU sec, 106.544 real sec
[M::process] 0 single-end sequences; 645264 paired-end sequences
[M::process] read 645092 sequences (80000087 bp)...
[M::mem_pestat] # candidate unique pairs for (FF, FR, RF, RR): (0, 243247, 4, 0)
[M::mem_pestat] skip orientation FF as there are not enough pairs
[M::mem_pestat] analyzing insert size distribution for orientation FR...
[M::mem_pestat] (25, 50, 75) percentile: (160, 181, 207)
[M::mem_pestat] low and high boundaries for computing mean and std.dev: (66, 301)
[M::mem_pestat] mean and std.dev: (184.92, 33.43)
[M::mem_pestat] low and high boundaries for proper pairs: (19, 348)
[M::mem_pestat] skip orientation RF as there are not enough pairs
[M::mem_pestat] skip orientation RR as there are not enough pairs
[M::mem_process_seqs] Processed 645264 reads in 824.610 CPU sec, 105.826 real sec
[M::process] 0 single-end sequences; 645092 paired-end sequences
[M::process] read 645072 sequences (80000059 bp)...
[M::mem_pestat] # candidate unique pairs for (FF, FR, RF, RR): (0, 243162, 5, 0)
[M::mem_pestat] skip orientation FF as there are not enough pairs
[M::mem_pestat] analyzing insert size distribution for orientation FR...
[M::mem_pestat] (25, 50, 75) percentile: (160, 181, 207)
[M::mem_pestat] low and high boundaries for computing mean and std.dev: (66, 301)
[M::mem_pestat] mean and std.dev: (184.89, 33.53)
[M::mem_pestat] low and high boundaries for proper pairs: (19, 348)
[M::mem_pestat] skip orientation RF as there are not enough pairs
[M::mem_pestat] skip orientation RR as there are not enough pairs
[M::mem_process_seqs] Processed 645092 reads in 821.170 CPU sec, 105.386 real sec
[M::process] 0 single-end sequences; 645072 paired-end sequences
[M::process] read 645188 sequences (80000146 bp)...
[M::mem_pestat] # candidate unique pairs for (FF, FR, RF, RR): (0, 243041, 5, 0)
[M::mem_pestat] skip orientation FF as there are not enough pairs
[M::mem_pestat] analyzing insert size distribution for orientation FR...
[M::mem_pestat] (25, 50, 75) percentile: (160, 181, 207)
[M::mem_pestat] low and high boundaries for computing mean and std.dev: (66, 301)
[M::mem_pestat] mean and std.dev: (184.67, 33.39)
[M::mem_pestat] low and high boundaries for proper pairs: (19, 348)
[M::mem_pestat] skip orientation RF as there are not enough pairs
[M::mem_pestat] skip orientation RR as there are not enough pairs
[M::mem_process_seqs] Processed 645072 reads in 828.847 CPU sec, 106.344 real sec
[M::process] 0 single-end sequences; 645188 paired-end sequences
[M::process] read 645244 sequences (80000231 bp)...
[M::mem_pestat] # candidate unique pairs for (FF, FR, RF, RR): (0, 243323, 1, 0)
[M::mem_pestat] skip orientation FF as there are not enough pairs
[M::mem_pestat] analyzing insert size distribution for orientation FR...
[M::mem_pestat] (25, 50, 75) percentile: (159, 181, 207)
[M::mem_pestat] low and high boundaries for computing mean and std.dev: (63, 303)
[M::mem_pestat] mean and std.dev: (184.59, 33.39)
[M::mem_pestat] low and high boundaries for proper pairs: (15, 351)
[M::mem_pestat] skip orientation RF as there are not enough pairs
[M::mem_pestat] skip orientation RR as there are not enough pairs
[M::mem_process_seqs] Processed 645188 reads in 828.611 CPU sec, 106.320 real sec
[M::process] 0 single-end sequences; 645244 paired-end sequences
[M::process] read 645590 sequences (80000144 bp)...
[M::mem_pestat] # candidate unique pairs for (FF, FR, RF, RR): (0, 243347, 8, 0)
[M::mem_pestat] skip orientation FF as there are not enough pairs
[M::mem_pestat] analyzing insert size distribution for orientation FR...
[M::mem_pestat] (25, 50, 75) percentile: (159, 181, 206)
[M::mem_pestat] low and high boundaries for computing mean and std.dev: (65, 300)
[M::mem_pestat] mean and std.dev: (184.40, 33.31)
[M::mem_pestat] low and high boundaries for proper pairs: (18, 347)
[M::mem_pestat] skip orientation RF as there are not enough pairs
[M::mem_pestat] skip orientation RR as there are not enough pairs
[M::mem_process_seqs] Processed 645244 reads in 825.826 CPU sec, 105.972 real sec
[M::process] 0 single-end sequences; 645590 paired-end sequences
[M::process] read 645226 sequences (80000075 bp)...
[M::mem_pestat] # candidate unique pairs for (FF, FR, RF, RR): (0, 242800, 4, 0)
[M::mem_pestat] skip orientation FF as there are not enough pairs
[M::mem_pestat] analyzing insert size distribution for orientation FR...
[M::mem_pestat] (25, 50, 75) percentile: (160, 181, 207)
[M::mem_pestat] low and high boundaries for computing mean and std.dev: (66, 301)
[M::mem_pestat] mean and std.dev: (184.96, 33.48)
[M::mem_pestat] low and high boundaries for proper pairs: (19, 348)
[M::mem_pestat] skip orientation RF as there are not enough pairs
[M::mem_pestat] skip orientation RR as there are not enough pairs
[M::mem_process_seqs] Processed 645590 reads in 829.720 CPU sec, 106.442 real sec
[M::process] 0 single-end sequences; 645226 paired-end sequences
[M::process] read 645132 sequences (80000064 bp)...
[M::mem_pestat] # candidate unique pairs for (FF, FR, RF, RR): (0, 243351, 3, 0)
[M::mem_pestat] skip orientation FF as there are not enough pairs
[M::mem_pestat] analyzing insert size distribution for orientation FR...
[M::mem_pestat] (25, 50, 75) percentile: (160, 181, 207)
[M::mem_pestat] low and high boundaries for computing mean and std.dev: (66, 301)
[M::mem_pestat] mean and std.dev: (184.98, 33.45)
[M::mem_pestat] low and high boundaries for proper pairs: (19, 348)
[M::mem_pestat] skip orientation RF as there are not enough pairs
[M::mem_pestat] skip orientation RR as there are not enough pairs
[M::mem_process_seqs] Processed 645226 reads in 815.794 CPU sec, 104.731 real sec
[M::process] 0 single-end sequences; 645132 paired-end sequences
[M::process] read 645066 sequences (80000120 bp)...
[M::mem_pestat] # candidate unique pairs for (FF, FR, RF, RR): (0, 243604, 4, 0)
[M::mem_pestat] skip orientation FF as there are not enough pairs
[M::mem_pestat] analyzing insert size distribution for orientation FR...
[M::mem_pestat] (25, 50, 75) percentile: (160, 181, 207)
[M::mem_pestat] low and high boundaries for computing mean and std.dev: (66, 301)
[M::mem_pestat] mean and std.dev: (184.86, 33.42)
[M::mem_pestat] low and high boundaries for proper pairs: (19, 348)
[M::mem_pestat] skip orientation RF as there are not enough pairs
[M::mem_pestat] skip orientation RR as there are not enough pairs
[M::mem_process_seqs] Processed 645132 reads in 808.720 CPU sec, 103.828 real sec
[M::process] 0 single-end sequences; 645066 paired-end sequences
[M::process] read 645114 sequences (80000227 bp)...
[M::mem_pestat] # candidate unique pairs for (FF, FR, RF, RR): (0, 243421, 6, 0)
[M::mem_pestat] skip orientation FF as there are not enough pairs
[M::mem_pestat] analyzing insert size distribution for orientation FR...
[M::mem_pestat] (25, 50, 75) percentile: (160, 181, 207)
[M::mem_pestat] low and high boundaries for computing mean and std.dev: (66, 301)
[M::mem_pestat] mean and std.dev: (184.84, 33.40)
[M::mem_pestat] low and high boundaries for proper pairs: (19, 348)
[M::mem_pestat] skip orientation RF as there are not enough pairs
[M::mem_pestat] skip orientation RR as there are not enough pairs
[M::mem_process_seqs] Processed 645066 reads in 813.638 CPU sec, 104.422 real sec
[M::process] 0 single-end sequences; 645114 paired-end sequences
[M::process] read 645182 sequences (80000240 bp)...
[M::mem_pestat] # candidate unique pairs for (FF, FR, RF, RR): (0, 243673, 6, 0)
[M::mem_pestat] skip orientation FF as there are not enough pairs
[M::mem_pestat] analyzing insert size distribution for orientation FR...
[M::mem_pestat] (25, 50, 75) percentile: (160, 181, 207)
[M::mem_pestat] low and high boundaries for computing mean and std.dev: (66, 301)
[M::mem_pestat] mean and std.dev: (184.71, 33.38)
[M::mem_pestat] low and high boundaries for proper pairs: (19, 348)
[M::mem_pestat] skip orientation RF as there are not enough pairs
[M::mem_pestat] skip orientation RR as there are not enough pairs
[M::mem_process_seqs] Processed 645114 reads in 814.773 CPU sec, 104.581 real sec
[M::process] 0 single-end sequences; 645182 paired-end sequences
[M::process] read 645272 sequences (80000020 bp)...
[M::mem_pestat] # candidate unique pairs for (FF, FR, RF, RR): (0, 243388, 3, 0)
[M::mem_pestat] skip orientation FF as there are not enough pairs
[M::mem_pestat] analyzing insert size distribution for orientation FR...
[M::mem_pestat] (25, 50, 75) percentile: (159, 181, 207)
[M::mem_pestat] low and high boundaries for computing mean and std.dev: (63, 303)
[M::mem_pestat] mean and std.dev: (184.53, 33.51)
[M::mem_pestat] low and high boundaries for proper pairs: (15, 351)
[M::mem_pestat] skip orientation RF as there are not enough pairs
[M::mem_pestat] skip orientation RR as there are not enough pairs
[M::mem_process_seqs] Processed 645182 reads in 823.026 CPU sec, 105.596 real sec
[M::process] 0 single-end sequences; 645272 paired-end sequences
[M::process] read 645632 sequences (80000001 bp)...
[M::mem_pestat] # candidate unique pairs for (FF, FR, RF, RR): (0, 243187, 3, 0)
[M::mem_pestat] skip orientation FF as there are not enough pairs
[M::mem_pestat] analyzing insert size distribution for orientation FR...
[M::mem_pestat] (25, 50, 75) percentile: (159, 181, 207)
[M::mem_pestat] low and high boundaries for computing mean and std.dev: (63, 303)
[M::mem_pestat] mean and std.dev: (184.58, 33.45)
[M::mem_pestat] low and high boundaries for proper pairs: (15, 351)
[M::mem_pestat] skip orientation RF as there are not enough pairs
[M::mem_pestat] skip orientation RR as there are not enough pairs
[M::mem_process_seqs] Processed 645272 reads in 832.087 CPU sec, 106.733 real sec
[M::process] 0 single-end sequences; 645632 paired-end sequences
[M::process] read 645182 sequences (80000138 bp)...
[M::mem_pestat] # candidate unique pairs for (FF, FR, RF, RR): (0, 243292, 5, 0)
[M::mem_pestat] skip orientation FF as there are not enough pairs
[M::mem_pestat] analyzing insert size distribution for orientation FR...
[M::mem_pestat] (25, 50, 75) percentile: (160, 181, 207)
[M::mem_pestat] low and high boundaries for computing mean and std.dev: (66, 301)
[M::mem_pestat] mean and std.dev: (185.11, 33.51)
[M::mem_pestat] low and high boundaries for proper pairs: (19, 348)
[M::mem_pestat] skip orientation RF as there are not enough pairs
[M::mem_pestat] skip orientation RR as there are not enough pairs
[M::mem_process_seqs] Processed 645632 reads in 822.570 CPU sec, 105.567 real sec
[M::process] 0 single-end sequences; 645182 paired-end sequences
[M::process] read 645072 sequences (80000148 bp)...
[M::mem_pestat] # candidate unique pairs for (FF, FR, RF, RR): (0, 243639, 8, 0)
[M::mem_pestat] skip orientation FF as there are not enough pairs
[M::mem_pestat] analyzing insert size distribution for orientation FR...
[M::mem_pestat] (25, 50, 75) percentile: (160, 181, 207)
[M::mem_pestat] low and high boundaries for computing mean and std.dev: (66, 301)
[M::mem_pestat] mean and std.dev: (184.95, 33.50)
[M::mem_pestat] low and high boundaries for proper pairs: (19, 348)
[M::mem_pestat] skip orientation RF as there are not enough pairs
[M::mem_pestat] skip orientation RR as there are not enough pairs
[M::mem_process_seqs] Processed 645182 reads in 807.618 CPU sec, 103.682 real sec
[M::process] 0 single-end sequences; 645072 paired-end sequences
[M::process] read 645036 sequences (80000023 bp)...
[M::mem_pestat] # candidate unique pairs for (FF, FR, RF, RR): (0, 243549, 2, 0)
[M::mem_pestat] skip orientation FF as there are not enough pairs
[M::mem_pestat] analyzing insert size distribution for orientation FR...
[M::mem_pestat] (25, 50, 75) percentile: (160, 181, 207)
[M::mem_pestat] low and high boundaries for computing mean and std.dev: (66, 301)
[M::mem_pestat] mean and std.dev: (184.74, 33.45)
[M::mem_pestat] low and high boundaries for proper pairs: (19, 348)
[M::mem_pestat] skip orientation RF as there are not enough pairs
[M::mem_pestat] skip orientation RR as there are not enough pairs
[M::mem_process_seqs] Processed 645072 reads in 806.762 CPU sec, 103.587 real sec
[M::process] 0 single-end sequences; 645036 paired-end sequences
[M::process] read 645118 sequences (80000119 bp)...
[M::mem_pestat] # candidate unique pairs for (FF, FR, RF, RR): (0, 243621, 7, 0)
[M::mem_pestat] skip orientation FF as there are not enough pairs
[M::mem_pestat] analyzing insert size distribution for orientation FR...
[M::mem_pestat] (25, 50, 75) percentile: (160, 181, 207)
[M::mem_pestat] low and high boundaries for computing mean and std.dev: (66, 301)
[M::mem_pestat] mean and std.dev: (184.75, 33.38)
[M::mem_pestat] low and high boundaries for proper pairs: (19, 348)
[M::mem_pestat] skip orientation RF as there are not enough pairs
[M::mem_pestat] skip orientation RR as there are not enough pairs
[M::mem_process_seqs] Processed 645036 reads in 805.862 CPU sec, 103.925 real sec
[M::process] 0 single-end sequences; 645118 paired-end sequences
[M::process] read 645112 sequences (80000125 bp)...
[M::mem_pestat] # candidate unique pairs for (FF, FR, RF, RR): (0, 243680, 7, 0)
[M::mem_pestat] skip orientation FF as there are not enough pairs
[M::mem_pestat] analyzing insert size distribution for orientation FR...
[M::mem_pestat] (25, 50, 75) percentile: (159, 181, 207)
[M::mem_pestat] low and high boundaries for computing mean and std.dev: (63, 303)
[M::mem_pestat] mean and std.dev: (184.61, 33.44)
[M::mem_pestat] low and high boundaries for proper pairs: (15, 351)
[M::mem_pestat] skip orientation RF as there are not enough pairs
[M::mem_pestat] skip orientation RR as there are not enough pairs
[M::mem_process_seqs] Processed 645118 reads in 810.779 CPU sec, 104.070 real sec
[M::process] 0 single-end sequences; 645112 paired-end sequences
[M::process] read 645648 sequences (80000039 bp)...
[M::mem_pestat] # candidate unique pairs for (FF, FR, RF, RR): (0, 243448, 7, 0)
[M::mem_pestat] skip orientation FF as there are not enough pairs
[M::mem_pestat] analyzing insert size distribution for orientation FR...
[M::mem_pestat] (25, 50, 75) percentile: (159, 181, 206)
[M::mem_pestat] low and high boundaries for computing mean and std.dev: (65, 300)
[M::mem_pestat] mean and std.dev: (184.47, 33.38)
[M::mem_pestat] low and high boundaries for proper pairs: (18, 347)
[M::mem_pestat] skip orientation RF as there are not enough pairs
[M::mem_pestat] skip orientation RR as there are not enough pairs
[M::mem_process_seqs] Processed 645112 reads in 818.653 CPU sec, 105.060 real sec
[M::process] 0 single-end sequences; 645648 paired-end sequences
[M::process] read 645686 sequences (80000236 bp)...
[M::mem_pestat] # candidate unique pairs for (FF, FR, RF, RR): (0, 243526, 5, 0)
[M::mem_pestat] skip orientation FF as there are not enough pairs
[M::mem_pestat] analyzing insert size distribution for orientation FR...
[M::mem_pestat] (25, 50, 75) percentile: (160, 181, 207)
[M::mem_pestat] low and high boundaries for computing mean and std.dev: (66, 301)
[M::mem_pestat] mean and std.dev: (184.73, 33.42)
[M::mem_pestat] low and high boundaries for proper pairs: (19, 348)
[M::mem_pestat] skip orientation RF as there are not enough pairs
[M::mem_pestat] skip orientation RR as there are not enough pairs
[M::mem_process_seqs] Processed 645648 reads in 819.081 CPU sec, 105.145 real sec
[M::process] 0 single-end sequences; 645686 paired-end sequences
[M::process] read 645298 sequences (80000026 bp)...
[M::mem_pestat] # candidate unique pairs for (FF, FR, RF, RR): (0, 243149, 4, 0)
[M::mem_pestat] skip orientation FF as there are not enough pairs
[M::mem_pestat] analyzing insert size distribution for orientation FR...
[M::mem_pestat] (25, 50, 75) percentile: (160, 181, 207)
[M::mem_pestat] low and high boundaries for computing mean and std.dev: (66, 301)
[M::mem_pestat] mean and std.dev: (185.11, 33.53)
[M::mem_pestat] low and high boundaries for proper pairs: (19, 348)
[M::mem_pestat] skip orientation RF as there are not enough pairs
[M::mem_pestat] skip orientation RR as there are not enough pairs
[M::mem_process_seqs] Processed 645686 reads in 823.575 CPU sec, 105.675 real sec
[M::process] 0 single-end sequences; 645298 paired-end sequences
[M::process] read 645248 sequences (80000067 bp)...
[M::mem_pestat] # candidate unique pairs for (FF, FR, RF, RR): (0, 242997, 2, 0)
[M::mem_pestat] skip orientation FF as there are not enough pairs
[M::mem_pestat] analyzing insert size distribution for orientation FR...
[M::mem_pestat] (25, 50, 75) percentile: (160, 181, 207)
[M::mem_pestat] low and high boundaries for computing mean and std.dev: (66, 301)
[M::mem_pestat] mean and std.dev: (185.02, 33.47)
[M::mem_pestat] low and high boundaries for proper pairs: (19, 348)
[M::mem_pestat] skip orientation RF as there are not enough pairs
[M::mem_pestat] skip orientation RR as there are not enough pairs
[M::mem_process_seqs] Processed 645298 reads in 817.113 CPU sec, 104.874 real sec
[M::process] 0 single-end sequences; 645248 paired-end sequences
[M::process] read 645208 sequences (80000096 bp)...
[M::mem_pestat] # candidate unique pairs for (FF, FR, RF, RR): (0, 243565, 3, 0)
[M::mem_pestat] skip orientation FF as there are not enough pairs
[M::mem_pestat] analyzing insert size distribution for orientation FR...
[M::mem_pestat] (25, 50, 75) percentile: (160, 181, 207)
[M::mem_pestat] low and high boundaries for computing mean and std.dev: (66, 301)
[M::mem_pestat] mean and std.dev: (184.92, 33.40)
[M::mem_pestat] low and high boundaries for proper pairs: (19, 348)
[M::mem_pestat] skip orientation RF as there are not enough pairs
[M::mem_pestat] skip orientation RR as there are not enough pairs
[M::mem_process_seqs] Processed 645248 reads in 817.750 CPU sec, 104.949 real sec
[M::process] 0 single-end sequences; 645208 paired-end sequences
[M::process] read 645350 sequences (80000093 bp)...
[M::mem_pestat] # candidate unique pairs for (FF, FR, RF, RR): (0, 243603, 6, 0)
[M::mem_pestat] skip orientation FF as there are not enough pairs
[M::mem_pestat] analyzing insert size distribution for orientation FR...
[M::mem_pestat] (25, 50, 75) percentile: (160, 181, 207)
[M::mem_pestat] low and high boundaries for computing mean and std.dev: (66, 301)
[M::mem_pestat] mean and std.dev: (184.82, 33.46)
[M::mem_pestat] low and high boundaries for proper pairs: (19, 348)
[M::mem_pestat] skip orientation RF as there are not enough pairs
[M::mem_pestat] skip orientation RR as there are not enough pairs
[M::mem_process_seqs] Processed 645208 reads in 815.069 CPU sec, 104.644 real sec
[M::process] 0 single-end sequences; 645350 paired-end sequences
[M::process] read 645274 sequences (80000145 bp)...
[M::mem_pestat] # candidate unique pairs for (FF, FR, RF, RR): (0, 243385, 5, 0)
[M::mem_pestat] skip orientation FF as there are not enough pairs
[M::mem_pestat] analyzing insert size distribution for orientation FR...
[M::mem_pestat] (25, 50, 75) percentile: (160, 181, 207)
[M::mem_pestat] low and high boundaries for computing mean and std.dev: (66, 301)
[M::mem_pestat] mean and std.dev: (184.75, 33.41)
[M::mem_pestat] low and high boundaries for proper pairs: (19, 348)
[M::mem_pestat] skip orientation RF as there are not enough pairs
[M::mem_pestat] skip orientation RR as there are not enough pairs
[M::mem_process_seqs] Processed 645350 reads in 823.232 CPU sec, 105.643 real sec
[M::process] 0 single-end sequences; 645274 paired-end sequences
[M::process] read 645584 sequences (80000103 bp)...
[M::mem_pestat] # candidate unique pairs for (FF, FR, RF, RR): (0, 243023, 7, 0)
[M::mem_pestat] skip orientation FF as there are not enough pairs
[M::mem_pestat] analyzing insert size distribution for orientation FR...
[M::mem_pestat] (25, 50, 75) percentile: (159, 181, 206)
[M::mem_pestat] low and high boundaries for computing mean and std.dev: (65, 300)
[M::mem_pestat] mean and std.dev: (184.46, 33.35)
[M::mem_pestat] low and high boundaries for proper pairs: (18, 347)
[M::mem_pestat] skip orientation RF as there are not enough pairs
[M::mem_pestat] skip orientation RR as there are not enough pairs
[M::mem_process_seqs] Processed 645274 reads in 826.199 CPU sec, 106.029 real sec
[M::process] 0 single-end sequences; 645584 paired-end sequences
[M::process] read 645548 sequences (80000145 bp)...
[M::mem_pestat] # candidate unique pairs for (FF, FR, RF, RR): (0, 242606, 4, 0)
[M::mem_pestat] skip orientation FF as there are not enough pairs
[M::mem_pestat] analyzing insert size distribution for orientation FR...
[M::mem_pestat] (25, 50, 75) percentile: (160, 181, 207)
[M::mem_pestat] low and high boundaries for computing mean and std.dev: (66, 301)
[M::mem_pestat] mean and std.dev: (184.93, 33.41)
[M::mem_pestat] low and high boundaries for proper pairs: (19, 348)
[M::mem_pestat] skip orientation RF as there are not enough pairs
[M::mem_pestat] skip orientation RR as there are not enough pairs
[M::mem_process_seqs] Processed 645584 reads in 846.430 CPU sec, 108.543 real sec
[M::process] 0 single-end sequences; 645548 paired-end sequences
[M::process] read 645128 sequences (80000139 bp)...
[M::mem_pestat] # candidate unique pairs for (FF, FR, RF, RR): (0, 242925, 7, 0)
[M::mem_pestat] skip orientation FF as there are not enough pairs
[M::mem_pestat] analyzing insert size distribution for orientation FR...
[M::mem_pestat] (25, 50, 75) percentile: (160, 181, 207)
[M::mem_pestat] low and high boundaries for computing mean and std.dev: (66, 301)
[M::mem_pestat] mean and std.dev: (184.90, 33.46)
[M::mem_pestat] low and high boundaries for proper pairs: (19, 348)
[M::mem_pestat] skip orientation RF as there are not enough pairs
[M::mem_pestat] skip orientation RR as there are not enough pairs
[M::mem_process_seqs] Processed 645548 reads in 830.268 CPU sec, 106.522 real sec
[M::process] 0 single-end sequences; 645128 paired-end sequences
[M::process] read 645022 sequences (80000155 bp)...
[M::mem_pestat] # candidate unique pairs for (FF, FR, RF, RR): (0, 243053, 8, 0)
[M::mem_pestat] skip orientation FF as there are not enough pairs
[M::mem_pestat] analyzing insert size distribution for orientation FR...
[M::mem_pestat] (25, 50, 75) percentile: (160, 181, 207)
[M::mem_pestat] low and high boundaries for computing mean and std.dev: (66, 301)
[M::mem_pestat] mean and std.dev: (184.84, 33.40)
[M::mem_pestat] low and high boundaries for proper pairs: (19, 348)
[M::mem_pestat] skip orientation RF as there are not enough pairs
[M::mem_pestat] skip orientation RR as there are not enough pairs
[M::mem_process_seqs] Processed 645128 reads in 826.170 CPU sec, 106.014 real sec
[M::process] 0 single-end sequences; 645022 paired-end sequences
[M::process] read 645070 sequences (80000138 bp)...
[M::mem_pestat] # candidate unique pairs for (FF, FR, RF, RR): (0, 243606, 6, 0)
[M::mem_pestat] skip orientation FF as there are not enough pairs
[M::mem_pestat] analyzing insert size distribution for orientation FR...
[M::mem_pestat] (25, 50, 75) percentile: (160, 181, 207)
[M::mem_pestat] low and high boundaries for computing mean and std.dev: (66, 301)
[M::mem_pestat] mean and std.dev: (184.82, 33.39)
[M::mem_pestat] low and high boundaries for proper pairs: (19, 348)
[M::mem_pestat] skip orientation RF as there are not enough pairs
[M::mem_pestat] skip orientation RR as there are not enough pairs
[M::mem_process_seqs] Processed 645022 reads in 821.760 CPU sec, 105.447 real sec
[M::process] 0 single-end sequences; 645070 paired-end sequences
[M::process] read 645320 sequences (80000044 bp)...
[M::mem_pestat] # candidate unique pairs for (FF, FR, RF, RR): (0, 243330, 4, 0)
[M::mem_pestat] skip orientation FF as there are not enough pairs
[M::mem_pestat] analyzing insert size distribution for orientation FR...
[M::mem_pestat] (25, 50, 75) percentile: (159, 181, 207)
[M::mem_pestat] low and high boundaries for computing mean and std.dev: (63, 303)
[M::mem_pestat] mean and std.dev: (184.57, 33.38)
[M::mem_pestat] low and high boundaries for proper pairs: (15, 351)
[M::mem_pestat] skip orientation RF as there are not enough pairs
[M::mem_pestat] skip orientation RR as there are not enough pairs
[M::mem_process_seqs] Processed 645070 reads in 828.732 CPU sec, 106.349 real sec
[M::process] 0 single-end sequences; 645320 paired-end sequences
[M::process] read 645546 sequences (80000071 bp)...
[M::mem_pestat] # candidate unique pairs for (FF, FR, RF, RR): (0, 242472, 9, 0)
[M::mem_pestat] skip orientation FF as there are not enough pairs
[M::mem_pestat] analyzing insert size distribution for orientation FR...
[M::mem_pestat] (25, 50, 75) percentile: (159, 181, 207)
[M::mem_pestat] low and high boundaries for computing mean and std.dev: (63, 303)
[M::mem_pestat] mean and std.dev: (184.59, 33.42)
[M::mem_pestat] low and high boundaries for proper pairs: (15, 351)
[M::mem_pestat] skip orientation RF as there are not enough pairs
[M::mem_pestat] skip orientation RR as there are not enough pairs
[M::mem_process_seqs] Processed 645320 reads in 844.483 CPU sec, 108.291 real sec
[M::process] 0 single-end sequences; 645546 paired-end sequences
[M::process] read 645622 sequences (80000149 bp)...
[M::mem_pestat] # candidate unique pairs for (FF, FR, RF, RR): (0, 243204, 7, 0)
[M::mem_pestat] skip orientation FF as there are not enough pairs
[M::mem_pestat] analyzing insert size distribution for orientation FR...
[M::mem_pestat] (25, 50, 75) percentile: (159, 181, 207)
[M::mem_pestat] low and high boundaries for computing mean and std.dev: (63, 303)
[M::mem_pestat] mean and std.dev: (184.61, 33.42)
[M::mem_pestat] low and high boundaries for proper pairs: (15, 351)
[M::mem_pestat] skip orientation RF as there are not enough pairs
[M::mem_pestat] skip orientation RR as there are not enough pairs
[M::mem_process_seqs] Processed 645546 reads in 829.291 CPU sec, 106.398 real sec
[M::process] 0 single-end sequences; 645622 paired-end sequences
[M::process] read 645260 sequences (80000157 bp)...
[M::mem_pestat] # candidate unique pairs for (FF, FR, RF, RR): (0, 242945, 9, 0)
[M::mem_pestat] skip orientation FF as there are not enough pairs
[M::mem_pestat] analyzing insert size distribution for orientation FR...
[M::mem_pestat] (25, 50, 75) percentile: (160, 181, 207)
[M::mem_pestat] low and high boundaries for computing mean and std.dev: (66, 301)
[M::mem_pestat] mean and std.dev: (185.05, 33.42)
[M::mem_pestat] low and high boundaries for proper pairs: (19, 348)
[M::mem_pestat] skip orientation RF as there are not enough pairs
[M::mem_pestat] skip orientation RR as there are not enough pairs
[M::mem_process_seqs] Processed 645622 reads in 829.607 CPU sec, 106.444 real sec
[M::process] 0 single-end sequences; 645260 paired-end sequences
[M::process] read 645030 sequences (80000156 bp)...
[M::mem_pestat] # candidate unique pairs for (FF, FR, RF, RR): (0, 243477, 6, 0)
[M::mem_pestat] skip orientation FF as there are not enough pairs
[M::mem_pestat] analyzing insert size distribution for orientation FR...
[M::mem_pestat] (25, 50, 75) percentile: (160, 181, 207)
[M::mem_pestat] low and high boundaries for computing mean and std.dev: (66, 301)
[M::mem_pestat] mean and std.dev: (184.88, 33.47)
[M::mem_pestat] low and high boundaries for proper pairs: (19, 348)
[M::mem_pestat] skip orientation RF as there are not enough pairs
[M::mem_pestat] skip orientation RR as there are not enough pairs
[M::mem_process_seqs] Processed 645260 reads in 818.118 CPU sec, 105.005 real sec
[M::process] 0 single-end sequences; 645030 paired-end sequences
[M::process] read 645032 sequences (80000019 bp)...
[M::mem_pestat] # candidate unique pairs for (FF, FR, RF, RR): (0, 243152, 9, 0)
[M::mem_pestat] skip orientation FF as there are not enough pairs
[M::mem_pestat] analyzing insert size distribution for orientation FR...
[M::mem_pestat] (25, 50, 75) percentile: (160, 181, 207)
[M::mem_pestat] low and high boundaries for computing mean and std.dev: (66, 301)
[M::mem_pestat] mean and std.dev: (184.86, 33.48)
[M::mem_pestat] low and high boundaries for proper pairs: (19, 348)
[M::mem_pestat] skip orientation RF as there are not enough pairs
[M::mem_pestat] skip orientation RR as there are not enough pairs
[M::mem_process_seqs] Processed 645030 reads in 814.802 CPU sec, 104.576 real sec
[M::process] 0 single-end sequences; 645032 paired-end sequences
[M::process] read 645142 sequences (80000243 bp)...
[M::mem_pestat] # candidate unique pairs for (FF, FR, RF, RR): (0, 243384, 5, 0)
[M::mem_pestat] skip orientation FF as there are not enough pairs
[M::mem_pestat] analyzing insert size distribution for orientation FR...
[M::mem_pestat] (25, 50, 75) percentile: (159, 181, 206)
[M::mem_pestat] low and high boundaries for computing mean and std.dev: (65, 300)
[M::mem_pestat] mean and std.dev: (184.46, 33.35)
[M::mem_pestat] low and high boundaries for proper pairs: (18, 347)
[M::mem_pestat] skip orientation RF as there are not enough pairs
[M::mem_pestat] skip orientation RR as there are not enough pairs
[M::mem_process_seqs] Processed 645032 reads in 828.394 CPU sec, 106.308 real sec
[M::process] 0 single-end sequences; 645142 paired-end sequences
[M::process] read 645214 sequences (80000229 bp)...
[M::mem_pestat] # candidate unique pairs for (FF, FR, RF, RR): (0, 242971, 2, 0)
[M::mem_pestat] skip orientation FF as there are not enough pairs
[M::mem_pestat] analyzing insert size distribution for orientation FR...
[M::mem_pestat] (25, 50, 75) percentile: (159, 181, 207)
[M::mem_pestat] low and high boundaries for computing mean and std.dev: (63, 303)
[M::mem_pestat] mean and std.dev: (184.60, 33.41)
[M::mem_pestat] low and high boundaries for proper pairs: (15, 351)
[M::mem_pestat] skip orientation RF as there are not enough pairs
[M::mem_pestat] skip orientation RR as there are not enough pairs
[M::mem_process_seqs] Processed 645142 reads in 827.975 CPU sec, 106.222 real sec
[M::process] 0 single-end sequences; 645214 paired-end sequences
[M::process] read 646430 sequences (80000161 bp)...
[M::mem_pestat] # candidate unique pairs for (FF, FR, RF, RR): (0, 242760, 5, 0)
[M::mem_pestat] skip orientation FF as there are not enough pairs
[M::mem_pestat] analyzing insert size distribution for orientation FR...
[M::mem_pestat] (25, 50, 75) percentile: (159, 181, 207)
[M::mem_pestat] low and high boundaries for computing mean and std.dev: (63, 303)
[M::mem_pestat] mean and std.dev: (184.50, 33.39)
[M::mem_pestat] low and high boundaries for proper pairs: (15, 351)
[M::mem_pestat] skip orientation RF as there are not enough pairs
[M::mem_pestat] skip orientation RR as there are not enough pairs
[M::mem_process_seqs] Processed 645214 reads in 830.319 CPU sec, 106.515 real sec
[M::process] 0 single-end sequences; 646430 paired-end sequences
[M::process] read 645778 sequences (80000032 bp)...
[M::mem_pestat] # candidate unique pairs for (FF, FR, RF, RR): (0, 243408, 4, 0)
[M::mem_pestat] skip orientation FF as there are not enough pairs
[M::mem_pestat] analyzing insert size distribution for orientation FR...
[M::mem_pestat] (25, 50, 75) percentile: (160, 181, 207)
[M::mem_pestat] low and high boundaries for computing mean and std.dev: (66, 301)
[M::mem_pestat] mean and std.dev: (184.86, 33.44)
[M::mem_pestat] low and high boundaries for proper pairs: (19, 348)
[M::mem_pestat] skip orientation RF as there are not enough pairs
[M::mem_pestat] skip orientation RR as there are not enough pairs
[M::mem_process_seqs] Processed 646430 reads in 828.161 CPU sec, 106.274 real sec
[M::process] 0 single-end sequences; 645778 paired-end sequences
[M::process] read 645532 sequences (80000214 bp)...
[M::mem_pestat] # candidate unique pairs for (FF, FR, RF, RR): (0, 242794, 2, 0)
[M::mem_pestat] skip orientation FF as there are not enough pairs
[M::mem_pestat] analyzing insert size distribution for orientation FR...
[M::mem_pestat] (25, 50, 75) percentile: (160, 181, 207)
[M::mem_pestat] low and high boundaries for computing mean and std.dev: (66, 301)
[M::mem_pestat] mean and std.dev: (184.88, 33.42)
[M::mem_pestat] low and high boundaries for proper pairs: (19, 348)
[M::mem_pestat] skip orientation RF as there are not enough pairs
[M::mem_pestat] skip orientation RR as there are not enough pairs
[M::mem_process_seqs] Processed 645778 reads in 831.794 CPU sec, 106.733 real sec
[M::process] 0 single-end sequences; 645532 paired-end sequences
[M::process] read 645220 sequences (80000092 bp)...
[M::mem_pestat] # candidate unique pairs for (FF, FR, RF, RR): (0, 243414, 1, 0)
[M::mem_pestat] skip orientation FF as there are not enough pairs
[M::mem_pestat] analyzing insert size distribution for orientation FR...
[M::mem_pestat] (25, 50, 75) percentile: (160, 181, 207)
[M::mem_pestat] low and high boundaries for computing mean and std.dev: (66, 301)
[M::mem_pestat] mean and std.dev: (184.99, 33.50)
[M::mem_pestat] low and high boundaries for proper pairs: (19, 348)
[M::mem_pestat] skip orientation RF as there are not enough pairs
[M::mem_pestat] skip orientation RR as there are not enough pairs
[M::mem_process_seqs] Processed 645532 reads in 818.378 CPU sec, 105.043 real sec
[M::process] 0 single-end sequences; 645220 paired-end sequences
[M::process] read 645280 sequences (80000083 bp)...
[M::mem_pestat] # candidate unique pairs for (FF, FR, RF, RR): (0, 242361, 2, 0)
[M::mem_pestat] skip orientation FF as there are not enough pairs
[M::mem_pestat] analyzing insert size distribution for orientation FR...
[M::mem_pestat] (25, 50, 75) percentile: (160, 181, 207)
[M::mem_pestat] low and high boundaries for computing mean and std.dev: (66, 301)
[M::mem_pestat] mean and std.dev: (184.85, 33.48)
[M::mem_pestat] low and high boundaries for proper pairs: (19, 348)
[M::mem_pestat] skip orientation RF as there are not enough pairs
[M::mem_pestat] skip orientation RR as there are not enough pairs
[M::mem_process_seqs] Processed 645220 reads in 831.917 CPU sec, 106.759 real sec
[M::process] 0 single-end sequences; 645280 paired-end sequences
[M::process] read 645528 sequences (80000107 bp)...
[M::mem_pestat] # candidate unique pairs for (FF, FR, RF, RR): (0, 242730, 10, 0)
[M::mem_pestat] skip orientation FF as there are not enough pairs
[M::mem_pestat] analyzing insert size distribution for orientation FR...
[M::mem_pestat] (25, 50, 75) percentile: (160, 181, 207)
[M::mem_pestat] low and high boundaries for computing mean and std.dev: (66, 301)
[M::mem_pestat] mean and std.dev: (184.69, 33.43)
[M::mem_pestat] low and high boundaries for proper pairs: (19, 348)
[M::mem_pestat] analyzing insert size distribution for orientation RF...
[M::mem_pestat] (25, 50, 75) percentile: (162, 177, 185)
[M::mem_pestat] low and high boundaries for computing mean and std.dev: (116, 231)
[M::mem_pestat] mean and std.dev: (167.14, 19.59)
[M::mem_pestat] low and high boundaries for proper pairs: (89, 254)
[M::mem_pestat] skip orientation RR as there are not enough pairs
[M::mem_pestat] skip orientation RF
[M::mem_process_seqs] Processed 645280 reads in 835.341 CPU sec, 107.156 real sec
[M::process] 0 single-end sequences; 645528 paired-end sequences
[M::process] read 645764 sequences (80000161 bp)...
[M::mem_pestat] # candidate unique pairs for (FF, FR, RF, RR): (0, 242068, 4, 0)
[M::mem_pestat] skip orientation FF as there are not enough pairs
[M::mem_pestat] analyzing insert size distribution for orientation FR...
[M::mem_pestat] (25, 50, 75) percentile: (159, 181, 207)
[M::mem_pestat] low and high boundaries for computing mean and std.dev: (63, 303)
[M::mem_pestat] mean and std.dev: (184.65, 33.47)
[M::mem_pestat] low and high boundaries for proper pairs: (15, 351)
[M::mem_pestat] skip orientation RF as there are not enough pairs
[M::mem_pestat] skip orientation RR as there are not enough pairs
[M::mem_process_seqs] Processed 645528 reads in 846.228 CPU sec, 108.512 real sec
[M::process] 0 single-end sequences; 645764 paired-end sequences
[M::process] read 645518 sequences (80000219 bp)...
[M::mem_pestat] # candidate unique pairs for (FF, FR, RF, RR): (0, 243451, 3, 0)
[M::mem_pestat] skip orientation FF as there are not enough pairs
[M::mem_pestat] analyzing insert size distribution for orientation FR...
[M::mem_pestat] (25, 50, 75) percentile: (159, 181, 206)
[M::mem_pestat] low and high boundaries for computing mean and std.dev: (65, 300)
[M::mem_pestat] mean and std.dev: (184.49, 33.44)
[M::mem_pestat] low and high boundaries for proper pairs: (18, 347)
[M::mem_pestat] skip orientation RF as there are not enough pairs
[M::mem_pestat] skip orientation RR as there are not enough pairs
[M::mem_process_seqs] Processed 645764 reads in 830.759 CPU sec, 106.583 real sec
[M::process] 0 single-end sequences; 645518 paired-end sequences
[M::process] read 645240 sequences (80000104 bp)...
[M::mem_pestat] # candidate unique pairs for (FF, FR, RF, RR): (0, 242868, 5, 0)
[M::mem_pestat] skip orientation FF as there are not enough pairs
[M::mem_pestat] analyzing insert size distribution for orientation FR...
[M::mem_pestat] (25, 50, 75) percentile: (160, 181, 207)
[M::mem_pestat] low and high boundaries for computing mean and std.dev: (66, 301)
[M::mem_pestat] mean and std.dev: (184.92, 33.43)
[M::mem_pestat] low and high boundaries for proper pairs: (19, 348)
[M::mem_pestat] skip orientation RF as there are not enough pairs
[M::mem_pestat] skip orientation RR as there are not enough pairs
[M::mem_process_seqs] Processed 645518 reads in 830.944 CPU sec, 106.612 real sec
[M::process] 0 single-end sequences; 645240 paired-end sequences
[M::process] read 645122 sequences (80000133 bp)...
[M::mem_pestat] # candidate unique pairs for (FF, FR, RF, RR): (0, 243763, 5, 0)
[M::mem_pestat] skip orientation FF as there are not enough pairs
[M::mem_pestat] analyzing insert size distribution for orientation FR...
[M::mem_pestat] (25, 50, 75) percentile: (160, 181, 207)
[M::mem_pestat] low and high boundaries for computing mean and std.dev: (66, 301)
[M::mem_pestat] mean and std.dev: (184.91, 33.43)
[M::mem_pestat] low and high boundaries for proper pairs: (19, 348)
[M::mem_pestat] skip orientation RF as there are not enough pairs
[M::mem_pestat] skip orientation RR as there are not enough pairs
[M::mem_process_seqs] Processed 645240 reads in 809.996 CPU sec, 103.998 real sec
[M::process] 0 single-end sequences; 645122 paired-end sequences
[M::process] read 645104 sequences (80000169 bp)...
[M::mem_pestat] # candidate unique pairs for (FF, FR, RF, RR): (0, 243626, 6, 0)
[M::mem_pestat] skip orientation FF as there are not enough pairs
[M::mem_pestat] analyzing insert size distribution for orientation FR...
[M::mem_pestat] (25, 50, 75) percentile: (160, 181, 207)
[M::mem_pestat] low and high boundaries for computing mean and std.dev: (66, 301)
[M::mem_pestat] mean and std.dev: (184.87, 33.43)
[M::mem_pestat] low and high boundaries for proper pairs: (19, 348)
[M::mem_pestat] skip orientation RF as there are not enough pairs
[M::mem_pestat] skip orientation RR as there are not enough pairs
[M::mem_process_seqs] Processed 645122 reads in 806.705 CPU sec, 103.569 real sec
[M::process] 0 single-end sequences; 645104 paired-end sequences
[M::process] read 645270 sequences (80000068 bp)...
[M::mem_pestat] # candidate unique pairs for (FF, FR, RF, RR): (0, 243965, 6, 0)
[M::mem_pestat] skip orientation FF as there are not enough pairs
[M::mem_pestat] analyzing insert size distribution for orientation FR...
[M::mem_pestat] (25, 50, 75) percentile: (160, 181, 207)
[M::mem_pestat] low and high boundaries for computing mean and std.dev: (66, 301)
[M::mem_pestat] mean and std.dev: (184.70, 33.31)
[M::mem_pestat] low and high boundaries for proper pairs: (19, 348)
[M::mem_pestat] skip orientation RF as there are not enough pairs
[M::mem_pestat] skip orientation RR as there are not enough pairs
[M::mem_process_seqs] Processed 645104 reads in 817.028 CPU sec, 104.876 real sec
[M::process] 0 single-end sequences; 645270 paired-end sequences
[M::process] read 645198 sequences (80000196 bp)...
[M::mem_pestat] # candidate unique pairs for (FF, FR, RF, RR): (0, 243767, 5, 0)
[M::mem_pestat] skip orientation FF as there are not enough pairs
[M::mem_pestat] analyzing insert size distribution for orientation FR...
[M::mem_pestat] (25, 50, 75) percentile: (159, 181, 206)
[M::mem_pestat] low and high boundaries for computing mean and std.dev: (65, 300)
[M::mem_pestat] mean and std.dev: (184.46, 33.40)
[M::mem_pestat] low and high boundaries for proper pairs: (18, 347)
[M::mem_pestat] skip orientation RF as there are not enough pairs
[M::mem_pestat] skip orientation RR as there are not enough pairs
[M::mem_process_seqs] Processed 645270 reads in 814.073 CPU sec, 104.488 real sec
[M::process] 0 single-end sequences; 645198 paired-end sequences
[M::process] read 645670 sequences (80000122 bp)...
[M::mem_pestat] # candidate unique pairs for (FF, FR, RF, RR): (0, 243868, 3, 0)
[M::mem_pestat] skip orientation FF as there are not enough pairs
[M::mem_pestat] analyzing insert size distribution for orientation FR...
[M::mem_pestat] (25, 50, 75) percentile: (159, 181, 206)
[M::mem_pestat] low and high boundaries for computing mean and std.dev: (65, 300)
[M::mem_pestat] mean and std.dev: (184.41, 33.32)
[M::mem_pestat] low and high boundaries for proper pairs: (18, 347)
[M::mem_pestat] skip orientation RF as there are not enough pairs
[M::mem_pestat] skip orientation RR as there are not enough pairs
[M::mem_process_seqs] Processed 645198 reads in 821.864 CPU sec, 105.466 real sec
[M::process] 0 single-end sequences; 645670 paired-end sequences
[M::process] read 645610 sequences (80000188 bp)...
[M::mem_pestat] # candidate unique pairs for (FF, FR, RF, RR): (0, 243374, 4, 0)
[M::mem_pestat] skip orientation FF as there are not enough pairs
[M::mem_pestat] analyzing insert size distribution for orientation FR...
[M::mem_pestat] (25, 50, 75) percentile: (160, 181, 207)
[M::mem_pestat] low and high boundaries for computing mean and std.dev: (66, 301)
[M::mem_pestat] mean and std.dev: (184.77, 33.47)
[M::mem_pestat] low and high boundaries for proper pairs: (19, 348)
[M::mem_pestat] skip orientation RF as there are not enough pairs
[M::mem_pestat] skip orientation RR as there are not enough pairs
[M::mem_process_seqs] Processed 645670 reads in 821.336 CPU sec, 105.397 real sec
[M::process] 0 single-end sequences; 645610 paired-end sequences
[M::process] read 645172 sequences (80000180 bp)...
[M::mem_pestat] # candidate unique pairs for (FF, FR, RF, RR): (0, 243765, 2, 0)
[M::mem_pestat] skip orientation FF as there are not enough pairs
[M::mem_pestat] analyzing insert size distribution for orientation FR...
[M::mem_pestat] (25, 50, 75) percentile: (160, 181, 207)
[M::mem_pestat] low and high boundaries for computing mean and std.dev: (66, 301)
[M::mem_pestat] mean and std.dev: (185.13, 33.48)
[M::mem_pestat] low and high boundaries for proper pairs: (19, 348)
[M::mem_pestat] skip orientation RF as there are not enough pairs
[M::mem_pestat] skip orientation RR as there are not enough pairs
[M::mem_process_seqs] Processed 645610 reads in 810.088 CPU sec, 104.010 real sec
[M::process] 0 single-end sequences; 645172 paired-end sequences
[M::process] read 645062 sequences (80000046 bp)...
[M::mem_pestat] # candidate unique pairs for (FF, FR, RF, RR): (0, 243524, 7, 0)
[M::mem_pestat] skip orientation FF as there are not enough pairs
[M::mem_pestat] analyzing insert size distribution for orientation FR...
[M::mem_pestat] (25, 50, 75) percentile: (160, 181, 207)
[M::mem_pestat] low and high boundaries for computing mean and std.dev: (66, 301)
[M::mem_pestat] mean and std.dev: (184.95, 33.45)
[M::mem_pestat] low and high boundaries for proper pairs: (19, 348)
[M::mem_pestat] skip orientation RF as there are not enough pairs
[M::mem_pestat] skip orientation RR as there are not enough pairs
[M::mem_process_seqs] Processed 645172 reads in 802.680 CPU sec, 103.053 real sec
[M::process] 0 single-end sequences; 645062 paired-end sequences
[M::process] read 645128 sequences (80000126 bp)...
[M::mem_pestat] # candidate unique pairs for (FF, FR, RF, RR): (0, 244396, 6, 0)
[M::mem_pestat] skip orientation FF as there are not enough pairs
[M::mem_pestat] analyzing insert size distribution for orientation FR...
[M::mem_pestat] (25, 50, 75) percentile: (160, 181, 207)
[M::mem_pestat] low and high boundaries for computing mean and std.dev: (66, 301)
[M::mem_pestat] mean and std.dev: (184.98, 33.47)
[M::mem_pestat] low and high boundaries for proper pairs: (19, 348)
[M::mem_pestat] skip orientation RF as there are not enough pairs
[M::mem_pestat] skip orientation RR as there are not enough pairs
[M::mem_process_seqs] Processed 645062 reads in 794.833 CPU sec, 102.082 real sec
[M::process] 0 single-end sequences; 645128 paired-end sequences
[M::process] read 645236 sequences (80000003 bp)...
[M::mem_pestat] # candidate unique pairs for (FF, FR, RF, RR): (0, 244251, 10, 0)
[M::mem_pestat] skip orientation FF as there are not enough pairs
[M::mem_pestat] analyzing insert size distribution for orientation FR...
[M::mem_pestat] (25, 50, 75) percentile: (160, 181, 207)
[M::mem_pestat] low and high boundaries for computing mean and std.dev: (66, 301)
[M::mem_pestat] mean and std.dev: (184.75, 33.48)
[M::mem_pestat] low and high boundaries for proper pairs: (19, 348)
[M::mem_pestat] analyzing insert size distribution for orientation RF...
[M::mem_pestat] (25, 50, 75) percentile: (143, 170, 2048)
[M::mem_pestat] low and high boundaries for computing mean and std.dev: (1, 5858)
[M::mem_pestat] mean and std.dev: (1050.10, 1441.30)
[M::mem_pestat] low and high boundaries for proper pairs: (1, 7763)
[M::mem_pestat] skip orientation RR as there are not enough pairs
[M::mem_pestat] skip orientation RF
[M::mem_process_seqs] Processed 645128 reads in 808.568 CPU sec, 103.797 real sec
[M::process] 0 single-end sequences; 645236 paired-end sequences
[M::process] read 645184 sequences (80000099 bp)...
[M::mem_pestat] # candidate unique pairs for (FF, FR, RF, RR): (0, 243651, 8, 0)
[M::mem_pestat] skip orientation FF as there are not enough pairs
[M::mem_pestat] analyzing insert size distribution for orientation FR...
[M::mem_pestat] (25, 50, 75) percentile: (160, 181, 207)
[M::mem_pestat] low and high boundaries for computing mean and std.dev: (66, 301)
[M::mem_pestat] mean and std.dev: (184.60, 33.41)
[M::mem_pestat] low and high boundaries for proper pairs: (19, 348)
[M::mem_pestat] skip orientation RF as there are not enough pairs
[M::mem_pestat] skip orientation RR as there are not enough pairs
[M::mem_process_seqs] Processed 645236 reads in 821.989 CPU sec, 105.499 real sec
[M::process] 0 single-end sequences; 645184 paired-end sequences
[M::process] read 645628 sequences (80000046 bp)...
[M::mem_pestat] # candidate unique pairs for (FF, FR, RF, RR): (0, 243455, 7, 0)
[M::mem_pestat] skip orientation FF as there are not enough pairs
[M::mem_pestat] analyzing insert size distribution for orientation FR...
[M::mem_pestat] (25, 50, 75) percentile: (159, 181, 206)
[M::mem_pestat] low and high boundaries for computing mean and std.dev: (65, 300)
[M::mem_pestat] mean and std.dev: (184.28, 33.29)
[M::mem_pestat] low and high boundaries for proper pairs: (18, 347)
[M::mem_pestat] skip orientation RF as there are not enough pairs
[M::mem_pestat] skip orientation RR as there are not enough pairs
[M::mem_process_seqs] Processed 645184 reads in 812.847 CPU sec, 104.355 real sec
[M::process] 0 single-end sequences; 645628 paired-end sequences
[M::process] read 645432 sequences (80000138 bp)...
[M::mem_pestat] # candidate unique pairs for (FF, FR, RF, RR): (0, 243223, 4, 0)
[M::mem_pestat] skip orientation FF as there are not enough pairs
[M::mem_pestat] analyzing insert size distribution for orientation FR...
[M::mem_pestat] (25, 50, 75) percentile: (160, 181, 207)
[M::mem_pestat] low and high boundaries for computing mean and std.dev: (66, 301)
[M::mem_pestat] mean and std.dev: (185.09, 33.46)
[M::mem_pestat] low and high boundaries for proper pairs: (19, 348)
[M::mem_pestat] skip orientation RF as there are not enough pairs
[M::mem_pestat] skip orientation RR as there are not enough pairs
[M::mem_process_seqs] Processed 645628 reads in 827.748 CPU sec, 106.237 real sec
[M::process] 0 single-end sequences; 645432 paired-end sequences
[M::process] read 645168 sequences (80000241 bp)...
[M::mem_pestat] # candidate unique pairs for (FF, FR, RF, RR): (0, 243321, 4, 0)
[M::mem_pestat] skip orientation FF as there are not enough pairs
[M::mem_pestat] analyzing insert size distribution for orientation FR...
[M::mem_pestat] (25, 50, 75) percentile: (160, 181, 207)
[M::mem_pestat] low and high boundaries for computing mean and std.dev: (66, 301)
[M::mem_pestat] mean and std.dev: (185.12, 33.54)
[M::mem_pestat] low and high boundaries for proper pairs: (19, 348)
[M::mem_pestat] skip orientation RF as there are not enough pairs
[M::mem_pestat] skip orientation RR as there are not enough pairs
[M::mem_process_seqs] Processed 645432 reads in 818.110 CPU sec, 104.983 real sec
[M::process] 0 single-end sequences; 645168 paired-end sequences
[M::process] read 645170 sequences (80000152 bp)...
[M::mem_pestat] # candidate unique pairs for (FF, FR, RF, RR): (0, 243384, 7, 0)
[M::mem_pestat] skip orientation FF as there are not enough pairs
[M::mem_pestat] analyzing insert size distribution for orientation FR...
[M::mem_pestat] (25, 50, 75) percentile: (160, 181, 207)
[M::mem_pestat] low and high boundaries for computing mean and std.dev: (66, 301)
[M::mem_pestat] mean and std.dev: (184.97, 33.44)
[M::mem_pestat] low and high boundaries for proper pairs: (19, 348)
[M::mem_pestat] skip orientation RF as there are not enough pairs
[M::mem_pestat] skip orientation RR as there are not enough pairs
[M::mem_process_seqs] Processed 645168 reads in 806.519 CPU sec, 103.550 real sec
[M::process] 0 single-end sequences; 645170 paired-end sequences
[M::process] read 645308 sequences (80000239 bp)...
[M::mem_pestat] # candidate unique pairs for (FF, FR, RF, RR): (0, 243336, 8, 0)
[M::mem_pestat] skip orientation FF as there are not enough pairs
[M::mem_pestat] analyzing insert size distribution for orientation FR...
[M::mem_pestat] (25, 50, 75) percentile: (160, 181, 207)
[M::mem_pestat] low and high boundaries for computing mean and std.dev: (66, 301)
[M::mem_pestat] mean and std.dev: (184.98, 33.44)
[M::mem_pestat] low and high boundaries for proper pairs: (19, 348)
[M::mem_pestat] skip orientation RF as there are not enough pairs
[M::mem_pestat] skip orientation RR as there are not enough pairs
[M::mem_process_seqs] Processed 645170 reads in 819.158 CPU sec, 105.133 real sec
[M::process] 0 single-end sequences; 645308 paired-end sequences
[M::process] read 645372 sequences (80000030 bp)...
[M::mem_pestat] # candidate unique pairs for (FF, FR, RF, RR): (0, 243286, 8, 0)
[M::mem_pestat] skip orientation FF as there are not enough pairs
[M::mem_pestat] analyzing insert size distribution for orientation FR...
[M::mem_pestat] (25, 50, 75) percentile: (160, 181, 207)
[M::mem_pestat] low and high boundaries for computing mean and std.dev: (66, 301)
[M::mem_pestat] mean and std.dev: (184.82, 33.47)
[M::mem_pestat] low and high boundaries for proper pairs: (19, 348)
[M::mem_pestat] skip orientation RF as there are not enough pairs
[M::mem_pestat] skip orientation RR as there are not enough pairs
[M::mem_process_seqs] Processed 645308 reads in 824.274 CPU sec, 105.750 real sec
[M::process] 0 single-end sequences; 645372 paired-end sequences
[M::process] read 645420 sequences (80000090 bp)...
[M::mem_pestat] # candidate unique pairs for (FF, FR, RF, RR): (0, 243275, 4, 0)
[M::mem_pestat] skip orientation FF as there are not enough pairs
[M::mem_pestat] analyzing insert size distribution for orientation FR...
[M::mem_pestat] (25, 50, 75) percentile: (159, 181, 207)
[M::mem_pestat] low and high boundaries for computing mean and std.dev: (63, 303)
[M::mem_pestat] mean and std.dev: (184.59, 33.47)
[M::mem_pestat] low and high boundaries for proper pairs: (15, 351)
[M::mem_pestat] skip orientation RF as there are not enough pairs
[M::mem_pestat] skip orientation RR as there are not enough pairs
[M::mem_process_seqs] Processed 645372 reads in 825.696 CPU sec, 105.965 real sec
[M::process] 0 single-end sequences; 645420 paired-end sequences
[M::process] read 646272 sequences (80000192 bp)...
[M::mem_pestat] # candidate unique pairs for (FF, FR, RF, RR): (0, 243749, 5, 0)
[M::mem_pestat] skip orientation FF as there are not enough pairs
[M::mem_pestat] analyzing insert size distribution for orientation FR...
[M::mem_pestat] (25, 50, 75) percentile: (160, 181, 207)
[M::mem_pestat] low and high boundaries for computing mean and std.dev: (66, 301)
[M::mem_pestat] mean and std.dev: (184.62, 33.42)
[M::mem_pestat] low and high boundaries for proper pairs: (19, 348)
[M::mem_pestat] skip orientation RF as there are not enough pairs
[M::mem_pestat] skip orientation RR as there are not enough pairs
[M::mem_process_seqs] Processed 645420 reads in 816.347 CPU sec, 104.773 real sec
[M::process] 0 single-end sequences; 646272 paired-end sequences
[M::process] read 645520 sequences (80000142 bp)...
[M::mem_pestat] # candidate unique pairs for (FF, FR, RF, RR): (0, 242921, 4, 0)
[M::mem_pestat] skip orientation FF as there are not enough pairs
[M::mem_pestat] analyzing insert size distribution for orientation FR...
[M::mem_pestat] (25, 50, 75) percentile: (160, 181, 207)
[M::mem_pestat] low and high boundaries for computing mean and std.dev: (66, 301)
[M::mem_pestat] mean and std.dev: (185.03, 33.43)
[M::mem_pestat] low and high boundaries for proper pairs: (19, 348)
[M::mem_pestat] skip orientation RF as there are not enough pairs
[M::mem_pestat] skip orientation RR as there are not enough pairs
[M::mem_process_seqs] Processed 646272 reads in 837.902 CPU sec, 107.489 real sec
[M::process] 0 single-end sequences; 645520 paired-end sequences
[M::process] read 645112 sequences (80000123 bp)...
[M::mem_pestat] # candidate unique pairs for (FF, FR, RF, RR): (0, 243072, 4, 0)
[M::mem_pestat] skip orientation FF as there are not enough pairs
[M::mem_pestat] analyzing insert size distribution for orientation FR...
[M::mem_pestat] (25, 50, 75) percentile: (160, 181, 207)
[M::mem_pestat] low and high boundaries for computing mean and std.dev: (66, 301)
[M::mem_pestat] mean and std.dev: (184.94, 33.50)
[M::mem_pestat] low and high boundaries for proper pairs: (19, 348)
[M::mem_pestat] skip orientation RF as there are not enough pairs
[M::mem_pestat] skip orientation RR as there are not enough pairs
[M::mem_process_seqs] Processed 645520 reads in 825.478 CPU sec, 105.919 real sec
[M::process] 0 single-end sequences; 645112 paired-end sequences
[M::process] read 645078 sequences (80000224 bp)...
[M::mem_pestat] # candidate unique pairs for (FF, FR, RF, RR): (0, 243733, 2, 0)
[M::mem_pestat] skip orientation FF as there are not enough pairs
[M::mem_pestat] analyzing insert size distribution for orientation FR...
[M::mem_pestat] (25, 50, 75) percentile: (160, 181, 207)
[M::mem_pestat] low and high boundaries for computing mean and std.dev: (66, 301)
[M::mem_pestat] mean and std.dev: (184.86, 33.47)
[M::mem_pestat] low and high boundaries for proper pairs: (19, 348)
[M::mem_pestat] skip orientation RF as there are not enough pairs
[M::mem_pestat] skip orientation RR as there are not enough pairs
[M::mem_process_seqs] Processed 645112 reads in 817.332 CPU sec, 104.929 real sec
[M::process] 0 single-end sequences; 645078 paired-end sequences
[M::process] read 645240 sequences (80000106 bp)...
[M::mem_pestat] # candidate unique pairs for (FF, FR, RF, RR): (0, 243459, 6, 0)
[M::mem_pestat] skip orientation FF as there are not enough pairs
[M::mem_pestat] analyzing insert size distribution for orientation FR...
[M::mem_pestat] (25, 50, 75) percentile: (160, 181, 207)
[M::mem_pestat] low and high boundaries for computing mean and std.dev: (66, 301)
[M::mem_pestat] mean and std.dev: (184.74, 33.43)
[M::mem_pestat] low and high boundaries for proper pairs: (19, 348)
[M::mem_pestat] skip orientation RF as there are not enough pairs
[M::mem_pestat] skip orientation RR as there are not enough pairs
[M::mem_process_seqs] Processed 645078 reads in 826.996 CPU sec, 106.116 real sec
[M::process] 0 single-end sequences; 645240 paired-end sequences
[M::process] read 645274 sequences (80000103 bp)...
[M::mem_pestat] # candidate unique pairs for (FF, FR, RF, RR): (0, 242637, 7, 0)
[M::mem_pestat] skip orientation FF as there are not enough pairs
[M::mem_pestat] analyzing insert size distribution for orientation FR...
[M::mem_pestat] (25, 50, 75) percentile: (160, 181, 207)
[M::mem_pestat] low and high boundaries for computing mean and std.dev: (66, 301)
[M::mem_pestat] mean and std.dev: (184.74, 33.39)
[M::mem_pestat] low and high boundaries for proper pairs: (19, 348)
[M::mem_pestat] skip orientation RF as there are not enough pairs
[M::mem_pestat] skip orientation RR as there are not enough pairs
[M::mem_process_seqs] Processed 645240 reads in 838.596 CPU sec, 107.582 real sec
[M::process] 0 single-end sequences; 645274 paired-end sequences
[M::process] read 646150 sequences (80000125 bp)...
[M::mem_pestat] # candidate unique pairs for (FF, FR, RF, RR): (0, 243127, 1, 0)
[M::mem_pestat] skip orientation FF as there are not enough pairs
[M::mem_pestat] analyzing insert size distribution for orientation FR...
[M::mem_pestat] (25, 50, 75) percentile: (159, 181, 206)
[M::mem_pestat] low and high boundaries for computing mean and std.dev: (65, 300)
[M::mem_pestat] mean and std.dev: (184.46, 33.39)
[M::mem_pestat] low and high boundaries for proper pairs: (18, 347)
[M::mem_pestat] skip orientation RF as there are not enough pairs
[M::mem_pestat] skip orientation RR as there are not enough pairs
[M::mem_process_seqs] Processed 645274 reads in 829.611 CPU sec, 106.446 real sec
[M::process] 0 single-end sequences; 646150 paired-end sequences
[M::process] read 645618 sequences (80000132 bp)...
[M::mem_pestat] # candidate unique pairs for (FF, FR, RF, RR): (0, 243368, 6, 0)
[M::mem_pestat] skip orientation FF as there are not enough pairs
[M::mem_pestat] analyzing insert size distribution for orientation FR...
[M::mem_pestat] (25, 50, 75) percentile: (160, 181, 207)
[M::mem_pestat] low and high boundaries for computing mean and std.dev: (66, 301)
[M::mem_pestat] mean and std.dev: (184.72, 33.37)
[M::mem_pestat] low and high boundaries for proper pairs: (19, 348)
[M::mem_pestat] skip orientation RF as there are not enough pairs
[M::mem_pestat] skip orientation RR as there are not enough pairs
[M::mem_process_seqs] Processed 646150 reads in 824.044 CPU sec, 105.752 real sec
[M::process] 0 single-end sequences; 645618 paired-end sequences
[M::process] read 645216 sequences (80000064 bp)...
[M::mem_pestat] # candidate unique pairs for (FF, FR, RF, RR): (0, 242850, 2, 0)
[M::mem_pestat] skip orientation FF as there are not enough pairs
[M::mem_pestat] analyzing insert size distribution for orientation FR...
[M::mem_pestat] (25, 50, 75) percentile: (160, 181, 207)
[M::mem_pestat] low and high boundaries for computing mean and std.dev: (66, 301)
[M::mem_pestat] mean and std.dev: (184.96, 33.40)
[M::mem_pestat] low and high boundaries for proper pairs: (19, 348)
[M::mem_pestat] skip orientation RF as there are not enough pairs
[M::mem_pestat] skip orientation RR as there are not enough pairs
[M::mem_process_seqs] Processed 645618 reads in 820.435 CPU sec, 105.297 real sec
[M::process] 0 single-end sequences; 645216 paired-end sequences
[M::process] read 645052 sequences (80000207 bp)...
[M::mem_pestat] # candidate unique pairs for (FF, FR, RF, RR): (0, 243435, 3, 0)
[M::mem_pestat] skip orientation FF as there are not enough pairs
[M::mem_pestat] analyzing insert size distribution for orientation FR...
[M::mem_pestat] (25, 50, 75) percentile: (160, 181, 207)
[M::mem_pestat] low and high boundaries for computing mean and std.dev: (66, 301)
[M::mem_pestat] mean and std.dev: (184.91, 33.40)
[M::mem_pestat] low and high boundaries for proper pairs: (19, 348)
[M::mem_pestat] skip orientation RF as there are not enough pairs
[M::mem_pestat] skip orientation RR as there are not enough pairs
[M::mem_process_seqs] Processed 645216 reads in 814.907 CPU sec, 104.594 real sec
[M::process] 0 single-end sequences; 645052 paired-end sequences
[M::process] read 645158 sequences (80000215 bp)...
[M::mem_pestat] # candidate unique pairs for (FF, FR, RF, RR): (0, 243908, 5, 0)
[M::mem_pestat] skip orientation FF as there are not enough pairs
[M::mem_pestat] analyzing insert size distribution for orientation FR...
[M::mem_pestat] (25, 50, 75) percentile: (160, 181, 207)
[M::mem_pestat] low and high boundaries for computing mean and std.dev: (66, 301)
[M::mem_pestat] mean and std.dev: (184.66, 33.38)
[M::mem_pestat] low and high boundaries for proper pairs: (19, 348)
[M::mem_pestat] skip orientation RF as there are not enough pairs
[M::mem_pestat] skip orientation RR as there are not enough pairs
[M::mem_process_seqs] Processed 645052 reads in 811.467 CPU sec, 104.180 real sec
[M::process] 0 single-end sequences; 645158 paired-end sequences
[M::process] read 645340 sequences (80000024 bp)...
[M::mem_pestat] # candidate unique pairs for (FF, FR, RF, RR): (0, 242932, 7, 0)
[M::mem_pestat] skip orientation FF as there are not enough pairs
[M::mem_pestat] analyzing insert size distribution for orientation FR...
[M::mem_pestat] (25, 50, 75) percentile: (159, 181, 207)
[M::mem_pestat] low and high boundaries for computing mean and std.dev: (63, 303)
[M::mem_pestat] mean and std.dev: (184.67, 33.43)
[M::mem_pestat] low and high boundaries for proper pairs: (15, 351)
[M::mem_pestat] skip orientation RF as there are not enough pairs
[M::mem_pestat] skip orientation RR as there are not enough pairs
[M::mem_process_seqs] Processed 645158 reads in 832.026 CPU sec, 106.761 real sec
[M::process] 0 single-end sequences; 645340 paired-end sequences
[M::process] read 645456 sequences (80000064 bp)...
[M::mem_pestat] # candidate unique pairs for (FF, FR, RF, RR): (0, 242818, 4, 0)
[M::mem_pestat] skip orientation FF as there are not enough pairs
[M::mem_pestat] analyzing insert size distribution for orientation FR...
[M::mem_pestat] (25, 50, 75) percentile: (160, 181, 207)
[M::mem_pestat] low and high boundaries for computing mean and std.dev: (66, 301)
[M::mem_pestat] mean and std.dev: (184.66, 33.50)
[M::mem_pestat] low and high boundaries for proper pairs: (19, 348)
[M::mem_pestat] skip orientation RF as there are not enough pairs
[M::mem_pestat] skip orientation RR as there are not enough pairs
[M::mem_process_seqs] Processed 645340 reads in 831.425 CPU sec, 106.661 real sec
[M::process] 0 single-end sequences; 645456 paired-end sequences
[M::process] read 646170 sequences (80000040 bp)...
[M::mem_pestat] # candidate unique pairs for (FF, FR, RF, RR): (0, 243244, 8, 0)
[M::mem_pestat] skip orientation FF as there are not enough pairs
[M::mem_pestat] analyzing insert size distribution for orientation FR...
[M::mem_pestat] (25, 50, 75) percentile: (159, 181, 206)
[M::mem_pestat] low and high boundaries for computing mean and std.dev: (65, 300)
[M::mem_pestat] mean and std.dev: (184.41, 33.36)
[M::mem_pestat] low and high boundaries for proper pairs: (18, 347)
[M::mem_pestat] skip orientation RF as there are not enough pairs
[M::mem_pestat] skip orientation RR as there are not enough pairs
[M::mem_process_seqs] Processed 645456 reads in 828.340 CPU sec, 106.288 real sec
[M::process] 0 single-end sequences; 646170 paired-end sequences
[M::process] read 645394 sequences (80000128 bp)...
[M::mem_pestat] # candidate unique pairs for (FF, FR, RF, RR): (0, 242840, 8, 0)
[M::mem_pestat] skip orientation FF as there are not enough pairs
[M::mem_pestat] analyzing insert size distribution for orientation FR...
[M::mem_pestat] (25, 50, 75) percentile: (160, 181, 207)
[M::mem_pestat] low and high boundaries for computing mean and std.dev: (66, 301)
[M::mem_pestat] mean and std.dev: (184.99, 33.45)
[M::mem_pestat] low and high boundaries for proper pairs: (19, 348)
[M::mem_pestat] skip orientation RF as there are not enough pairs
[M::mem_pestat] skip orientation RR as there are not enough pairs
[M::mem_process_seqs] Processed 646170 reads in 833.799 CPU sec, 106.949 real sec
[M::process] 0 single-end sequences; 645394 paired-end sequences
[M::process] read 645210 sequences (80000121 bp)...
[M::mem_pestat] # candidate unique pairs for (FF, FR, RF, RR): (0, 243418, 3, 0)
[M::mem_pestat] skip orientation FF as there are not enough pairs
[M::mem_pestat] analyzing insert size distribution for orientation FR...
[M::mem_pestat] (25, 50, 75) percentile: (160, 181, 207)
[M::mem_pestat] low and high boundaries for computing mean and std.dev: (66, 301)
[M::mem_pestat] mean and std.dev: (185.04, 33.37)
[M::mem_pestat] low and high boundaries for proper pairs: (19, 348)
[M::mem_pestat] skip orientation RF as there are not enough pairs
[M::mem_pestat] skip orientation RR as there are not enough pairs
[M::mem_process_seqs] Processed 645394 reads in 824.021 CPU sec, 105.740 real sec
[M::process] 0 single-end sequences; 645210 paired-end sequences
[M::process] read 645164 sequences (80000168 bp)...
[M::mem_pestat] # candidate unique pairs for (FF, FR, RF, RR): (0, 243143, 0, 0)
[M::mem_pestat] skip orientation FF as there are not enough pairs
[M::mem_pestat] analyzing insert size distribution for orientation FR...
[M::mem_pestat] (25, 50, 75) percentile: (160, 181, 207)
[M::mem_pestat] low and high boundaries for computing mean and std.dev: (66, 301)
[M::mem_pestat] mean and std.dev: (184.93, 33.52)
[M::mem_pestat] low and high boundaries for proper pairs: (19, 348)
[M::mem_pestat] skip orientation RF as there are not enough pairs
[M::mem_pestat] skip orientation RR as there are not enough pairs
[M::mem_process_seqs] Processed 645210 reads in 819.905 CPU sec, 105.231 real sec
[M::process] 0 single-end sequences; 645164 paired-end sequences
[M::process] read 645266 sequences (80000094 bp)...
[M::mem_pestat] # candidate unique pairs for (FF, FR, RF, RR): (0, 242663, 6, 0)
[M::mem_pestat] skip orientation FF as there are not enough pairs
[M::mem_pestat] analyzing insert size distribution for orientation FR...
[M::mem_pestat] (25, 50, 75) percentile: (160, 181, 207)
[M::mem_pestat] low and high boundaries for computing mean and std.dev: (66, 301)
[M::mem_pestat] mean and std.dev: (184.82, 33.44)
[M::mem_pestat] low and high boundaries for proper pairs: (19, 348)
[M::mem_pestat] skip orientation RF as there are not enough pairs
[M::mem_pestat] skip orientation RR as there are not enough pairs
[M::mem_process_seqs] Processed 645164 reads in 831.940 CPU sec, 106.721 real sec
[M::process] 0 single-end sequences; 645266 paired-end sequences
[M::process] read 645442 sequences (80000230 bp)...
[M::mem_pestat] # candidate unique pairs for (FF, FR, RF, RR): (0, 242907, 7, 0)
[M::mem_pestat] skip orientation FF as there are not enough pairs
[M::mem_pestat] analyzing insert size distribution for orientation FR...
[M::mem_pestat] (25, 50, 75) percentile: (159, 181, 206)
[M::mem_pestat] low and high boundaries for computing mean and std.dev: (65, 300)
[M::mem_pestat] mean and std.dev: (184.39, 33.28)
[M::mem_pestat] low and high boundaries for proper pairs: (18, 347)
[M::mem_pestat] skip orientation RF as there are not enough pairs
[M::mem_pestat] skip orientation RR as there are not enough pairs
[M::mem_process_seqs] Processed 645266 reads in 830.470 CPU sec, 106.538 real sec
[M::process] 0 single-end sequences; 645442 paired-end sequences
[M::process] read 645390 sequences (80000175 bp)...
[M::mem_pestat] # candidate unique pairs for (FF, FR, RF, RR): (0, 242634, 4, 0)
[M::mem_pestat] skip orientation FF as there are not enough pairs
[M::mem_pestat] analyzing insert size distribution for orientation FR...
[M::mem_pestat] (25, 50, 75) percentile: (159, 181, 207)
[M::mem_pestat] low and high boundaries for computing mean and std.dev: (63, 303)
[M::mem_pestat] mean and std.dev: (184.58, 33.37)
[M::mem_pestat] low and high boundaries for proper pairs: (15, 351)
[M::mem_pestat] skip orientation RF as there are not enough pairs
[M::mem_pestat] skip orientation RR as there are not enough pairs
[M::mem_process_seqs] Processed 645442 reads in 834.797 CPU sec, 107.081 real sec
[M::process] 0 single-end sequences; 645390 paired-end sequences
[M::process] read 645240 sequences (80000083 bp)...
[M::mem_pestat] # candidate unique pairs for (FF, FR, RF, RR): (0, 242684, 3, 0)
[M::mem_pestat] skip orientation FF as there are not enough pairs
[M::mem_pestat] analyzing insert size distribution for orientation FR...
[M::mem_pestat] (25, 50, 75) percentile: (160, 181, 207)
[M::mem_pestat] low and high boundaries for computing mean and std.dev: (66, 301)
[M::mem_pestat] mean and std.dev: (184.76, 33.40)
[M::mem_pestat] low and high boundaries for proper pairs: (19, 348)
[M::mem_pestat] skip orientation RF as there are not enough pairs
[M::mem_pestat] skip orientation RR as there are not enough pairs
[M::mem_process_seqs] Processed 645390 reads in 830.597 CPU sec, 106.548 real sec
[M::process] 0 single-end sequences; 645240 paired-end sequences
[M::process] read 645018 sequences (80000140 bp)...
[M::mem_pestat] # candidate unique pairs for (FF, FR, RF, RR): (0, 243204, 11, 0)
[M::mem_pestat] skip orientation FF as there are not enough pairs
[M::mem_pestat] analyzing insert size distribution for orientation FR...
[M::mem_pestat] (25, 50, 75) percentile: (160, 181, 207)
[M::mem_pestat] low and high boundaries for computing mean and std.dev: (66, 301)
[M::mem_pestat] mean and std.dev: (185.00, 33.49)
[M::mem_pestat] low and high boundaries for proper pairs: (19, 348)
[M::mem_pestat] analyzing insert size distribution for orientation RF...
[M::mem_pestat] (25, 50, 75) percentile: (166, 172, 184)
[M::mem_pestat] low and high boundaries for computing mean and std.dev: (130, 220)
[M::mem_pestat] mean and std.dev: (175.11, 10.82)
[M::mem_pestat] low and high boundaries for proper pairs: (112, 238)
[M::mem_pestat] skip orientation RR as there are not enough pairs
[M::mem_pestat] skip orientation RF
[M::mem_process_seqs] Processed 645240 reads in 820.555 CPU sec, 105.306 real sec
[M::process] 0 single-end sequences; 645018 paired-end sequences
[M::process] read 644982 sequences (80000130 bp)...
[M::mem_pestat] # candidate unique pairs for (FF, FR, RF, RR): (0, 243401, 4, 0)
[M::mem_pestat] skip orientation FF as there are not enough pairs
[M::mem_pestat] analyzing insert size distribution for orientation FR...
[M::mem_pestat] (25, 50, 75) percentile: (160, 181, 207)
[M::mem_pestat] low and high boundaries for computing mean and std.dev: (66, 301)
[M::mem_pestat] mean and std.dev: (184.93, 33.43)
[M::mem_pestat] low and high boundaries for proper pairs: (19, 348)
[M::mem_pestat] skip orientation RF as there are not enough pairs
[M::mem_pestat] skip orientation RR as there are not enough pairs
[M::mem_process_seqs] Processed 645018 reads in 812.110 CPU sec, 104.262 real sec
[M::process] 0 single-end sequences; 644982 paired-end sequences
[M::process] read 645064 sequences (80000182 bp)...
[M::mem_pestat] # candidate unique pairs for (FF, FR, RF, RR): (0, 243945, 6, 0)
[M::mem_pestat] skip orientation FF as there are not enough pairs
[M::mem_pestat] analyzing insert size distribution for orientation FR...
[M::mem_pestat] (25, 50, 75) percentile: (160, 181, 207)
[M::mem_pestat] low and high boundaries for computing mean and std.dev: (66, 301)
[M::mem_pestat] mean and std.dev: (184.87, 33.46)
[M::mem_pestat] low and high boundaries for proper pairs: (19, 348)
[M::mem_pestat] skip orientation RF as there are not enough pairs
[M::mem_pestat] skip orientation RR as there are not enough pairs
[M::mem_process_seqs] Processed 644982 reads in 806.471 CPU sec, 103.524 real sec
[M::process] 0 single-end sequences; 645064 paired-end sequences
[M::process] read 645214 sequences (80000188 bp)...
[M::mem_pestat] # candidate unique pairs for (FF, FR, RF, RR): (0, 243675, 10, 0)
[M::mem_pestat] skip orientation FF as there are not enough pairs
[M::mem_pestat] analyzing insert size distribution for orientation FR...
[M::mem_pestat] (25, 50, 75) percentile: (159, 181, 207)
[M::mem_pestat] low and high boundaries for computing mean and std.dev: (63, 303)
[M::mem_pestat] mean and std.dev: (184.62, 33.38)
[M::mem_pestat] low and high boundaries for proper pairs: (15, 351)
[M::mem_pestat] analyzing insert size distribution for orientation RF...
[M::mem_pestat] (25, 50, 75) percentile: (156, 166, 189)
[M::mem_pestat] low and high boundaries for computing mean and std.dev: (90, 255)
[M::mem_pestat] mean and std.dev: (166.75, 21.53)
[M::mem_pestat] low and high boundaries for proper pairs: (57, 288)
[M::mem_pestat] skip orientation RR as there are not enough pairs
[M::mem_pestat] skip orientation RF
[M::mem_process_seqs] Processed 645064 reads in 820.370 CPU sec, 105.272 real sec
[M::process] 0 single-end sequences; 645214 paired-end sequences
[M::process] read 645136 sequences (80000169 bp)...
[M::mem_pestat] # candidate unique pairs for (FF, FR, RF, RR): (0, 242799, 7, 0)
[M::mem_pestat] skip orientation FF as there are not enough pairs
[M::mem_pestat] analyzing insert size distribution for orientation FR...
[M::mem_pestat] (25, 50, 75) percentile: (159, 181, 206)
[M::mem_pestat] low and high boundaries for computing mean and std.dev: (65, 300)
[M::mem_pestat] mean and std.dev: (184.42, 33.32)
[M::mem_pestat] low and high boundaries for proper pairs: (18, 347)
[M::mem_pestat] skip orientation RF as there are not enough pairs
[M::mem_pestat] skip orientation RR as there are not enough pairs
[M::mem_process_seqs] Processed 645214 reads in 831.895 CPU sec, 106.726 real sec
[M::process] 0 single-end sequences; 645136 paired-end sequences
[M::process] read 645442 sequences (80000235 bp)...
[M::mem_pestat] # candidate unique pairs for (FF, FR, RF, RR): (0, 243030, 6, 0)
[M::mem_pestat] skip orientation FF as there are not enough pairs
[M::mem_pestat] analyzing insert size distribution for orientation FR...
[M::mem_pestat] (25, 50, 75) percentile: (159, 181, 206)
[M::mem_pestat] low and high boundaries for computing mean and std.dev: (65, 300)
[M::mem_pestat] mean and std.dev: (184.36, 33.36)
[M::mem_pestat] low and high boundaries for proper pairs: (18, 347)
[M::mem_pestat] skip orientation RF as there are not enough pairs
[M::mem_pestat] skip orientation RR as there are not enough pairs
[M::mem_process_seqs] Processed 645136 reads in 822.497 CPU sec, 105.546 real sec
[M::process] 0 single-end sequences; 645442 paired-end sequences
[M::process] read 645286 sequences (80000068 bp)...
[M::mem_pestat] # candidate unique pairs for (FF, FR, RF, RR): (0, 243683, 5, 0)
[M::mem_pestat] skip orientation FF as there are not enough pairs
[M::mem_pestat] analyzing insert size distribution for orientation FR...
[M::mem_pestat] (25, 50, 75) percentile: (160, 181, 207)
[M::mem_pestat] low and high boundaries for computing mean and std.dev: (66, 301)
[M::mem_pestat] mean and std.dev: (184.94, 33.49)
[M::mem_pestat] low and high boundaries for proper pairs: (19, 348)
[M::mem_pestat] skip orientation RF as there are not enough pairs
[M::mem_pestat] skip orientation RR as there are not enough pairs
[M::mem_process_seqs] Processed 645442 reads in 822.894 CPU sec, 105.590 real sec
[M::process] 0 single-end sequences; 645286 paired-end sequences
[M::process] read 645112 sequences (80000173 bp)...
[M::mem_pestat] # candidate unique pairs for (FF, FR, RF, RR): (0, 243104, 7, 0)
[M::mem_pestat] skip orientation FF as there are not enough pairs
[M::mem_pestat] analyzing insert size distribution for orientation FR...
[M::mem_pestat] (25, 50, 75) percentile: (160, 181, 207)
[M::mem_pestat] low and high boundaries for computing mean and std.dev: (66, 301)
[M::mem_pestat] mean and std.dev: (185.10, 33.57)
[M::mem_pestat] low and high boundaries for proper pairs: (19, 348)
[M::mem_pestat] skip orientation RF as there are not enough pairs
[M::mem_pestat] skip orientation RR as there are not enough pairs
[M::mem_process_seqs] Processed 645286 reads in 814.600 CPU sec, 104.583 real sec
[M::process] 0 single-end sequences; 645112 paired-end sequences
[M::process] read 645012 sequences (80000164 bp)...
[M::mem_pestat] # candidate unique pairs for (FF, FR, RF, RR): (0, 243560, 5, 0)
[M::mem_pestat] skip orientation FF as there are not enough pairs
[M::mem_pestat] analyzing insert size distribution for orientation FR...
[M::mem_pestat] (25, 50, 75) percentile: (160, 181, 207)
[M::mem_pestat] low and high boundaries for computing mean and std.dev: (66, 301)
[M::mem_pestat] mean and std.dev: (185.01, 33.42)
[M::mem_pestat] low and high boundaries for proper pairs: (19, 348)
[M::mem_pestat] skip orientation RF as there are not enough pairs
[M::mem_pestat] skip orientation RR as there are not enough pairs
[M::mem_process_seqs] Processed 645112 reads in 803.243 CPU sec, 103.126 real sec
[M::process] 0 single-end sequences; 645012 paired-end sequences
[M::process] read 645176 sequences (80000214 bp)...
[M::mem_pestat] # candidate unique pairs for (FF, FR, RF, RR): (0, 243799, 3, 0)
[M::mem_pestat] skip orientation FF as there are not enough pairs
[M::mem_pestat] analyzing insert size distribution for orientation FR...
[M::mem_pestat] (25, 50, 75) percentile: (160, 181, 207)
[M::mem_pestat] low and high boundaries for computing mean and std.dev: (66, 301)
[M::mem_pestat] mean and std.dev: (184.78, 33.49)
[M::mem_pestat] low and high boundaries for proper pairs: (19, 348)
[M::mem_pestat] skip orientation RF as there are not enough pairs
[M::mem_pestat] skip orientation RR as there are not enough pairs
[M::mem_process_seqs] Processed 645012 reads in 803.609 CPU sec, 103.180 real sec
[M::process] 0 single-end sequences; 645176 paired-end sequences
[M::process] read 645260 sequences (80000129 bp)...
[M::mem_pestat] # candidate unique pairs for (FF, FR, RF, RR): (0, 243251, 3, 0)
[M::mem_pestat] skip orientation FF as there are not enough pairs
[M::mem_pestat] analyzing insert size distribution for orientation FR...
[M::mem_pestat] (25, 50, 75) percentile: (160, 181, 207)
[M::mem_pestat] low and high boundaries for computing mean and std.dev: (66, 301)
[M::mem_pestat] mean and std.dev: (184.63, 33.33)
[M::mem_pestat] low and high boundaries for proper pairs: (19, 348)
[M::mem_pestat] skip orientation RF as there are not enough pairs
[M::mem_pestat] skip orientation RR as there are not enough pairs
[M::mem_process_seqs] Processed 645176 reads in 821.632 CPU sec, 105.436 real sec
[M::process] 0 single-end sequences; 645260 paired-end sequences
[M::process] read 645276 sequences (80000073 bp)...
[M::mem_pestat] # candidate unique pairs for (FF, FR, RF, RR): (0, 243341, 2, 0)
[M::mem_pestat] skip orientation FF as there are not enough pairs
[M::mem_pestat] analyzing insert size distribution for orientation FR...
[M::mem_pestat] (25, 50, 75) percentile: (160, 181, 206)
[M::mem_pestat] low and high boundaries for computing mean and std.dev: (68, 298)
[M::mem_pestat] mean and std.dev: (184.49, 33.30)
[M::mem_pestat] low and high boundaries for proper pairs: (22, 344)
[M::mem_pestat] skip orientation RF as there are not enough pairs
[M::mem_pestat] skip orientation RR as there are not enough pairs
[M::mem_process_seqs] Processed 645260 reads in 820.584 CPU sec, 105.296 real sec
[M::process] 0 single-end sequences; 645276 paired-end sequences
[M::process] read 645410 sequences (80000017 bp)...
[M::mem_pestat] # candidate unique pairs for (FF, FR, RF, RR): (0, 243872, 4, 0)
[M::mem_pestat] skip orientation FF as there are not enough pairs
[M::mem_pestat] analyzing insert size distribution for orientation FR...
[M::mem_pestat] (25, 50, 75) percentile: (159, 181, 207)
[M::mem_pestat] low and high boundaries for computing mean and std.dev: (63, 303)
[M::mem_pestat] mean and std.dev: (184.60, 33.40)
[M::mem_pestat] low and high boundaries for proper pairs: (15, 351)
[M::mem_pestat] skip orientation RF as there are not enough pairs
[M::mem_pestat] skip orientation RR as there are not enough pairs
[M::mem_process_seqs] Processed 645276 reads in 810.367 CPU sec, 104.070 real sec
[M::process] 0 single-end sequences; 645410 paired-end sequences
[M::process] read 645226 sequences (80000238 bp)...
[M::mem_pestat] # candidate unique pairs for (FF, FR, RF, RR): (0, 242692, 2, 0)
[M::mem_pestat] skip orientation FF as there are not enough pairs
[M::mem_pestat] analyzing insert size distribution for orientation FR...
[M::mem_pestat] (25, 50, 75) percentile: (160, 181, 207)
[M::mem_pestat] low and high boundaries for computing mean and std.dev: (66, 301)
[M::mem_pestat] mean and std.dev: (185.12, 33.45)
[M::mem_pestat] low and high boundaries for proper pairs: (19, 348)
[M::mem_pestat] skip orientation RF as there are not enough pairs
[M::mem_pestat] skip orientation RR as there are not enough pairs
[M::mem_process_seqs] Processed 645410 reads in 829.349 CPU sec, 106.401 real sec
[M::process] 0 single-end sequences; 645226 paired-end sequences
[M::process] read 645132 sequences (80000002 bp)...
[M::mem_pestat] # candidate unique pairs for (FF, FR, RF, RR): (0, 243222, 3, 0)
[M::mem_pestat] skip orientation FF as there are not enough pairs
[M::mem_pestat] analyzing insert size distribution for orientation FR...
[M::mem_pestat] (25, 50, 75) percentile: (160, 181, 207)
[M::mem_pestat] low and high boundaries for computing mean and std.dev: (66, 301)
[M::mem_pestat] mean and std.dev: (185.03, 33.45)
[M::mem_pestat] low and high boundaries for proper pairs: (19, 348)
[M::mem_pestat] skip orientation RF as there are not enough pairs
[M::mem_pestat] skip orientation RR as there are not enough pairs
[M::mem_process_seqs] Processed 645226 reads in 819.470 CPU sec, 105.162 real sec
[M::process] 0 single-end sequences; 645132 paired-end sequences
[M::process] read 645048 sequences (80000210 bp)...
[M::mem_pestat] # candidate unique pairs for (FF, FR, RF, RR): (0, 243347, 10, 0)
[M::mem_pestat] skip orientation FF as there are not enough pairs
[M::mem_pestat] analyzing insert size distribution for orientation FR...
[M::mem_pestat] (25, 50, 75) percentile: (160, 181, 207)
[M::mem_pestat] low and high boundaries for computing mean and std.dev: (66, 301)
[M::mem_pestat] mean and std.dev: (185.00, 33.49)
[M::mem_pestat] low and high boundaries for proper pairs: (19, 348)
[M::mem_pestat] analyzing insert size distribution for orientation RF...
[M::mem_pestat] (25, 50, 75) percentile: (147, 170, 177)
[M::mem_pestat] low and high boundaries for computing mean and std.dev: (87, 237)
[M::mem_pestat] mean and std.dev: (161.40, 22.14)
[M::mem_pestat] low and high boundaries for proper pairs: (57, 267)
[M::mem_pestat] skip orientation RR as there are not enough pairs
[M::mem_pestat] skip orientation RF
[M::mem_process_seqs] Processed 645132 reads in 813.900 CPU sec, 104.468 real sec
[M::process] 0 single-end sequences; 645048 paired-end sequences
[M::process] read 645260 sequences (80000182 bp)...
[M::mem_pestat] # candidate unique pairs for (FF, FR, RF, RR): (0, 243108, 4, 0)
[M::mem_pestat] skip orientation FF as there are not enough pairs
[M::mem_pestat] analyzing insert size distribution for orientation FR...
[M::mem_pestat] (25, 50, 75) percentile: (160, 181, 207)
[M::mem_pestat] low and high boundaries for computing mean and std.dev: (66, 301)
[M::mem_pestat] mean and std.dev: (184.72, 33.47)
[M::mem_pestat] low and high boundaries for proper pairs: (19, 348)
[M::mem_pestat] skip orientation RF as there are not enough pairs
[M::mem_pestat] skip orientation RR as there are not enough pairs
[M::mem_process_seqs] Processed 645048 reads in 818.568 CPU sec, 105.050 real sec
[M::process] 0 single-end sequences; 645260 paired-end sequences
[M::process] read 645330 sequences (80000120 bp)...
[M::mem_pestat] # candidate unique pairs for (FF, FR, RF, RR): (0, 243462, 7, 0)
[M::mem_pestat] skip orientation FF as there are not enough pairs
[M::mem_pestat] analyzing insert size distribution for orientation FR...
[M::mem_pestat] (25, 50, 75) percentile: (160, 181, 207)
[M::mem_pestat] low and high boundaries for computing mean and std.dev: (66, 301)
[M::mem_pestat] mean and std.dev: (184.78, 33.37)
[M::mem_pestat] low and high boundaries for proper pairs: (19, 348)
[M::mem_pestat] skip orientation RF as there are not enough pairs
[M::mem_pestat] skip orientation RR as there are not enough pairs
[M::mem_process_seqs] Processed 645260 reads in 834.249 CPU sec, 107.013 real sec
[M::process] 0 single-end sequences; 645330 paired-end sequences
[M::process] read 645768 sequences (80000017 bp)...
[M::mem_pestat] # candidate unique pairs for (FF, FR, RF, RR): (0, 243142, 4, 0)
[M::mem_pestat] skip orientation FF as there are not enough pairs
[M::mem_pestat] analyzing insert size distribution for orientation FR...
[M::mem_pestat] (25, 50, 75) percentile: (159, 181, 207)
[M::mem_pestat] low and high boundaries for computing mean and std.dev: (63, 303)
[M::mem_pestat] mean and std.dev: (184.59, 33.42)
[M::mem_pestat] low and high boundaries for proper pairs: (15, 351)
[M::mem_pestat] skip orientation RF as there are not enough pairs
[M::mem_pestat] skip orientation RR as there are not enough pairs
[M::mem_process_seqs] Processed 645330 reads in 834.463 CPU sec, 107.055 real sec
[M::process] 0 single-end sequences; 645768 paired-end sequences
[M::process] read 645478 sequences (80000241 bp)...
[M::mem_pestat] # candidate unique pairs for (FF, FR, RF, RR): (0, 243653, 0, 0)
[M::mem_pestat] skip orientation FF as there are not enough pairs
[M::mem_pestat] analyzing insert size distribution for orientation FR...
[M::mem_pestat] (25, 50, 75) percentile: (160, 181, 207)
[M::mem_pestat] low and high boundaries for computing mean and std.dev: (66, 301)
[M::mem_pestat] mean and std.dev: (184.73, 33.43)
[M::mem_pestat] low and high boundaries for proper pairs: (19, 348)
[M::mem_pestat] skip orientation RF as there are not enough pairs
[M::mem_pestat] skip orientation RR as there are not enough pairs
[M::mem_process_seqs] Processed 645768 reads in 819.269 CPU sec, 105.140 real sec
[M::process] 0 single-end sequences; 645478 paired-end sequences
[M::process] read 645220 sequences (80000117 bp)...
[M::mem_pestat] # candidate unique pairs for (FF, FR, RF, RR): (0, 242536, 3, 0)
[M::mem_pestat] skip orientation FF as there are not enough pairs
[M::mem_pestat] analyzing insert size distribution for orientation FR...
[M::mem_pestat] (25, 50, 75) percentile: (160, 181, 207)
[M::mem_pestat] low and high boundaries for computing mean and std.dev: (66, 301)
[M::mem_pestat] mean and std.dev: (184.81, 33.35)
[M::mem_pestat] low and high boundaries for proper pairs: (19, 348)
[M::mem_pestat] skip orientation RF as there are not enough pairs
[M::mem_pestat] skip orientation RR as there are not enough pairs
[M::mem_process_seqs] Processed 645478 reads in 831.850 CPU sec, 106.706 real sec
[M::process] 0 single-end sequences; 645220 paired-end sequences
[M::process] read 645028 sequences (80000155 bp)...
[M::mem_pestat] # candidate unique pairs for (FF, FR, RF, RR): (0, 243436, 3, 0)
[M::mem_pestat] skip orientation FF as there are not enough pairs
[M::mem_pestat] analyzing insert size distribution for orientation FR...
[M::mem_pestat] (25, 50, 75) percentile: (160, 181, 207)
[M::mem_pestat] low and high boundaries for computing mean and std.dev: (66, 301)
[M::mem_pestat] mean and std.dev: (184.83, 33.45)
[M::mem_pestat] low and high boundaries for proper pairs: (19, 348)
[M::mem_pestat] skip orientation RF as there are not enough pairs
[M::mem_pestat] skip orientation RR as there are not enough pairs
[M::mem_process_seqs] Processed 645220 reads in 823.596 CPU sec, 105.691 real sec
[M::process] 0 single-end sequences; 645028 paired-end sequences
[M::process] read 645056 sequences (80000099 bp)...
[M::mem_pestat] # candidate unique pairs for (FF, FR, RF, RR): (0, 243202, 7, 0)
[M::mem_pestat] skip orientation FF as there are not enough pairs
[M::mem_pestat] analyzing insert size distribution for orientation FR...
[M::mem_pestat] (25, 50, 75) percentile: (160, 181, 207)
[M::mem_pestat] low and high boundaries for computing mean and std.dev: (66, 301)
[M::mem_pestat] mean and std.dev: (184.71, 33.37)
[M::mem_pestat] low and high boundaries for proper pairs: (19, 348)
[M::mem_pestat] skip orientation RF as there are not enough pairs
[M::mem_pestat] skip orientation RR as there are not enough pairs
[M::mem_process_seqs] Processed 645028 reads in 824.554 CPU sec, 105.795 real sec
[M::process] 0 single-end sequences; 645056 paired-end sequences
[M::process] read 645254 sequences (80000236 bp)...
[M::mem_pestat] # candidate unique pairs for (FF, FR, RF, RR): (0, 242644, 2, 0)
[M::mem_pestat] skip orientation FF as there are not enough pairs
[M::mem_pestat] analyzing insert size distribution for orientation FR...
[M::mem_pestat] (25, 50, 75) percentile: (159, 181, 207)
[M::mem_pestat] low and high boundaries for computing mean and std.dev: (63, 303)
[M::mem_pestat] mean and std.dev: (184.66, 33.48)
[M::mem_pestat] low and high boundaries for proper pairs: (15, 351)
[M::mem_pestat] skip orientation RF as there are not enough pairs
[M::mem_pestat] skip orientation RR as there are not enough pairs
[M::mem_process_seqs] Processed 645056 reads in 833.223 CPU sec, 106.902 real sec
[M::process] 0 single-end sequences; 645254 paired-end sequences
[M::process] read 645262 sequences (80000047 bp)...
[M::mem_pestat] # candidate unique pairs for (FF, FR, RF, RR): (0, 243002, 8, 0)
[M::mem_pestat] skip orientation FF as there are not enough pairs
[M::mem_pestat] analyzing insert size distribution for orientation FR...
[M::mem_pestat] (25, 50, 75) percentile: (159, 181, 207)
[M::mem_pestat] low and high boundaries for computing mean and std.dev: (63, 303)
[M::mem_pestat] mean and std.dev: (184.52, 33.43)
[M::mem_pestat] low and high boundaries for proper pairs: (15, 351)
[M::mem_pestat] skip orientation RF as there are not enough pairs
[M::mem_pestat] skip orientation RR as there are not enough pairs
[M::mem_process_seqs] Processed 645254 reads in 842.794 CPU sec, 108.093 real sec
[M::process] 0 single-end sequences; 645262 paired-end sequences
[M::process] read 645554 sequences (80000247 bp)...
[M::mem_pestat] # candidate unique pairs for (FF, FR, RF, RR): (0, 242927, 5, 0)
[M::mem_pestat] skip orientation FF as there are not enough pairs
[M::mem_pestat] analyzing insert size distribution for orientation FR...
[M::mem_pestat] (25, 50, 75) percentile: (159, 181, 206)
[M::mem_pestat] low and high boundaries for computing mean and std.dev: (65, 300)
[M::mem_pestat] mean and std.dev: (184.38, 33.34)
[M::mem_pestat] low and high boundaries for proper pairs: (18, 347)
[M::mem_pestat] skip orientation RF as there are not enough pairs
[M::mem_pestat] skip orientation RR as there are not enough pairs
[M::mem_process_seqs] Processed 645262 reads in 875.221 CPU sec, 112.150 real sec
[M::process] 0 single-end sequences; 645554 paired-end sequences
[M::process] read 645308 sequences (80000169 bp)...
[M::mem_pestat] # candidate unique pairs for (FF, FR, RF, RR): (0, 242797, 6, 0)
[M::mem_pestat] skip orientation FF as there are not enough pairs
[M::mem_pestat] analyzing insert size distribution for orientation FR...
[M::mem_pestat] (25, 50, 75) percentile: (160, 181, 207)
[M::mem_pestat] low and high boundaries for computing mean and std.dev: (66, 301)
[M::mem_pestat] mean and std.dev: (184.85, 33.42)
[M::mem_pestat] low and high boundaries for proper pairs: (19, 348)
[M::mem_pestat] skip orientation RF as there are not enough pairs
[M::mem_pestat] skip orientation RR as there are not enough pairs
[M::mem_process_seqs] Processed 645554 reads in 851.823 CPU sec, 109.215 real sec
[M::process] 0 single-end sequences; 645308 paired-end sequences
[M::process] read 645046 sequences (80000071 bp)...
[M::mem_pestat] # candidate unique pairs for (FF, FR, RF, RR): (0, 242973, 3, 0)
[M::mem_pestat] skip orientation FF as there are not enough pairs
[M::mem_pestat] analyzing insert size distribution for orientation FR...
[M::mem_pestat] (25, 50, 75) percentile: (160, 181, 207)
[M::mem_pestat] low and high boundaries for computing mean and std.dev: (66, 301)
[M::mem_pestat] mean and std.dev: (184.90, 33.47)
[M::mem_pestat] low and high boundaries for proper pairs: (19, 348)
[M::mem_pestat] skip orientation RF as there are not enough pairs
[M::mem_pestat] skip orientation RR as there are not enough pairs
[M::mem_process_seqs] Processed 645308 reads in 825.894 CPU sec, 105.980 real sec
[M::process] 0 single-end sequences; 645046 paired-end sequences
[M::process] read 645016 sequences (80000110 bp)...
[M::mem_pestat] # candidate unique pairs for (FF, FR, RF, RR): (0, 242901, 4, 0)
[M::mem_pestat] skip orientation FF as there are not enough pairs
[M::mem_pestat] analyzing insert size distribution for orientation FR...
[M::mem_pestat] (25, 50, 75) percentile: (160, 181, 207)
[M::mem_pestat] low and high boundaries for computing mean and std.dev: (66, 301)
[M::mem_pestat] mean and std.dev: (184.72, 33.43)
[M::mem_pestat] low and high boundaries for proper pairs: (19, 348)
[M::mem_pestat] skip orientation RF as there are not enough pairs
[M::mem_pestat] skip orientation RR as there are not enough pairs
[M::mem_process_seqs] Processed 645046 reads in 829.763 CPU sec, 106.484 real sec
[M::process] 0 single-end sequences; 645016 paired-end sequences
[M::process] read 645094 sequences (80000172 bp)...
[M::mem_pestat] # candidate unique pairs for (FF, FR, RF, RR): (0, 243141, 5, 0)
[M::mem_pestat] skip orientation FF as there are not enough pairs
[M::mem_pestat] analyzing insert size distribution for orientation FR...
[M::mem_pestat] (25, 50, 75) percentile: (160, 181, 207)
[M::mem_pestat] low and high boundaries for computing mean and std.dev: (66, 301)
[M::mem_pestat] mean and std.dev: (184.86, 33.49)
[M::mem_pestat] low and high boundaries for proper pairs: (19, 348)
[M::mem_pestat] skip orientation RF as there are not enough pairs
[M::mem_pestat] skip orientation RR as there are not enough pairs
[M::mem_process_seqs] Processed 645016 reads in 825.392 CPU sec, 105.924 real sec
[M::process] 0 single-end sequences; 645094 paired-end sequences
[M::process] read 645468 sequences (80000220 bp)...
[M::mem_pestat] # candidate unique pairs for (FF, FR, RF, RR): (0, 242856, 3, 0)
[M::mem_pestat] skip orientation FF as there are not enough pairs
[M::mem_pestat] analyzing insert size distribution for orientation FR...
[M::mem_pestat] (25, 50, 75) percentile: (160, 181, 207)
[M::mem_pestat] low and high boundaries for computing mean and std.dev: (66, 301)
[M::mem_pestat] mean and std.dev: (184.66, 33.41)
[M::mem_pestat] low and high boundaries for proper pairs: (19, 348)
[M::mem_pestat] skip orientation RF as there are not enough pairs
[M::mem_pestat] skip orientation RR as there are not enough pairs
[M::mem_process_seqs] Processed 645094 reads in 833.394 CPU sec, 106.917 real sec
[M::process] 0 single-end sequences; 645468 paired-end sequences
[M::process] read 645402 sequences (80000095 bp)...
[M::mem_pestat] # candidate unique pairs for (FF, FR, RF, RR): (0, 243150, 8, 0)
[M::mem_pestat] skip orientation FF as there are not enough pairs
[M::mem_pestat] analyzing insert size distribution for orientation FR...
[M::mem_pestat] (25, 50, 75) percentile: (160, 181, 207)
[M::mem_pestat] low and high boundaries for computing mean and std.dev: (66, 301)
[M::mem_pestat] mean and std.dev: (184.66, 33.33)
[M::mem_pestat] low and high boundaries for proper pairs: (19, 348)
[M::mem_pestat] skip orientation RF as there are not enough pairs
[M::mem_pestat] skip orientation RR as there are not enough pairs
[M::mem_process_seqs] Processed 645468 reads in 837.530 CPU sec, 107.429 real sec
[M::process] 0 single-end sequences; 645402 paired-end sequences
[M::process] read 645520 sequences (80000182 bp)...
[M::mem_pestat] # candidate unique pairs for (FF, FR, RF, RR): (0, 243138, 4, 0)
[M::mem_pestat] skip orientation FF as there are not enough pairs
[M::mem_pestat] analyzing insert size distribution for orientation FR...
[M::mem_pestat] (25, 50, 75) percentile: (160, 181, 207)
[M::mem_pestat] low and high boundaries for computing mean and std.dev: (66, 301)
[M::mem_pestat] mean and std.dev: (184.70, 33.47)
[M::mem_pestat] low and high boundaries for proper pairs: (19, 348)
[M::mem_pestat] skip orientation RF as there are not enough pairs
[M::mem_pestat] skip orientation RR as there are not enough pairs
[M::mem_process_seqs] Processed 645402 reads in 840.814 CPU sec, 108.480 real sec
[M::process] 0 single-end sequences; 645520 paired-end sequences
[M::process] read 645218 sequences (80000005 bp)...
[M::mem_pestat] # candidate unique pairs for (FF, FR, RF, RR): (0, 242472, 9, 0)
[M::mem_pestat] skip orientation FF as there are not enough pairs
[M::mem_pestat] analyzing insert size distribution for orientation FR...
[M::mem_pestat] (25, 50, 75) percentile: (160, 181, 207)
[M::mem_pestat] low and high boundaries for computing mean and std.dev: (66, 301)
[M::mem_pestat] mean and std.dev: (185.01, 33.44)
[M::mem_pestat] low and high boundaries for proper pairs: (19, 348)
[M::mem_pestat] skip orientation RF as there are not enough pairs
[M::mem_pestat] skip orientation RR as there are not enough pairs
[M::mem_process_seqs] Processed 645520 reads in 840.487 CPU sec, 107.802 real sec
[M::process] 0 single-end sequences; 645218 paired-end sequences
[M::process] read 645074 sequences (80000136 bp)...
[M::mem_pestat] # candidate unique pairs for (FF, FR, RF, RR): (0, 242983, 9, 0)
[M::mem_pestat] skip orientation FF as there are not enough pairs
[M::mem_pestat] analyzing insert size distribution for orientation FR...
[M::mem_pestat] (25, 50, 75) percentile: (160, 181, 207)
[M::mem_pestat] low and high boundaries for computing mean and std.dev: (66, 301)
[M::mem_pestat] mean and std.dev: (185.04, 33.42)
[M::mem_pestat] low and high boundaries for proper pairs: (19, 348)
[M::mem_pestat] skip orientation RF as there are not enough pairs
[M::mem_pestat] skip orientation RR as there are not enough pairs
[M::mem_process_seqs] Processed 645218 reads in 833.357 CPU sec, 106.897 real sec
[M::process] 0 single-end sequences; 645074 paired-end sequences
[M::process] read 645128 sequences (80000183 bp)...
[M::mem_pestat] # candidate unique pairs for (FF, FR, RF, RR): (0, 242771, 2, 0)
[M::mem_pestat] skip orientation FF as there are not enough pairs
[M::mem_pestat] analyzing insert size distribution for orientation FR...
[M::mem_pestat] (25, 50, 75) percentile: (160, 181, 207)
[M::mem_pestat] low and high boundaries for computing mean and std.dev: (66, 301)
[M::mem_pestat] mean and std.dev: (184.94, 33.45)
[M::mem_pestat] low and high boundaries for proper pairs: (19, 348)
[M::mem_pestat] skip orientation RF as there are not enough pairs
[M::mem_pestat] skip orientation RR as there are not enough pairs
[M::mem_process_seqs] Processed 645074 reads in 824.537 CPU sec, 105.820 real sec
[M::process] 0 single-end sequences; 645128 paired-end sequences
[M::process] read 645228 sequences (80000139 bp)...
[M::mem_pestat] # candidate unique pairs for (FF, FR, RF, RR): (0, 242462, 1, 0)
[M::mem_pestat] skip orientation FF as there are not enough pairs
[M::mem_pestat] analyzing insert size distribution for orientation FR...
[M::mem_pestat] (25, 50, 75) percentile: (160, 181, 207)
[M::mem_pestat] low and high boundaries for computing mean and std.dev: (66, 301)
[M::mem_pestat] mean and std.dev: (184.71, 33.48)
[M::mem_pestat] low and high boundaries for proper pairs: (19, 348)
[M::mem_pestat] skip orientation RF as there are not enough pairs
[M::mem_pestat] skip orientation RR as there are not enough pairs
[M::mem_process_seqs] Processed 645128 reads in 844.979 CPU sec, 108.365 real sec
[M::process] 0 single-end sequences; 645228 paired-end sequences
[M::process] read 645240 sequences (80000024 bp)...
[M::mem_pestat] # candidate unique pairs for (FF, FR, RF, RR): (0, 242470, 3, 0)
[M::mem_pestat] skip orientation FF as there are not enough pairs
[M::mem_pestat] analyzing insert size distribution for orientation FR...
[M::mem_pestat] (25, 50, 75) percentile: (160, 181, 207)
[M::mem_pestat] low and high boundaries for computing mean and std.dev: (66, 301)
[M::mem_pestat] mean and std.dev: (184.64, 33.45)
[M::mem_pestat] low and high boundaries for proper pairs: (19, 348)
[M::mem_pestat] skip orientation RF as there are not enough pairs
[M::mem_pestat] skip orientation RR as there are not enough pairs
[M::mem_process_seqs] Processed 645228 reads in 849.648 CPU sec, 108.944 real sec
[M::process] 0 single-end sequences; 645240 paired-end sequences
[M::process] read 645406 sequences (80000087 bp)...
[M::mem_pestat] # candidate unique pairs for (FF, FR, RF, RR): (0, 242745, 4, 0)
[M::mem_pestat] skip orientation FF as there are not enough pairs
[M::mem_pestat] analyzing insert size distribution for orientation FR...
[M::mem_pestat] (25, 50, 75) percentile: (159, 181, 206)
[M::mem_pestat] low and high boundaries for computing mean and std.dev: (65, 300)
[M::mem_pestat] mean and std.dev: (184.42, 33.36)
[M::mem_pestat] low and high boundaries for proper pairs: (18, 347)
[M::mem_pestat] skip orientation RF as there are not enough pairs
[M::mem_pestat] skip orientation RR as there are not enough pairs
[M::mem_process_seqs] Processed 645240 reads in 834.277 CPU sec, 107.016 real sec
[M::process] 0 single-end sequences; 645406 paired-end sequences
[M::process] read 645152 sequences (80000144 bp)...
[M::mem_pestat] # candidate unique pairs for (FF, FR, RF, RR): (0, 242762, 7, 0)
[M::mem_pestat] skip orientation FF as there are not enough pairs
[M::mem_pestat] analyzing insert size distribution for orientation FR...
[M::mem_pestat] (25, 50, 75) percentile: (160, 181, 207)
[M::mem_pestat] low and high boundaries for computing mean and std.dev: (66, 301)
[M::mem_pestat] mean and std.dev: (185.03, 33.49)
[M::mem_pestat] low and high boundaries for proper pairs: (19, 348)
[M::mem_pestat] skip orientation RF as there are not enough pairs
[M::mem_pestat] skip orientation RR as there are not enough pairs
[M::mem_process_seqs] Processed 645406 reads in 831.153 CPU sec, 106.627 real sec
[M::process] 0 single-end sequences; 645152 paired-end sequences
[M::process] read 644954 sequences (80000161 bp)...
[M::mem_pestat] # candidate unique pairs for (FF, FR, RF, RR): (0, 243525, 2, 0)
[M::mem_pestat] skip orientation FF as there are not enough pairs
[M::mem_pestat] analyzing insert size distribution for orientation FR...
[M::mem_pestat] (25, 50, 75) percentile: (160, 181, 207)
[M::mem_pestat] low and high boundaries for computing mean and std.dev: (66, 301)
[M::mem_pestat] mean and std.dev: (185.02, 33.40)
[M::mem_pestat] low and high boundaries for proper pairs: (19, 348)
[M::mem_pestat] skip orientation RF as there are not enough pairs
[M::mem_pestat] skip orientation RR as there are not enough pairs
[M::mem_process_seqs] Processed 645152 reads in 812.302 CPU sec, 104.313 real sec
[M::process] 0 single-end sequences; 644954 paired-end sequences
[M::process] read 644956 sequences (80000071 bp)...
[M::mem_pestat] # candidate unique pairs for (FF, FR, RF, RR): (0, 243873, 4, 0)
[M::mem_pestat] skip orientation FF as there are not enough pairs
[M::mem_pestat] analyzing insert size distribution for orientation FR...
[M::mem_pestat] (25, 50, 75) percentile: (160, 181, 207)
[M::mem_pestat] low and high boundaries for computing mean and std.dev: (66, 301)
[M::mem_pestat] mean and std.dev: (184.90, 33.51)
[M::mem_pestat] low and high boundaries for proper pairs: (19, 348)
[M::mem_pestat] skip orientation RF as there are not enough pairs
[M::mem_pestat] skip orientation RR as there are not enough pairs
[M::mem_process_seqs] Processed 644954 reads in 804.384 CPU sec, 103.277 real sec
[M::process] 0 single-end sequences; 644956 paired-end sequences
[M::process] read 645024 sequences (80000135 bp)...
[M::mem_pestat] # candidate unique pairs for (FF, FR, RF, RR): (0, 243846, 5, 0)
[M::mem_pestat] skip orientation FF as there are not enough pairs
[M::mem_pestat] analyzing insert size distribution for orientation FR...
[M::mem_pestat] (25, 50, 75) percentile: (159, 181, 207)
[M::mem_pestat] low and high boundaries for computing mean and std.dev: (63, 303)
[M::mem_pestat] mean and std.dev: (184.61, 33.48)
[M::mem_pestat] low and high boundaries for proper pairs: (15, 351)
[M::mem_pestat] skip orientation RF as there are not enough pairs
[M::mem_pestat] skip orientation RR as there are not enough pairs
[M::mem_process_seqs] Processed 644956 reads in 807.371 CPU sec, 103.658 real sec
[M::process] 0 single-end sequences; 645024 paired-end sequences
[M::process] read 645126 sequences (80000221 bp)...
[M::mem_pestat] # candidate unique pairs for (FF, FR, RF, RR): (0, 243681, 2, 0)
[M::mem_pestat] skip orientation FF as there are not enough pairs
[M::mem_pestat] analyzing insert size distribution for orientation FR...
[M::mem_pestat] (25, 50, 75) percentile: (159, 181, 207)
[M::mem_pestat] low and high boundaries for computing mean and std.dev: (63, 303)
[M::mem_pestat] mean and std.dev: (184.48, 33.39)
[M::mem_pestat] low and high boundaries for proper pairs: (15, 351)
[M::mem_pestat] skip orientation RF as there are not enough pairs
[M::mem_pestat] skip orientation RR as there are not enough pairs
[M::mem_process_seqs] Processed 645024 reads in 821.017 CPU sec, 105.352 real sec
[M::process] 0 single-end sequences; 645126 paired-end sequences
[M::process] read 645156 sequences (80000155 bp)...
[M::mem_pestat] # candidate unique pairs for (FF, FR, RF, RR): (0, 243742, 8, 0)
[M::mem_pestat] skip orientation FF as there are not enough pairs
[M::mem_pestat] analyzing insert size distribution for orientation FR...
[M::mem_pestat] (25, 50, 75) percentile: (159, 181, 207)
[M::mem_pestat] low and high boundaries for computing mean and std.dev: (63, 303)
[M::mem_pestat] mean and std.dev: (184.60, 33.43)
[M::mem_pestat] low and high boundaries for proper pairs: (15, 351)
[M::mem_pestat] skip orientation RF as there are not enough pairs
[M::mem_pestat] skip orientation RR as there are not enough pairs
[M::mem_process_seqs] Processed 645126 reads in 820.391 CPU sec, 105.288 real sec
[M::process] 0 single-end sequences; 645156 paired-end sequences
[M::process] read 645592 sequences (80000046 bp)...
[M::mem_pestat] # candidate unique pairs for (FF, FR, RF, RR): (0, 244124, 5, 0)
[M::mem_pestat] skip orientation FF as there are not enough pairs
[M::mem_pestat] analyzing insert size distribution for orientation FR...
[M::mem_pestat] (25, 50, 75) percentile: (159, 180, 206)
[M::mem_pestat] low and high boundaries for computing mean and std.dev: (65, 300)
[M::mem_pestat] mean and std.dev: (184.23, 33.35)
[M::mem_pestat] low and high boundaries for proper pairs: (18, 347)
[M::mem_pestat] skip orientation RF as there are not enough pairs
[M::mem_pestat] skip orientation RR as there are not enough pairs
[M::mem_process_seqs] Processed 645156 reads in 814.964 CPU sec, 104.592 real sec
[M::process] 0 single-end sequences; 645592 paired-end sequences
[M::process] read 645196 sequences (80000113 bp)...
[M::mem_pestat] # candidate unique pairs for (FF, FR, RF, RR): (0, 242621, 6, 0)
[M::mem_pestat] skip orientation FF as there are not enough pairs
[M::mem_pestat] analyzing insert size distribution for orientation FR...
[M::mem_pestat] (25, 50, 75) percentile: (160, 181, 207)
[M::mem_pestat] low and high boundaries for computing mean and std.dev: (66, 301)
[M::mem_pestat] mean and std.dev: (184.99, 33.43)
[M::mem_pestat] low and high boundaries for proper pairs: (19, 348)
[M::mem_pestat] skip orientation RF as there are not enough pairs
[M::mem_pestat] skip orientation RR as there are not enough pairs
[M::mem_process_seqs] Processed 645592 reads in 844.442 CPU sec, 108.315 real sec
[M::process] 0 single-end sequences; 645196 paired-end sequences
[M::process] read 645074 sequences (80000118 bp)...
[M::mem_pestat] # candidate unique pairs for (FF, FR, RF, RR): (0, 243399, 6, 0)
[M::mem_pestat] skip orientation FF as there are not enough pairs
[M::mem_pestat] analyzing insert size distribution for orientation FR...
[M::mem_pestat] (25, 50, 75) percentile: (160, 181, 207)
[M::mem_pestat] low and high boundaries for computing mean and std.dev: (66, 301)
[M::mem_pestat] mean and std.dev: (184.92, 33.49)
[M::mem_pestat] low and high boundaries for proper pairs: (19, 348)
[M::mem_pestat] skip orientation RF as there are not enough pairs
[M::mem_pestat] skip orientation RR as there are not enough pairs
[M::mem_process_seqs] Processed 645196 reads in 817.004 CPU sec, 104.866 real sec
[M::process] 0 single-end sequences; 645074 paired-end sequences
[M::process] read 644992 sequences (80000047 bp)...
[M::mem_pestat] # candidate unique pairs for (FF, FR, RF, RR): (0, 243546, 6, 0)
[M::mem_pestat] skip orientation FF as there are not enough pairs
[M::mem_pestat] analyzing insert size distribution for orientation FR...
[M::mem_pestat] (25, 50, 75) percentile: (160, 181, 207)
[M::mem_pestat] low and high boundaries for computing mean and std.dev: (66, 301)
[M::mem_pestat] mean and std.dev: (184.90, 33.38)
[M::mem_pestat] low and high boundaries for proper pairs: (19, 348)
[M::mem_pestat] skip orientation RF as there are not enough pairs
[M::mem_pestat] skip orientation RR as there are not enough pairs
[M::mem_process_seqs] Processed 645074 reads in 808.172 CPU sec, 103.753 real sec
[M::process] 0 single-end sequences; 644992 paired-end sequences
[M::process] read 645072 sequences (80000123 bp)...
[M::mem_pestat] # candidate unique pairs for (FF, FR, RF, RR): (0, 243909, 9, 0)
[M::mem_pestat] skip orientation FF as there are not enough pairs
[M::mem_pestat] analyzing insert size distribution for orientation FR...
[M::mem_pestat] (25, 50, 75) percentile: (160, 181, 207)
[M::mem_pestat] low and high boundaries for computing mean and std.dev: (66, 301)
[M::mem_pestat] mean and std.dev: (184.86, 33.53)
[M::mem_pestat] low and high boundaries for proper pairs: (19, 348)
[M::mem_pestat] skip orientation RF as there are not enough pairs
[M::mem_pestat] skip orientation RR as there are not enough pairs
[M::mem_process_seqs] Processed 644992 reads in 809.725 CPU sec, 103.946 real sec
[M::process] 0 single-end sequences; 645072 paired-end sequences
[M::process] read 645156 sequences (80000099 bp)...
[M::mem_pestat] # candidate unique pairs for (FF, FR, RF, RR): (0, 243759, 8, 0)
[M::mem_pestat] skip orientation FF as there are not enough pairs
[M::mem_pestat] analyzing insert size distribution for orientation FR...
[M::mem_pestat] (25, 50, 75) percentile: (160, 181, 207)
[M::mem_pestat] low and high boundaries for computing mean and std.dev: (66, 301)
[M::mem_pestat] mean and std.dev: (184.70, 33.37)
[M::mem_pestat] low and high boundaries for proper pairs: (19, 348)
[M::mem_pestat] skip orientation RF as there are not enough pairs
[M::mem_pestat] skip orientation RR as there are not enough pairs
[M::mem_process_seqs] Processed 645072 reads in 816.955 CPU sec, 104.860 real sec
[M::process] 0 single-end sequences; 645156 paired-end sequences
[M::process] read 645378 sequences (80000091 bp)...
[M::mem_pestat] # candidate unique pairs for (FF, FR, RF, RR): (0, 243564, 6, 0)
[M::mem_pestat] skip orientation FF as there are not enough pairs
[M::mem_pestat] analyzing insert size distribution for orientation FR...
[M::mem_pestat] (25, 50, 75) percentile: (159, 181, 207)
[M::mem_pestat] low and high boundaries for computing mean and std.dev: (63, 303)
[M::mem_pestat] mean and std.dev: (184.56, 33.38)
[M::mem_pestat] low and high boundaries for proper pairs: (15, 351)
[M::mem_pestat] skip orientation RF as there are not enough pairs
[M::mem_pestat] skip orientation RR as there are not enough pairs
[M::mem_process_seqs] Processed 645156 reads in 821.060 CPU sec, 105.355 real sec
[M::process] 0 single-end sequences; 645378 paired-end sequences
[M::process] read 645792 sequences (80000020 bp)...
[M::mem_pestat] # candidate unique pairs for (FF, FR, RF, RR): (0, 243721, 8, 0)
[M::mem_pestat] skip orientation FF as there are not enough pairs
[M::mem_pestat] analyzing insert size distribution for orientation FR...
[M::mem_pestat] (25, 50, 75) percentile: (160, 181, 207)
[M::mem_pestat] low and high boundaries for computing mean and std.dev: (66, 301)
[M::mem_pestat] mean and std.dev: (184.56, 33.42)
[M::mem_pestat] low and high boundaries for proper pairs: (19, 348)
[M::mem_pestat] skip orientation RF as there are not enough pairs
[M::mem_pestat] skip orientation RR as there are not enough pairs
[M::mem_process_seqs] Processed 645378 reads in 827.409 CPU sec, 106.183 real sec
[M::process] 0 single-end sequences; 645792 paired-end sequences
[M::process] read 645198 sequences (80000095 bp)...
[M::mem_pestat] # candidate unique pairs for (FF, FR, RF, RR): (0, 242540, 5, 0)
[M::mem_pestat] skip orientation FF as there are not enough pairs
[M::mem_pestat] analyzing insert size distribution for orientation FR...
[M::mem_pestat] (25, 50, 75) percentile: (160, 181, 207)
[M::mem_pestat] low and high boundaries for computing mean and std.dev: (66, 301)
[M::mem_pestat] mean and std.dev: (185.07, 33.49)
[M::mem_pestat] low and high boundaries for proper pairs: (19, 348)
[M::mem_pestat] skip orientation RF as there are not enough pairs
[M::mem_pestat] skip orientation RR as there are not enough pairs
[M::mem_process_seqs] Processed 645792 reads in 832.752 CPU sec, 106.834 real sec
[M::process] 0 single-end sequences; 645198 paired-end sequences
[M::process] read 645040 sequences (80000073 bp)...
[M::mem_pestat] # candidate unique pairs for (FF, FR, RF, RR): (0, 242848, 4, 0)
[M::mem_pestat] skip orientation FF as there are not enough pairs
[M::mem_pestat] analyzing insert size distribution for orientation FR...
[M::mem_pestat] (25, 50, 75) percentile: (160, 181, 207)
[M::mem_pestat] low and high boundaries for computing mean and std.dev: (66, 301)
[M::mem_pestat] mean and std.dev: (184.95, 33.48)
[M::mem_pestat] low and high boundaries for proper pairs: (19, 348)
[M::mem_pestat] skip orientation RF as there are not enough pairs
[M::mem_pestat] skip orientation RR as there are not enough pairs
[M::mem_process_seqs] Processed 645198 reads in 816.454 CPU sec, 104.783 real sec
[M::process] 0 single-end sequences; 645040 paired-end sequences
[M::process] read 644988 sequences (80000155 bp)...
[M::mem_pestat] # candidate unique pairs for (FF, FR, RF, RR): (0, 243000, 3, 0)
[M::mem_pestat] skip orientation FF as there are not enough pairs
[M::mem_pestat] analyzing insert size distribution for orientation FR...
[M::mem_pestat] (25, 50, 75) percentile: (160, 181, 207)
[M::mem_pestat] low and high boundaries for computing mean and std.dev: (66, 301)
[M::mem_pestat] mean and std.dev: (184.88, 33.39)
[M::mem_pestat] low and high boundaries for proper pairs: (19, 348)
[M::mem_pestat] skip orientation RF as there are not enough pairs
[M::mem_pestat] skip orientation RR as there are not enough pairs
[M::mem_process_seqs] Processed 645040 reads in 820.109 CPU sec, 105.251 real sec
[M::process] 0 single-end sequences; 644988 paired-end sequences
[M::process] read 645136 sequences (80000186 bp)...
[M::mem_pestat] # candidate unique pairs for (FF, FR, RF, RR): (0, 243416, 5, 0)
[M::mem_pestat] skip orientation FF as there are not enough pairs
[M::mem_pestat] analyzing insert size distribution for orientation FR...
[M::mem_pestat] (25, 50, 75) percentile: (160, 181, 207)
[M::mem_pestat] low and high boundaries for computing mean and std.dev: (66, 301)
[M::mem_pestat] mean and std.dev: (184.95, 33.49)
[M::mem_pestat] low and high boundaries for proper pairs: (19, 348)
[M::mem_pestat] skip orientation RF as there are not enough pairs
[M::mem_pestat] skip orientation RR as there are not enough pairs
[M::mem_process_seqs] Processed 644988 reads in 812.195 CPU sec, 104.259 real sec
[M::process] 0 single-end sequences; 645136 paired-end sequences
[M::process] read 645194 sequences (80000191 bp)...
[M::mem_pestat] # candidate unique pairs for (FF, FR, RF, RR): (0, 243241, 5, 0)
[M::mem_pestat] skip orientation FF as there are not enough pairs
[M::mem_pestat] analyzing insert size distribution for orientation FR...
[M::mem_pestat] (25, 50, 75) percentile: (160, 181, 207)
[M::mem_pestat] low and high boundaries for computing mean and std.dev: (66, 301)
[M::mem_pestat] mean and std.dev: (184.69, 33.44)
[M::mem_pestat] low and high boundaries for proper pairs: (19, 348)
[M::mem_pestat] skip orientation RF as there are not enough pairs
[M::mem_pestat] skip orientation RR as there are not enough pairs
[M::mem_process_seqs] Processed 645136 reads in 821.623 CPU sec, 105.465 real sec
[M::process] 0 single-end sequences; 645194 paired-end sequences
[M::process] read 645470 sequences (80000231 bp)...
[M::mem_pestat] # candidate unique pairs for (FF, FR, RF, RR): (0, 243986, 5, 0)
[M::mem_pestat] skip orientation FF as there are not enough pairs
[M::mem_pestat] analyzing insert size distribution for orientation FR...
[M::mem_pestat] (25, 50, 75) percentile: (159, 181, 206)
[M::mem_pestat] low and high boundaries for computing mean and std.dev: (65, 300)
[M::mem_pestat] mean and std.dev: (184.44, 33.40)
[M::mem_pestat] low and high boundaries for proper pairs: (18, 347)
[M::mem_pestat] skip orientation RF as there are not enough pairs
[M::mem_pestat] skip orientation RR as there are not enough pairs
[M::mem_process_seqs] Processed 645194 reads in 818.352 CPU sec, 105.045 real sec
[M::process] 0 single-end sequences; 645470 paired-end sequences
[M::process] read 645396 sequences (80000166 bp)...
[M::mem_pestat] # candidate unique pairs for (FF, FR, RF, RR): (0, 243167, 6, 0)
[M::mem_pestat] skip orientation FF as there are not enough pairs
[M::mem_pestat] analyzing insert size distribution for orientation FR...
[M::mem_pestat] (25, 50, 75) percentile: (160, 181, 207)
[M::mem_pestat] low and high boundaries for computing mean and std.dev: (66, 301)
[M::mem_pestat] mean and std.dev: (184.64, 33.34)
[M::mem_pestat] low and high boundaries for proper pairs: (19, 348)
[M::mem_pestat] skip orientation RF as there are not enough pairs
[M::mem_pestat] skip orientation RR as there are not enough pairs
[M::mem_process_seqs] Processed 645470 reads in 826.598 CPU sec, 106.056 real sec
[M::process] 0 single-end sequences; 645396 paired-end sequences
[M::process] read 645022 sequences (80000158 bp)...
[M::mem_pestat] # candidate unique pairs for (FF, FR, RF, RR): (0, 242803, 2, 0)
[M::mem_pestat] skip orientation FF as there are not enough pairs
[M::mem_pestat] analyzing insert size distribution for orientation FR...
[M::mem_pestat] (25, 50, 75) percentile: (160, 181, 207)
[M::mem_pestat] low and high boundaries for computing mean and std.dev: (66, 301)
[M::mem_pestat] mean and std.dev: (184.89, 33.39)
[M::mem_pestat] low and high boundaries for proper pairs: (19, 348)
[M::mem_pestat] skip orientation RF as there are not enough pairs
[M::mem_pestat] skip orientation RR as there are not enough pairs
[M::mem_process_seqs] Processed 645396 reads in 838.835 CPU sec, 107.601 real sec
[M::process] 0 single-end sequences; 645022 paired-end sequences
[M::process] read 644994 sequences (80000137 bp)...
[M::mem_pestat] # candidate unique pairs for (FF, FR, RF, RR): (0, 243315, 4, 0)
[M::mem_pestat] skip orientation FF as there are not enough pairs
[M::mem_pestat] analyzing insert size distribution for orientation FR...
[M::mem_pestat] (25, 50, 75) percentile: (160, 181, 207)
[M::mem_pestat] low and high boundaries for computing mean and std.dev: (66, 301)
[M::mem_pestat] mean and std.dev: (184.86, 33.45)
[M::mem_pestat] low and high boundaries for proper pairs: (19, 348)
[M::mem_pestat] skip orientation RF as there are not enough pairs
[M::mem_pestat] skip orientation RR as there are not enough pairs
[M::mem_process_seqs] Processed 645022 reads in 819.598 CPU sec, 105.189 real sec
[M::process] 0 single-end sequences; 644994 paired-end sequences
[M::process] read 644992 sequences (80000018 bp)...
[M::mem_pestat] # candidate unique pairs for (FF, FR, RF, RR): (0, 243578, 4, 0)
[M::mem_pestat] skip orientation FF as there are not enough pairs
[M::mem_pestat] analyzing insert size distribution for orientation FR...
[M::mem_pestat] (25, 50, 75) percentile: (160, 181, 207)
[M::mem_pestat] low and high boundaries for computing mean and std.dev: (66, 301)
[M::mem_pestat] mean and std.dev: (184.80, 33.44)
[M::mem_pestat] low and high boundaries for proper pairs: (19, 348)
[M::mem_pestat] skip orientation RF as there are not enough pairs
[M::mem_pestat] skip orientation RR as there are not enough pairs
[M::mem_process_seqs] Processed 644994 reads in 819.028 CPU sec, 105.121 real sec
[M::process] 0 single-end sequences; 644992 paired-end sequences
[M::process] read 645174 sequences (80000201 bp)...
[M::mem_pestat] # candidate unique pairs for (FF, FR, RF, RR): (0, 243405, 6, 0)
[M::mem_pestat] skip orientation FF as there are not enough pairs
[M::mem_pestat] analyzing insert size distribution for orientation FR...
[M::mem_pestat] (25, 50, 75) percentile: (159, 181, 206)
[M::mem_pestat] low and high boundaries for computing mean and std.dev: (65, 300)
[M::mem_pestat] mean and std.dev: (184.49, 33.37)
[M::mem_pestat] low and high boundaries for proper pairs: (18, 347)
[M::mem_pestat] skip orientation RF as there are not enough pairs
[M::mem_pestat] skip orientation RR as there are not enough pairs
[M::mem_process_seqs] Processed 644992 reads in 840.821 CPU sec, 107.869 real sec
[M::process] 0 single-end sequences; 645174 paired-end sequences
[M::process] read 645164 sequences (80000153 bp)...
[M::mem_pestat] # candidate unique pairs for (FF, FR, RF, RR): (0, 243079, 8, 0)
[M::mem_pestat] skip orientation FF as there are not enough pairs
[M::mem_pestat] analyzing insert size distribution for orientation FR...
[M::mem_pestat] (25, 50, 75) percentile: (159, 181, 206)
[M::mem_pestat] low and high boundaries for computing mean and std.dev: (65, 300)
[M::mem_pestat] mean and std.dev: (184.39, 33.38)
[M::mem_pestat] low and high boundaries for proper pairs: (18, 347)
[M::mem_pestat] skip orientation RF as there are not enough pairs
[M::mem_pestat] skip orientation RR as there are not enough pairs
[M::mem_process_seqs] Processed 645174 reads in 850.334 CPU sec, 109.045 real sec
[M::process] 0 single-end sequences; 645164 paired-end sequences
[M::process] read 646156 sequences (80000224 bp)...
[M::mem_pestat] # candidate unique pairs for (FF, FR, RF, RR): (0, 243409, 2, 0)
[M::mem_pestat] skip orientation FF as there are not enough pairs
[M::mem_pestat] analyzing insert size distribution for orientation FR...
[M::mem_pestat] (25, 50, 75) percentile: (159, 181, 206)
[M::mem_pestat] low and high boundaries for computing mean and std.dev: (65, 300)
[M::mem_pestat] mean and std.dev: (184.37, 33.34)
[M::mem_pestat] low and high boundaries for proper pairs: (18, 347)
[M::mem_pestat] skip orientation RF as there are not enough pairs
[M::mem_pestat] skip orientation RR as there are not enough pairs
[M::mem_process_seqs] Processed 645164 reads in 840.885 CPU sec, 107.846 real sec
[M::process] 0 single-end sequences; 646156 paired-end sequences
[M::process] read 645362 sequences (80000126 bp)...
[M::mem_pestat] # candidate unique pairs for (FF, FR, RF, RR): (0, 243008, 5, 0)
[M::mem_pestat] skip orientation FF as there are not enough pairs
[M::mem_pestat] analyzing insert size distribution for orientation FR...
[M::mem_pestat] (25, 50, 75) percentile: (160, 181, 207)
[M::mem_pestat] low and high boundaries for computing mean and std.dev: (66, 301)
[M::mem_pestat] mean and std.dev: (184.96, 33.54)
[M::mem_pestat] low and high boundaries for proper pairs: (19, 348)
[M::mem_pestat] skip orientation RF as there are not enough pairs
[M::mem_pestat] skip orientation RR as there are not enough pairs
[M::mem_process_seqs] Processed 646156 reads in 838.380 CPU sec, 107.544 real sec
[M::process] 0 single-end sequences; 645362 paired-end sequences
[M::process] read 645108 sequences (80000076 bp)...
[M::mem_pestat] # candidate unique pairs for (FF, FR, RF, RR): (0, 243236, 6, 0)
[M::mem_pestat] skip orientation FF as there are not enough pairs
[M::mem_pestat] analyzing insert size distribution for orientation FR...
[M::mem_pestat] (25, 50, 75) percentile: (160, 181, 207)
[M::mem_pestat] low and high boundaries for computing mean and std.dev: (66, 301)
[M::mem_pestat] mean and std.dev: (184.98, 33.49)
[M::mem_pestat] low and high boundaries for proper pairs: (19, 348)
[M::mem_pestat] skip orientation RF as there are not enough pairs
[M::mem_pestat] skip orientation RR as there are not enough pairs
[M::mem_process_seqs] Processed 645362 reads in 831.847 CPU sec, 106.726 real sec
[M::process] 0 single-end sequences; 645108 paired-end sequences
[M::process] read 645016 sequences (80000013 bp)...
[M::mem_pestat] # candidate unique pairs for (FF, FR, RF, RR): (0, 243208, 6, 0)
[M::mem_pestat] skip orientation FF as there are not enough pairs
[M::mem_pestat] analyzing insert size distribution for orientation FR...
[M::mem_pestat] (25, 50, 75) percentile: (160, 181, 207)
[M::mem_pestat] low and high boundaries for computing mean and std.dev: (66, 301)
[M::mem_pestat] mean and std.dev: (184.96, 33.55)
[M::mem_pestat] low and high boundaries for proper pairs: (19, 348)
[M::mem_pestat] skip orientation RF as there are not enough pairs
[M::mem_pestat] skip orientation RR as there are not enough pairs
[M::mem_process_seqs] Processed 645108 reads in 817.149 CPU sec, 104.905 real sec
[M::process] 0 single-end sequences; 645016 paired-end sequences
[M::process] read 645092 sequences (80000022 bp)...
[M::mem_pestat] # candidate unique pairs for (FF, FR, RF, RR): (0, 243553, 5, 0)
[M::mem_pestat] skip orientation FF as there are not enough pairs
[M::mem_pestat] analyzing insert size distribution for orientation FR...
[M::mem_pestat] (25, 50, 75) percentile: (160, 181, 207)
[M::mem_pestat] low and high boundaries for computing mean and std.dev: (66, 301)
[M::mem_pestat] mean and std.dev: (184.87, 33.48)
[M::mem_pestat] low and high boundaries for proper pairs: (19, 348)
[M::mem_pestat] skip orientation RF as there are not enough pairs
[M::mem_pestat] skip orientation RR as there are not enough pairs
[M::mem_process_seqs] Processed 645016 reads in 823.400 CPU sec, 105.678 real sec
[M::process] 0 single-end sequences; 645092 paired-end sequences
[M::process] read 645164 sequences (80000078 bp)...
[M::mem_pestat] # candidate unique pairs for (FF, FR, RF, RR): (0, 243260, 5, 0)
[M::mem_pestat] skip orientation FF as there are not enough pairs
[M::mem_pestat] analyzing insert size distribution for orientation FR...
[M::mem_pestat] (25, 50, 75) percentile: (159, 181, 207)
[M::mem_pestat] low and high boundaries for computing mean and std.dev: (63, 303)
[M::mem_pestat] mean and std.dev: (184.60, 33.45)
[M::mem_pestat] low and high boundaries for proper pairs: (15, 351)
[M::mem_pestat] skip orientation RF as there are not enough pairs
[M::mem_pestat] skip orientation RR as there are not enough pairs
[M::mem_process_seqs] Processed 645092 reads in 827.124 CPU sec, 106.122 real sec
[M::process] 0 single-end sequences; 645164 paired-end sequences
[M::process] read 645558 sequences (80000030 bp)...
[M::mem_pestat] # candidate unique pairs for (FF, FR, RF, RR): (0, 243602, 5, 0)
[M::mem_pestat] skip orientation FF as there are not enough pairs
[M::mem_pestat] analyzing insert size distribution for orientation FR...
[M::mem_pestat] (25, 50, 75) percentile: (159, 181, 206)
[M::mem_pestat] low and high boundaries for computing mean and std.dev: (65, 300)
[M::mem_pestat] mean and std.dev: (184.53, 33.33)
[M::mem_pestat] low and high boundaries for proper pairs: (18, 347)
[M::mem_pestat] skip orientation RF as there are not enough pairs
[M::mem_pestat] skip orientation RR as there are not enough pairs
[M::mem_process_seqs] Processed 645164 reads in 838.993 CPU sec, 107.620 real sec
[M::process] 0 single-end sequences; 645558 paired-end sequences
[M::process] read 645914 sequences (80000062 bp)...
[M::mem_pestat] # candidate unique pairs for (FF, FR, RF, RR): (0, 243476, 3, 0)
[M::mem_pestat] skip orientation FF as there are not enough pairs
[M::mem_pestat] analyzing insert size distribution for orientation FR...
[M::mem_pestat] (25, 50, 75) percentile: (160, 181, 207)
[M::mem_pestat] low and high boundaries for computing mean and std.dev: (66, 301)
[M::mem_pestat] mean and std.dev: (184.70, 33.50)
[M::mem_pestat] low and high boundaries for proper pairs: (19, 348)
[M::mem_pestat] skip orientation RF as there are not enough pairs
[M::mem_pestat] skip orientation RR as there are not enough pairs
[M::mem_process_seqs] Processed 645558 reads in 831.251 CPU sec, 106.643 real sec
[M::process] 0 single-end sequences; 645914 paired-end sequences
[M::process] read 645434 sequences (80000015 bp)...
[M::mem_pestat] # candidate unique pairs for (FF, FR, RF, RR): (0, 242362, 1, 0)
[M::mem_pestat] skip orientation FF as there are not enough pairs
[M::mem_pestat] analyzing insert size distribution for orientation FR...
[M::mem_pestat] (25, 50, 75) percentile: (160, 181, 207)
[M::mem_pestat] low and high boundaries for computing mean and std.dev: (66, 301)
[M::mem_pestat] mean and std.dev: (184.90, 33.44)
[M::mem_pestat] low and high boundaries for proper pairs: (19, 348)
[M::mem_pestat] skip orientation RF as there are not enough pairs
[M::mem_pestat] skip orientation RR as there are not enough pairs
[M::mem_process_seqs] Processed 645914 reads in 850.916 CPU sec, 109.096 real sec
[M::process] 0 single-end sequences; 645434 paired-end sequences
[M::process] read 645110 sequences (80000025 bp)...
[M::mem_pestat] # candidate unique pairs for (FF, FR, RF, RR): (0, 242855, 7, 0)
[M::mem_pestat] skip orientation FF as there are not enough pairs
[M::mem_pestat] analyzing insert size distribution for orientation FR...
[M::mem_pestat] (25, 50, 75) percentile: (160, 181, 207)
[M::mem_pestat] low and high boundaries for computing mean and std.dev: (66, 301)
[M::mem_pestat] mean and std.dev: (185.05, 33.50)
[M::mem_pestat] low and high boundaries for proper pairs: (19, 348)
[M::mem_pestat] skip orientation RF as there are not enough pairs
[M::mem_pestat] skip orientation RR as there are not enough pairs
[M::mem_process_seqs] Processed 645434 reads in 832.538 CPU sec, 106.829 real sec
[M::process] 0 single-end sequences; 645110 paired-end sequences
[M::process] read 645060 sequences (80000075 bp)...
[M::mem_pestat] # candidate unique pairs for (FF, FR, RF, RR): (0, 243119, 5, 0)
[M::mem_pestat] skip orientation FF as there are not enough pairs
[M::mem_pestat] analyzing insert size distribution for orientation FR...
[M::mem_pestat] (25, 50, 75) percentile: (160, 181, 207)
[M::mem_pestat] low and high boundaries for computing mean and std.dev: (66, 301)
[M::mem_pestat] mean and std.dev: (185.03, 33.57)
[M::mem_pestat] low and high boundaries for proper pairs: (19, 348)
[M::mem_pestat] skip orientation RF as there are not enough pairs
[M::mem_pestat] skip orientation RR as there are not enough pairs
[M::mem_process_seqs] Processed 645110 reads in 828.159 CPU sec, 106.273 real sec
[M::process] 0 single-end sequences; 645060 paired-end sequences
[M::process] read 645130 sequences (80000154 bp)...
[M::mem_pestat] # candidate unique pairs for (FF, FR, RF, RR): (0, 243303, 6, 0)
[M::mem_pestat] skip orientation FF as there are not enough pairs
[M::mem_pestat] analyzing insert size distribution for orientation FR...
[M::mem_pestat] (25, 50, 75) percentile: (160, 181, 207)
[M::mem_pestat] low and high boundaries for computing mean and std.dev: (66, 301)
[M::mem_pestat] mean and std.dev: (184.78, 33.43)
[M::mem_pestat] low and high boundaries for proper pairs: (19, 348)
[M::mem_pestat] skip orientation RF as there are not enough pairs
[M::mem_pestat] skip orientation RR as there are not enough pairs
[M::mem_process_seqs] Processed 645060 reads in 825.669 CPU sec, 105.950 real sec
[M::process] 0 single-end sequences; 645130 paired-end sequences
[M::process] read 645106 sequences (80000123 bp)...
[M::mem_pestat] # candidate unique pairs for (FF, FR, RF, RR): (0, 243519, 7, 0)
[M::mem_pestat] skip orientation FF as there are not enough pairs
[M::mem_pestat] analyzing insert size distribution for orientation FR...
[M::mem_pestat] (25, 50, 75) percentile: (160, 181, 207)
[M::mem_pestat] low and high boundaries for computing mean and std.dev: (66, 301)
[M::mem_pestat] mean and std.dev: (184.64, 33.44)
[M::mem_pestat] low and high boundaries for proper pairs: (19, 348)
[M::mem_pestat] skip orientation RF as there are not enough pairs
[M::mem_pestat] skip orientation RR as there are not enough pairs
[M::mem_process_seqs] Processed 645130 reads in 827.661 CPU sec, 106.181 real sec
[M::process] 0 single-end sequences; 645106 paired-end sequences
[M::process] read 648336 sequences (80000003 bp)...
[M::mem_pestat] # candidate unique pairs for (FF, FR, RF, RR): (0, 243021, 4, 0)
[M::mem_pestat] skip orientation FF as there are not enough pairs
[M::mem_pestat] analyzing insert size distribution for orientation FR...
[M::mem_pestat] (25, 50, 75) percentile: (159, 181, 206)
[M::mem_pestat] low and high boundaries for computing mean and std.dev: (65, 300)
[M::mem_pestat] mean and std.dev: (184.52, 33.37)
[M::mem_pestat] low and high boundaries for proper pairs: (18, 347)
[M::mem_pestat] skip orientation RF as there are not enough pairs
[M::mem_pestat] skip orientation RR as there are not enough pairs
[M::mem_process_seqs] Processed 645106 reads in 826.763 CPU sec, 106.088 real sec
[M::process] 0 single-end sequences; 648336 paired-end sequences
[M::process] read 647548 sequences (80000100 bp)...
[M::mem_pestat] # candidate unique pairs for (FF, FR, RF, RR): (0, 243837, 7, 0)
[M::mem_pestat] skip orientation FF as there are not enough pairs
[M::mem_pestat] analyzing insert size distribution for orientation FR...
[M::mem_pestat] (25, 50, 75) percentile: (160, 181, 207)
[M::mem_pestat] low and high boundaries for computing mean and std.dev: (66, 301)
[M::mem_pestat] mean and std.dev: (184.87, 33.47)
[M::mem_pestat] low and high boundaries for proper pairs: (19, 348)
[M::mem_pestat] skip orientation RF as there are not enough pairs
[M::mem_pestat] skip orientation RR as there are not enough pairs
[M::mem_process_seqs] Processed 648336 reads in 837.527 CPU sec, 107.442 real sec
[M::process] 0 single-end sequences; 647548 paired-end sequences
[M::process] read 647236 sequences (80000086 bp)...
[M::mem_pestat] # candidate unique pairs for (FF, FR, RF, RR): (0, 243547, 2, 0)
[M::mem_pestat] skip orientation FF as there are not enough pairs
[M::mem_pestat] analyzing insert size distribution for orientation FR...
[M::mem_pestat] (25, 50, 75) percentile: (160, 181, 207)
[M::mem_pestat] low and high boundaries for computing mean and std.dev: (66, 301)
[M::mem_pestat] mean and std.dev: (185.04, 33.46)
[M::mem_pestat] low and high boundaries for proper pairs: (19, 348)
[M::mem_pestat] skip orientation RF as there are not enough pairs
[M::mem_pestat] skip orientation RR as there are not enough pairs
[M::mem_process_seqs] Processed 647548 reads in 829.773 CPU sec, 106.501 real sec
[M::process] 0 single-end sequences; 647236 paired-end sequences
[M::process] read 646452 sequences (80000152 bp)...
[M::mem_pestat] # candidate unique pairs for (FF, FR, RF, RR): (0, 243985, 8, 0)
[M::mem_pestat] skip orientation FF as there are not enough pairs
[M::mem_pestat] analyzing insert size distribution for orientation FR...
[M::mem_pestat] (25, 50, 75) percentile: (160, 181, 207)
[M::mem_pestat] low and high boundaries for computing mean and std.dev: (66, 301)
[M::mem_pestat] mean and std.dev: (184.91, 33.44)
[M::mem_pestat] low and high boundaries for proper pairs: (19, 348)
[M::mem_pestat] skip orientation RF as there are not enough pairs
[M::mem_pestat] skip orientation RR as there are not enough pairs
[M::mem_process_seqs] Processed 647236 reads in 820.747 CPU sec, 105.354 real sec
[M::process] 0 single-end sequences; 646452 paired-end sequences
[M::process] read 645654 sequences (80000048 bp)...
[M::mem_pestat] # candidate unique pairs for (FF, FR, RF, RR): (0, 243669, 4, 0)
[M::mem_pestat] skip orientation FF as there are not enough pairs
[M::mem_pestat] analyzing insert size distribution for orientation FR...
[M::mem_pestat] (25, 50, 75) percentile: (160, 181, 207)
[M::mem_pestat] low and high boundaries for computing mean and std.dev: (66, 301)
[M::mem_pestat] mean and std.dev: (184.86, 33.46)
[M::mem_pestat] low and high boundaries for proper pairs: (19, 348)
[M::mem_pestat] skip orientation RF as there are not enough pairs
[M::mem_pestat] skip orientation RR as there are not enough pairs
[M::mem_process_seqs] Processed 646452 reads in 816.765 CPU sec, 104.838 real sec
[M::process] 0 single-end sequences; 645654 paired-end sequences
[M::process] read 645568 sequences (80000173 bp)...
[M::mem_pestat] # candidate unique pairs for (FF, FR, RF, RR): (0, 243578, 6, 0)
[M::mem_pestat] skip orientation FF as there are not enough pairs
[M::mem_pestat] analyzing insert size distribution for orientation FR...
[M::mem_pestat] (25, 50, 75) percentile: (160, 181, 207)
[M::mem_pestat] low and high boundaries for computing mean and std.dev: (66, 301)
[M::mem_pestat] mean and std.dev: (184.70, 33.39)
[M::mem_pestat] low and high boundaries for proper pairs: (19, 348)
[M::mem_pestat] skip orientation RF as there are not enough pairs
[M::mem_pestat] skip orientation RR as there are not enough pairs
[M::mem_process_seqs] Processed 645654 reads in 826.663 CPU sec, 106.085 real sec
[M::process] 0 single-end sequences; 645568 paired-end sequences
[M::process] read 645360 sequences (80000181 bp)...
[M::mem_pestat] # candidate unique pairs for (FF, FR, RF, RR): (0, 242987, 1, 0)
[M::mem_pestat] skip orientation FF as there are not enough pairs
[M::mem_pestat] analyzing insert size distribution for orientation FR...
[M::mem_pestat] (25, 50, 75) percentile: (159, 181, 206)
[M::mem_pestat] low and high boundaries for computing mean and std.dev: (65, 300)
[M::mem_pestat] mean and std.dev: (184.45, 33.38)
[M::mem_pestat] low and high boundaries for proper pairs: (18, 347)
[M::mem_pestat] skip orientation RF as there are not enough pairs
[M::mem_pestat] skip orientation RR as there are not enough pairs
[M::mem_process_seqs] Processed 645568 reads in 825.324 CPU sec, 105.909 real sec
[M::process] 0 single-end sequences; 645360 paired-end sequences
[M::process] read 648646 sequences (80000119 bp)...
[M::mem_pestat] # candidate unique pairs for (FF, FR, RF, RR): (0, 242655, 4, 0)
[M::mem_pestat] skip orientation FF as there are not enough pairs
[M::mem_pestat] analyzing insert size distribution for orientation FR...
[M::mem_pestat] (25, 50, 75) percentile: (159, 181, 206)
[M::mem_pestat] low and high boundaries for computing mean and std.dev: (65, 300)
[M::mem_pestat] mean and std.dev: (184.44, 33.38)
[M::mem_pestat] low and high boundaries for proper pairs: (18, 347)
[M::mem_pestat] skip orientation RF as there are not enough pairs
[M::mem_pestat] skip orientation RR as there are not enough pairs
[M::mem_process_seqs] Processed 645360 reads in 824.470 CPU sec, 105.811 real sec
[M::process] 0 single-end sequences; 648646 paired-end sequences
[M::process] read 647890 sequences (80000147 bp)...
[M::mem_pestat] # candidate unique pairs for (FF, FR, RF, RR): (0, 244124, 8, 0)
[M::mem_pestat] skip orientation FF as there are not enough pairs
[M::mem_pestat] analyzing insert size distribution for orientation FR...
[M::mem_pestat] (25, 50, 75) percentile: (160, 181, 207)
[M::mem_pestat] low and high boundaries for computing mean and std.dev: (66, 301)
[M::mem_pestat] mean and std.dev: (184.94, 33.43)
[M::mem_pestat] low and high boundaries for proper pairs: (19, 348)
[M::mem_pestat] skip orientation RF as there are not enough pairs
[M::mem_pestat] skip orientation RR as there are not enough pairs
[M::mem_process_seqs] Processed 648646 reads in 840.560 CPU sec, 107.841 real sec
[M::process] 0 single-end sequences; 647890 paired-end sequences
[M::process] read 647402 sequences (80000188 bp)...
[M::mem_pestat] # candidate unique pairs for (FF, FR, RF, RR): (0, 243584, 1, 0)
[M::mem_pestat] skip orientation FF as there are not enough pairs
[M::mem_pestat] analyzing insert size distribution for orientation FR...
[M::mem_pestat] (25, 50, 75) percentile: (160, 181, 207)
[M::mem_pestat] low and high boundaries for computing mean and std.dev: (66, 301)
[M::mem_pestat] mean and std.dev: (184.85, 33.43)
[M::mem_pestat] low and high boundaries for proper pairs: (19, 348)
[M::mem_pestat] skip orientation RF as there are not enough pairs
[M::mem_pestat] skip orientation RR as there are not enough pairs
[M::mem_process_seqs] Processed 647890 reads in 824.813 CPU sec, 105.836 real sec
[M::process] 0 single-end sequences; 647402 paired-end sequences
[M::process] read 646716 sequences (80000215 bp)...
[M::mem_pestat] # candidate unique pairs for (FF, FR, RF, RR): (0, 244302, 5, 0)
[M::mem_pestat] skip orientation FF as there are not enough pairs
[M::mem_pestat] analyzing insert size distribution for orientation FR...
[M::mem_pestat] (25, 50, 75) percentile: (160, 181, 207)
[M::mem_pestat] low and high boundaries for computing mean and std.dev: (66, 301)
[M::mem_pestat] mean and std.dev: (184.85, 33.49)
[M::mem_pestat] low and high boundaries for proper pairs: (19, 348)
[M::mem_pestat] skip orientation RF as there are not enough pairs
[M::mem_pestat] skip orientation RR as there are not enough pairs
[M::mem_process_seqs] Processed 647402 reads in 817.232 CPU sec, 104.907 real sec
[M::process] 0 single-end sequences; 646716 paired-end sequences
[M::process] read 646066 sequences (80000087 bp)...
[M::mem_pestat] # candidate unique pairs for (FF, FR, RF, RR): (0, 244338, 10, 0)
[M::mem_pestat] skip orientation FF as there are not enough pairs
[M::mem_pestat] analyzing insert size distribution for orientation FR...
[M::mem_pestat] (25, 50, 75) percentile: (160, 181, 207)
[M::mem_pestat] low and high boundaries for computing mean and std.dev: (66, 301)
[M::mem_pestat] mean and std.dev: (184.70, 33.39)
[M::mem_pestat] low and high boundaries for proper pairs: (19, 348)
[M::mem_pestat] analyzing insert size distribution for orientation RF...
[M::mem_pestat] (25, 50, 75) percentile: (138, 161, 207)
[M::mem_pestat] low and high boundaries for computing mean and std.dev: (1, 345)
[M::mem_pestat] mean and std.dev: (164.10, 35.52)
[M::mem_pestat] low and high boundaries for proper pairs: (1, 414)
[M::mem_pestat] skip orientation RR as there are not enough pairs
[M::mem_pestat] skip orientation RF
[M::mem_process_seqs] Processed 646716 reads in 806.689 CPU sec, 103.577 real sec
[M::process] 0 single-end sequences; 646066 paired-end sequences
[M::process] read 645628 sequences (80000180 bp)...
[M::mem_pestat] # candidate unique pairs for (FF, FR, RF, RR): (0, 244016, 6, 0)
[M::mem_pestat] skip orientation FF as there are not enough pairs
[M::mem_pestat] analyzing insert size distribution for orientation FR...
[M::mem_pestat] (25, 50, 75) percentile: (159, 181, 207)
[M::mem_pestat] low and high boundaries for computing mean and std.dev: (63, 303)
[M::mem_pestat] mean and std.dev: (184.54, 33.40)
[M::mem_pestat] low and high boundaries for proper pairs: (15, 351)
[M::mem_pestat] skip orientation RF as there are not enough pairs
[M::mem_pestat] skip orientation RR as there are not enough pairs
[M::mem_process_seqs] Processed 646066 reads in 815.637 CPU sec, 104.701 real sec
[M::process] 0 single-end sequences; 645628 paired-end sequences
[M::process] read 645486 sequences (80000035 bp)...
[M::mem_pestat] # candidate unique pairs for (FF, FR, RF, RR): (0, 243093, 6, 0)
[M::mem_pestat] skip orientation FF as there are not enough pairs
[M::mem_pestat] analyzing insert size distribution for orientation FR...
[M::mem_pestat] (25, 50, 75) percentile: (159, 181, 207)
[M::mem_pestat] low and high boundaries for computing mean and std.dev: (63, 303)
[M::mem_pestat] mean and std.dev: (184.52, 33.44)
[M::mem_pestat] low and high boundaries for proper pairs: (15, 351)
[M::mem_pestat] skip orientation RF as there are not enough pairs
[M::mem_pestat] skip orientation RR as there are not enough pairs
[M::mem_process_seqs] Processed 645628 reads in 827.082 CPU sec, 106.163 real sec
[M::process] 0 single-end sequences; 645486 paired-end sequences
[M::process] read 649394 sequences (80000158 bp)...
[M::mem_pestat] # candidate unique pairs for (FF, FR, RF, RR): (0, 243735, 5, 0)
[M::mem_pestat] skip orientation FF as there are not enough pairs
[M::mem_pestat] analyzing insert size distribution for orientation FR...
[M::mem_pestat] (25, 50, 75) percentile: (159, 180, 206)
[M::mem_pestat] low and high boundaries for computing mean and std.dev: (65, 300)
[M::mem_pestat] mean and std.dev: (184.21, 33.31)
[M::mem_pestat] low and high boundaries for proper pairs: (18, 347)
[M::mem_pestat] skip orientation RF as there are not enough pairs
[M::mem_pestat] skip orientation RR as there are not enough pairs
[M::mem_process_seqs] Processed 645486 reads in 819.099 CPU sec, 105.160 real sec
[M::process] 0 single-end sequences; 649394 paired-end sequences
[M::process] read 648236 sequences (80000030 bp)...
[M::mem_pestat] # candidate unique pairs for (FF, FR, RF, RR): (0, 244296, 5, 0)
[M::mem_pestat] skip orientation FF as there are not enough pairs
[M::mem_pestat] analyzing insert size distribution for orientation FR...
[M::mem_pestat] (25, 50, 75) percentile: (160, 181, 207)
[M::mem_pestat] low and high boundaries for computing mean and std.dev: (66, 301)
[M::mem_pestat] mean and std.dev: (184.92, 33.43)
[M::mem_pestat] low and high boundaries for proper pairs: (19, 348)
[M::mem_pestat] skip orientation RF as there are not enough pairs
[M::mem_pestat] skip orientation RR as there are not enough pairs
[M::mem_process_seqs] Processed 649394 reads in 855.059 CPU sec, 109.622 real sec
[M::process] 0 single-end sequences; 648236 paired-end sequences
[M::process] read 647690 sequences (80000039 bp)...
[M::mem_pestat] # candidate unique pairs for (FF, FR, RF, RR): (0, 244259, 2, 0)
[M::mem_pestat] skip orientation FF as there are not enough pairs
[M::mem_pestat] analyzing insert size distribution for orientation FR...
[M::mem_pestat] (25, 50, 75) percentile: (160, 181, 207)
[M::mem_pestat] low and high boundaries for computing mean and std.dev: (66, 301)
[M::mem_pestat] mean and std.dev: (185.06, 33.46)
[M::mem_pestat] low and high boundaries for proper pairs: (19, 348)
[M::mem_pestat] skip orientation RF as there are not enough pairs
[M::mem_pestat] skip orientation RR as there are not enough pairs
[M::mem_process_seqs] Processed 648236 reads in 829.267 CPU sec, 106.408 real sec
[M::process] 0 single-end sequences; 647690 paired-end sequences
[M::process] read 647042 sequences (80000151 bp)...
[M::mem_pestat] # candidate unique pairs for (FF, FR, RF, RR): (0, 244191, 1, 0)
[M::mem_pestat] skip orientation FF as there are not enough pairs
[M::mem_pestat] analyzing insert size distribution for orientation FR...
[M::mem_pestat] (25, 50, 75) percentile: (160, 181, 207)
[M::mem_pestat] low and high boundaries for computing mean and std.dev: (66, 301)
[M::mem_pestat] mean and std.dev: (184.88, 33.50)
[M::mem_pestat] low and high boundaries for proper pairs: (19, 348)
[M::mem_pestat] skip orientation RF as there are not enough pairs
[M::mem_pestat] skip orientation RR as there are not enough pairs
[M::mem_process_seqs] Processed 647690 reads in 820.236 CPU sec, 105.315 real sec
[M::process] 0 single-end sequences; 647042 paired-end sequences
[M::process] read 646498 sequences (80000145 bp)...
[M::mem_pestat] # candidate unique pairs for (FF, FR, RF, RR): (0, 243958, 3, 0)
[M::mem_pestat] skip orientation FF as there are not enough pairs
[M::mem_pestat] analyzing insert size distribution for orientation FR...
[M::mem_pestat] (25, 50, 75) percentile: (160, 181, 207)
[M::mem_pestat] low and high boundaries for computing mean and std.dev: (66, 301)
[M::mem_pestat] mean and std.dev: (184.81, 33.40)
[M::mem_pestat] low and high boundaries for proper pairs: (19, 348)
[M::mem_pestat] skip orientation RF as there are not enough pairs
[M::mem_pestat] skip orientation RR as there are not enough pairs
[M::mem_process_seqs] Processed 647042 reads in 812.578 CPU sec, 104.327 real sec
[M::process] 0 single-end sequences; 646498 paired-end sequences
[M::process] read 646236 sequences (80000038 bp)...
[M::mem_pestat] # candidate unique pairs for (FF, FR, RF, RR): (0, 243647, 9, 0)
[M::mem_pestat] skip orientation FF as there are not enough pairs
[M::mem_pestat] analyzing insert size distribution for orientation FR...
[M::mem_pestat] (25, 50, 75) percentile: (160, 181, 207)
[M::mem_pestat] low and high boundaries for computing mean and std.dev: (66, 301)
[M::mem_pestat] mean and std.dev: (184.71, 33.38)
[M::mem_pestat] low and high boundaries for proper pairs: (19, 348)
[M::mem_pestat] skip orientation RF as there are not enough pairs
[M::mem_pestat] skip orientation RR as there are not enough pairs
[M::mem_process_seqs] Processed 646498 reads in 824.242 CPU sec, 105.804 real sec
[M::process] 0 single-end sequences; 646236 paired-end sequences
[M::process] read 645572 sequences (80000190 bp)...
[M::mem_pestat] # candidate unique pairs for (FF, FR, RF, RR): (0, 243171, 7, 0)
[M::mem_pestat] skip orientation FF as there are not enough pairs
[M::mem_pestat] analyzing insert size distribution for orientation FR...
[M::mem_pestat] (25, 50, 75) percentile: (159, 181, 206)
[M::mem_pestat] low and high boundaries for computing mean and std.dev: (65, 300)
[M::mem_pestat] mean and std.dev: (184.50, 33.35)
[M::mem_pestat] low and high boundaries for proper pairs: (18, 347)
[M::mem_pestat] skip orientation RF as there are not enough pairs
[M::mem_pestat] skip orientation RR as there are not enough pairs
[M::mem_process_seqs] Processed 646236 reads in 829.476 CPU sec, 106.430 real sec
[M::process] 0 single-end sequences; 645572 paired-end sequences
[M::process] read 648912 sequences (80000033 bp)...
[M::mem_pestat] # candidate unique pairs for (FF, FR, RF, RR): (0, 243278, 8, 0)
[M::mem_pestat] skip orientation FF as there are not enough pairs
[M::mem_pestat] analyzing insert size distribution for orientation FR...
[M::mem_pestat] (25, 50, 75) percentile: (159, 181, 206)
[M::mem_pestat] low and high boundaries for computing mean and std.dev: (65, 300)
[M::mem_pestat] mean and std.dev: (184.34, 33.34)
[M::mem_pestat] low and high boundaries for proper pairs: (18, 347)
[M::mem_pestat] skip orientation RF as there are not enough pairs
[M::mem_pestat] skip orientation RR as there are not enough pairs
[M::mem_process_seqs] Processed 645572 reads in 823.119 CPU sec, 105.640 real sec
[M::process] 0 single-end sequences; 648912 paired-end sequences
[M::process] read 647712 sequences (80000006 bp)...
[M::mem_pestat] # candidate unique pairs for (FF, FR, RF, RR): (0, 243457, 4, 0)
[M::mem_pestat] skip orientation FF as there are not enough pairs
[M::mem_pestat] analyzing insert size distribution for orientation FR...
[M::mem_pestat] (25, 50, 75) percentile: (160, 181, 207)
[M::mem_pestat] low and high boundaries for computing mean and std.dev: (66, 301)
[M::mem_pestat] mean and std.dev: (184.91, 33.45)
[M::mem_pestat] low and high boundaries for proper pairs: (19, 348)
[M::mem_pestat] skip orientation RF as there are not enough pairs
[M::mem_pestat] skip orientation RR as there are not enough pairs
[M::mem_process_seqs] Processed 648912 reads in 892.538 CPU sec, 114.302 real sec
[M::process] 0 single-end sequences; 647712 paired-end sequences
[M::process] read 647422 sequences (80000224 bp)...
[M::mem_pestat] # candidate unique pairs for (FF, FR, RF, RR): (0, 243776, 4, 0)
[M::mem_pestat] skip orientation FF as there are not enough pairs
[M::mem_pestat] analyzing insert size distribution for orientation FR...
[M::mem_pestat] (25, 50, 75) percentile: (160, 181, 207)
[M::mem_pestat] low and high boundaries for computing mean and std.dev: (66, 301)
[M::mem_pestat] mean and std.dev: (184.84, 33.37)
[M::mem_pestat] low and high boundaries for proper pairs: (19, 348)
[M::mem_pestat] skip orientation RF as there are not enough pairs
[M::mem_pestat] skip orientation RR as there are not enough pairs
[M::mem_process_seqs] Processed 647712 reads in 849.217 CPU sec, 108.919 real sec
[M::process] 0 single-end sequences; 647422 paired-end sequences
[M::process] read 646502 sequences (80000055 bp)...
[M::mem_pestat] # candidate unique pairs for (FF, FR, RF, RR): (0, 243763, 8, 0)
[M::mem_pestat] skip orientation FF as there are not enough pairs
[M::mem_pestat] analyzing insert size distribution for orientation FR...
[M::mem_pestat] (25, 50, 75) percentile: (160, 181, 207)
[M::mem_pestat] low and high boundaries for computing mean and std.dev: (66, 301)
[M::mem_pestat] mean and std.dev: (184.75, 33.51)
[M::mem_pestat] low and high boundaries for proper pairs: (19, 348)
[M::mem_pestat] skip orientation RF as there are not enough pairs
[M::mem_pestat] skip orientation RR as there are not enough pairs
[M::mem_process_seqs] Processed 647422 reads in 837.216 CPU sec, 107.515 real sec
[M::process] 0 single-end sequences; 646502 paired-end sequences
[M::process] read 646052 sequences (80000172 bp)...
[M::mem_pestat] # candidate unique pairs for (FF, FR, RF, RR): (0, 243608, 4, 0)
[M::mem_pestat] skip orientation FF as there are not enough pairs
[M::mem_pestat] analyzing insert size distribution for orientation FR...
[M::mem_pestat] (25, 50, 75) percentile: (160, 181, 207)
[M::mem_pestat] low and high boundaries for computing mean and std.dev: (66, 301)
[M::mem_pestat] mean and std.dev: (184.69, 33.38)
[M::mem_pestat] low and high boundaries for proper pairs: (19, 348)
[M::mem_pestat] skip orientation RF as there are not enough pairs
[M::mem_pestat] skip orientation RR as there are not enough pairs
[M::mem_process_seqs] Processed 646502 reads in 879.468 CPU sec, 112.691 real sec
[M::process] 0 single-end sequences; 646052 paired-end sequences
[M::process] read 645768 sequences (80000121 bp)...
[M::mem_pestat] # candidate unique pairs for (FF, FR, RF, RR): (0, 243273, 2, 0)
[M::mem_pestat] skip orientation FF as there are not enough pairs
[M::mem_pestat] analyzing insert size distribution for orientation FR...
[M::mem_pestat] (25, 50, 75) percentile: (159, 181, 206)
[M::mem_pestat] low and high boundaries for computing mean and std.dev: (65, 300)
[M::mem_pestat] mean and std.dev: (184.48, 33.33)
[M::mem_pestat] low and high boundaries for proper pairs: (18, 347)
[M::mem_pestat] skip orientation RF as there are not enough pairs
[M::mem_pestat] skip orientation RR as there are not enough pairs
[M::mem_process_seqs] Processed 646052 reads in 890.644 CPU sec, 114.076 real sec
[M::process] 0 single-end sequences; 645768 paired-end sequences
[M::process] read 647510 sequences (80000113 bp)...
[M::mem_pestat] # candidate unique pairs for (FF, FR, RF, RR): (0, 243122, 5, 0)
[M::mem_pestat] skip orientation FF as there are not enough pairs
[M::mem_pestat] analyzing insert size distribution for orientation FR...
[M::mem_pestat] (25, 50, 75) percentile: (159, 181, 206)
[M::mem_pestat] low and high boundaries for computing mean and std.dev: (65, 300)
[M::mem_pestat] mean and std.dev: (184.40, 33.35)
[M::mem_pestat] low and high boundaries for proper pairs: (18, 347)
[M::mem_pestat] skip orientation RF as there are not enough pairs
[M::mem_pestat] skip orientation RR as there are not enough pairs
[M::mem_process_seqs] Processed 645768 reads in 837.872 CPU sec, 107.484 real sec
[M::process] 0 single-end sequences; 647510 paired-end sequences
[M::process] read 649022 sequences (80000216 bp)...
[M::mem_pestat] # candidate unique pairs for (FF, FR, RF, RR): (0, 243985, 4, 0)
[M::mem_pestat] skip orientation FF as there are not enough pairs
[M::mem_pestat] analyzing insert size distribution for orientation FR...
[M::mem_pestat] (25, 50, 75) percentile: (159, 181, 206)
[M::mem_pestat] low and high boundaries for computing mean and std.dev: (65, 300)
[M::mem_pestat] mean and std.dev: (184.50, 33.35)
[M::mem_pestat] low and high boundaries for proper pairs: (18, 347)
[M::mem_pestat] skip orientation RF as there are not enough pairs
[M::mem_pestat] skip orientation RR as there are not enough pairs
[M::mem_process_seqs] Processed 647510 reads in 840.535 CPU sec, 107.810 real sec
[M::process] 0 single-end sequences; 649022 paired-end sequences
[M::process] read 648004 sequences (80000041 bp)...
[M::mem_pestat] # candidate unique pairs for (FF, FR, RF, RR): (0, 244085, 5, 0)
[M::mem_pestat] skip orientation FF as there are not enough pairs
[M::mem_pestat] analyzing insert size distribution for orientation FR...
[M::mem_pestat] (25, 50, 75) percentile: (160, 181, 207)
[M::mem_pestat] low and high boundaries for computing mean and std.dev: (66, 301)
[M::mem_pestat] mean and std.dev: (184.95, 33.41)
[M::mem_pestat] low and high boundaries for proper pairs: (19, 348)
[M::mem_pestat] skip orientation RF as there are not enough pairs
[M::mem_pestat] skip orientation RR as there are not enough pairs
[M::mem_process_seqs] Processed 649022 reads in 848.419 CPU sec, 108.804 real sec
[M::process] 0 single-end sequences; 648004 paired-end sequences
[M::process] read 647458 sequences (80000025 bp)...
[M::mem_pestat] # candidate unique pairs for (FF, FR, RF, RR): (0, 244337, 8, 0)
[M::mem_pestat] skip orientation FF as there are not enough pairs
[M::mem_pestat] analyzing insert size distribution for orientation FR...
[M::mem_pestat] (25, 50, 75) percentile: (160, 181, 207)
[M::mem_pestat] low and high boundaries for computing mean and std.dev: (66, 301)
[M::mem_pestat] mean and std.dev: (184.91, 33.48)
[M::mem_pestat] low and high boundaries for proper pairs: (19, 348)
[M::mem_pestat] skip orientation RF as there are not enough pairs
[M::mem_pestat] skip orientation RR as there are not enough pairs
[M::mem_process_seqs] Processed 648004 reads in 829.298 CPU sec, 106.434 real sec
[M::process] 0 single-end sequences; 647458 paired-end sequences
[M::process] read 646516 sequences (80000238 bp)...
[M::mem_pestat] # candidate unique pairs for (FF, FR, RF, RR): (0, 244396, 2, 0)
[M::mem_pestat] skip orientation FF as there are not enough pairs
[M::mem_pestat] analyzing insert size distribution for orientation FR...
[M::mem_pestat] (25, 50, 75) percentile: (160, 181, 207)
[M::mem_pestat] low and high boundaries for computing mean and std.dev: (66, 301)
[M::mem_pestat] mean and std.dev: (184.66, 33.41)
[M::mem_pestat] low and high boundaries for proper pairs: (19, 348)
[M::mem_pestat] skip orientation RF as there are not enough pairs
[M::mem_pestat] skip orientation RR as there are not enough pairs
[M::mem_process_seqs] Processed 647458 reads in 825.668 CPU sec, 105.942 real sec
[M::process] 0 single-end sequences; 646516 paired-end sequences
[M::process] read 645960 sequences (80000106 bp)...
[M::mem_pestat] # candidate unique pairs for (FF, FR, RF, RR): (0, 243831, 9, 0)
[M::mem_pestat] skip orientation FF as there are not enough pairs
[M::mem_pestat] analyzing insert size distribution for orientation FR...
[M::mem_pestat] (25, 50, 75) percentile: (160, 181, 207)
[M::mem_pestat] low and high boundaries for computing mean and std.dev: (66, 301)
[M::mem_pestat] mean and std.dev: (184.66, 33.41)
[M::mem_pestat] low and high boundaries for proper pairs: (19, 348)
[M::mem_pestat] skip orientation RF as there are not enough pairs
[M::mem_pestat] skip orientation RR as there are not enough pairs
[M::mem_process_seqs] Processed 646516 reads in 856.558 CPU sec, 109.810 real sec
[M::process] 0 single-end sequences; 645960 paired-end sequences
[M::process] read 645842 sequences (80000216 bp)...
[M::mem_pestat] # candidate unique pairs for (FF, FR, RF, RR): (0, 243512, 5, 0)
[M::mem_pestat] skip orientation FF as there are not enough pairs
[M::mem_pestat] analyzing insert size distribution for orientation FR...
[M::mem_pestat] (25, 50, 75) percentile: (159, 181, 206)
[M::mem_pestat] low and high boundaries for computing mean and std.dev: (65, 300)
[M::mem_pestat] mean and std.dev: (184.52, 33.39)
[M::mem_pestat] low and high boundaries for proper pairs: (18, 347)
[M::mem_pestat] skip orientation RF as there are not enough pairs
[M::mem_pestat] skip orientation RR as there are not enough pairs
[M::mem_process_seqs] Processed 645960 reads in 837.452 CPU sec, 107.435 real sec
[M::process] 0 single-end sequences; 645842 paired-end sequences
[M::process] read 648684 sequences (80000113 bp)...
[M::mem_pestat] # candidate unique pairs for (FF, FR, RF, RR): (0, 243419, 3, 0)
[M::mem_pestat] skip orientation FF as there are not enough pairs
[M::mem_pestat] analyzing insert size distribution for orientation FR...
[M::mem_pestat] (25, 50, 75) percentile: (159, 181, 206)
[M::mem_pestat] low and high boundaries for computing mean and std.dev: (65, 300)
[M::mem_pestat] mean and std.dev: (184.42, 33.35)
[M::mem_pestat] low and high boundaries for proper pairs: (18, 347)
[M::mem_pestat] skip orientation RF as there are not enough pairs
[M::mem_pestat] skip orientation RR as there are not enough pairs
[M::mem_process_seqs] Processed 645842 reads in 859.496 CPU sec, 110.182 real sec
[M::process] 0 single-end sequences; 648684 paired-end sequences
[M::process] read 649112 sequences (80000035 bp)...
[M::mem_pestat] # candidate unique pairs for (FF, FR, RF, RR): (0, 244375, 6, 0)
[M::mem_pestat] skip orientation FF as there are not enough pairs
[M::mem_pestat] analyzing insert size distribution for orientation FR...
[M::mem_pestat] (25, 50, 75) percentile: (160, 181, 207)
[M::mem_pestat] low and high boundaries for computing mean and std.dev: (66, 301)
[M::mem_pestat] mean and std.dev: (184.71, 33.40)
[M::mem_pestat] low and high boundaries for proper pairs: (19, 348)
[M::mem_pestat] skip orientation RF as there are not enough pairs
[M::mem_pestat] skip orientation RR as there are not enough pairs
[M::mem_process_seqs] Processed 648684 reads in 845.595 CPU sec, 108.451 real sec
[M::process] 0 single-end sequences; 649112 paired-end sequences
[M::process] read 648150 sequences (80000031 bp)...
[M::mem_pestat] # candidate unique pairs for (FF, FR, RF, RR): (0, 243426, 6, 0)
[M::mem_pestat] skip orientation FF as there are not enough pairs
[M::mem_pestat] analyzing insert size distribution for orientation FR...
[M::mem_pestat] (25, 50, 75) percentile: (160, 181, 207)
[M::mem_pestat] low and high boundaries for computing mean and std.dev: (66, 301)
[M::mem_pestat] mean and std.dev: (184.97, 33.45)
[M::mem_pestat] low and high boundaries for proper pairs: (19, 348)
[M::mem_pestat] skip orientation RF as there are not enough pairs
[M::mem_pestat] skip orientation RR as there are not enough pairs
[M::mem_process_seqs] Processed 649112 reads in 858.473 CPU sec, 110.099 real sec
[M::process] 0 single-end sequences; 648150 paired-end sequences
[M::process] read 647666 sequences (80000056 bp)...
[M::mem_pestat] # candidate unique pairs for (FF, FR, RF, RR): (0, 243789, 3, 0)
[M::mem_pestat] skip orientation FF as there are not enough pairs
[M::mem_pestat] analyzing insert size distribution for orientation FR...
[M::mem_pestat] (25, 50, 75) percentile: (160, 181, 207)
[M::mem_pestat] low and high boundaries for computing mean and std.dev: (66, 301)
[M::mem_pestat] mean and std.dev: (184.83, 33.39)
[M::mem_pestat] low and high boundaries for proper pairs: (19, 348)
[M::mem_pestat] skip orientation RF as there are not enough pairs
[M::mem_pestat] skip orientation RR as there are not enough pairs
[M::mem_process_seqs] Processed 648150 reads in 836.634 CPU sec, 107.326 real sec
[M::process] 0 single-end sequences; 647666 paired-end sequences
[M::process] read 646818 sequences (80000187 bp)...
[M::mem_pestat] # candidate unique pairs for (FF, FR, RF, RR): (0, 244019, 5, 0)
[M::mem_pestat] skip orientation FF as there are not enough pairs
[M::mem_pestat] analyzing insert size distribution for orientation FR...
[M::mem_pestat] (25, 50, 75) percentile: (160, 181, 207)
[M::mem_pestat] low and high boundaries for computing mean and std.dev: (66, 301)
[M::mem_pestat] mean and std.dev: (184.75, 33.36)
[M::mem_pestat] low and high boundaries for proper pairs: (19, 348)
[M::mem_pestat] skip orientation RF as there are not enough pairs
[M::mem_pestat] skip orientation RR as there are not enough pairs
[M::mem_process_seqs] Processed 647666 reads in 827.755 CPU sec, 106.230 real sec
[M::process] 0 single-end sequences; 646818 paired-end sequences
[M::process] read 646766 sequences (80000237 bp)...
[M::mem_pestat] # candidate unique pairs for (FF, FR, RF, RR): (0, 243772, 9, 0)
[M::mem_pestat] skip orientation FF as there are not enough pairs
[M::mem_pestat] analyzing insert size distribution for orientation FR...
[M::mem_pestat] (25, 50, 75) percentile: (160, 181, 207)
[M::mem_pestat] low and high boundaries for computing mean and std.dev: (66, 301)
[M::mem_pestat] mean and std.dev: (184.66, 33.37)
[M::mem_pestat] low and high boundaries for proper pairs: (19, 348)
[M::mem_pestat] skip orientation RF as there are not enough pairs
[M::mem_pestat] skip orientation RR as there are not enough pairs
[M::mem_process_seqs] Processed 646818 reads in 828.718 CPU sec, 106.348 real sec
[M::process] 0 single-end sequences; 646766 paired-end sequences
[M::process] read 646786 sequences (80000052 bp)...
[M::mem_pestat] # candidate unique pairs for (FF, FR, RF, RR): (0, 243589, 7, 0)
[M::mem_pestat] skip orientation FF as there are not enough pairs
[M::mem_pestat] analyzing insert size distribution for orientation FR...
[M::mem_pestat] (25, 50, 75) percentile: (159, 181, 206)
[M::mem_pestat] low and high boundaries for computing mean and std.dev: (65, 300)
[M::mem_pestat] mean and std.dev: (184.45, 33.40)
[M::mem_pestat] low and high boundaries for proper pairs: (18, 347)
[M::mem_pestat] skip orientation RF as there are not enough pairs
[M::mem_pestat] skip orientation RR as there are not enough pairs
[M::mem_process_seqs] Processed 646766 reads in 873.483 CPU sec, 111.936 real sec
[M::process] 0 single-end sequences; 646786 paired-end sequences
[M::process] read 648116 sequences (80000247 bp)...
[M::mem_pestat] # candidate unique pairs for (FF, FR, RF, RR): (0, 243678, 7, 0)
[M::mem_pestat] skip orientation FF as there are not enough pairs
[M::mem_pestat] analyzing insert size distribution for orientation FR...
[M::mem_pestat] (25, 50, 75) percentile: (159, 181, 206)
[M::mem_pestat] low and high boundaries for computing mean and std.dev: (65, 300)
[M::mem_pestat] mean and std.dev: (184.31, 33.32)
[M::mem_pestat] low and high boundaries for proper pairs: (18, 347)
[M::mem_pestat] skip orientation RF as there are not enough pairs
[M::mem_pestat] skip orientation RR as there are not enough pairs
[M::mem_process_seqs] Processed 646786 reads in 857.908 CPU sec, 109.997 real sec
[M::process] 0 single-end sequences; 648116 paired-end sequences
[M::process] read 647198 sequences (80000035 bp)...
[M::mem_pestat] # candidate unique pairs for (FF, FR, RF, RR): (0, 243472, 5, 0)
[M::mem_pestat] skip orientation FF as there are not enough pairs
[M::mem_pestat] analyzing insert size distribution for orientation FR...
[M::mem_pestat] (25, 50, 75) percentile: (160, 181, 207)
[M::mem_pestat] low and high boundaries for computing mean and std.dev: (66, 301)
[M::mem_pestat] mean and std.dev: (184.83, 33.36)
[M::mem_pestat] low and high boundaries for proper pairs: (19, 348)
[M::mem_pestat] skip orientation RF as there are not enough pairs
[M::mem_pestat] skip orientation RR as there are not enough pairs
[M::mem_process_seqs] Processed 648116 reads in 841.566 CPU sec, 107.930 real sec
[M::process] 0 single-end sequences; 647198 paired-end sequences
[M::process] read 647188 sequences (80000148 bp)...
[M::mem_pestat] # candidate unique pairs for (FF, FR, RF, RR): (0, 243724, 4, 0)
[M::mem_pestat] skip orientation FF as there are not enough pairs
[M::mem_pestat] analyzing insert size distribution for orientation FR...
[M::mem_pestat] (25, 50, 75) percentile: (160, 181, 207)
[M::mem_pestat] low and high boundaries for computing mean and std.dev: (66, 301)
[M::mem_pestat] mean and std.dev: (184.90, 33.44)
[M::mem_pestat] low and high boundaries for proper pairs: (19, 348)
[M::mem_pestat] skip orientation RF as there are not enough pairs
[M::mem_pestat] skip orientation RR as there are not enough pairs
[M::mem_process_seqs] Processed 647198 reads in 825.411 CPU sec, 105.911 real sec
[M::process] 0 single-end sequences; 647188 paired-end sequences
[M::process] read 646878 sequences (80000213 bp)...
[M::mem_pestat] # candidate unique pairs for (FF, FR, RF, RR): (0, 244225, 3, 0)
[M::mem_pestat] skip orientation FF as there are not enough pairs
[M::mem_pestat] analyzing insert size distribution for orientation FR...
[M::mem_pestat] (25, 50, 75) percentile: (160, 181, 207)
[M::mem_pestat] low and high boundaries for computing mean and std.dev: (66, 301)
[M::mem_pestat] mean and std.dev: (184.84, 33.39)
[M::mem_pestat] low and high boundaries for proper pairs: (19, 348)
[M::mem_pestat] skip orientation RF as there are not enough pairs
[M::mem_pestat] skip orientation RR as there are not enough pairs
[M::mem_process_seqs] Processed 647188 reads in 814.046 CPU sec, 104.508 real sec
[M::process] 0 single-end sequences; 646878 paired-end sequences
[M::process] read 646234 sequences (80000223 bp)...
[M::mem_pestat] # candidate unique pairs for (FF, FR, RF, RR): (0, 243918, 4, 0)
[M::mem_pestat] skip orientation FF as there are not enough pairs
[M::mem_pestat] analyzing insert size distribution for orientation FR...
[M::mem_pestat] (25, 50, 75) percentile: (160, 181, 207)
[M::mem_pestat] low and high boundaries for computing mean and std.dev: (66, 301)
[M::mem_pestat] mean and std.dev: (184.78, 33.42)
[M::mem_pestat] low and high boundaries for proper pairs: (19, 348)
[M::mem_pestat] skip orientation RF as there are not enough pairs
[M::mem_pestat] skip orientation RR as there are not enough pairs
[M::mem_process_seqs] Processed 646878 reads in 810.955 CPU sec, 104.111 real sec
[M::process] 0 single-end sequences; 646234 paired-end sequences
[M::process] read 645778 sequences (80000108 bp)...
[M::mem_pestat] # candidate unique pairs for (FF, FR, RF, RR): (0, 243946, 9, 0)
[M::mem_pestat] skip orientation FF as there are not enough pairs
[M::mem_pestat] analyzing insert size distribution for orientation FR...
[M::mem_pestat] (25, 50, 75) percentile: (160, 181, 207)
[M::mem_pestat] low and high boundaries for computing mean and std.dev: (66, 301)
[M::mem_pestat] mean and std.dev: (184.66, 33.35)
[M::mem_pestat] low and high boundaries for proper pairs: (19, 348)
[M::mem_pestat] skip orientation RF as there are not enough pairs
[M::mem_pestat] skip orientation RR as there are not enough pairs
[M::mem_process_seqs] Processed 646234 reads in 816.082 CPU sec, 104.748 real sec
[M::process] 0 single-end sequences; 645778 paired-end sequences
[M::process] read 645420 sequences (80000222 bp)...
[M::mem_pestat] # candidate unique pairs for (FF, FR, RF, RR): (0, 243842, 4, 0)
[M::mem_pestat] skip orientation FF as there are not enough pairs
[M::mem_pestat] analyzing insert size distribution for orientation FR...
[M::mem_pestat] (25, 50, 75) percentile: (159, 181, 206)
[M::mem_pestat] low and high boundaries for computing mean and std.dev: (65, 300)
[M::mem_pestat] mean and std.dev: (184.48, 33.35)
[M::mem_pestat] low and high boundaries for proper pairs: (18, 347)
[M::mem_pestat] skip orientation RF as there are not enough pairs
[M::mem_pestat] skip orientation RR as there are not enough pairs
[M::mem_process_seqs] Processed 645778 reads in 825.883 CPU sec, 105.994 real sec
[M::process] 0 single-end sequences; 645420 paired-end sequences
[M::process] read 649684 sequences (80000193 bp)...
[M::mem_pestat] # candidate unique pairs for (FF, FR, RF, RR): (0, 243079, 3, 0)
[M::mem_pestat] skip orientation FF as there are not enough pairs
[M::mem_pestat] analyzing insert size distribution for orientation FR...
[M::mem_pestat] (25, 50, 75) percentile: (159, 181, 206)
[M::mem_pestat] low and high boundaries for computing mean and std.dev: (65, 300)
[M::mem_pestat] mean and std.dev: (184.31, 33.27)
[M::mem_pestat] low and high boundaries for proper pairs: (18, 347)
[M::mem_pestat] skip orientation RF as there are not enough pairs
[M::mem_pestat] skip orientation RR as there are not enough pairs
[M::mem_process_seqs] Processed 645420 reads in 826.989 CPU sec, 106.125 real sec
[M::process] 0 single-end sequences; 649684 paired-end sequences
[M::process] read 648672 sequences (80000073 bp)...
[M::mem_pestat] # candidate unique pairs for (FF, FR, RF, RR): (0, 244790, 3, 0)
[M::mem_pestat] skip orientation FF as there are not enough pairs
[M::mem_pestat] analyzing insert size distribution for orientation FR...
[M::mem_pestat] (25, 50, 75) percentile: (160, 181, 207)
[M::mem_pestat] low and high boundaries for computing mean and std.dev: (66, 301)
[M::mem_pestat] mean and std.dev: (184.88, 33.45)
[M::mem_pestat] low and high boundaries for proper pairs: (19, 348)
[M::mem_pestat] skip orientation RF as there are not enough pairs
[M::mem_pestat] skip orientation RR as there are not enough pairs
[M::mem_process_seqs] Processed 649684 reads in 839.474 CPU sec, 107.674 real sec
[M::process] 0 single-end sequences; 648672 paired-end sequences
[M::process] read 648252 sequences (80000228 bp)...
[M::mem_pestat] # candidate unique pairs for (FF, FR, RF, RR): (0, 244293, 6, 0)
[M::mem_pestat] skip orientation FF as there are not enough pairs
[M::mem_pestat] analyzing insert size distribution for orientation FR...
[M::mem_pestat] (25, 50, 75) percentile: (160, 181, 207)
[M::mem_pestat] low and high boundaries for computing mean and std.dev: (66, 301)
[M::mem_pestat] mean and std.dev: (184.94, 33.50)
[M::mem_pestat] low and high boundaries for proper pairs: (19, 348)
[M::mem_pestat] skip orientation RF as there are not enough pairs
[M::mem_pestat] skip orientation RR as there are not enough pairs
[M::mem_process_seqs] Processed 648672 reads in 819.906 CPU sec, 105.240 real sec
[M::process] 0 single-end sequences; 648252 paired-end sequences
[M::process] read 647744 sequences (80000057 bp)...
[M::mem_pestat] # candidate unique pairs for (FF, FR, RF, RR): (0, 244583, 2, 0)
[M::mem_pestat] skip orientation FF as there are not enough pairs
[M::mem_pestat] analyzing insert size distribution for orientation FR...
[M::mem_pestat] (25, 50, 75) percentile: (160, 181, 207)
[M::mem_pestat] low and high boundaries for computing mean and std.dev: (66, 301)
[M::mem_pestat] mean and std.dev: (184.77, 33.40)
[M::mem_pestat] low and high boundaries for proper pairs: (19, 348)
[M::mem_pestat] skip orientation RF as there are not enough pairs
[M::mem_pestat] skip orientation RR as there are not enough pairs
[M::mem_process_seqs] Processed 648252 reads in 823.542 CPU sec, 105.697 real sec
[M::process] 0 single-end sequences; 647744 paired-end sequences
[M::process] read 646742 sequences (80000171 bp)...
[M::mem_pestat] # candidate unique pairs for (FF, FR, RF, RR): (0, 244692, 8, 0)
[M::mem_pestat] skip orientation FF as there are not enough pairs
[M::mem_pestat] analyzing insert size distribution for orientation FR...
[M::mem_pestat] (25, 50, 75) percentile: (160, 181, 207)
[M::mem_pestat] low and high boundaries for computing mean and std.dev: (66, 301)
[M::mem_pestat] mean and std.dev: (184.75, 33.41)
[M::mem_pestat] low and high boundaries for proper pairs: (19, 348)
[M::mem_pestat] skip orientation RF as there are not enough pairs
[M::mem_pestat] skip orientation RR as there are not enough pairs
[M::mem_process_seqs] Processed 647744 reads in 810.764 CPU sec, 104.102 real sec
[M::process] 0 single-end sequences; 646742 paired-end sequences
[M::process] read 646356 sequences (80000056 bp)...
[M::mem_pestat] # candidate unique pairs for (FF, FR, RF, RR): (0, 244485, 2, 0)
[M::mem_pestat] skip orientation FF as there are not enough pairs
[M::mem_pestat] analyzing insert size distribution for orientation FR...
[M::mem_pestat] (25, 50, 75) percentile: (160, 181, 207)
[M::mem_pestat] low and high boundaries for computing mean and std.dev: (66, 301)
[M::mem_pestat] mean and std.dev: (184.58, 33.36)
[M::mem_pestat] low and high boundaries for proper pairs: (19, 348)
[M::mem_pestat] skip orientation RF as there are not enough pairs
[M::mem_pestat] skip orientation RR as there are not enough pairs
[M::mem_process_seqs] Processed 646742 reads in 813.495 CPU sec, 104.449 real sec
[M::process] 0 single-end sequences; 646356 paired-end sequences
[M::process] read 645906 sequences (80000242 bp)...
[M::mem_pestat] # candidate unique pairs for (FF, FR, RF, RR): (0, 243636, 1, 0)
[M::mem_pestat] skip orientation FF as there are not enough pairs
[M::mem_pestat] analyzing insert size distribution for orientation FR...
[M::mem_pestat] (25, 50, 75) percentile: (159, 181, 206)
[M::mem_pestat] low and high boundaries for computing mean and std.dev: (65, 300)
[M::mem_pestat] mean and std.dev: (184.42, 33.34)
[M::mem_pestat] low and high boundaries for proper pairs: (18, 347)
[M::mem_pestat] skip orientation RF as there are not enough pairs
[M::mem_pestat] skip orientation RR as there are not enough pairs
[M::mem_process_seqs] Processed 646356 reads in 823.728 CPU sec, 105.724 real sec
[M::process] 0 single-end sequences; 645906 paired-end sequences
[M::process] read 650720 sequences (80000000 bp)...
[M::mem_pestat] # candidate unique pairs for (FF, FR, RF, RR): (0, 243618, 5, 0)
[M::mem_pestat] skip orientation FF as there are not enough pairs
[M::mem_pestat] analyzing insert size distribution for orientation FR...
[M::mem_pestat] (25, 50, 75) percentile: (159, 181, 206)
[M::mem_pestat] low and high boundaries for computing mean and std.dev: (65, 300)
[M::mem_pestat] mean and std.dev: (184.38, 33.36)
[M::mem_pestat] low and high boundaries for proper pairs: (18, 347)
[M::mem_pestat] skip orientation RF as there are not enough pairs
[M::mem_pestat] skip orientation RR as there are not enough pairs
[M::mem_process_seqs] Processed 645906 reads in 820.627 CPU sec, 105.317 real sec
[M::process] 0 single-end sequences; 650720 paired-end sequences
[M::process] read 649216 sequences (80000098 bp)...
[M::mem_pestat] # candidate unique pairs for (FF, FR, RF, RR): (0, 244683, 7, 0)
[M::mem_pestat] skip orientation FF as there are not enough pairs
[M::mem_pestat] analyzing insert size distribution for orientation FR...
[M::mem_pestat] (25, 50, 75) percentile: (160, 181, 207)
[M::mem_pestat] low and high boundaries for computing mean and std.dev: (66, 301)
[M::mem_pestat] mean and std.dev: (184.89, 33.44)
[M::mem_pestat] low and high boundaries for proper pairs: (19, 348)
[M::mem_pestat] skip orientation RF as there are not enough pairs
[M::mem_pestat] skip orientation RR as there are not enough pairs
[M::mem_process_seqs] Processed 650720 reads in 844.466 CPU sec, 108.787 real sec
[M::process] 0 single-end sequences; 649216 paired-end sequences
[M::process] read 648704 sequences (80000202 bp)...
[M::mem_pestat] # candidate unique pairs for (FF, FR, RF, RR): (0, 244162, 6, 0)
[M::mem_pestat] skip orientation FF as there are not enough pairs
[M::mem_pestat] analyzing insert size distribution for orientation FR...
[M::mem_pestat] (25, 50, 75) percentile: (160, 181, 207)
[M::mem_pestat] low and high boundaries for computing mean and std.dev: (66, 301)
[M::mem_pestat] mean and std.dev: (185.09, 33.47)
[M::mem_pestat] low and high boundaries for proper pairs: (19, 348)
[M::mem_pestat] skip orientation RF as there are not enough pairs
[M::mem_pestat] skip orientation RR as there are not enough pairs
[M::mem_process_seqs] Processed 649216 reads in 842.937 CPU sec, 108.128 real sec
[M::process] 0 single-end sequences; 648704 paired-end sequences
[M::process] read 648212 sequences (80000033 bp)...
[M::mem_pestat] # candidate unique pairs for (FF, FR, RF, RR): (0, 243585, 4, 0)
[M::mem_pestat] skip orientation FF as there are not enough pairs
[M::mem_pestat] analyzing insert size distribution for orientation FR...
[M::mem_pestat] (25, 50, 75) percentile: (160, 181, 207)
[M::mem_pestat] low and high boundaries for computing mean and std.dev: (66, 301)
[M::mem_pestat] mean and std.dev: (184.94, 33.46)
[M::mem_pestat] low and high boundaries for proper pairs: (19, 348)
[M::mem_pestat] skip orientation RF as there are not enough pairs
[M::mem_pestat] skip orientation RR as there are not enough pairs
[M::mem_process_seqs] Processed 648704 reads in 849.903 CPU sec, 109.013 real sec
[M::process] 0 single-end sequences; 648212 paired-end sequences
[M::process] read 647040 sequences (80000020 bp)...
[M::mem_pestat] # candidate unique pairs for (FF, FR, RF, RR): (0, 244510, 4, 0)
[M::mem_pestat] skip orientation FF as there are not enough pairs
[M::mem_pestat] analyzing insert size distribution for orientation FR...
[M::mem_pestat] (25, 50, 75) percentile: (160, 181, 207)
[M::mem_pestat] low and high boundaries for computing mean and std.dev: (66, 301)
[M::mem_pestat] mean and std.dev: (184.77, 33.46)
[M::mem_pestat] low and high boundaries for proper pairs: (19, 348)
[M::mem_pestat] skip orientation RF as there are not enough pairs
[M::mem_pestat] skip orientation RR as there are not enough pairs
[M::mem_process_seqs] Processed 648212 reads in 831.218 CPU sec, 106.693 real sec
[M::process] 0 single-end sequences; 647040 paired-end sequences
[M::process] read 646614 sequences (80000077 bp)...
[M::mem_pestat] # candidate unique pairs for (FF, FR, RF, RR): (0, 243841, 3, 0)
[M::mem_pestat] skip orientation FF as there are not enough pairs
[M::mem_pestat] analyzing insert size distribution for orientation FR...
[M::mem_pestat] (25, 50, 75) percentile: (160, 181, 207)
[M::mem_pestat] low and high boundaries for computing mean and std.dev: (66, 301)
[M::mem_pestat] mean and std.dev: (184.78, 33.43)
[M::mem_pestat] low and high boundaries for proper pairs: (19, 348)
[M::mem_pestat] skip orientation RF as there are not enough pairs
[M::mem_pestat] skip orientation RR as there are not enough pairs
[M::mem_process_seqs] Processed 647040 reads in 823.799 CPU sec, 105.731 real sec
[M::process] 0 single-end sequences; 646614 paired-end sequences
[M::process] read 645870 sequences (80000151 bp)...
[M::mem_pestat] # candidate unique pairs for (FF, FR, RF, RR): (0, 243834, 4, 0)
[M::mem_pestat] skip orientation FF as there are not enough pairs
[M::mem_pestat] analyzing insert size distribution for orientation FR...
[M::mem_pestat] (25, 50, 75) percentile: (160, 181, 207)
[M::mem_pestat] low and high boundaries for computing mean and std.dev: (66, 301)
[M::mem_pestat] mean and std.dev: (184.59, 33.39)
[M::mem_pestat] low and high boundaries for proper pairs: (19, 348)
[M::mem_pestat] skip orientation RF as there are not enough pairs
[M::mem_pestat] skip orientation RR as there are not enough pairs
[M::mem_process_seqs] Processed 646614 reads in 823.901 CPU sec, 105.741 real sec
[M::process] 0 single-end sequences; 645870 paired-end sequences
[M::process] read 648236 sequences (80000070 bp)...
[M::mem_pestat] # candidate unique pairs for (FF, FR, RF, RR): (0, 243460, 2, 0)
[M::mem_pestat] skip orientation FF as there are not enough pairs
[M::mem_pestat] analyzing insert size distribution for orientation FR...
[M::mem_pestat] (25, 50, 75) percentile: (160, 181, 206)
[M::mem_pestat] low and high boundaries for computing mean and std.dev: (68, 298)
[M::mem_pestat] mean and std.dev: (184.55, 33.32)
[M::mem_pestat] low and high boundaries for proper pairs: (22, 344)
[M::mem_pestat] skip orientation RF as there are not enough pairs
[M::mem_pestat] skip orientation RR as there are not enough pairs
[M::mem_process_seqs] Processed 645870 reads in 826.098 CPU sec, 105.996 real sec
[M::process] 0 single-end sequences; 648236 paired-end sequences
[M::process] read 647516 sequences (80000246 bp)...
[M::mem_pestat] # candidate unique pairs for (FF, FR, RF, RR): (0, 243251, 8, 0)
[M::mem_pestat] skip orientation FF as there are not enough pairs
[M::mem_pestat] analyzing insert size distribution for orientation FR...
[M::mem_pestat] (25, 50, 75) percentile: (160, 181, 207)
[M::mem_pestat] low and high boundaries for computing mean and std.dev: (66, 301)
[M::mem_pestat] mean and std.dev: (184.83, 33.39)
[M::mem_pestat] low and high boundaries for proper pairs: (19, 348)
[M::mem_pestat] skip orientation RF as there are not enough pairs
[M::mem_pestat] skip orientation RR as there are not enough pairs
[M::mem_process_seqs] Processed 648236 reads in 890.949 CPU sec, 114.108 real sec
[M::process] 0 single-end sequences; 647516 paired-end sequences
[M::process] read 647364 sequences (80000228 bp)...
[M::mem_pestat] # candidate unique pairs for (FF, FR, RF, RR): (0, 243705, 3, 0)
[M::mem_pestat] skip orientation FF as there are not enough pairs
[M::mem_pestat] analyzing insert size distribution for orientation FR...
[M::mem_pestat] (25, 50, 75) percentile: (160, 181, 207)
[M::mem_pestat] low and high boundaries for computing mean and std.dev: (66, 301)
[M::mem_pestat] mean and std.dev: (184.82, 33.40)
[M::mem_pestat] low and high boundaries for proper pairs: (19, 348)
[M::mem_pestat] skip orientation RF as there are not enough pairs
[M::mem_pestat] skip orientation RR as there are not enough pairs
[M::mem_process_seqs] Processed 647516 reads in 854.487 CPU sec, 109.590 real sec
[M::process] 0 single-end sequences; 647364 paired-end sequences
[M::process] read 646726 sequences (80000095 bp)...
[M::mem_pestat] # candidate unique pairs for (FF, FR, RF, RR): (0, 243620, 8, 0)
[M::mem_pestat] skip orientation FF as there are not enough pairs
[M::mem_pestat] analyzing insert size distribution for orientation FR...
[M::mem_pestat] (25, 50, 75) percentile: (160, 181, 207)
[M::mem_pestat] low and high boundaries for computing mean and std.dev: (66, 301)
[M::mem_pestat] mean and std.dev: (184.81, 33.44)
[M::mem_pestat] low and high boundaries for proper pairs: (19, 348)
[M::mem_pestat] skip orientation RF as there are not enough pairs
[M::mem_pestat] skip orientation RR as there are not enough pairs
[M::mem_process_seqs] Processed 647364 reads in 835.644 CPU sec, 107.222 real sec
[M::process] 0 single-end sequences; 646726 paired-end sequences
[M::process] read 646232 sequences (80000185 bp)...
[M::mem_pestat] # candidate unique pairs for (FF, FR, RF, RR): (0, 243792, 5, 0)
[M::mem_pestat] skip orientation FF as there are not enough pairs
[M::mem_pestat] analyzing insert size distribution for orientation FR...
[M::mem_pestat] (25, 50, 75) percentile: (160, 181, 207)
[M::mem_pestat] low and high boundaries for computing mean and std.dev: (66, 301)
[M::mem_pestat] mean and std.dev: (184.72, 33.38)
[M::mem_pestat] low and high boundaries for proper pairs: (19, 348)
[M::mem_pestat] skip orientation RF as there are not enough pairs
[M::mem_pestat] skip orientation RR as there are not enough pairs
[M::mem_process_seqs] Processed 646726 reads in 869.108 CPU sec, 111.416 real sec
[M::process] 0 single-end sequences; 646232 paired-end sequences
[M::process] read 646338 sequences (80000076 bp)...
[M::mem_pestat] # candidate unique pairs for (FF, FR, RF, RR): (0, 243612, 4, 0)
[M::mem_pestat] skip orientation FF as there are not enough pairs
[M::mem_pestat] analyzing insert size distribution for orientation FR...
[M::mem_pestat] (25, 50, 75) percentile: (160, 181, 207)
[M::mem_pestat] low and high boundaries for computing mean and std.dev: (66, 301)
[M::mem_pestat] mean and std.dev: (184.67, 33.41)
[M::mem_pestat] low and high boundaries for proper pairs: (19, 348)
[M::mem_pestat] skip orientation RF as there are not enough pairs
[M::mem_pestat] skip orientation RR as there are not enough pairs
[M::mem_process_seqs] Processed 646232 reads in 844.230 CPU sec, 108.273 real sec
[M::process] 0 single-end sequences; 646338 paired-end sequences
[M::process] read 646888 sequences (80000064 bp)...
[M::mem_pestat] # candidate unique pairs for (FF, FR, RF, RR): (0, 243042, 4, 0)
[M::mem_pestat] skip orientation FF as there are not enough pairs
[M::mem_pestat] analyzing insert size distribution for orientation FR...
[M::mem_pestat] (25, 50, 75) percentile: (159, 181, 206)
[M::mem_pestat] low and high boundaries for computing mean and std.dev: (65, 300)
[M::mem_pestat] mean and std.dev: (184.48, 33.37)
[M::mem_pestat] low and high boundaries for proper pairs: (18, 347)
[M::mem_pestat] skip orientation RF as there are not enough pairs
[M::mem_pestat] skip orientation RR as there are not enough pairs
[M::mem_process_seqs] Processed 646338 reads in 841.677 CPU sec, 107.959 real sec
[M::process] 0 single-end sequences; 646888 paired-end sequences
[M::process] read 649950 sequences (80000002 bp)...
[M::mem_pestat] # candidate unique pairs for (FF, FR, RF, RR): (0, 243427, 5, 0)
[M::mem_pestat] skip orientation FF as there are not enough pairs
[M::mem_pestat] analyzing insert size distribution for orientation FR...
[M::mem_pestat] (25, 50, 75) percentile: (159, 181, 206)
[M::mem_pestat] low and high boundaries for computing mean and std.dev: (65, 300)
[M::mem_pestat] mean and std.dev: (184.38, 33.24)
[M::mem_pestat] low and high boundaries for proper pairs: (18, 347)
[M::mem_pestat] skip orientation RF as there are not enough pairs
[M::mem_pestat] skip orientation RR as there are not enough pairs
[M::mem_process_seqs] Processed 646888 reads in 847.251 CPU sec, 108.681 real sec
[M::process] 0 single-end sequences; 649950 paired-end sequences
[M::process] read 648364 sequences (80000150 bp)...
[M::mem_pestat] # candidate unique pairs for (FF, FR, RF, RR): (0, 243899, 3, 0)
[M::mem_pestat] skip orientation FF as there are not enough pairs
[M::mem_pestat] analyzing insert size distribution for orientation FR...
[M::mem_pestat] (25, 50, 75) percentile: (160, 181, 207)
[M::mem_pestat] low and high boundaries for computing mean and std.dev: (66, 301)
[M::mem_pestat] mean and std.dev: (184.89, 33.41)
[M::mem_pestat] low and high boundaries for proper pairs: (19, 348)
[M::mem_pestat] skip orientation RF as there are not enough pairs
[M::mem_pestat] skip orientation RR as there are not enough pairs
[M::mem_process_seqs] Processed 649950 reads in 868.727 CPU sec, 111.344 real sec
[M::process] 0 single-end sequences; 648364 paired-end sequences
[M::process] read 648204 sequences (80000087 bp)...
[M::mem_pestat] # candidate unique pairs for (FF, FR, RF, RR): (0, 244703, 5, 0)
[M::mem_pestat] skip orientation FF as there are not enough pairs
[M::mem_pestat] analyzing insert size distribution for orientation FR...
[M::mem_pestat] (25, 50, 75) percentile: (160, 181, 207)
[M::mem_pestat] low and high boundaries for computing mean and std.dev: (66, 301)
[M::mem_pestat] mean and std.dev: (184.95, 33.37)
[M::mem_pestat] low and high boundaries for proper pairs: (19, 348)
[M::mem_pestat] skip orientation RF as there are not enough pairs
[M::mem_pestat] skip orientation RR as there are not enough pairs
[M::mem_process_seqs] Processed 648364 reads in 826.488 CPU sec, 106.070 real sec
[M::process] 0 single-end sequences; 648204 paired-end sequences
[M::process] read 647204 sequences (80000176 bp)...
[M::mem_pestat] # candidate unique pairs for (FF, FR, RF, RR): (0, 244614, 11, 0)
[M::mem_pestat] skip orientation FF as there are not enough pairs
[M::mem_pestat] analyzing insert size distribution for orientation FR...
[M::mem_pestat] (25, 50, 75) percentile: (160, 181, 207)
[M::mem_pestat] low and high boundaries for computing mean and std.dev: (66, 301)
[M::mem_pestat] mean and std.dev: (184.67, 33.41)
[M::mem_pestat] low and high boundaries for proper pairs: (19, 348)
[M::mem_pestat] analyzing insert size distribution for orientation RF...
[M::mem_pestat] (25, 50, 75) percentile: (159, 179, 4590)
[M::mem_pestat] low and high boundaries for computing mean and std.dev: (1, 13452)
[M::mem_pestat] mean and std.dev: (1875.00, 2941.11)
[M::mem_pestat] low and high boundaries for proper pairs: (1, 17883)
[M::mem_pestat] skip orientation RR as there are not enough pairs
[M::mem_pestat] skip orientation RF
[M::mem_process_seqs] Processed 648204 reads in 832.132 CPU sec, 106.780 real sec
[M::process] 0 single-end sequences; 647204 paired-end sequences
[M::process] read 646834 sequences (80000037 bp)...
[M::mem_pestat] # candidate unique pairs for (FF, FR, RF, RR): (0, 244142, 3, 0)
[M::mem_pestat] skip orientation FF as there are not enough pairs
[M::mem_pestat] analyzing insert size distribution for orientation FR...
[M::mem_pestat] (25, 50, 75) percentile: (159, 181, 207)
[M::mem_pestat] low and high boundaries for computing mean and std.dev: (63, 303)
[M::mem_pestat] mean and std.dev: (184.66, 33.43)
[M::mem_pestat] low and high boundaries for proper pairs: (15, 351)
[M::mem_pestat] skip orientation RF as there are not enough pairs
[M::mem_pestat] skip orientation RR as there are not enough pairs
[M::mem_process_seqs] Processed 647204 reads in 835.412 CPU sec, 107.178 real sec
[M::process] 0 single-end sequences; 646834 paired-end sequences
[M::process] read 647020 sequences (80000237 bp)...
[M::mem_pestat] # candidate unique pairs for (FF, FR, RF, RR): (0, 244173, 6, 0)
[M::mem_pestat] skip orientation FF as there are not enough pairs
[M::mem_pestat] analyzing insert size distribution for orientation FR...
[M::mem_pestat] (25, 50, 75) percentile: (159, 181, 207)
[M::mem_pestat] low and high boundaries for computing mean and std.dev: (63, 303)
[M::mem_pestat] mean and std.dev: (184.52, 33.42)
[M::mem_pestat] low and high boundaries for proper pairs: (15, 351)
[M::mem_pestat] skip orientation RF as there are not enough pairs
[M::mem_pestat] skip orientation RR as there are not enough pairs
[M::mem_process_seqs] Processed 646834 reads in 820.373 CPU sec, 105.292 real sec
[M::process] 0 single-end sequences; 647020 paired-end sequences
[M::process] read 648484 sequences (80000236 bp)...
[M::mem_pestat] # candidate unique pairs for (FF, FR, RF, RR): (0, 244194, 4, 0)
[M::mem_pestat] skip orientation FF as there are not enough pairs
[M::mem_pestat] analyzing insert size distribution for orientation FR...
[M::mem_pestat] (25, 50, 75) percentile: (159, 181, 206)
[M::mem_pestat] low and high boundaries for computing mean and std.dev: (65, 300)
[M::mem_pestat] mean and std.dev: (184.45, 33.35)
[M::mem_pestat] low and high boundaries for proper pairs: (18, 347)
[M::mem_pestat] skip orientation RF as there are not enough pairs
[M::mem_pestat] skip orientation RR as there are not enough pairs
[M::mem_process_seqs] Processed 647020 reads in 825.728 CPU sec, 105.982 real sec
[M::process] 0 single-end sequences; 648484 paired-end sequences
[M::process] read 650794 sequences (80000163 bp)...
[M::mem_pestat] # candidate unique pairs for (FF, FR, RF, RR): (0, 243897, 6, 0)
[M::mem_pestat] skip orientation FF as there are not enough pairs
[M::mem_pestat] analyzing insert size distribution for orientation FR...
[M::mem_pestat] (25, 50, 75) percentile: (160, 181, 207)
[M::mem_pestat] low and high boundaries for computing mean and std.dev: (66, 301)
[M::mem_pestat] mean and std.dev: (184.64, 33.39)
[M::mem_pestat] low and high boundaries for proper pairs: (19, 348)
[M::mem_pestat] skip orientation RF as there are not enough pairs
[M::mem_pestat] skip orientation RR as there are not enough pairs
[M::mem_process_seqs] Processed 648484 reads in 851.050 CPU sec, 109.140 real sec
[M::process] 0 single-end sequences; 650794 paired-end sequences
[M::process] read 649434 sequences (80000094 bp)...
[M::mem_pestat] # candidate unique pairs for (FF, FR, RF, RR): (0, 244100, 8, 0)
[M::mem_pestat] skip orientation FF as there are not enough pairs
[M::mem_pestat] analyzing insert size distribution for orientation FR...
[M::mem_pestat] (25, 50, 75) percentile: (160, 181, 207)
[M::mem_pestat] low and high boundaries for computing mean and std.dev: (66, 301)
[M::mem_pestat] mean and std.dev: (184.93, 33.46)
[M::mem_pestat] low and high boundaries for proper pairs: (19, 348)
[M::mem_pestat] skip orientation RF as there are not enough pairs
[M::mem_pestat] skip orientation RR as there are not enough pairs
[M::mem_process_seqs] Processed 650794 reads in 869.977 CPU sec, 111.515 real sec
[M::process] 0 single-end sequences; 649434 paired-end sequences
[M::process] read 649216 sequences (80000132 bp)...
[M::mem_pestat] # candidate unique pairs for (FF, FR, RF, RR): (0, 244227, 5, 0)
[M::mem_pestat] skip orientation FF as there are not enough pairs
[M::mem_pestat] analyzing insert size distribution for orientation FR...
[M::mem_pestat] (25, 50, 75) percentile: (160, 181, 207)
[M::mem_pestat] low and high boundaries for computing mean and std.dev: (66, 301)
[M::mem_pestat] mean and std.dev: (184.93, 33.44)
[M::mem_pestat] low and high boundaries for proper pairs: (19, 348)
[M::mem_pestat] skip orientation RF as there are not enough pairs
[M::mem_pestat] skip orientation RR as there are not enough pairs
[M::mem_process_seqs] Processed 649434 reads in 852.693 CPU sec, 109.375 real sec
[M::process] 0 single-end sequences; 649216 paired-end sequences
[M::process] read 647658 sequences (80000211 bp)...
[M::mem_pestat] # candidate unique pairs for (FF, FR, RF, RR): (0, 244543, 5, 0)
[M::mem_pestat] skip orientation FF as there are not enough pairs
[M::mem_pestat] analyzing insert size distribution for orientation FR...
[M::mem_pestat] (25, 50, 75) percentile: (160, 181, 207)
[M::mem_pestat] low and high boundaries for computing mean and std.dev: (66, 301)
[M::mem_pestat] mean and std.dev: (184.70, 33.28)
[M::mem_pestat] low and high boundaries for proper pairs: (19, 348)
[M::mem_pestat] skip orientation RF as there are not enough pairs
[M::mem_pestat] skip orientation RR as there are not enough pairs
[M::mem_process_seqs] Processed 649216 reads in 856.686 CPU sec, 109.853 real sec
[M::process] 0 single-end sequences; 647658 paired-end sequences
[M::process] read 647016 sequences (80000218 bp)...
[M::mem_pestat] # candidate unique pairs for (FF, FR, RF, RR): (0, 244070, 5, 0)
[M::mem_pestat] skip orientation FF as there are not enough pairs
[M::mem_pestat] analyzing insert size distribution for orientation FR...
[M::mem_pestat] (25, 50, 75) percentile: (160, 181, 207)
[M::mem_pestat] low and high boundaries for computing mean and std.dev: (66, 301)
[M::mem_pestat] mean and std.dev: (184.92, 33.55)
[M::mem_pestat] low and high boundaries for proper pairs: (19, 348)
[M::mem_pestat] skip orientation RF as there are not enough pairs
[M::mem_pestat] skip orientation RR as there are not enough pairs
[M::mem_process_seqs] Processed 647658 reads in 833.003 CPU sec, 106.933 real sec
[M::process] 0 single-end sequences; 647016 paired-end sequences
[M::process] read 647042 sequences (80000154 bp)...
[M::mem_pestat] # candidate unique pairs for (FF, FR, RF, RR): (0, 243670, 9, 0)
[M::mem_pestat] skip orientation FF as there are not enough pairs
[M::mem_pestat] analyzing insert size distribution for orientation FR...
[M::mem_pestat] (25, 50, 75) percentile: (160, 181, 207)
[M::mem_pestat] low and high boundaries for computing mean and std.dev: (66, 301)
[M::mem_pestat] mean and std.dev: (184.59, 33.34)
[M::mem_pestat] low and high boundaries for proper pairs: (19, 348)
[M::mem_pestat] skip orientation RF as there are not enough pairs
[M::mem_pestat] skip orientation RR as there are not enough pairs
[M::mem_process_seqs] Processed 647016 reads in 838.653 CPU sec, 107.591 real sec
[M::process] 0 single-end sequences; 647042 paired-end sequences
[M::process] read 649744 sequences (80000103 bp)...
[M::mem_pestat] # candidate unique pairs for (FF, FR, RF, RR): (0, 243480, 8, 0)
[M::mem_pestat] skip orientation FF as there are not enough pairs
[M::mem_pestat] analyzing insert size distribution for orientation FR...
[M::mem_pestat] (25, 50, 75) percentile: (159, 181, 206)
[M::mem_pestat] low and high boundaries for computing mean and std.dev: (65, 300)
[M::mem_pestat] mean and std.dev: (184.52, 33.31)
[M::mem_pestat] low and high boundaries for proper pairs: (18, 347)
[M::mem_pestat] skip orientation RF as there are not enough pairs
[M::mem_pestat] skip orientation RR as there are not enough pairs
[M::mem_process_seqs] Processed 647042 reads in 837.456 CPU sec, 107.444 real sec
[M::process] 0 single-end sequences; 649744 paired-end sequences
[M::process] read 649222 sequences (80000023 bp)...
[M::mem_pestat] # candidate unique pairs for (FF, FR, RF, RR): (0, 244803, 6, 0)
[M::mem_pestat] skip orientation FF as there are not enough pairs
[M::mem_pestat] analyzing insert size distribution for orientation FR...
[M::mem_pestat] (25, 50, 75) percentile: (160, 181, 207)
[M::mem_pestat] low and high boundaries for computing mean and std.dev: (66, 301)
[M::mem_pestat] mean and std.dev: (184.78, 33.42)
[M::mem_pestat] low and high boundaries for proper pairs: (19, 348)
[M::mem_pestat] skip orientation RF as there are not enough pairs
[M::mem_pestat] skip orientation RR as there are not enough pairs
[M::mem_process_seqs] Processed 649744 reads in 842.041 CPU sec, 108.019 real sec
[M::process] 0 single-end sequences; 649222 paired-end sequences
[M::process] read 651132 sequences (80000103 bp)...
[M::mem_pestat] # candidate unique pairs for (FF, FR, RF, RR): (0, 244213, 4, 0)
[M::mem_pestat] skip orientation FF as there are not enough pairs
[M::mem_pestat] analyzing insert size distribution for orientation FR...
[M::mem_pestat] (25, 50, 75) percentile: (160, 181, 207)
[M::mem_pestat] low and high boundaries for computing mean and std.dev: (66, 301)
[M::mem_pestat] mean and std.dev: (184.94, 33.42)
[M::mem_pestat] low and high boundaries for proper pairs: (19, 348)
[M::mem_pestat] skip orientation RF as there are not enough pairs
[M::mem_pestat] skip orientation RR as there are not enough pairs
[M::mem_process_seqs] Processed 649222 reads in 841.500 CPU sec, 107.932 real sec
[M::process] 0 single-end sequences; 651132 paired-end sequences
[M::process] read 649704 sequences (80000207 bp)...
[M::mem_pestat] # candidate unique pairs for (FF, FR, RF, RR): (0, 244849, 4, 0)
[M::mem_pestat] skip orientation FF as there are not enough pairs
[M::mem_pestat] analyzing insert size distribution for orientation FR...
[M::mem_pestat] (25, 50, 75) percentile: (160, 181, 207)
[M::mem_pestat] low and high boundaries for computing mean and std.dev: (66, 301)
[M::mem_pestat] mean and std.dev: (184.76, 33.46)
[M::mem_pestat] low and high boundaries for proper pairs: (19, 348)
[M::mem_pestat] skip orientation RF as there are not enough pairs
[M::mem_pestat] skip orientation RR as there are not enough pairs
[M::mem_process_seqs] Processed 651132 reads in 868.336 CPU sec, 111.437 real sec
[M::process] 0 single-end sequences; 649704 paired-end sequences
[M::process] read 647052 sequences (80000047 bp)...
[M::mem_pestat] # candidate unique pairs for (FF, FR, RF, RR): (0, 244993, 7, 0)
[M::mem_pestat] skip orientation FF as there are not enough pairs
[M::mem_pestat] analyzing insert size distribution for orientation FR...
[M::mem_pestat] (25, 50, 75) percentile: (160, 181, 207)
[M::mem_pestat] low and high boundaries for computing mean and std.dev: (66, 301)
[M::mem_pestat] mean and std.dev: (184.80, 33.41)
[M::mem_pestat] low and high boundaries for proper pairs: (19, 348)
[M::mem_pestat] skip orientation RF as there are not enough pairs
[M::mem_pestat] skip orientation RR as there are not enough pairs
[M::mem_process_seqs] Processed 649704 reads in 843.884 CPU sec, 108.275 real sec
[M::process] 0 single-end sequences; 647052 paired-end sequences
[M::process] read 646538 sequences (80000099 bp)...
[M::mem_pestat] # candidate unique pairs for (FF, FR, RF, RR): (0, 244091, 4, 0)
[M::mem_pestat] skip orientation FF as there are not enough pairs
[M::mem_pestat] analyzing insert size distribution for orientation FR...
[M::mem_pestat] (25, 50, 75) percentile: (160, 181, 206)
[M::mem_pestat] low and high boundaries for computing mean and std.dev: (68, 298)
[M::mem_pestat] mean and std.dev: (184.60, 33.29)
[M::mem_pestat] low and high boundaries for proper pairs: (22, 344)
[M::mem_pestat] skip orientation RF as there are not enough pairs
[M::mem_pestat] skip orientation RR as there are not enough pairs
[M::mem_process_seqs] Processed 647052 reads in 819.105 CPU sec, 105.137 real sec
[M::process] 0 single-end sequences; 646538 paired-end sequences
[M::process] read 646102 sequences (80000070 bp)...
[M::mem_pestat] # candidate unique pairs for (FF, FR, RF, RR): (0, 244009, 3, 0)
[M::mem_pestat] skip orientation FF as there are not enough pairs
[M::mem_pestat] analyzing insert size distribution for orientation FR...
[M::mem_pestat] (25, 50, 75) percentile: (159, 181, 206)
[M::mem_pestat] low and high boundaries for computing mean and std.dev: (65, 300)
[M::mem_pestat] mean and std.dev: (184.49, 33.43)
[M::mem_pestat] low and high boundaries for proper pairs: (18, 347)
[M::mem_pestat] skip orientation RF as there are not enough pairs
[M::mem_pestat] skip orientation RR as there are not enough pairs
[M::mem_process_seqs] Processed 646538 reads in 825.220 CPU sec, 105.936 real sec
[M::process] 0 single-end sequences; 646102 paired-end sequences
[M::process] read 653436 sequences (80000225 bp)...
[M::mem_pestat] # candidate unique pairs for (FF, FR, RF, RR): (0, 243249, 5, 0)
[M::mem_pestat] skip orientation FF as there are not enough pairs
[M::mem_pestat] analyzing insert size distribution for orientation FR...
[M::mem_pestat] (25, 50, 75) percentile: (159, 181, 206)
[M::mem_pestat] low and high boundaries for computing mean and std.dev: (65, 300)
[M::mem_pestat] mean and std.dev: (184.38, 33.31)
[M::mem_pestat] low and high boundaries for proper pairs: (18, 347)
[M::mem_pestat] skip orientation RF as there are not enough pairs
[M::mem_pestat] skip orientation RR as there are not enough pairs
[M::mem_process_seqs] Processed 646102 reads in 832.037 CPU sec, 106.753 real sec
[M::process] 0 single-end sequences; 653436 paired-end sequences
[M::process] read 654782 sequences (80000197 bp)...
[M::mem_pestat] # candidate unique pairs for (FF, FR, RF, RR): (0, 245767, 6, 0)
[M::mem_pestat] skip orientation FF as there are not enough pairs
[M::mem_pestat] analyzing insert size distribution for orientation FR...
[M::mem_pestat] (25, 50, 75) percentile: (160, 181, 207)
[M::mem_pestat] low and high boundaries for computing mean and std.dev: (66, 301)
[M::mem_pestat] mean and std.dev: (184.83, 33.43)
[M::mem_pestat] low and high boundaries for proper pairs: (19, 348)
[M::mem_pestat] skip orientation RF as there are not enough pairs
[M::mem_pestat] skip orientation RR as there are not enough pairs
[M::mem_process_seqs] Processed 653436 reads in 883.743 CPU sec, 113.227 real sec
[M::process] 0 single-end sequences; 654782 paired-end sequences
[M::process] read 657044 sequences (80000041 bp)...
[M::mem_pestat] # candidate unique pairs for (FF, FR, RF, RR): (0, 246141, 7, 0)
[M::mem_pestat] skip orientation FF as there are not enough pairs
[M::mem_pestat] analyzing insert size distribution for orientation FR...
[M::mem_pestat] (25, 50, 75) percentile: (160, 181, 207)
[M::mem_pestat] low and high boundaries for computing mean and std.dev: (66, 301)
[M::mem_pestat] mean and std.dev: (184.93, 33.51)
[M::mem_pestat] low and high boundaries for proper pairs: (19, 348)
[M::mem_pestat] skip orientation RF as there are not enough pairs
[M::mem_pestat] skip orientation RR as there are not enough pairs
[M::mem_process_seqs] Processed 654782 reads in 875.890 CPU sec, 112.318 real sec
[M::process] 0 single-end sequences; 657044 paired-end sequences
[M::process] read 655268 sequences (80000045 bp)...
[M::mem_pestat] # candidate unique pairs for (FF, FR, RF, RR): (0, 246004, 4, 0)
[M::mem_pestat] skip orientation FF as there are not enough pairs
[M::mem_pestat] analyzing insert size distribution for orientation FR...
[M::mem_pestat] (25, 50, 75) percentile: (160, 181, 207)
[M::mem_pestat] low and high boundaries for computing mean and std.dev: (66, 301)
[M::mem_pestat] mean and std.dev: (184.97, 33.48)
[M::mem_pestat] low and high boundaries for proper pairs: (19, 348)
[M::mem_pestat] skip orientation RF as there are not enough pairs
[M::mem_pestat] skip orientation RR as there are not enough pairs
[M::mem_process_seqs] Processed 657044 reads in 964.709 CPU sec, 123.400 real sec
[M::process] 0 single-end sequences; 655268 paired-end sequences
[M::process] read 650074 sequences (80000185 bp)...
[M::mem_pestat] # candidate unique pairs for (FF, FR, RF, RR): (0, 246234, 3, 0)
[M::mem_pestat] skip orientation FF as there are not enough pairs
[M::mem_pestat] analyzing insert size distribution for orientation FR...
[M::mem_pestat] (25, 50, 75) percentile: (160, 181, 207)
[M::mem_pestat] low and high boundaries for computing mean and std.dev: (66, 301)
[M::mem_pestat] mean and std.dev: (184.73, 33.42)
[M::mem_pestat] low and high boundaries for proper pairs: (19, 348)
[M::mem_pestat] skip orientation RF as there are not enough pairs
[M::mem_pestat] skip orientation RR as there are not enough pairs
[M::mem_process_seqs] Processed 655268 reads in 941.577 CPU sec, 120.543 real sec
[M::process] 0 single-end sequences; 650074 paired-end sequences
[M::process] read 648740 sequences (80000085 bp)...
[M::mem_pestat] # candidate unique pairs for (FF, FR, RF, RR): (0, 244587, 7, 0)
[M::mem_pestat] skip orientation FF as there are not enough pairs
[M::mem_pestat] analyzing insert size distribution for orientation FR...
[M::mem_pestat] (25, 50, 75) percentile: (159, 181, 207)
[M::mem_pestat] low and high boundaries for computing mean and std.dev: (63, 303)
[M::mem_pestat] mean and std.dev: (184.60, 33.39)
[M::mem_pestat] low and high boundaries for proper pairs: (15, 351)
[M::mem_pestat] skip orientation RF as there are not enough pairs
[M::mem_pestat] skip orientation RR as there are not enough pairs
[M::mem_process_seqs] Processed 650074 reads in 845.361 CPU sec, 108.512 real sec
[M::process] 0 single-end sequences; 648740 paired-end sequences
[M::process] read 647826 sequences (80000174 bp)...
[M::mem_pestat] # candidate unique pairs for (FF, FR, RF, RR): (0, 244744, 6, 0)
[M::mem_pestat] skip orientation FF as there are not enough pairs
[M::mem_pestat] analyzing insert size distribution for orientation FR...
[M::mem_pestat] (25, 50, 75) percentile: (160, 181, 206)
[M::mem_pestat] low and high boundaries for computing mean and std.dev: (68, 298)
[M::mem_pestat] mean and std.dev: (184.49, 33.25)
[M::mem_pestat] low and high boundaries for proper pairs: (22, 344)
[M::mem_pestat] skip orientation RF as there are not enough pairs
[M::mem_pestat] skip orientation RR as there are not enough pairs
[M::mem_process_seqs] Processed 648740 reads in 825.033 CPU sec, 105.886 real sec
[M::process] 0 single-end sequences; 647826 paired-end sequences
[M::process] read 649540 sequences (80000182 bp)...
[M::mem_pestat] # candidate unique pairs for (FF, FR, RF, RR): (0, 244698, 8, 0)
[M::mem_pestat] skip orientation FF as there are not enough pairs
[M::mem_pestat] analyzing insert size distribution for orientation FR...
[M::mem_pestat] (25, 50, 75) percentile: (159, 181, 206)
[M::mem_pestat] low and high boundaries for computing mean and std.dev: (65, 300)
[M::mem_pestat] mean and std.dev: (184.38, 33.42)
[M::mem_pestat] low and high boundaries for proper pairs: (18, 347)
[M::mem_pestat] skip orientation RF as there are not enough pairs
[M::mem_pestat] skip orientation RR as there are not enough pairs
[M::mem_process_seqs] Processed 647826 reads in 820.067 CPU sec, 105.281 real sec
[M::process] 0 single-end sequences; 649540 paired-end sequences
[M::process] read 648782 sequences (80000003 bp)...
[M::mem_pestat] # candidate unique pairs for (FF, FR, RF, RR): (0, 244508, 2, 0)
[M::mem_pestat] skip orientation FF as there are not enough pairs
[M::mem_pestat] analyzing insert size distribution for orientation FR...
[M::mem_pestat] (25, 50, 75) percentile: (160, 181, 207)
[M::mem_pestat] low and high boundaries for computing mean and std.dev: (66, 301)
[M::mem_pestat] mean and std.dev: (184.82, 33.39)
[M::mem_pestat] low and high boundaries for proper pairs: (19, 348)
[M::mem_pestat] skip orientation RF as there are not enough pairs
[M::mem_pestat] skip orientation RR as there are not enough pairs
[M::mem_process_seqs] Processed 649540 reads in 831.417 CPU sec, 106.711 real sec
[M::process] 0 single-end sequences; 648782 paired-end sequences
[M::process] read 648362 sequences (80000171 bp)...
[M::mem_pestat] # candidate unique pairs for (FF, FR, RF, RR): (0, 243825, 4, 0)
[M::mem_pestat] skip orientation FF as there are not enough pairs
[M::mem_pestat] analyzing insert size distribution for orientation FR...
[M::mem_pestat] (25, 50, 75) percentile: (160, 181, 207)
[M::mem_pestat] low and high boundaries for computing mean and std.dev: (66, 301)
[M::mem_pestat] mean and std.dev: (185.01, 33.44)
[M::mem_pestat] low and high boundaries for proper pairs: (19, 348)
[M::mem_pestat] skip orientation RF as there are not enough pairs
[M::mem_pestat] skip orientation RR as there are not enough pairs
[M::mem_process_seqs] Processed 648782 reads in 834.498 CPU sec, 107.058 real sec
[M::process] 0 single-end sequences; 648362 paired-end sequences
[M::process] read 647656 sequences (80000183 bp)...
[M::mem_pestat] # candidate unique pairs for (FF, FR, RF, RR): (0, 243903, 6, 0)
[M::mem_pestat] skip orientation FF as there are not enough pairs
[M::mem_pestat] analyzing insert size distribution for orientation FR...
[M::mem_pestat] (25, 50, 75) percentile: (160, 181, 207)
[M::mem_pestat] low and high boundaries for computing mean and std.dev: (66, 301)
[M::mem_pestat] mean and std.dev: (184.85, 33.41)
[M::mem_pestat] low and high boundaries for proper pairs: (19, 348)
[M::mem_pestat] skip orientation RF as there are not enough pairs
[M::mem_pestat] skip orientation RR as there are not enough pairs
[M::mem_process_seqs] Processed 648362 reads in 830.582 CPU sec, 106.554 real sec
[M::process] 0 single-end sequences; 647656 paired-end sequences
[M::process] read 646670 sequences (80000189 bp)...
[M::mem_pestat] # candidate unique pairs for (FF, FR, RF, RR): (0, 244292, 6, 0)
[M::mem_pestat] skip orientation FF as there are not enough pairs
[M::mem_pestat] analyzing insert size distribution for orientation FR...
[M::mem_pestat] (25, 50, 75) percentile: (160, 181, 207)
[M::mem_pestat] low and high boundaries for computing mean and std.dev: (66, 301)
[M::mem_pestat] mean and std.dev: (184.81, 33.40)
[M::mem_pestat] low and high boundaries for proper pairs: (19, 348)
[M::mem_pestat] skip orientation RF as there are not enough pairs
[M::mem_pestat] skip orientation RR as there are not enough pairs
[M::mem_process_seqs] Processed 647656 reads in 815.757 CPU sec, 104.708 real sec
[M::process] 0 single-end sequences; 646670 paired-end sequences
[M::process] read 646226 sequences (80000197 bp)...
[M::mem_pestat] # candidate unique pairs for (FF, FR, RF, RR): (0, 243979, 5, 0)
[M::mem_pestat] skip orientation FF as there are not enough pairs
[M::mem_pestat] analyzing insert size distribution for orientation FR...
[M::mem_pestat] (25, 50, 75) percentile: (160, 181, 207)
[M::mem_pestat] low and high boundaries for computing mean and std.dev: (66, 301)
[M::mem_pestat] mean and std.dev: (184.71, 33.46)
[M::mem_pestat] low and high boundaries for proper pairs: (19, 348)
[M::mem_pestat] skip orientation RF as there are not enough pairs
[M::mem_pestat] skip orientation RR as there are not enough pairs
[M::mem_process_seqs] Processed 646670 reads in 809.554 CPU sec, 103.940 real sec
[M::process] 0 single-end sequences; 646226 paired-end sequences
[M::process] read 645768 sequences (80000029 bp)...
[M::mem_pestat] # candidate unique pairs for (FF, FR, RF, RR): (0, 243616, 8, 0)
[M::mem_pestat] skip orientation FF as there are not enough pairs
[M::mem_pestat] analyzing insert size distribution for orientation FR...
[M::mem_pestat] (25, 50, 75) percentile: (159, 181, 206)
[M::mem_pestat] low and high boundaries for computing mean and std.dev: (65, 300)
[M::mem_pestat] mean and std.dev: (184.49, 33.35)
[M::mem_pestat] low and high boundaries for proper pairs: (18, 347)
[M::mem_pestat] skip orientation RF as there are not enough pairs
[M::mem_pestat] skip orientation RR as there are not enough pairs
[M::mem_process_seqs] Processed 646226 reads in 830.260 CPU sec, 106.547 real sec
[M::process] 0 single-end sequences; 645768 paired-end sequences
[M::process] read 649584 sequences (80000090 bp)...
[M::mem_pestat] # candidate unique pairs for (FF, FR, RF, RR): (0, 243481, 5, 0)
[M::mem_pestat] skip orientation FF as there are not enough pairs
[M::mem_pestat] analyzing insert size distribution for orientation FR...
[M::mem_pestat] (25, 50, 75) percentile: (160, 181, 206)
[M::mem_pestat] low and high boundaries for computing mean and std.dev: (68, 298)
[M::mem_pestat] mean and std.dev: (184.46, 33.27)
[M::mem_pestat] low and high boundaries for proper pairs: (22, 344)
[M::mem_pestat] skip orientation RF as there are not enough pairs
[M::mem_pestat] skip orientation RR as there are not enough pairs
[M::mem_process_seqs] Processed 645768 reads in 824.491 CPU sec, 105.794 real sec
[M::process] 0 single-end sequences; 649584 paired-end sequences
[M::process] read 649944 sequences (80000006 bp)...
[M::mem_pestat] # candidate unique pairs for (FF, FR, RF, RR): (0, 244276, 4, 0)
[M::mem_pestat] skip orientation FF as there are not enough pairs
[M::mem_pestat] analyzing insert size distribution for orientation FR...
[M::mem_pestat] (25, 50, 75) percentile: (160, 181, 207)
[M::mem_pestat] low and high boundaries for computing mean and std.dev: (66, 301)
[M::mem_pestat] mean and std.dev: (184.75, 33.43)
[M::mem_pestat] low and high boundaries for proper pairs: (19, 348)
[M::mem_pestat] skip orientation RF as there are not enough pairs
[M::mem_pestat] skip orientation RR as there are not enough pairs
[M::mem_process_seqs] Processed 649584 reads in 864.044 CPU sec, 110.768 real sec
[M::process] 0 single-end sequences; 649944 paired-end sequences
[M::process] read 652176 sequences (80000084 bp)...
[M::mem_pestat] # candidate unique pairs for (FF, FR, RF, RR): (0, 244330, 1, 0)
[M::mem_pestat] skip orientation FF as there are not enough pairs
[M::mem_pestat] analyzing insert size distribution for orientation FR...
[M::mem_pestat] (25, 50, 75) percentile: (160, 181, 207)
[M::mem_pestat] low and high boundaries for computing mean and std.dev: (66, 301)
[M::mem_pestat] mean and std.dev: (184.92, 33.41)
[M::mem_pestat] low and high boundaries for proper pairs: (19, 348)
[M::mem_pestat] skip orientation RF as there are not enough pairs
[M::mem_pestat] skip orientation RR as there are not enough pairs
[M::mem_process_seqs] Processed 649944 reads in 849.757 CPU sec, 108.984 real sec
[M::process] 0 single-end sequences; 652176 paired-end sequences
[M::process] read 649444 sequences (80000012 bp)...
[M::mem_pestat] # candidate unique pairs for (FF, FR, RF, RR): (0, 245294, 2, 0)
[M::mem_pestat] skip orientation FF as there are not enough pairs
[M::mem_pestat] analyzing insert size distribution for orientation FR...
[M::mem_pestat] (25, 50, 75) percentile: (160, 181, 207)
[M::mem_pestat] low and high boundaries for computing mean and std.dev: (66, 301)
[M::mem_pestat] mean and std.dev: (184.63, 33.33)
[M::mem_pestat] low and high boundaries for proper pairs: (19, 348)
[M::mem_pestat] skip orientation RF as there are not enough pairs
[M::mem_pestat] skip orientation RR as there are not enough pairs
[M::mem_process_seqs] Processed 652176 reads in 886.905 CPU sec, 113.638 real sec
[M::process] 0 single-end sequences; 649444 paired-end sequences
[M::process] read 647164 sequences (80000220 bp)...
[M::mem_pestat] # candidate unique pairs for (FF, FR, RF, RR): (0, 244545, 2, 0)
[M::mem_pestat] skip orientation FF as there are not enough pairs
[M::mem_pestat] analyzing insert size distribution for orientation FR...
[M::mem_pestat] (25, 50, 75) percentile: (160, 181, 207)
[M::mem_pestat] low and high boundaries for computing mean and std.dev: (66, 301)
[M::mem_pestat] mean and std.dev: (184.71, 33.49)
[M::mem_pestat] low and high boundaries for proper pairs: (19, 348)
[M::mem_pestat] skip orientation RF as there are not enough pairs
[M::mem_pestat] skip orientation RR as there are not enough pairs
[M::mem_process_seqs] Processed 649444 reads in 849.840 CPU sec, 109.021 real sec
[M::process] 0 single-end sequences; 647164 paired-end sequences
[M::process] read 647678 sequences (80000102 bp)...
[M::mem_pestat] # candidate unique pairs for (FF, FR, RF, RR): (0, 243994, 3, 0)
[M::mem_pestat] skip orientation FF as there are not enough pairs
[M::mem_pestat] analyzing insert size distribution for orientation FR...
[M::mem_pestat] (25, 50, 75) percentile: (159, 181, 207)
[M::mem_pestat] low and high boundaries for computing mean and std.dev: (63, 303)
[M::mem_pestat] mean and std.dev: (184.48, 33.37)
[M::mem_pestat] low and high boundaries for proper pairs: (15, 351)
[M::mem_pestat] skip orientation RF as there are not enough pairs
[M::mem_pestat] skip orientation RR as there are not enough pairs
[M::mem_process_seqs] Processed 647164 reads in 854.215 CPU sec, 109.560 real sec
[M::process] 0 single-end sequences; 647678 paired-end sequences
[M::process] read 648858 sequences (80000165 bp)...
[M::mem_pestat] # candidate unique pairs for (FF, FR, RF, RR): (0, 242927, 2, 0)
[M::mem_pestat] skip orientation FF as there are not enough pairs
[M::mem_pestat] analyzing insert size distribution for orientation FR...
[M::mem_pestat] (25, 50, 75) percentile: (159, 181, 206)
[M::mem_pestat] low and high boundaries for computing mean and std.dev: (65, 300)
[M::mem_pestat] mean and std.dev: (184.34, 33.38)
[M::mem_pestat] low and high boundaries for proper pairs: (18, 347)
[M::mem_pestat] skip orientation RF as there are not enough pairs
[M::mem_pestat] skip orientation RR as there are not enough pairs
[M::mem_process_seqs] Processed 647678 reads in 1051.471 CPU sec, 134.228 real sec
[M::process] 0 single-end sequences; 648858 paired-end sequences
[M::process] read 657092 sequences (80000093 bp)...
[M::mem_pestat] # candidate unique pairs for (FF, FR, RF, RR): (0, 243190, 9, 0)
[M::mem_pestat] skip orientation FF as there are not enough pairs
[M::mem_pestat] analyzing insert size distribution for orientation FR...
[M::mem_pestat] (25, 50, 75) percentile: (159, 181, 206)
[M::mem_pestat] low and high boundaries for computing mean and std.dev: (65, 300)
[M::mem_pestat] mean and std.dev: (184.25, 33.30)
[M::mem_pestat] low and high boundaries for proper pairs: (18, 347)
[M::mem_pestat] skip orientation RF as there are not enough pairs
[M::mem_pestat] skip orientation RR as there are not enough pairs
[M::mem_process_seqs] Processed 648858 reads in 1062.498 CPU sec, 135.598 real sec
[M::process] 0 single-end sequences; 657092 paired-end sequences
[M::process] read 655308 sequences (80000029 bp)...
[M::mem_pestat] # candidate unique pairs for (FF, FR, RF, RR): (0, 245864, 9, 0)
[M::mem_pestat] skip orientation FF as there are not enough pairs
[M::mem_pestat] analyzing insert size distribution for orientation FR...
[M::mem_pestat] (25, 50, 75) percentile: (160, 181, 207)
[M::mem_pestat] low and high boundaries for computing mean and std.dev: (66, 301)
[M::mem_pestat] mean and std.dev: (184.84, 33.45)
[M::mem_pestat] low and high boundaries for proper pairs: (19, 348)
[M::mem_pestat] skip orientation RF as there are not enough pairs
[M::mem_pestat] skip orientation RR as there are not enough pairs
[M::mem_process_seqs] Processed 657092 reads in 951.650 CPU sec, 121.750 real sec
[M::process] 0 single-end sequences; 655308 paired-end sequences
[M::process] read 659466 sequences (80000086 bp)...
[M::mem_pestat] # candidate unique pairs for (FF, FR, RF, RR): (0, 245701, 6, 0)
[M::mem_pestat] skip orientation FF as there are not enough pairs
[M::mem_pestat] analyzing insert size distribution for orientation FR...
[M::mem_pestat] (25, 50, 75) percentile: (160, 181, 207)
[M::mem_pestat] low and high boundaries for computing mean and std.dev: (66, 301)
[M::mem_pestat] mean and std.dev: (184.80, 33.36)
[M::mem_pestat] low and high boundaries for proper pairs: (19, 348)
[M::mem_pestat] skip orientation RF as there are not enough pairs
[M::mem_pestat] skip orientation RR as there are not enough pairs
[M::mem_process_seqs] Processed 655308 reads in 924.616 CPU sec, 118.445 real sec
[M::process] 0 single-end sequences; 659466 paired-end sequences
[M::process] read 652874 sequences (80000120 bp)...
[M::mem_pestat] # candidate unique pairs for (FF, FR, RF, RR): (0, 246073, 2, 0)
[M::mem_pestat] skip orientation FF as there are not enough pairs
[M::mem_pestat] analyzing insert size distribution for orientation FR...
[M::mem_pestat] (25, 50, 75) percentile: (160, 181, 207)
[M::mem_pestat] low and high boundaries for computing mean and std.dev: (66, 301)
[M::mem_pestat] mean and std.dev: (184.83, 33.45)
[M::mem_pestat] low and high boundaries for proper pairs: (19, 348)
[M::mem_pestat] skip orientation RF as there are not enough pairs
[M::mem_pestat] skip orientation RR as there are not enough pairs
[M::mem_process_seqs] Processed 659466 reads in 1033.942 CPU sec, 132.107 real sec
[M::process] 0 single-end sequences; 652874 paired-end sequences
[M::process] read 650316 sequences (80000141 bp)...
[M::mem_pestat] # candidate unique pairs for (FF, FR, RF, RR): (0, 245401, 7, 0)
[M::mem_pestat] skip orientation FF as there are not enough pairs
[M::mem_pestat] analyzing insert size distribution for orientation FR...
[M::mem_pestat] (25, 50, 75) percentile: (160, 181, 207)
[M::mem_pestat] low and high boundaries for computing mean and std.dev: (66, 301)
[M::mem_pestat] mean and std.dev: (184.65, 33.40)
[M::mem_pestat] low and high boundaries for proper pairs: (19, 348)
[M::mem_pestat] skip orientation RF as there are not enough pairs
[M::mem_pestat] skip orientation RR as there are not enough pairs
[M::mem_process_seqs] Processed 652874 reads in 892.226 CPU sec, 114.341 real sec
[M::process] 0 single-end sequences; 650316 paired-end sequences
[M::process] read 649928 sequences (80000140 bp)...
[M::mem_pestat] # candidate unique pairs for (FF, FR, RF, RR): (0, 245450, 1, 0)
[M::mem_pestat] skip orientation FF as there are not enough pairs
[M::mem_pestat] analyzing insert size distribution for orientation FR...
[M::mem_pestat] (25, 50, 75) percentile: (159, 181, 206)
[M::mem_pestat] low and high boundaries for computing mean and std.dev: (65, 300)
[M::mem_pestat] mean and std.dev: (184.53, 33.42)
[M::mem_pestat] low and high boundaries for proper pairs: (18, 347)
[M::mem_pestat] skip orientation RF as there are not enough pairs
[M::mem_pestat] skip orientation RR as there are not enough pairs
[M::mem_process_seqs] Processed 650316 reads in 850.456 CPU sec, 109.121 real sec
[M::process] 0 single-end sequences; 649928 paired-end sequences
[M::process] read 649872 sequences (80000194 bp)...
[M::mem_pestat] # candidate unique pairs for (FF, FR, RF, RR): (0, 244312, 4, 0)
[M::mem_pestat] skip orientation FF as there are not enough pairs
[M::mem_pestat] analyzing insert size distribution for orientation FR...
[M::mem_pestat] (25, 50, 75) percentile: (159, 181, 206)
[M::mem_pestat] low and high boundaries for computing mean and std.dev: (65, 300)
[M::mem_pestat] mean and std.dev: (184.28, 33.29)
[M::mem_pestat] low and high boundaries for proper pairs: (18, 347)
[M::mem_pestat] skip orientation RF as there are not enough pairs
[M::mem_pestat] skip orientation RR as there are not enough pairs
[M::mem_process_seqs] Processed 649928 reads in 877.162 CPU sec, 112.414 real sec
[M::process] 0 single-end sequences; 649872 paired-end sequences
[M::process] read 649510 sequences (80000042 bp)...
[M::mem_pestat] # candidate unique pairs for (FF, FR, RF, RR): (0, 245236, 4, 0)
[M::mem_pestat] skip orientation FF as there are not enough pairs
[M::mem_pestat] analyzing insert size distribution for orientation FR...
[M::mem_pestat] (25, 50, 75) percentile: (159, 181, 207)
[M::mem_pestat] low and high boundaries for computing mean and std.dev: (63, 303)
[M::mem_pestat] mean and std.dev: (184.54, 33.38)
[M::mem_pestat] low and high boundaries for proper pairs: (15, 351)
[M::mem_pestat] skip orientation RF as there are not enough pairs
[M::mem_pestat] skip orientation RR as there are not enough pairs
[M::mem_process_seqs] Processed 649872 reads in 850.110 CPU sec, 109.039 real sec
[M::process] 0 single-end sequences; 649510 paired-end sequences
[M::process] read 648548 sequences (80000173 bp)...
[M::mem_pestat] # candidate unique pairs for (FF, FR, RF, RR): (0, 243729, 3, 0)
[M::mem_pestat] skip orientation FF as there are not enough pairs
[M::mem_pestat] analyzing insert size distribution for orientation FR...
[M::mem_pestat] (25, 50, 75) percentile: (160, 181, 207)
[M::mem_pestat] low and high boundaries for computing mean and std.dev: (66, 301)
[M::mem_pestat] mean and std.dev: (184.97, 33.44)
[M::mem_pestat] low and high boundaries for proper pairs: (19, 348)
[M::mem_pestat] skip orientation RF as there are not enough pairs
[M::mem_pestat] skip orientation RR as there are not enough pairs
[M::mem_process_seqs] Processed 649510 reads in 852.882 CPU sec, 109.386 real sec
[M::process] 0 single-end sequences; 648548 paired-end sequences
[M::process] read 647954 sequences (80000183 bp)...
[M::mem_pestat] # candidate unique pairs for (FF, FR, RF, RR): (0, 243588, 3, 0)
[M::mem_pestat] skip orientation FF as there are not enough pairs
[M::mem_pestat] analyzing insert size distribution for orientation FR...
[M::mem_pestat] (25, 50, 75) percentile: (160, 181, 207)
[M::mem_pestat] low and high boundaries for computing mean and std.dev: (66, 301)
[M::mem_pestat] mean and std.dev: (184.96, 33.45)
[M::mem_pestat] low and high boundaries for proper pairs: (19, 348)
[M::mem_pestat] skip orientation RF as there are not enough pairs
[M::mem_pestat] skip orientation RR as there are not enough pairs
[M::mem_process_seqs] Processed 648548 reads in 850.413 CPU sec, 109.066 real sec
[M::process] 0 single-end sequences; 647954 paired-end sequences
[M::process] read 647184 sequences (80000086 bp)...
[M::mem_pestat] # candidate unique pairs for (FF, FR, RF, RR): (0, 243849, 3, 0)
[M::mem_pestat] skip orientation FF as there are not enough pairs
[M::mem_pestat] analyzing insert size distribution for orientation FR...
[M::mem_pestat] (25, 50, 75) percentile: (160, 181, 207)
[M::mem_pestat] low and high boundaries for computing mean and std.dev: (66, 301)
[M::mem_pestat] mean and std.dev: (184.78, 33.41)
[M::mem_pestat] low and high boundaries for proper pairs: (19, 348)
[M::mem_pestat] skip orientation RF as there are not enough pairs
[M::mem_pestat] skip orientation RR as there are not enough pairs
[M::mem_process_seqs] Processed 647954 reads in 835.771 CPU sec, 107.231 real sec
[M::process] 0 single-end sequences; 647184 paired-end sequences
[M::process] read 646600 sequences (80000221 bp)...
[M::mem_pestat] # candidate unique pairs for (FF, FR, RF, RR): (0, 244334, 6, 0)
[M::mem_pestat] skip orientation FF as there are not enough pairs
[M::mem_pestat] analyzing insert size distribution for orientation FR...
[M::mem_pestat] (25, 50, 75) percentile: (160, 181, 207)
[M::mem_pestat] low and high boundaries for computing mean and std.dev: (66, 301)
[M::mem_pestat] mean and std.dev: (184.64, 33.40)
[M::mem_pestat] low and high boundaries for proper pairs: (19, 348)
[M::mem_pestat] skip orientation RF as there are not enough pairs
[M::mem_pestat] skip orientation RR as there are not enough pairs
[M::mem_process_seqs] Processed 647184 reads in 820.253 CPU sec, 105.304 real sec
[M::process] 0 single-end sequences; 646600 paired-end sequences
[M::process] read 646584 sequences (80000021 bp)...
[M::mem_pestat] # candidate unique pairs for (FF, FR, RF, RR): (0, 243344, 4, 0)
[M::mem_pestat] skip orientation FF as there are not enough pairs
[M::mem_pestat] analyzing insert size distribution for orientation FR...
[M::mem_pestat] (25, 50, 75) percentile: (159, 181, 206)
[M::mem_pestat] low and high boundaries for computing mean and std.dev: (65, 300)
[M::mem_pestat] mean and std.dev: (184.49, 33.38)
[M::mem_pestat] low and high boundaries for proper pairs: (18, 347)
[M::mem_pestat] skip orientation RF as there are not enough pairs
[M::mem_pestat] skip orientation RR as there are not enough pairs
[M::mem_process_seqs] Processed 646600 reads in 835.703 CPU sec, 107.208 real sec
[M::process] 0 single-end sequences; 646584 paired-end sequences
[M::process] read 649598 sequences (80000222 bp)...
[M::mem_pestat] # candidate unique pairs for (FF, FR, RF, RR): (0, 243683, 5, 0)
[M::mem_pestat] skip orientation FF as there are not enough pairs
[M::mem_pestat] analyzing insert size distribution for orientation FR...
[M::mem_pestat] (25, 50, 75) percentile: (159, 181, 207)
[M::mem_pestat] low and high boundaries for computing mean and std.dev: (63, 303)
[M::mem_pestat] mean and std.dev: (184.47, 33.39)
[M::mem_pestat] low and high boundaries for proper pairs: (15, 351)
[M::mem_pestat] skip orientation RF as there are not enough pairs
[M::mem_pestat] skip orientation RR as there are not enough pairs
[M::mem_process_seqs] Processed 646584 reads in 836.799 CPU sec, 107.387 real sec
[M::process] 0 single-end sequences; 649598 paired-end sequences
[M::process] read 649820 sequences (80000243 bp)...
[M::mem_pestat] # candidate unique pairs for (FF, FR, RF, RR): (0, 244281, 2, 0)
[M::mem_pestat] skip orientation FF as there are not enough pairs
[M::mem_pestat] analyzing insert size distribution for orientation FR...
[M::mem_pestat] (25, 50, 75) percentile: (160, 181, 207)
[M::mem_pestat] low and high boundaries for computing mean and std.dev: (66, 301)
[M::mem_pestat] mean and std.dev: (184.71, 33.35)
[M::mem_pestat] low and high boundaries for proper pairs: (19, 348)
[M::mem_pestat] skip orientation RF as there are not enough pairs
[M::mem_pestat] skip orientation RR as there are not enough pairs
[M::mem_process_seqs] Processed 649598 reads in 861.621 CPU sec, 110.448 real sec
[M::process] 0 single-end sequences; 649820 paired-end sequences
[M::process] read 649478 sequences (80000167 bp)...
[M::mem_pestat] # candidate unique pairs for (FF, FR, RF, RR): (0, 244441, 5, 0)
[M::mem_pestat] skip orientation FF as there are not enough pairs
[M::mem_pestat] analyzing insert size distribution for orientation FR...
[M::mem_pestat] (25, 50, 75) percentile: (160, 181, 207)
[M::mem_pestat] low and high boundaries for computing mean and std.dev: (66, 301)
[M::mem_pestat] mean and std.dev: (184.81, 33.39)
[M::mem_pestat] low and high boundaries for proper pairs: (19, 348)
[M::mem_pestat] skip orientation RF as there are not enough pairs
[M::mem_pestat] skip orientation RR as there are not enough pairs
[M::mem_process_seqs] Processed 649820 reads in 843.309 CPU sec, 108.176 real sec
[M::process] 0 single-end sequences; 649478 paired-end sequences
[M::process] read 648680 sequences (80000032 bp)...
[M::mem_pestat] # candidate unique pairs for (FF, FR, RF, RR): (0, 244637, 2, 0)
[M::mem_pestat] skip orientation FF as there are not enough pairs
[M::mem_pestat] analyzing insert size distribution for orientation FR...
[M::mem_pestat] (25, 50, 75) percentile: (160, 181, 207)
[M::mem_pestat] low and high boundaries for computing mean and std.dev: (66, 301)
[M::mem_pestat] mean and std.dev: (184.78, 33.37)
[M::mem_pestat] low and high boundaries for proper pairs: (19, 348)
[M::mem_pestat] skip orientation RF as there are not enough pairs
[M::mem_pestat] skip orientation RR as there are not enough pairs
[M::mem_process_seqs] Processed 649478 reads in 842.037 CPU sec, 108.006 real sec
[M::process] 0 single-end sequences; 648680 paired-end sequences
[M::process] read 646910 sequences (80000060 bp)...
[M::mem_pestat] # candidate unique pairs for (FF, FR, RF, RR): (0, 244808, 5, 0)
[M::mem_pestat] skip orientation FF as there are not enough pairs
[M::mem_pestat] analyzing insert size distribution for orientation FR...
[M::mem_pestat] (25, 50, 75) percentile: (160, 181, 207)
[M::mem_pestat] low and high boundaries for computing mean and std.dev: (66, 301)
[M::mem_pestat] mean and std.dev: (184.81, 33.45)
[M::mem_pestat] low and high boundaries for proper pairs: (19, 348)
[M::mem_pestat] skip orientation RF as there are not enough pairs
[M::mem_pestat] skip orientation RR as there are not enough pairs
[M::mem_process_seqs] Processed 648680 reads in 831.607 CPU sec, 106.708 real sec
[M::process] 0 single-end sequences; 646910 paired-end sequences
[M::process] read 646420 sequences (80000114 bp)...
[M::mem_pestat] # candidate unique pairs for (FF, FR, RF, RR): (0, 243666, 8, 0)
[M::mem_pestat] skip orientation FF as there are not enough pairs
[M::mem_pestat] analyzing insert size distribution for orientation FR...
[M::mem_pestat] (25, 50, 75) percentile: (159, 181, 207)
[M::mem_pestat] low and high boundaries for computing mean and std.dev: (63, 303)
[M::mem_pestat] mean and std.dev: (184.67, 33.45)
[M::mem_pestat] low and high boundaries for proper pairs: (15, 351)
[M::mem_pestat] skip orientation RF as there are not enough pairs
[M::mem_pestat] skip orientation RR as there are not enough pairs
[M::mem_process_seqs] Processed 646910 reads in 819.135 CPU sec, 105.177 real sec
[M::process] 0 single-end sequences; 646420 paired-end sequences
[M::process] read 645828 sequences (80000010 bp)...
[M::mem_pestat] # candidate unique pairs for (FF, FR, RF, RR): (0, 244505, 7, 0)
[M::mem_pestat] skip orientation FF as there are not enough pairs
[M::mem_pestat] analyzing insert size distribution for orientation FR...
[M::mem_pestat] (25, 50, 75) percentile: (160, 181, 207)
[M::mem_pestat] low and high boundaries for computing mean and std.dev: (66, 301)
[M::mem_pestat] mean and std.dev: (184.60, 33.40)
[M::mem_pestat] low and high boundaries for proper pairs: (19, 348)
[M::mem_pestat] skip orientation RF as there are not enough pairs
[M::mem_pestat] skip orientation RR as there are not enough pairs
[M::mem_process_seqs] Processed 646420 reads in 811.930 CPU sec, 104.274 real sec
[M::process] 0 single-end sequences; 645828 paired-end sequences
[M::process] read 650048 sequences (80000160 bp)...
[M::mem_pestat] # candidate unique pairs for (FF, FR, RF, RR): (0, 244209, 4, 0)
[M::mem_pestat] skip orientation FF as there are not enough pairs
[M::mem_pestat] analyzing insert size distribution for orientation FR...
[M::mem_pestat] (25, 50, 75) percentile: (159, 180, 206)
[M::mem_pestat] low and high boundaries for computing mean and std.dev: (65, 300)
[M::mem_pestat] mean and std.dev: (184.28, 33.36)
[M::mem_pestat] low and high boundaries for proper pairs: (18, 347)
[M::mem_pestat] skip orientation RF as there are not enough pairs
[M::mem_pestat] skip orientation RR as there are not enough pairs
[M::mem_process_seqs] Processed 645828 reads in 821.158 CPU sec, 105.393 real sec
[M::process] 0 single-end sequences; 650048 paired-end sequences
[M::process] read 651338 sequences (80000248 bp)...
[M::mem_pestat] # candidate unique pairs for (FF, FR, RF, RR): (0, 244822, 9, 0)
[M::mem_pestat] skip orientation FF as there are not enough pairs
[M::mem_pestat] analyzing insert size distribution for orientation FR...
[M::mem_pestat] (25, 50, 75) percentile: (160, 181, 207)
[M::mem_pestat] low and high boundaries for computing mean and std.dev: (66, 301)
[M::mem_pestat] mean and std.dev: (184.67, 33.45)
[M::mem_pestat] low and high boundaries for proper pairs: (19, 348)
[M::mem_pestat] skip orientation RF as there are not enough pairs
[M::mem_pestat] skip orientation RR as there are not enough pairs
[M::mem_process_seqs] Processed 650048 reads in 858.318 CPU sec, 110.071 real sec
[M::process] 0 single-end sequences; 651338 paired-end sequences
[M::process] read 650244 sequences (80000167 bp)...
[M::mem_pestat] # candidate unique pairs for (FF, FR, RF, RR): (0, 244884, 3, 0)
[M::mem_pestat] skip orientation FF as there are not enough pairs
[M::mem_pestat] analyzing insert size distribution for orientation FR...
[M::mem_pestat] (25, 50, 75) percentile: (160, 181, 207)
[M::mem_pestat] low and high boundaries for computing mean and std.dev: (66, 301)
[M::mem_pestat] mean and std.dev: (184.78, 33.47)
[M::mem_pestat] low and high boundaries for proper pairs: (19, 348)
[M::mem_pestat] skip orientation RF as there are not enough pairs
[M::mem_pestat] skip orientation RR as there are not enough pairs
[M::mem_process_seqs] Processed 651338 reads in 859.794 CPU sec, 110.244 real sec
[M::process] 0 single-end sequences; 650244 paired-end sequences
[M::process] read 650492 sequences (80000212 bp)...
[M::mem_pestat] # candidate unique pairs for (FF, FR, RF, RR): (0, 244861, 6, 0)
[M::mem_pestat] skip orientation FF as there are not enough pairs
[M::mem_pestat] analyzing insert size distribution for orientation FR...
[M::mem_pestat] (25, 50, 75) percentile: (160, 181, 207)
[M::mem_pestat] low and high boundaries for computing mean and std.dev: (66, 301)
[M::mem_pestat] mean and std.dev: (184.79, 33.48)
[M::mem_pestat] low and high boundaries for proper pairs: (19, 348)
[M::mem_pestat] skip orientation RF as there are not enough pairs
[M::mem_pestat] skip orientation RR as there are not enough pairs
[M::mem_process_seqs] Processed 650244 reads in 851.949 CPU sec, 109.275 real sec
[M::process] 0 single-end sequences; 650492 paired-end sequences
[M::process] read 648294 sequences (80000055 bp)...
[M::mem_pestat] # candidate unique pairs for (FF, FR, RF, RR): (0, 245261, 3, 0)
[M::mem_pestat] skip orientation FF as there are not enough pairs
[M::mem_pestat] analyzing insert size distribution for orientation FR...
[M::mem_pestat] (25, 50, 75) percentile: (160, 181, 207)
[M::mem_pestat] low and high boundaries for computing mean and std.dev: (66, 301)
[M::mem_pestat] mean and std.dev: (184.80, 33.45)
[M::mem_pestat] low and high boundaries for proper pairs: (19, 348)
[M::mem_pestat] skip orientation RF as there are not enough pairs
[M::mem_pestat] skip orientation RR as there are not enough pairs
[M::mem_process_seqs] Processed 650492 reads in 849.661 CPU sec, 108.992 real sec
[M::process] 0 single-end sequences; 648294 paired-end sequences
[M::process] read 647274 sequences (80000049 bp)...
[M::mem_pestat] # candidate unique pairs for (FF, FR, RF, RR): (0, 245076, 5, 0)
[M::mem_pestat] skip orientation FF as there are not enough pairs
[M::mem_pestat] analyzing insert size distribution for orientation FR...
[M::mem_pestat] (25, 50, 75) percentile: (160, 181, 207)
[M::mem_pestat] low and high boundaries for computing mean and std.dev: (66, 301)
[M::mem_pestat] mean and std.dev: (184.71, 33.43)
[M::mem_pestat] low and high boundaries for proper pairs: (19, 348)
[M::mem_pestat] skip orientation RF as there are not enough pairs
[M::mem_pestat] skip orientation RR as there are not enough pairs
[M::mem_process_seqs] Processed 648294 reads in 811.922 CPU sec, 104.272 real sec
[M::process] 0 single-end sequences; 647274 paired-end sequences
[M::process] read 646884 sequences (80000116 bp)...
[M::mem_pestat] # candidate unique pairs for (FF, FR, RF, RR): (0, 244845, 5, 0)
[M::mem_pestat] skip orientation FF as there are not enough pairs
[M::mem_pestat] analyzing insert size distribution for orientation FR...
[M::mem_pestat] (25, 50, 75) percentile: (159, 181, 207)
[M::mem_pestat] low and high boundaries for computing mean and std.dev: (63, 303)
[M::mem_pestat] mean and std.dev: (184.55, 33.40)
[M::mem_pestat] low and high boundaries for proper pairs: (15, 351)
[M::mem_pestat] skip orientation RF as there are not enough pairs
[M::mem_pestat] skip orientation RR as there are not enough pairs
[M::mem_process_seqs] Processed 647274 reads in 811.473 CPU sec, 104.198 real sec
[M::process] 0 single-end sequences; 646884 paired-end sequences
[M::process] read 648550 sequences (80000139 bp)...
[M::mem_pestat] # candidate unique pairs for (FF, FR, RF, RR): (0, 244407, 2, 0)
[M::mem_pestat] skip orientation FF as there are not enough pairs
[M::mem_pestat] analyzing insert size distribution for orientation FR...
[M::mem_pestat] (25, 50, 75) percentile: (159, 181, 207)
[M::mem_pestat] low and high boundaries for computing mean and std.dev: (63, 303)
[M::mem_pestat] mean and std.dev: (184.50, 33.32)
[M::mem_pestat] low and high boundaries for proper pairs: (15, 351)
[M::mem_pestat] skip orientation RF as there are not enough pairs
[M::mem_pestat] skip orientation RR as there are not enough pairs
[M::mem_process_seqs] Processed 646884 reads in 814.871 CPU sec, 104.603 real sec
[M::process] 0 single-end sequences; 648550 paired-end sequences
[M::process] read 649402 sequences (80000158 bp)...
[M::mem_pestat] # candidate unique pairs for (FF, FR, RF, RR): (0, 244111, 5, 0)
[M::mem_pestat] skip orientation FF as there are not enough pairs
[M::mem_pestat] analyzing insert size distribution for orientation FR...
[M::mem_pestat] (25, 50, 75) percentile: (159, 181, 207)
[M::mem_pestat] low and high boundaries for computing mean and std.dev: (63, 303)
[M::mem_pestat] mean and std.dev: (184.59, 33.40)
[M::mem_pestat] low and high boundaries for proper pairs: (15, 351)
[M::mem_pestat] skip orientation RF as there are not enough pairs
[M::mem_pestat] skip orientation RR as there are not enough pairs
[M::mem_process_seqs] Processed 648550 reads in 842.701 CPU sec, 108.094 real sec
[M::process] 0 single-end sequences; 649402 paired-end sequences
[M::process] read 648068 sequences (80000159 bp)...
[M::mem_pestat] # candidate unique pairs for (FF, FR, RF, RR): (0, 243689, 3, 0)
[M::mem_pestat] skip orientation FF as there are not enough pairs
[M::mem_pestat] analyzing insert size distribution for orientation FR...
[M::mem_pestat] (25, 50, 75) percentile: (160, 181, 207)
[M::mem_pestat] low and high boundaries for computing mean and std.dev: (66, 301)
[M::mem_pestat] mean and std.dev: (184.85, 33.42)
[M::mem_pestat] low and high boundaries for proper pairs: (19, 348)
[M::mem_pestat] skip orientation RF as there are not enough pairs
[M::mem_pestat] skip orientation RR as there are not enough pairs
[M::mem_process_seqs] Processed 649402 reads in 853.513 CPU sec, 109.448 real sec
[M::process] 0 single-end sequences; 648068 paired-end sequences
[M::process] read 647384 sequences (80000046 bp)...
[M::mem_pestat] # candidate unique pairs for (FF, FR, RF, RR): (0, 244629, 4, 0)
[M::mem_pestat] skip orientation FF as there are not enough pairs
[M::mem_pestat] analyzing insert size distribution for orientation FR...
[M::mem_pestat] (25, 50, 75) percentile: (160, 181, 207)
[M::mem_pestat] low and high boundaries for computing mean and std.dev: (66, 301)
[M::mem_pestat] mean and std.dev: (184.91, 33.44)
[M::mem_pestat] low and high boundaries for proper pairs: (19, 348)
[M::mem_pestat] skip orientation RF as there are not enough pairs
[M::mem_pestat] skip orientation RR as there are not enough pairs
[M::mem_process_seqs] Processed 648068 reads in 824.202 CPU sec, 105.815 real sec
[M::process] 0 single-end sequences; 647384 paired-end sequences
[M::process] read 646618 sequences (80000243 bp)...
[M::mem_pestat] # candidate unique pairs for (FF, FR, RF, RR): (0, 243856, 3, 0)
[M::mem_pestat] skip orientation FF as there are not enough pairs
[M::mem_pestat] analyzing insert size distribution for orientation FR...
[M::mem_pestat] (25, 50, 75) percentile: (160, 181, 207)
[M::mem_pestat] low and high boundaries for computing mean and std.dev: (66, 301)
[M::mem_pestat] mean and std.dev: (184.83, 33.42)
[M::mem_pestat] low and high boundaries for proper pairs: (19, 348)
[M::mem_pestat] skip orientation RF as there are not enough pairs
[M::mem_pestat] skip orientation RR as there are not enough pairs
[M::mem_process_seqs] Processed 647384 reads in 817.473 CPU sec, 104.940 real sec
[M::process] 0 single-end sequences; 646618 paired-end sequences
[M::process] read 646092 sequences (80000152 bp)...
[M::mem_pestat] # candidate unique pairs for (FF, FR, RF, RR): (0, 244237, 5, 0)
[M::mem_pestat] skip orientation FF as there are not enough pairs
[M::mem_pestat] analyzing insert size distribution for orientation FR...
[M::mem_pestat] (25, 50, 75) percentile: (160, 181, 207)
[M::mem_pestat] low and high boundaries for computing mean and std.dev: (66, 301)
[M::mem_pestat] mean and std.dev: (184.70, 33.35)
[M::mem_pestat] low and high boundaries for proper pairs: (19, 348)
[M::mem_pestat] skip orientation RF as there are not enough pairs
[M::mem_pestat] skip orientation RR as there are not enough pairs
[M::mem_process_seqs] Processed 646618 reads in 809.920 CPU sec, 103.986 real sec
[M::process] 0 single-end sequences; 646092 paired-end sequences
[M::process] read 645642 sequences (80000085 bp)...
[M::mem_pestat] # candidate unique pairs for (FF, FR, RF, RR): (0, 244260, 6, 0)
[M::mem_pestat] skip orientation FF as there are not enough pairs
[M::mem_pestat] analyzing insert size distribution for orientation FR...
[M::mem_pestat] (25, 50, 75) percentile: (160, 181, 206)
[M::mem_pestat] low and high boundaries for computing mean and std.dev: (68, 298)
[M::mem_pestat] mean and std.dev: (184.53, 33.36)
[M::mem_pestat] low and high boundaries for proper pairs: (22, 344)
[M::mem_pestat] skip orientation RF as there are not enough pairs
[M::mem_pestat] skip orientation RR as there are not enough pairs
[M::mem_process_seqs] Processed 646092 reads in 806.475 CPU sec, 103.577 real sec
[M::process] 0 single-end sequences; 645642 paired-end sequences
[M::process] read 648168 sequences (80000071 bp)...
[M::mem_pestat] # candidate unique pairs for (FF, FR, RF, RR): (0, 243886, 6, 0)
[M::mem_pestat] skip orientation FF as there are not enough pairs
[M::mem_pestat] analyzing insert size distribution for orientation FR...
[M::mem_pestat] (25, 50, 75) percentile: (159, 181, 207)
[M::mem_pestat] low and high boundaries for computing mean and std.dev: (63, 303)
[M::mem_pestat] mean and std.dev: (184.48, 33.38)
[M::mem_pestat] low and high boundaries for proper pairs: (15, 351)
[M::mem_pestat] skip orientation RF as there are not enough pairs
[M::mem_pestat] skip orientation RR as there are not enough pairs
[M::mem_process_seqs] Processed 645642 reads in 817.254 CPU sec, 104.903 real sec
[M::process] 0 single-end sequences; 648168 paired-end sequences
[M::process] read 649838 sequences (80000155 bp)...
[M::mem_pestat] # candidate unique pairs for (FF, FR, RF, RR): (0, 244145, 8, 0)
[M::mem_pestat] skip orientation FF as there are not enough pairs
[M::mem_pestat] analyzing insert size distribution for orientation FR...
[M::mem_pestat] (25, 50, 75) percentile: (159, 181, 207)
[M::mem_pestat] low and high boundaries for computing mean and std.dev: (63, 303)
[M::mem_pestat] mean and std.dev: (184.46, 33.40)
[M::mem_pestat] low and high boundaries for proper pairs: (15, 351)
[M::mem_pestat] skip orientation RF as there are not enough pairs
[M::mem_pestat] skip orientation RR as there are not enough pairs
[M::mem_process_seqs] Processed 648168 reads in 883.826 CPU sec, 113.227 real sec
[M::process] 0 single-end sequences; 649838 paired-end sequences
[M::process] read 649122 sequences (80000139 bp)...
[M::mem_pestat] # candidate unique pairs for (FF, FR, RF, RR): (0, 244064, 6, 0)
[M::mem_pestat] skip orientation FF as there are not enough pairs
[M::mem_pestat] analyzing insert size distribution for orientation FR...
[M::mem_pestat] (25, 50, 75) percentile: (160, 181, 207)
[M::mem_pestat] low and high boundaries for computing mean and std.dev: (66, 301)
[M::mem_pestat] mean and std.dev: (184.83, 33.43)
[M::mem_pestat] low and high boundaries for proper pairs: (19, 348)
[M::mem_pestat] skip orientation RF as there are not enough pairs
[M::mem_pestat] skip orientation RR as there are not enough pairs
[M::mem_process_seqs] Processed 649838 reads in 907.105 CPU sec, 116.428 real sec
[M::process] 0 single-end sequences; 649122 paired-end sequences
[M::process] read 648632 sequences (80000036 bp)...
[M::mem_pestat] # candidate unique pairs for (FF, FR, RF, RR): (0, 244302, 7, 0)
[M::mem_pestat] skip orientation FF as there are not enough pairs
[M::mem_pestat] analyzing insert size distribution for orientation FR...
[M::mem_pestat] (25, 50, 75) percentile: (160, 181, 207)
[M::mem_pestat] low and high boundaries for computing mean and std.dev: (66, 301)
[M::mem_pestat] mean and std.dev: (184.82, 33.37)
[M::mem_pestat] low and high boundaries for proper pairs: (19, 348)
[M::mem_pestat] skip orientation RF as there are not enough pairs
[M::mem_pestat] skip orientation RR as there are not enough pairs
[M::mem_process_seqs] Processed 649122 reads in 878.020 CPU sec, 112.518 real sec
[M::process] 0 single-end sequences; 648632 paired-end sequences
[M::process] read 647252 sequences (80000237 bp)...
[M::mem_pestat] # candidate unique pairs for (FF, FR, RF, RR): (0, 244735, 4, 0)
[M::mem_pestat] skip orientation FF as there are not enough pairs
[M::mem_pestat] analyzing insert size distribution for orientation FR...
[M::mem_pestat] (25, 50, 75) percentile: (160, 181, 206)
[M::mem_pestat] low and high boundaries for computing mean and std.dev: (68, 298)
[M::mem_pestat] mean and std.dev: (184.57, 33.34)
[M::mem_pestat] low and high boundaries for proper pairs: (22, 344)
[M::mem_pestat] skip orientation RF as there are not enough pairs
[M::mem_pestat] skip orientation RR as there are not enough pairs
[M::mem_process_seqs] Processed 648632 reads in 1074.819 CPU sec, 137.141 real sec
[M::process] 0 single-end sequences; 647252 paired-end sequences
[M::process] read 647010 sequences (80000195 bp)...
[M::mem_pestat] # candidate unique pairs for (FF, FR, RF, RR): (0, 243374, 5, 0)
[M::mem_pestat] skip orientation FF as there are not enough pairs
[M::mem_pestat] analyzing insert size distribution for orientation FR...
[M::mem_pestat] (25, 50, 75) percentile: (159, 181, 206)
[M::mem_pestat] low and high boundaries for computing mean and std.dev: (65, 300)
[M::mem_pestat] mean and std.dev: (184.46, 33.32)
[M::mem_pestat] low and high boundaries for proper pairs: (18, 347)
[M::mem_pestat] skip orientation RF as there are not enough pairs
[M::mem_pestat] skip orientation RR as there are not enough pairs
[M::mem_process_seqs] Processed 647252 reads in 1082.324 CPU sec, 138.092 real sec
[M::process] 0 single-end sequences; 647010 paired-end sequences
[M::process] read 647678 sequences (80000218 bp)...
[M::mem_pestat] # candidate unique pairs for (FF, FR, RF, RR): (0, 243758, 5, 0)
[M::mem_pestat] skip orientation FF as there are not enough pairs
[M::mem_pestat] analyzing insert size distribution for orientation FR...
[M::mem_pestat] (25, 50, 75) percentile: (159, 181, 206)
[M::mem_pestat] low and high boundaries for computing mean and std.dev: (65, 300)
[M::mem_pestat] mean and std.dev: (184.39, 33.28)
[M::mem_pestat] low and high boundaries for proper pairs: (18, 347)
[M::mem_pestat] skip orientation RF as there are not enough pairs
[M::mem_pestat] skip orientation RR as there are not enough pairs
[M::mem_process_seqs] Processed 647010 reads in 979.187 CPU sec, 125.175 real sec
[M::process] 0 single-end sequences; 647678 paired-end sequences
[M::process] read 652958 sequences (80000030 bp)...
[M::mem_pestat] # candidate unique pairs for (FF, FR, RF, RR): (0, 243867, 4, 0)
[M::mem_pestat] skip orientation FF as there are not enough pairs
[M::mem_pestat] analyzing insert size distribution for orientation FR...
[M::mem_pestat] (25, 50, 75) percentile: (159, 180, 206)
[M::mem_pestat] low and high boundaries for computing mean and std.dev: (65, 300)
[M::mem_pestat] mean and std.dev: (184.28, 33.37)
[M::mem_pestat] low and high boundaries for proper pairs: (18, 347)
[M::mem_pestat] skip orientation RF as there are not enough pairs
[M::mem_pestat] skip orientation RR as there are not enough pairs
[M::mem_process_seqs] Processed 647678 reads in 864.383 CPU sec, 110.861 real sec
[M::process] 0 single-end sequences; 652958 paired-end sequences
[M::process] read 650420 sequences (80000202 bp)...
[M::mem_pestat] # candidate unique pairs for (FF, FR, RF, RR): (0, 245112, 4, 0)
[M::mem_pestat] skip orientation FF as there are not enough pairs
[M::mem_pestat] analyzing insert size distribution for orientation FR...
[M::mem_pestat] (25, 50, 75) percentile: (160, 181, 207)
[M::mem_pestat] low and high boundaries for computing mean and std.dev: (66, 301)
[M::mem_pestat] mean and std.dev: (184.84, 33.40)
[M::mem_pestat] low and high boundaries for proper pairs: (19, 348)
[M::mem_pestat] skip orientation RF as there are not enough pairs
[M::mem_pestat] skip orientation RR as there are not enough pairs
[M::mem_process_seqs] Processed 652958 reads in 911.591 CPU sec, 116.724 real sec
[M::process] 0 single-end sequences; 650420 paired-end sequences
[M::process] read 651196 sequences (80000072 bp)...
[M::mem_pestat] # candidate unique pairs for (FF, FR, RF, RR): (0, 245139, 5, 0)
[M::mem_pestat] skip orientation FF as there are not enough pairs
[M::mem_pestat] analyzing insert size distribution for orientation FR...
[M::mem_pestat] (25, 50, 75) percentile: (160, 181, 207)
[M::mem_pestat] low and high boundaries for computing mean and std.dev: (66, 301)
[M::mem_pestat] mean and std.dev: (184.73, 33.42)
[M::mem_pestat] low and high boundaries for proper pairs: (19, 348)
[M::mem_pestat] skip orientation RF as there are not enough pairs
[M::mem_pestat] skip orientation RR as there are not enough pairs
[M::mem_process_seqs] Processed 650420 reads in 867.451 CPU sec, 111.212 real sec
[M::process] 0 single-end sequences; 651196 paired-end sequences
[M::process] read 649194 sequences (80000182 bp)...
[M::mem_pestat] # candidate unique pairs for (FF, FR, RF, RR): (0, 245164, 5, 0)
[M::mem_pestat] skip orientation FF as there are not enough pairs
[M::mem_pestat] analyzing insert size distribution for orientation FR...
[M::mem_pestat] (25, 50, 75) percentile: (160, 181, 207)
[M::mem_pestat] low and high boundaries for computing mean and std.dev: (66, 301)
[M::mem_pestat] mean and std.dev: (184.71, 33.45)
[M::mem_pestat] low and high boundaries for proper pairs: (19, 348)
[M::mem_pestat] skip orientation RF as there are not enough pairs
[M::mem_pestat] skip orientation RR as there are not enough pairs
[M::mem_process_seqs] Processed 651196 reads in 871.799 CPU sec, 112.149 real sec
[M::process] 0 single-end sequences; 649194 paired-end sequences
[M::process] read 647990 sequences (80000036 bp)...
[M::mem_pestat] # candidate unique pairs for (FF, FR, RF, RR): (0, 244912, 4, 0)
[M::mem_pestat] skip orientation FF as there are not enough pairs
[M::mem_pestat] analyzing insert size distribution for orientation FR...
[M::mem_pestat] (25, 50, 75) percentile: (160, 181, 207)
[M::mem_pestat] low and high boundaries for computing mean and std.dev: (66, 301)
[M::mem_pestat] mean and std.dev: (184.62, 33.39)
[M::mem_pestat] low and high boundaries for proper pairs: (19, 348)
[M::mem_pestat] skip orientation RF as there are not enough pairs
[M::mem_pestat] skip orientation RR as there are not enough pairs
[M::mem_process_seqs] Processed 649194 reads in 855.446 CPU sec, 109.705 real sec
[M::process] 0 single-end sequences; 647990 paired-end sequences
[M::process] read 648014 sequences (80000041 bp)...
[M::mem_pestat] # candidate unique pairs for (FF, FR, RF, RR): (0, 244796, 2, 0)
[M::mem_pestat] skip orientation FF as there are not enough pairs
[M::mem_pestat] analyzing insert size distribution for orientation FR...
[M::mem_pestat] (25, 50, 75) percentile: (159, 181, 206)
[M::mem_pestat] low and high boundaries for computing mean and std.dev: (65, 300)
[M::mem_pestat] mean and std.dev: (184.46, 33.39)
[M::mem_pestat] low and high boundaries for proper pairs: (18, 347)
[M::mem_pestat] skip orientation RF as there are not enough pairs
[M::mem_pestat] skip orientation RR as there are not enough pairs
[M::mem_process_seqs] Processed 647990 reads in 834.104 CPU sec, 107.041 real sec
[M::process] 0 single-end sequences; 648014 paired-end sequences
[M::process] read 649104 sequences (80000190 bp)...
[M::mem_pestat] # candidate unique pairs for (FF, FR, RF, RR): (0, 244903, 6, 0)
[M::mem_pestat] skip orientation FF as there are not enough pairs
[M::mem_pestat] analyzing insert size distribution for orientation FR...
[M::mem_pestat] (25, 50, 75) percentile: (159, 181, 206)
[M::mem_pestat] low and high boundaries for computing mean and std.dev: (65, 300)
[M::mem_pestat] mean and std.dev: (184.31, 33.31)
[M::mem_pestat] low and high boundaries for proper pairs: (18, 347)
[M::mem_pestat] skip orientation RF as there are not enough pairs
[M::mem_pestat] skip orientation RR as there are not enough pairs
[M::mem_process_seqs] Processed 648014 reads in 818.636 CPU sec, 105.111 real sec
[M::process] 0 single-end sequences; 649104 paired-end sequences
[M::process] read 650204 sequences (80000226 bp)...
[M::mem_pestat] # candidate unique pairs for (FF, FR, RF, RR): (0, 245359, 7, 0)
[M::mem_pestat] skip orientation FF as there are not enough pairs
[M::mem_pestat] analyzing insert size distribution for orientation FR...
[M::mem_pestat] (25, 50, 75) percentile: (159, 181, 206)
[M::mem_pestat] low and high boundaries for computing mean and std.dev: (65, 300)
[M::mem_pestat] mean and std.dev: (184.35, 33.23)
[M::mem_pestat] low and high boundaries for proper pairs: (18, 347)
[M::mem_pestat] skip orientation RF as there are not enough pairs
[M::mem_pestat] skip orientation RR as there are not enough pairs
[M::mem_process_seqs] Processed 649104 reads in 827.485 CPU sec, 106.198 real sec
[M::process] 0 single-end sequences; 650204 paired-end sequences
[M::process] read 648562 sequences (80000185 bp)...
[M::mem_pestat] # candidate unique pairs for (FF, FR, RF, RR): (0, 243911, 6, 0)
[M::mem_pestat] skip orientation FF as there are not enough pairs
[M::mem_pestat] analyzing insert size distribution for orientation FR...
[M::mem_pestat] (25, 50, 75) percentile: (160, 181, 207)
[M::mem_pestat] low and high boundaries for computing mean and std.dev: (66, 301)
[M::mem_pestat] mean and std.dev: (184.97, 33.43)
[M::mem_pestat] low and high boundaries for proper pairs: (19, 348)
[M::mem_pestat] skip orientation RF as there are not enough pairs
[M::mem_pestat] skip orientation RR as there are not enough pairs
[M::mem_process_seqs] Processed 650204 reads in 858.140 CPU sec, 110.021 real sec
[M::process] 0 single-end sequences; 648562 paired-end sequences
[M::process] read 647966 sequences (80000030 bp)...
[M::mem_pestat] # candidate unique pairs for (FF, FR, RF, RR): (0, 243864, 3, 0)
[M::mem_pestat] skip orientation FF as there are not enough pairs
[M::mem_pestat] analyzing insert size distribution for orientation FR...
[M::mem_pestat] (25, 50, 75) percentile: (160, 181, 207)
[M::mem_pestat] low and high boundaries for computing mean and std.dev: (66, 301)
[M::mem_pestat] mean and std.dev: (184.84, 33.47)
[M::mem_pestat] low and high boundaries for proper pairs: (19, 348)
[M::mem_pestat] skip orientation RF as there are not enough pairs
[M::mem_pestat] skip orientation RR as there are not enough pairs
[M::mem_process_seqs] Processed 648562 reads in 833.160 CPU sec, 106.893 real sec
[M::process] 0 single-end sequences; 647966 paired-end sequences
[M::process] read 647230 sequences (80000192 bp)...
[M::mem_pestat] # candidate unique pairs for (FF, FR, RF, RR): (0, 244131, 3, 0)
[M::mem_pestat] skip orientation FF as there are not enough pairs
[M::mem_pestat] analyzing insert size distribution for orientation FR...
[M::mem_pestat] (25, 50, 75) percentile: (160, 181, 207)
[M::mem_pestat] low and high boundaries for computing mean and std.dev: (66, 301)
[M::mem_pestat] mean and std.dev: (184.80, 33.36)
[M::mem_pestat] low and high boundaries for proper pairs: (19, 348)
[M::mem_pestat] skip orientation RF as there are not enough pairs
[M::mem_pestat] skip orientation RR as there are not enough pairs
[M::mem_process_seqs] Processed 647966 reads in 825.063 CPU sec, 105.872 real sec
[M::process] 0 single-end sequences; 647230 paired-end sequences
[M::process] read 646506 sequences (80000111 bp)...
[M::mem_pestat] # candidate unique pairs for (FF, FR, RF, RR): (0, 244753, 3, 0)
[M::mem_pestat] skip orientation FF as there are not enough pairs
[M::mem_pestat] analyzing insert size distribution for orientation FR...
[M::mem_pestat] (25, 50, 75) percentile: (160, 181, 206)
[M::mem_pestat] low and high boundaries for computing mean and std.dev: (68, 298)
[M::mem_pestat] mean and std.dev: (184.54, 33.37)
[M::mem_pestat] low and high boundaries for proper pairs: (22, 344)
[M::mem_pestat] skip orientation RF as there are not enough pairs
[M::mem_pestat] skip orientation RR as there are not enough pairs
[M::mem_process_seqs] Processed 647230 reads in 803.750 CPU sec, 103.254 real sec
[M::process] 0 single-end sequences; 646506 paired-end sequences
[M::process] read 646044 sequences (80000236 bp)...
[M::mem_pestat] # candidate unique pairs for (FF, FR, RF, RR): (0, 243896, 4, 0)
[M::mem_pestat] skip orientation FF as there are not enough pairs
[M::mem_pestat] analyzing insert size distribution for orientation FR...
[M::mem_pestat] (25, 50, 75) percentile: (159, 181, 207)
[M::mem_pestat] low and high boundaries for computing mean and std.dev: (63, 303)
[M::mem_pestat] mean and std.dev: (184.60, 33.46)
[M::mem_pestat] low and high boundaries for proper pairs: (15, 351)
[M::mem_pestat] skip orientation RF as there are not enough pairs
[M::mem_pestat] skip orientation RR as there are not enough pairs
[M::mem_process_seqs] Processed 646506 reads in 820.830 CPU sec, 105.363 real sec
[M::process] 0 single-end sequences; 646044 paired-end sequences
[M::process] read 646178 sequences (80000218 bp)...
[M::mem_pestat] # candidate unique pairs for (FF, FR, RF, RR): (0, 244297, 2, 0)
[M::mem_pestat] skip orientation FF as there are not enough pairs
[M::mem_pestat] analyzing insert size distribution for orientation FR...
[M::mem_pestat] (25, 50, 75) percentile: (159, 181, 206)
[M::mem_pestat] low and high boundaries for computing mean and std.dev: (65, 300)
[M::mem_pestat] mean and std.dev: (184.37, 33.28)
[M::mem_pestat] low and high boundaries for proper pairs: (18, 347)
[M::mem_pestat] skip orientation RF as there are not enough pairs
[M::mem_pestat] skip orientation RR as there are not enough pairs
[M::mem_process_seqs] Processed 646044 reads in 820.807 CPU sec, 105.379 real sec
[M::process] 0 single-end sequences; 646178 paired-end sequences
[M::process] read 645700 sequences (80000137 bp)...
[M::mem_pestat] # candidate unique pairs for (FF, FR, RF, RR): (0, 244026, 3, 0)
[M::mem_pestat] skip orientation FF as there are not enough pairs
[M::mem_pestat] analyzing insert size distribution for orientation FR...
[M::mem_pestat] (25, 50, 75) percentile: (160, 181, 207)
[M::mem_pestat] low and high boundaries for computing mean and std.dev: (66, 301)
[M::mem_pestat] mean and std.dev: (184.73, 33.39)
[M::mem_pestat] low and high boundaries for proper pairs: (19, 348)
[M::mem_pestat] skip orientation RF as there are not enough pairs
[M::mem_pestat] skip orientation RR as there are not enough pairs
[M::mem_process_seqs] Processed 646178 reads in 819.634 CPU sec, 105.200 real sec
[M::process] 0 single-end sequences; 645700 paired-end sequences
[M::process] read 645470 sequences (80000145 bp)...
[M::mem_pestat] # candidate unique pairs for (FF, FR, RF, RR): (0, 243122, 6, 0)
[M::mem_pestat] skip orientation FF as there are not enough pairs
[M::mem_pestat] analyzing insert size distribution for orientation FR...
[M::mem_pestat] (25, 50, 75) percentile: (160, 181, 207)
[M::mem_pestat] low and high boundaries for computing mean and std.dev: (66, 301)
[M::mem_pestat] mean and std.dev: (184.97, 33.43)
[M::mem_pestat] low and high boundaries for proper pairs: (19, 348)
[M::mem_pestat] skip orientation RF as there are not enough pairs
[M::mem_pestat] skip orientation RR as there are not enough pairs
[M::mem_process_seqs] Processed 645700 reads in 829.841 CPU sec, 106.465 real sec
[M::process] 0 single-end sequences; 645470 paired-end sequences
[M::process] read 645366 sequences (80000062 bp)...
[M::mem_pestat] # candidate unique pairs for (FF, FR, RF, RR): (0, 242694, 1, 0)
[M::mem_pestat] skip orientation FF as there are not enough pairs
[M::mem_pestat] analyzing insert size distribution for orientation FR...
[M::mem_pestat] (25, 50, 75) percentile: (160, 181, 207)
[M::mem_pestat] low and high boundaries for computing mean and std.dev: (66, 301)
[M::mem_pestat] mean and std.dev: (184.95, 33.50)
[M::mem_pestat] low and high boundaries for proper pairs: (19, 348)
[M::mem_pestat] skip orientation RF as there are not enough pairs
[M::mem_pestat] skip orientation RR as there are not enough pairs
[M::mem_process_seqs] Processed 645470 reads in 828.279 CPU sec, 106.293 real sec
[M::process] 0 single-end sequences; 645366 paired-end sequences
[M::process] read 645438 sequences (80000096 bp)...
[M::mem_pestat] # candidate unique pairs for (FF, FR, RF, RR): (0, 242120, 6, 0)
[M::mem_pestat] skip orientation FF as there are not enough pairs
[M::mem_pestat] analyzing insert size distribution for orientation FR...
[M::mem_pestat] (25, 50, 75) percentile: (160, 181, 207)
[M::mem_pestat] low and high boundaries for computing mean and std.dev: (66, 301)
[M::mem_pestat] mean and std.dev: (184.76, 33.38)
[M::mem_pestat] low and high boundaries for proper pairs: (19, 348)
[M::mem_pestat] skip orientation RF as there are not enough pairs
[M::mem_pestat] skip orientation RR as there are not enough pairs
[M::mem_process_seqs] Processed 645366 reads in 841.412 CPU sec, 107.942 real sec
[M::process] 0 single-end sequences; 645438 paired-end sequences
[M::process] read 645438 sequences (80000061 bp)...
[M::mem_pestat] # candidate unique pairs for (FF, FR, RF, RR): (0, 241976, 4, 0)
[M::mem_pestat] skip orientation FF as there are not enough pairs
[M::mem_pestat] analyzing insert size distribution for orientation FR...
[M::mem_pestat] (25, 50, 75) percentile: (160, 181, 207)
[M::mem_pestat] low and high boundaries for computing mean and std.dev: (66, 301)
[M::mem_pestat] mean and std.dev: (184.73, 33.45)
[M::mem_pestat] low and high boundaries for proper pairs: (19, 348)
[M::mem_pestat] skip orientation RF as there are not enough pairs
[M::mem_pestat] skip orientation RR as there are not enough pairs
[M::mem_process_seqs] Processed 645438 reads in 851.793 CPU sec, 109.217 real sec
[M::process] 0 single-end sequences; 645438 paired-end sequences
[M::process] read 645664 sequences (80000238 bp)...
[M::mem_pestat] # candidate unique pairs for (FF, FR, RF, RR): (0, 241008, 6, 0)
[M::mem_pestat] skip orientation FF as there are not enough pairs
[M::mem_pestat] analyzing insert size distribution for orientation FR...
[M::mem_pestat] (25, 50, 75) percentile: (159, 181, 207)
[M::mem_pestat] low and high boundaries for computing mean and std.dev: (63, 303)
[M::mem_pestat] mean and std.dev: (184.56, 33.44)
[M::mem_pestat] low and high boundaries for proper pairs: (15, 351)
[M::mem_pestat] skip orientation RF as there are not enough pairs
[M::mem_pestat] skip orientation RR as there are not enough pairs
[M::mem_process_seqs] Processed 645438 reads in 872.684 CPU sec, 111.847 real sec
[M::process] 0 single-end sequences; 645664 paired-end sequences
[M::process] read 645752 sequences (80000182 bp)...
[M::mem_pestat] # candidate unique pairs for (FF, FR, RF, RR): (0, 240832, 5, 0)
[M::mem_pestat] skip orientation FF as there are not enough pairs
[M::mem_pestat] analyzing insert size distribution for orientation FR...
[M::mem_pestat] (25, 50, 75) percentile: (159, 181, 206)
[M::mem_pestat] low and high boundaries for computing mean and std.dev: (65, 300)
[M::mem_pestat] mean and std.dev: (184.50, 33.42)
[M::mem_pestat] low and high boundaries for proper pairs: (18, 347)
[M::mem_pestat] skip orientation RF as there are not enough pairs
[M::mem_pestat] skip orientation RR as there are not enough pairs
[M::mem_process_seqs] Processed 645664 reads in 872.058 CPU sec, 111.735 real sec
[M::process] 0 single-end sequences; 645752 paired-end sequences
[M::process] read 645776 sequences (80000078 bp)...
[M::mem_pestat] # candidate unique pairs for (FF, FR, RF, RR): (0, 242074, 5, 0)
[M::mem_pestat] skip orientation FF as there are not enough pairs
[M::mem_pestat] analyzing insert size distribution for orientation FR...
[M::mem_pestat] (25, 50, 75) percentile: (160, 181, 207)
[M::mem_pestat] low and high boundaries for computing mean and std.dev: (66, 301)
[M::mem_pestat] mean and std.dev: (184.94, 33.44)
[M::mem_pestat] low and high boundaries for proper pairs: (19, 348)
[M::mem_pestat] skip orientation RF as there are not enough pairs
[M::mem_pestat] skip orientation RR as there are not enough pairs
[M::mem_process_seqs] Processed 645752 reads in 848.505 CPU sec, 108.820 real sec
[M::process] 0 single-end sequences; 645776 paired-end sequences
[M::process] read 645396 sequences (80000150 bp)...
[M::mem_pestat] # candidate unique pairs for (FF, FR, RF, RR): (0, 243273, 8, 0)
[M::mem_pestat] skip orientation FF as there are not enough pairs
[M::mem_pestat] analyzing insert size distribution for orientation FR...
[M::mem_pestat] (25, 50, 75) percentile: (160, 181, 207)
[M::mem_pestat] low and high boundaries for computing mean and std.dev: (66, 301)
[M::mem_pestat] mean and std.dev: (185.10, 33.49)
[M::mem_pestat] low and high boundaries for proper pairs: (19, 348)
[M::mem_pestat] skip orientation RF as there are not enough pairs
[M::mem_pestat] skip orientation RR as there are not enough pairs
[M::mem_process_seqs] Processed 645776 reads in 821.520 CPU sec, 105.445 real sec
[M::process] 0 single-end sequences; 645396 paired-end sequences
[M::process] read 645460 sequences (80000134 bp)...
[M::mem_pestat] # candidate unique pairs for (FF, FR, RF, RR): (0, 243287, 8, 0)
[M::mem_pestat] skip orientation FF as there are not enough pairs
[M::mem_pestat] analyzing insert size distribution for orientation FR...
[M::mem_pestat] (25, 50, 75) percentile: (160, 181, 207)
[M::mem_pestat] low and high boundaries for computing mean and std.dev: (66, 301)
[M::mem_pestat] mean and std.dev: (184.89, 33.43)
[M::mem_pestat] low and high boundaries for proper pairs: (19, 348)
[M::mem_pestat] skip orientation RF as there are not enough pairs
[M::mem_pestat] skip orientation RR as there are not enough pairs
[M::mem_process_seqs] Processed 645396 reads in 824.175 CPU sec, 105.761 real sec
[M::process] 0 single-end sequences; 645460 paired-end sequences
[M::process] read 645434 sequences (80000153 bp)...
[M::mem_pestat] # candidate unique pairs for (FF, FR, RF, RR): (0, 242875, 4, 0)
[M::mem_pestat] skip orientation FF as there are not enough pairs
[M::mem_pestat] analyzing insert size distribution for orientation FR...
[M::mem_pestat] (25, 50, 75) percentile: (160, 181, 207)
[M::mem_pestat] low and high boundaries for computing mean and std.dev: (66, 301)
[M::mem_pestat] mean and std.dev: (184.80, 33.48)
[M::mem_pestat] low and high boundaries for proper pairs: (19, 348)
[M::mem_pestat] skip orientation RF as there are not enough pairs
[M::mem_pestat] skip orientation RR as there are not enough pairs
[M::mem_process_seqs] Processed 645460 reads in 818.659 CPU sec, 105.110 real sec
[M::process] 0 single-end sequences; 645434 paired-end sequences
[M::process] read 645522 sequences (80000132 bp)...
[M::mem_pestat] # candidate unique pairs for (FF, FR, RF, RR): (0, 242270, 4, 0)
[M::mem_pestat] skip orientation FF as there are not enough pairs
[M::mem_pestat] analyzing insert size distribution for orientation FR...
[M::mem_pestat] (25, 50, 75) percentile: (159, 181, 207)
[M::mem_pestat] low and high boundaries for computing mean and std.dev: (63, 303)
[M::mem_pestat] mean and std.dev: (184.66, 33.44)
[M::mem_pestat] low and high boundaries for proper pairs: (15, 351)
[M::mem_pestat] skip orientation RF as there are not enough pairs
[M::mem_pestat] skip orientation RR as there are not enough pairs
[M::mem_process_seqs] Processed 645434 reads in 843.778 CPU sec, 108.347 real sec
[M::process] 0 single-end sequences; 645522 paired-end sequences
[M::process] read 645770 sequences (80000012 bp)...
[M::mem_pestat] # candidate unique pairs for (FF, FR, RF, RR): (0, 242100, 6, 0)
[M::mem_pestat] skip orientation FF as there are not enough pairs
[M::mem_pestat] analyzing insert size distribution for orientation FR...
[M::mem_pestat] (25, 50, 75) percentile: (160, 181, 206)
[M::mem_pestat] low and high boundaries for computing mean and std.dev: (68, 298)
[M::mem_pestat] mean and std.dev: (184.50, 33.37)
[M::mem_pestat] low and high boundaries for proper pairs: (22, 344)
[M::mem_pestat] skip orientation RF as there are not enough pairs
[M::mem_pestat] skip orientation RR as there are not enough pairs
[M::mem_process_seqs] Processed 645522 reads in 851.596 CPU sec, 109.192 real sec
[M::process] 0 single-end sequences; 645770 paired-end sequences
[M::process] read 645604 sequences (80000191 bp)...
[M::mem_pestat] # candidate unique pairs for (FF, FR, RF, RR): (0, 241856, 9, 0)
[M::mem_pestat] skip orientation FF as there are not enough pairs
[M::mem_pestat] analyzing insert size distribution for orientation FR...
[M::mem_pestat] (25, 50, 75) percentile: (159, 181, 207)
[M::mem_pestat] low and high boundaries for computing mean and std.dev: (63, 303)
[M::mem_pestat] mean and std.dev: (184.52, 33.49)
[M::mem_pestat] low and high boundaries for proper pairs: (15, 351)
[M::mem_pestat] skip orientation RF as there are not enough pairs
[M::mem_pestat] skip orientation RR as there are not enough pairs
[M::mem_process_seqs] Processed 645770 reads in 853.523 CPU sec, 109.457 real sec
[M::process] 0 single-end sequences; 645604 paired-end sequences
[M::process] read 645462 sequences (80000125 bp)...
[M::mem_pestat] # candidate unique pairs for (FF, FR, RF, RR): (0, 242125, 4, 0)
[M::mem_pestat] skip orientation FF as there are not enough pairs
[M::mem_pestat] analyzing insert size distribution for orientation FR...
[M::mem_pestat] (25, 50, 75) percentile: (160, 181, 207)
[M::mem_pestat] low and high boundaries for computing mean and std.dev: (66, 301)
[M::mem_pestat] mean and std.dev: (185.08, 33.53)
[M::mem_pestat] low and high boundaries for proper pairs: (19, 348)
[M::mem_pestat] skip orientation RF as there are not enough pairs
[M::mem_pestat] skip orientation RR as there are not enough pairs
[M::mem_process_seqs] Processed 645604 reads in 843.180 CPU sec, 108.127 real sec
[M::process] 0 single-end sequences; 645462 paired-end sequences
[M::process] read 645360 sequences (80000226 bp)...
[M::mem_pestat] # candidate unique pairs for (FF, FR, RF, RR): (0, 242554, 5, 0)
[M::mem_pestat] skip orientation FF as there are not enough pairs
[M::mem_pestat] analyzing insert size distribution for orientation FR...
[M::mem_pestat] (25, 50, 75) percentile: (160, 181, 207)
[M::mem_pestat] low and high boundaries for computing mean and std.dev: (66, 301)
[M::mem_pestat] mean and std.dev: (185.08, 33.54)
[M::mem_pestat] low and high boundaries for proper pairs: (19, 348)
[M::mem_pestat] skip orientation RF as there are not enough pairs
[M::mem_pestat] skip orientation RR as there are not enough pairs
[M::mem_process_seqs] Processed 645462 reads in 837.478 CPU sec, 107.414 real sec
[M::process] 0 single-end sequences; 645360 paired-end sequences
[M::process] read 645388 sequences (80000006 bp)...
[M::mem_pestat] # candidate unique pairs for (FF, FR, RF, RR): (0, 242425, 3, 0)
[M::mem_pestat] skip orientation FF as there are not enough pairs
[M::mem_pestat] analyzing insert size distribution for orientation FR...
[M::mem_pestat] (25, 50, 75) percentile: (160, 181, 207)
[M::mem_pestat] low and high boundaries for computing mean and std.dev: (66, 301)
[M::mem_pestat] mean and std.dev: (185.02, 33.50)
[M::mem_pestat] low and high boundaries for proper pairs: (19, 348)
[M::mem_pestat] skip orientation RF as there are not enough pairs
[M::mem_pestat] skip orientation RR as there are not enough pairs
[M::mem_process_seqs] Processed 645360 reads in 836.394 CPU sec, 107.310 real sec
[M::process] 0 single-end sequences; 645388 paired-end sequences
[M::process] read 645478 sequences (80000106 bp)...
[M::mem_pestat] # candidate unique pairs for (FF, FR, RF, RR): (0, 242149, 3, 0)
[M::mem_pestat] skip orientation FF as there are not enough pairs
[M::mem_pestat] analyzing insert size distribution for orientation FR...
[M::mem_pestat] (25, 50, 75) percentile: (160, 181, 207)
[M::mem_pestat] low and high boundaries for computing mean and std.dev: (66, 301)
[M::mem_pestat] mean and std.dev: (184.82, 33.46)
[M::mem_pestat] low and high boundaries for proper pairs: (19, 348)
[M::mem_pestat] skip orientation RF as there are not enough pairs
[M::mem_pestat] skip orientation RR as there are not enough pairs
[M::mem_process_seqs] Processed 645388 reads in 844.692 CPU sec, 108.321 real sec
[M::process] 0 single-end sequences; 645478 paired-end sequences
[M::process] read 645628 sequences (80000059 bp)...
[M::mem_pestat] # candidate unique pairs for (FF, FR, RF, RR): (0, 241456, 4, 0)
[M::mem_pestat] skip orientation FF as there are not enough pairs
[M::mem_pestat] analyzing insert size distribution for orientation FR...
[M::mem_pestat] (25, 50, 75) percentile: (160, 181, 207)
[M::mem_pestat] low and high boundaries for computing mean and std.dev: (66, 301)
[M::mem_pestat] mean and std.dev: (184.76, 33.43)
[M::mem_pestat] low and high boundaries for proper pairs: (19, 348)
[M::mem_pestat] skip orientation RF as there are not enough pairs
[M::mem_pestat] skip orientation RR as there are not enough pairs
[M::mem_process_seqs] Processed 645478 reads in 863.060 CPU sec, 110.628 real sec
[M::process] 0 single-end sequences; 645628 paired-end sequences
[M::process] read 645668 sequences (80000103 bp)...
[M::mem_pestat] # candidate unique pairs for (FF, FR, RF, RR): (0, 240872, 6, 0)
[M::mem_pestat] skip orientation FF as there are not enough pairs
[M::mem_pestat] analyzing insert size distribution for orientation FR...
[M::mem_pestat] (25, 50, 75) percentile: (160, 181, 207)
[M::mem_pestat] low and high boundaries for computing mean and std.dev: (66, 301)
[M::mem_pestat] mean and std.dev: (184.74, 33.42)
[M::mem_pestat] low and high boundaries for proper pairs: (19, 348)
[M::mem_pestat] skip orientation RF as there are not enough pairs
[M::mem_pestat] skip orientation RR as there are not enough pairs
[M::mem_process_seqs] Processed 645628 reads in 875.120 CPU sec, 112.153 real sec
[M::process] 0 single-end sequences; 645668 paired-end sequences
[M::process] read 646226 sequences (80000072 bp)...
[M::mem_pestat] # candidate unique pairs for (FF, FR, RF, RR): (0, 241312, 3, 0)
[M::mem_pestat] skip orientation FF as there are not enough pairs
[M::mem_pestat] analyzing insert size distribution for orientation FR...
[M::mem_pestat] (25, 50, 75) percentile: (160, 181, 207)
[M::mem_pestat] low and high boundaries for computing mean and std.dev: (66, 301)
[M::mem_pestat] mean and std.dev: (184.69, 33.42)
[M::mem_pestat] low and high boundaries for proper pairs: (19, 348)
[M::mem_pestat] skip orientation RF as there are not enough pairs
[M::mem_pestat] skip orientation RR as there are not enough pairs
[M::mem_process_seqs] Processed 645668 reads in 865.491 CPU sec, 110.927 real sec
[M::process] 0 single-end sequences; 646226 paired-end sequences
[M::process] read 645842 sequences (80000139 bp)...
[M::mem_pestat] # candidate unique pairs for (FF, FR, RF, RR): (0, 242752, 5, 0)
[M::mem_pestat] skip orientation FF as there are not enough pairs
[M::mem_pestat] analyzing insert size distribution for orientation FR...
[M::mem_pestat] (25, 50, 75) percentile: (160, 181, 207)
[M::mem_pestat] low and high boundaries for computing mean and std.dev: (66, 301)
[M::mem_pestat] mean and std.dev: (185.10, 33.47)
[M::mem_pestat] low and high boundaries for proper pairs: (19, 348)
[M::mem_pestat] skip orientation RF as there are not enough pairs
[M::mem_pestat] skip orientation RR as there are not enough pairs
[M::mem_process_seqs] Processed 646226 reads in 846.483 CPU sec, 108.568 real sec
[M::process] 0 single-end sequences; 645842 paired-end sequences
[M::process] read 645658 sequences (80000079 bp)...
[M::mem_pestat] # candidate unique pairs for (FF, FR, RF, RR): (0, 241828, 5, 0)
[M::mem_pestat] skip orientation FF as there are not enough pairs
[M::mem_pestat] analyzing insert size distribution for orientation FR...
[M::mem_pestat] (25, 50, 75) percentile: (160, 181, 207)
[M::mem_pestat] low and high boundaries for computing mean and std.dev: (66, 301)
[M::mem_pestat] mean and std.dev: (184.88, 33.42)
[M::mem_pestat] low and high boundaries for proper pairs: (19, 348)
[M::mem_pestat] skip orientation RF as there are not enough pairs
[M::mem_pestat] skip orientation RR as there are not enough pairs
[M::mem_process_seqs] Processed 645842 reads in 863.235 CPU sec, 110.641 real sec
[M::process] 0 single-end sequences; 645658 paired-end sequences
[M::process] read 645614 sequences (80000122 bp)...
[M::mem_pestat] # candidate unique pairs for (FF, FR, RF, RR): (0, 241527, 6, 0)
[M::mem_pestat] skip orientation FF as there are not enough pairs
[M::mem_pestat] analyzing insert size distribution for orientation FR...
[M::mem_pestat] (25, 50, 75) percentile: (160, 181, 207)
[M::mem_pestat] low and high boundaries for computing mean and std.dev: (66, 301)
[M::mem_pestat] mean and std.dev: (184.81, 33.38)
[M::mem_pestat] low and high boundaries for proper pairs: (19, 348)
[M::mem_pestat] skip orientation RF as there are not enough pairs
[M::mem_pestat] skip orientation RR as there are not enough pairs
[M::mem_process_seqs] Processed 645658 reads in 861.617 CPU sec, 110.457 real sec
[M::process] 0 single-end sequences; 645614 paired-end sequences
[M::process] read 645576 sequences (80000037 bp)...
[M::mem_pestat] # candidate unique pairs for (FF, FR, RF, RR): (0, 241262, 9, 0)
[M::mem_pestat] skip orientation FF as there are not enough pairs
[M::mem_pestat] analyzing insert size distribution for orientation FR...
[M::mem_pestat] (25, 50, 75) percentile: (160, 181, 207)
[M::mem_pestat] low and high boundaries for computing mean and std.dev: (66, 301)
[M::mem_pestat] mean and std.dev: (184.67, 33.39)
[M::mem_pestat] low and high boundaries for proper pairs: (19, 348)
[M::mem_pestat] skip orientation RF as there are not enough pairs
[M::mem_pestat] skip orientation RR as there are not enough pairs
[M::mem_process_seqs] Processed 645614 reads in 866.948 CPU sec, 111.146 real sec
[M::process] 0 single-end sequences; 645576 paired-end sequences
[M::process] read 646296 sequences (80000007 bp)...
[M::mem_pestat] # candidate unique pairs for (FF, FR, RF, RR): (0, 240721, 8, 0)
[M::mem_pestat] skip orientation FF as there are not enough pairs
[M::mem_pestat] analyzing insert size distribution for orientation FR...
[M::mem_pestat] (25, 50, 75) percentile: (159, 181, 207)
[M::mem_pestat] low and high boundaries for computing mean and std.dev: (63, 303)
[M::mem_pestat] mean and std.dev: (184.57, 33.43)
[M::mem_pestat] low and high boundaries for proper pairs: (15, 351)
[M::mem_pestat] skip orientation RF as there are not enough pairs
[M::mem_pestat] skip orientation RR as there are not enough pairs
[M::mem_process_seqs] Processed 645576 reads in 899.721 CPU sec, 115.247 real sec
[M::process] 0 single-end sequences; 646296 paired-end sequences
[M::process] read 646276 sequences (80000021 bp)...
[M::mem_pestat] # candidate unique pairs for (FF, FR, RF, RR): (0, 239730, 1, 0)
[M::mem_pestat] skip orientation FF as there are not enough pairs
[M::mem_pestat] analyzing insert size distribution for orientation FR...
[M::mem_pestat] (25, 50, 75) percentile: (159, 181, 207)
[M::mem_pestat] low and high boundaries for computing mean and std.dev: (63, 303)
[M::mem_pestat] mean and std.dev: (184.51, 33.45)
[M::mem_pestat] low and high boundaries for proper pairs: (15, 351)
[M::mem_pestat] skip orientation RF as there are not enough pairs
[M::mem_pestat] skip orientation RR as there are not enough pairs
[M::mem_process_seqs] Processed 646296 reads in 889.965 CPU sec, 113.991 real sec
[M::process] 0 single-end sequences; 646276 paired-end sequences
[M::process] read 646232 sequences (80000029 bp)...
[M::mem_pestat] # candidate unique pairs for (FF, FR, RF, RR): (0, 240698, 6, 0)
[M::mem_pestat] skip orientation FF as there are not enough pairs
[M::mem_pestat] analyzing insert size distribution for orientation FR...
[M::mem_pestat] (25, 50, 75) percentile: (160, 181, 207)
[M::mem_pestat] low and high boundaries for computing mean and std.dev: (66, 301)
[M::mem_pestat] mean and std.dev: (184.71, 33.44)
[M::mem_pestat] low and high boundaries for proper pairs: (19, 348)
[M::mem_pestat] skip orientation RF as there are not enough pairs
[M::mem_pestat] skip orientation RR as there are not enough pairs
[M::mem_process_seqs] Processed 646276 reads in 883.739 CPU sec, 113.232 real sec
[M::process] 0 single-end sequences; 646232 paired-end sequences
[M::process] read 645568 sequences (80000050 bp)...
[M::mem_pestat] # candidate unique pairs for (FF, FR, RF, RR): (0, 242960, 5, 0)
[M::mem_pestat] skip orientation FF as there are not enough pairs
[M::mem_pestat] analyzing insert size distribution for orientation FR...
[M::mem_pestat] (25, 50, 75) percentile: (160, 181, 207)
[M::mem_pestat] low and high boundaries for computing mean and std.dev: (66, 301)
[M::mem_pestat] mean and std.dev: (185.08, 33.49)
[M::mem_pestat] low and high boundaries for proper pairs: (19, 348)
[M::mem_pestat] skip orientation RF as there are not enough pairs
[M::mem_pestat] skip orientation RR as there are not enough pairs
[M::mem_process_seqs] Processed 646232 reads in 853.543 CPU sec, 109.440 real sec
[M::process] 0 single-end sequences; 645568 paired-end sequences
[M::process] read 645408 sequences (80000177 bp)...
[M::mem_pestat] # candidate unique pairs for (FF, FR, RF, RR): (0, 242635, 4, 0)
[M::mem_pestat] skip orientation FF as there are not enough pairs
[M::mem_pestat] analyzing insert size distribution for orientation FR...
[M::mem_pestat] (25, 50, 75) percentile: (160, 181, 207)
[M::mem_pestat] low and high boundaries for computing mean and std.dev: (66, 301)
[M::mem_pestat] mean and std.dev: (184.87, 33.53)
[M::mem_pestat] low and high boundaries for proper pairs: (19, 348)
[M::mem_pestat] skip orientation RF as there are not enough pairs
[M::mem_pestat] skip orientation RR as there are not enough pairs
[M::mem_process_seqs] Processed 645568 reads in 840.613 CPU sec, 107.817 real sec
[M::process] 0 single-end sequences; 645408 paired-end sequences
[M::process] read 645620 sequences (80000114 bp)...
[M::mem_pestat] # candidate unique pairs for (FF, FR, RF, RR): (0, 242212, 8, 0)
[M::mem_pestat] skip orientation FF as there are not enough pairs
[M::mem_pestat] analyzing insert size distribution for orientation FR...
[M::mem_pestat] (25, 50, 75) percentile: (160, 181, 207)
[M::mem_pestat] low and high boundaries for computing mean and std.dev: (66, 301)
[M::mem_pestat] mean and std.dev: (184.74, 33.40)
[M::mem_pestat] low and high boundaries for proper pairs: (19, 348)
[M::mem_pestat] skip orientation RF as there are not enough pairs
[M::mem_pestat] skip orientation RR as there are not enough pairs
[M::mem_process_seqs] Processed 645408 reads in 846.517 CPU sec, 108.572 real sec
[M::process] 0 single-end sequences; 645620 paired-end sequences
[M::process] read 646118 sequences (80000112 bp)...
[M::mem_pestat] # candidate unique pairs for (FF, FR, RF, RR): (0, 241804, 4, 0)
[M::mem_pestat] skip orientation FF as there are not enough pairs
[M::mem_pestat] analyzing insert size distribution for orientation FR...
[M::mem_pestat] (25, 50, 75) percentile: (160, 181, 207)
[M::mem_pestat] low and high boundaries for computing mean and std.dev: (66, 301)
[M::mem_pestat] mean and std.dev: (184.71, 33.40)
[M::mem_pestat] low and high boundaries for proper pairs: (19, 348)
[M::mem_pestat] skip orientation RF as there are not enough pairs
[M::mem_pestat] skip orientation RR as there are not enough pairs
[M::mem_process_seqs] Processed 645620 reads in 859.070 CPU sec, 110.126 real sec
[M::process] 0 single-end sequences; 646118 paired-end sequences
[M::process] read 646886 sequences (80000019 bp)...
[M::mem_pestat] # candidate unique pairs for (FF, FR, RF, RR): (0, 241106, 3, 0)
[M::mem_pestat] skip orientation FF as there are not enough pairs
[M::mem_pestat] analyzing insert size distribution for orientation FR...
[M::mem_pestat] (25, 50, 75) percentile: (159, 181, 207)
[M::mem_pestat] low and high boundaries for computing mean and std.dev: (63, 303)
[M::mem_pestat] mean and std.dev: (184.46, 33.45)
[M::mem_pestat] low and high boundaries for proper pairs: (15, 351)
[M::mem_pestat] skip orientation RF as there are not enough pairs
[M::mem_pestat] skip orientation RR as there are not enough pairs
[M::mem_process_seqs] Processed 646118 reads in 909.491 CPU sec, 116.437 real sec
[M::process] 0 single-end sequences; 646886 paired-end sequences
[M::process] read 645814 sequences (80000019 bp)...
[M::mem_pestat] # candidate unique pairs for (FF, FR, RF, RR): (0, 241937, 9, 0)
[M::mem_pestat] skip orientation FF as there are not enough pairs
[M::mem_pestat] analyzing insert size distribution for orientation FR...
[M::mem_pestat] (25, 50, 75) percentile: (159, 181, 206)
[M::mem_pestat] low and high boundaries for computing mean and std.dev: (65, 300)
[M::mem_pestat] mean and std.dev: (184.45, 33.38)
[M::mem_pestat] low and high boundaries for proper pairs: (18, 347)
[M::mem_pestat] skip orientation RF as there are not enough pairs
[M::mem_pestat] skip orientation RR as there are not enough pairs
[M::mem_process_seqs] Processed 646886 reads in 855.437 CPU sec, 109.671 real sec
[M::process] 0 single-end sequences; 645814 paired-end sequences
[M::process] read 645626 sequences (80000223 bp)...
[M::mem_pestat] # candidate unique pairs for (FF, FR, RF, RR): (0, 242087, 5, 0)
[M::mem_pestat] skip orientation FF as there are not enough pairs
[M::mem_pestat] analyzing insert size distribution for orientation FR...
[M::mem_pestat] (25, 50, 75) percentile: (160, 181, 207)
[M::mem_pestat] low and high boundaries for computing mean and std.dev: (66, 301)
[M::mem_pestat] mean and std.dev: (185.00, 33.48)
[M::mem_pestat] low and high boundaries for proper pairs: (19, 348)
[M::mem_pestat] skip orientation RF as there are not enough pairs
[M::mem_pestat] skip orientation RR as there are not enough pairs
[M::mem_process_seqs] Processed 645814 reads in 926.190 CPU sec, 118.526 real sec
[M::process] 0 single-end sequences; 645626 paired-end sequences
[M::process] read 645462 sequences (80000075 bp)...
[M::mem_pestat] # candidate unique pairs for (FF, FR, RF, RR): (0, 242149, 8, 0)
[M::mem_pestat] skip orientation FF as there are not enough pairs
[M::mem_pestat] analyzing insert size distribution for orientation FR...
[M::mem_pestat] (25, 50, 75) percentile: (160, 181, 207)
[M::mem_pestat] low and high boundaries for computing mean and std.dev: (66, 301)
[M::mem_pestat] mean and std.dev: (184.95, 33.41)
[M::mem_pestat] low and high boundaries for proper pairs: (19, 348)
[M::mem_pestat] skip orientation RF as there are not enough pairs
[M::mem_pestat] skip orientation RR as there are not enough pairs
[M::mem_process_seqs] Processed 645626 reads in 859.339 CPU sec, 110.171 real sec
[M::process] 0 single-end sequences; 645462 paired-end sequences
[M::process] read 645542 sequences (80000031 bp)...
[M::mem_pestat] # candidate unique pairs for (FF, FR, RF, RR): (0, 241881, 3, 0)
[M::mem_pestat] skip orientation FF as there are not enough pairs
[M::mem_pestat] analyzing insert size distribution for orientation FR...
[M::mem_pestat] (25, 50, 75) percentile: (160, 181, 207)
[M::mem_pestat] low and high boundaries for computing mean and std.dev: (66, 301)
[M::mem_pestat] mean and std.dev: (184.82, 33.40)
[M::mem_pestat] low and high boundaries for proper pairs: (19, 348)
[M::mem_pestat] skip orientation RF as there are not enough pairs
[M::mem_pestat] skip orientation RR as there are not enough pairs
[M::mem_process_seqs] Processed 645462 reads in 857.210 CPU sec, 109.890 real sec
[M::process] 0 single-end sequences; 645542 paired-end sequences
[M::process] read 645582 sequences (80000152 bp)...
[M::mem_pestat] # candidate unique pairs for (FF, FR, RF, RR): (0, 241326, 4, 0)
[M::mem_pestat] skip orientation FF as there are not enough pairs
[M::mem_pestat] analyzing insert size distribution for orientation FR...
[M::mem_pestat] (25, 50, 75) percentile: (160, 181, 207)
[M::mem_pestat] low and high boundaries for computing mean and std.dev: (66, 301)
[M::mem_pestat] mean and std.dev: (184.71, 33.44)
[M::mem_pestat] low and high boundaries for proper pairs: (19, 348)
[M::mem_pestat] skip orientation RF as there are not enough pairs
[M::mem_pestat] skip orientation RR as there are not enough pairs
[M::mem_process_seqs] Processed 645542 reads in 863.320 CPU sec, 110.652 real sec
[M::process] 0 single-end sequences; 645582 paired-end sequences
[M::process] read 645932 sequences (80000166 bp)...
[M::mem_pestat] # candidate unique pairs for (FF, FR, RF, RR): (0, 240704, 6, 0)
[M::mem_pestat] skip orientation FF as there are not enough pairs
[M::mem_pestat] analyzing insert size distribution for orientation FR...
[M::mem_pestat] (25, 50, 75) percentile: (160, 181, 207)
[M::mem_pestat] low and high boundaries for computing mean and std.dev: (66, 301)
[M::mem_pestat] mean and std.dev: (184.70, 33.37)
[M::mem_pestat] low and high boundaries for proper pairs: (19, 348)
[M::mem_pestat] skip orientation RF as there are not enough pairs
[M::mem_pestat] skip orientation RR as there are not enough pairs
[M::mem_process_seqs] Processed 645582 reads in 876.959 CPU sec, 112.362 real sec
[M::process] 0 single-end sequences; 645932 paired-end sequences
[M::process] read 646042 sequences (80000020 bp)...
[M::mem_pestat] # candidate unique pairs for (FF, FR, RF, RR): (0, 240148, 4, 0)
[M::mem_pestat] skip orientation FF as there are not enough pairs
[M::mem_pestat] analyzing insert size distribution for orientation FR...
[M::mem_pestat] (25, 50, 75) percentile: (159, 181, 207)
[M::mem_pestat] low and high boundaries for computing mean and std.dev: (63, 303)
[M::mem_pestat] mean and std.dev: (184.49, 33.42)
[M::mem_pestat] low and high boundaries for proper pairs: (15, 351)
[M::mem_pestat] skip orientation RF as there are not enough pairs
[M::mem_pestat] skip orientation RR as there are not enough pairs
[M::mem_process_seqs] Processed 645932 reads in 892.625 CPU sec, 114.330 real sec
[M::process] 0 single-end sequences; 646042 paired-end sequences
[M::process] read 645562 sequences (80000220 bp)...
[M::mem_pestat] # candidate unique pairs for (FF, FR, RF, RR): (0, 240978, 6, 0)
[M::mem_pestat] skip orientation FF as there are not enough pairs
[M::mem_pestat] analyzing insert size distribution for orientation FR...
[M::mem_pestat] (25, 50, 75) percentile: (159, 181, 207)
[M::mem_pestat] low and high boundaries for computing mean and std.dev: (63, 303)
[M::mem_pestat] mean and std.dev: (184.63, 33.45)
[M::mem_pestat] low and high boundaries for proper pairs: (15, 351)
[M::mem_pestat] skip orientation RF as there are not enough pairs
[M::mem_pestat] skip orientation RR as there are not enough pairs
[M::mem_process_seqs] Processed 646042 reads in 858.676 CPU sec, 110.092 real sec
[M::process] 0 single-end sequences; 645562 paired-end sequences
[M::process] read 645464 sequences (80000137 bp)...
[M::mem_pestat] # candidate unique pairs for (FF, FR, RF, RR): (0, 242947, 2, 0)
[M::mem_pestat] skip orientation FF as there are not enough pairs
[M::mem_pestat] analyzing insert size distribution for orientation FR...
[M::mem_pestat] (25, 50, 75) percentile: (160, 181, 207)
[M::mem_pestat] low and high boundaries for computing mean and std.dev: (66, 301)
[M::mem_pestat] mean and std.dev: (184.96, 33.50)
[M::mem_pestat] low and high boundaries for proper pairs: (19, 348)
[M::mem_pestat] skip orientation RF as there are not enough pairs
[M::mem_pestat] skip orientation RR as there are not enough pairs
[M::mem_process_seqs] Processed 645562 reads in 831.876 CPU sec, 106.718 real sec
[M::process] 0 single-end sequences; 645464 paired-end sequences
[M::process] read 645438 sequences (80000168 bp)...
[M::mem_pestat] # candidate unique pairs for (FF, FR, RF, RR): (0, 242815, 6, 0)
[M::mem_pestat] skip orientation FF as there are not enough pairs
[M::mem_pestat] analyzing insert size distribution for orientation FR...
[M::mem_pestat] (25, 50, 75) percentile: (160, 181, 207)
[M::mem_pestat] low and high boundaries for computing mean and std.dev: (66, 301)
[M::mem_pestat] mean and std.dev: (185.08, 33.45)
[M::mem_pestat] low and high boundaries for proper pairs: (19, 348)
[M::mem_pestat] skip orientation RF as there are not enough pairs
[M::mem_pestat] skip orientation RR as there are not enough pairs
[M::mem_process_seqs] Processed 645464 reads in 830.470 CPU sec, 106.559 real sec
[M::process] 0 single-end sequences; 645438 paired-end sequences
[M::process] read 645422 sequences (80000159 bp)...
[M::mem_pestat] # candidate unique pairs for (FF, FR, RF, RR): (0, 242290, 4, 0)
[M::mem_pestat] skip orientation FF as there are not enough pairs
[M::mem_pestat] analyzing insert size distribution for orientation FR...
[M::mem_pestat] (25, 50, 75) percentile: (160, 181, 207)
[M::mem_pestat] low and high boundaries for computing mean and std.dev: (66, 301)
[M::mem_pestat] mean and std.dev: (184.81, 33.51)
[M::mem_pestat] low and high boundaries for proper pairs: (19, 348)
[M::mem_pestat] skip orientation RF as there are not enough pairs
[M::mem_pestat] skip orientation RR as there are not enough pairs
[M::mem_process_seqs] Processed 645438 reads in 839.923 CPU sec, 107.726 real sec
[M::process] 0 single-end sequences; 645422 paired-end sequences
[M::process] read 645500 sequences (80000114 bp)...
[M::mem_pestat] # candidate unique pairs for (FF, FR, RF, RR): (0, 242098, 6, 0)
[M::mem_pestat] skip orientation FF as there are not enough pairs
[M::mem_pestat] analyzing insert size distribution for orientation FR...
[M::mem_pestat] (25, 50, 75) percentile: (160, 181, 207)
[M::mem_pestat] low and high boundaries for computing mean and std.dev: (66, 301)
[M::mem_pestat] mean and std.dev: (184.64, 33.39)
[M::mem_pestat] low and high boundaries for proper pairs: (19, 348)
[M::mem_pestat] skip orientation RF as there are not enough pairs
[M::mem_pestat] skip orientation RR as there are not enough pairs
[M::mem_process_seqs] Processed 645422 reads in 851.963 CPU sec, 109.235 real sec
[M::process] 0 single-end sequences; 645500 paired-end sequences
[M::process] read 645672 sequences (80000060 bp)...
[M::mem_pestat] # candidate unique pairs for (FF, FR, RF, RR): (0, 240449, 7, 0)
[M::mem_pestat] skip orientation FF as there are not enough pairs
[M::mem_pestat] analyzing insert size distribution for orientation FR...
[M::mem_pestat] (25, 50, 75) percentile: (160, 181, 207)
[M::mem_pestat] low and high boundaries for computing mean and std.dev: (66, 301)
[M::mem_pestat] mean and std.dev: (184.64, 33.37)
[M::mem_pestat] low and high boundaries for proper pairs: (19, 348)
[M::mem_pestat] skip orientation RF as there are not enough pairs
[M::mem_pestat] skip orientation RR as there are not enough pairs
[M::mem_process_seqs] Processed 645500 reads in 869.342 CPU sec, 111.412 real sec
[M::process] 0 single-end sequences; 645672 paired-end sequences
[M::process] read 645894 sequences (80000235 bp)...
[M::mem_pestat] # candidate unique pairs for (FF, FR, RF, RR): (0, 240625, 8, 0)
[M::mem_pestat] skip orientation FF as there are not enough pairs
[M::mem_pestat] analyzing insert size distribution for orientation FR...
[M::mem_pestat] (25, 50, 75) percentile: (159, 181, 206)
[M::mem_pestat] low and high boundaries for computing mean and std.dev: (65, 300)
[M::mem_pestat] mean and std.dev: (184.39, 33.34)
[M::mem_pestat] low and high boundaries for proper pairs: (18, 347)
[M::mem_pestat] skip orientation RF as there are not enough pairs
[M::mem_pestat] skip orientation RR as there are not enough pairs
[M::mem_process_seqs] Processed 645672 reads in 872.995 CPU sec, 111.887 real sec
[M::process] 0 single-end sequences; 645894 paired-end sequences
[M::process] read 645526 sequences (80000061 bp)...
[M::mem_pestat] # candidate unique pairs for (FF, FR, RF, RR): (0, 241541, 6, 0)
[M::mem_pestat] skip orientation FF as there are not enough pairs
[M::mem_pestat] analyzing insert size distribution for orientation FR...
[M::mem_pestat] (25, 50, 75) percentile: (160, 181, 207)
[M::mem_pestat] low and high boundaries for computing mean and std.dev: (66, 301)
[M::mem_pestat] mean and std.dev: (184.84, 33.39)
[M::mem_pestat] low and high boundaries for proper pairs: (19, 348)
[M::mem_pestat] skip orientation RF as there are not enough pairs
[M::mem_pestat] skip orientation RR as there are not enough pairs
[M::mem_process_seqs] Processed 645894 reads in 843.909 CPU sec, 108.238 real sec
[M::process] 0 single-end sequences; 645526 paired-end sequences
[M::process] read 645574 sequences (80000114 bp)...
[M::mem_pestat] # candidate unique pairs for (FF, FR, RF, RR): (0, 242953, 9, 0)
[M::mem_pestat] skip orientation FF as there are not enough pairs
[M::mem_pestat] analyzing insert size distribution for orientation FR...
[M::mem_pestat] (25, 50, 75) percentile: (160, 181, 207)
[M::mem_pestat] low and high boundaries for computing mean and std.dev: (66, 301)
[M::mem_pestat] mean and std.dev: (185.09, 33.60)
[M::mem_pestat] low and high boundaries for proper pairs: (19, 348)
[M::mem_pestat] skip orientation RF as there are not enough pairs
[M::mem_pestat] skip orientation RR as there are not enough pairs
[M::mem_process_seqs] Processed 645526 reads in 827.990 CPU sec, 106.246 real sec
[M::process] 0 single-end sequences; 645574 paired-end sequences
[M::process] read 645334 sequences (80000065 bp)...
[M::mem_pestat] # candidate unique pairs for (FF, FR, RF, RR): (0, 243432, 5, 0)
[M::mem_pestat] skip orientation FF as there are not enough pairs
[M::mem_pestat] analyzing insert size distribution for orientation FR...
[M::mem_pestat] (25, 50, 75) percentile: (160, 181, 207)
[M::mem_pestat] low and high boundaries for computing mean and std.dev: (66, 301)
[M::mem_pestat] mean and std.dev: (185.01, 33.47)
[M::mem_pestat] low and high boundaries for proper pairs: (19, 348)
[M::mem_pestat] skip orientation RF as there are not enough pairs
[M::mem_pestat] skip orientation RR as there are not enough pairs
[M::mem_process_seqs] Processed 645574 reads in 811.047 CPU sec, 104.136 real sec
[M::process] 0 single-end sequences; 645334 paired-end sequences
[M::process] read 645344 sequences (80000201 bp)...
[M::mem_pestat] # candidate unique pairs for (FF, FR, RF, RR): (0, 242631, 4, 0)
[M::mem_pestat] skip orientation FF as there are not enough pairs
[M::mem_pestat] analyzing insert size distribution for orientation FR...
[M::mem_pestat] (25, 50, 75) percentile: (160, 181, 207)
[M::mem_pestat] low and high boundaries for computing mean and std.dev: (66, 301)
[M::mem_pestat] mean and std.dev: (184.89, 33.46)
[M::mem_pestat] low and high boundaries for proper pairs: (19, 348)
[M::mem_pestat] skip orientation RF as there are not enough pairs
[M::mem_pestat] skip orientation RR as there are not enough pairs
[M::mem_process_seqs] Processed 645334 reads in 832.137 CPU sec, 106.754 real sec
[M::process] 0 single-end sequences; 645344 paired-end sequences
[M::process] read 645430 sequences (80000215 bp)...
[M::mem_pestat] # candidate unique pairs for (FF, FR, RF, RR): (0, 242907, 3, 0)
[M::mem_pestat] skip orientation FF as there are not enough pairs
[M::mem_pestat] analyzing insert size distribution for orientation FR...
[M::mem_pestat] (25, 50, 75) percentile: (160, 181, 207)
[M::mem_pestat] low and high boundaries for computing mean and std.dev: (66, 301)
[M::mem_pestat] mean and std.dev: (184.73, 33.41)
[M::mem_pestat] low and high boundaries for proper pairs: (19, 348)
[M::mem_pestat] skip orientation RF as there are not enough pairs
[M::mem_pestat] skip orientation RR as there are not enough pairs
[M::mem_process_seqs] Processed 645344 reads in 834.925 CPU sec, 107.132 real sec
[M::process] 0 single-end sequences; 645430 paired-end sequences
[M::process] read 645778 sequences (80000078 bp)...
[M::mem_pestat] # candidate unique pairs for (FF, FR, RF, RR): (0, 242248, 4, 0)
[M::mem_pestat] skip orientation FF as there are not enough pairs
[M::mem_pestat] analyzing insert size distribution for orientation FR...
[M::mem_pestat] (25, 50, 75) percentile: (159, 181, 207)
[M::mem_pestat] low and high boundaries for computing mean and std.dev: (63, 303)
[M::mem_pestat] mean and std.dev: (184.59, 33.41)
[M::mem_pestat] low and high boundaries for proper pairs: (15, 351)
[M::mem_pestat] skip orientation RF as there are not enough pairs
[M::mem_pestat] skip orientation RR as there are not enough pairs
[M::mem_process_seqs] Processed 645430 reads in 851.551 CPU sec, 109.196 real sec
[M::process] 0 single-end sequences; 645778 paired-end sequences
[M::process] read 645496 sequences (80000049 bp)...
[M::mem_pestat] # candidate unique pairs for (FF, FR, RF, RR): (0, 241216, 7, 0)
[M::mem_pestat] skip orientation FF as there are not enough pairs
[M::mem_pestat] analyzing insert size distribution for orientation FR...
[M::mem_pestat] (25, 50, 75) percentile: (159, 181, 206)
[M::mem_pestat] low and high boundaries for computing mean and std.dev: (65, 300)
[M::mem_pestat] mean and std.dev: (184.41, 33.39)
[M::mem_pestat] low and high boundaries for proper pairs: (18, 347)
[M::mem_pestat] skip orientation RF as there are not enough pairs
[M::mem_pestat] skip orientation RR as there are not enough pairs
[M::mem_process_seqs] Processed 645778 reads in 860.882 CPU sec, 110.371 real sec
[M::process] 0 single-end sequences; 645496 paired-end sequences
[M::process] read 645398 sequences (80000002 bp)...
[M::mem_pestat] # candidate unique pairs for (FF, FR, RF, RR): (0, 241708, 7, 0)
[M::mem_pestat] skip orientation FF as there are not enough pairs
[M::mem_pestat] analyzing insert size distribution for orientation FR...
[M::mem_pestat] (25, 50, 75) percentile: (160, 181, 207)
[M::mem_pestat] low and high boundaries for computing mean and std.dev: (66, 301)
[M::mem_pestat] mean and std.dev: (184.93, 33.41)
[M::mem_pestat] low and high boundaries for proper pairs: (19, 348)
[M::mem_pestat] skip orientation RF as there are not enough pairs
[M::mem_pestat] skip orientation RR as there are not enough pairs
[M::mem_process_seqs] Processed 645496 reads in 854.013 CPU sec, 109.491 real sec
[M::process] 0 single-end sequences; 645398 paired-end sequences
[M::process] read 645288 sequences (80000158 bp)...
[M::mem_pestat] # candidate unique pairs for (FF, FR, RF, RR): (0, 242461, 8, 0)
[M::mem_pestat] skip orientation FF as there are not enough pairs
[M::mem_pestat] analyzing insert size distribution for orientation FR...
[M::mem_pestat] (25, 50, 75) percentile: (160, 181, 207)
[M::mem_pestat] low and high boundaries for computing mean and std.dev: (66, 301)
[M::mem_pestat] mean and std.dev: (185.09, 33.48)
[M::mem_pestat] low and high boundaries for proper pairs: (19, 348)
[M::mem_pestat] skip orientation RF as there are not enough pairs
[M::mem_pestat] skip orientation RR as there are not enough pairs
[M::mem_process_seqs] Processed 645398 reads in 841.337 CPU sec, 107.907 real sec
[M::process] 0 single-end sequences; 645288 paired-end sequences
[M::process] read 645322 sequences (80000181 bp)...
[M::mem_pestat] # candidate unique pairs for (FF, FR, RF, RR): (0, 241971, 4, 0)
[M::mem_pestat] skip orientation FF as there are not enough pairs
[M::mem_pestat] analyzing insert size distribution for orientation FR...
[M::mem_pestat] (25, 50, 75) percentile: (160, 181, 207)
[M::mem_pestat] low and high boundaries for computing mean and std.dev: (66, 301)
[M::mem_pestat] mean and std.dev: (184.88, 33.51)
[M::mem_pestat] low and high boundaries for proper pairs: (19, 348)
[M::mem_pestat] skip orientation RF as there are not enough pairs
[M::mem_pestat] skip orientation RR as there are not enough pairs
[M::mem_process_seqs] Processed 645288 reads in 839.597 CPU sec, 107.696 real sec
[M::process] 0 single-end sequences; 645322 paired-end sequences
[M::process] read 645490 sequences (80000032 bp)...
[M::mem_pestat] # candidate unique pairs for (FF, FR, RF, RR): (0, 241958, 2, 0)
[M::mem_pestat] skip orientation FF as there are not enough pairs
[M::mem_pestat] analyzing insert size distribution for orientation FR...
[M::mem_pestat] (25, 50, 75) percentile: (160, 181, 207)
[M::mem_pestat] low and high boundaries for computing mean and std.dev: (66, 301)
[M::mem_pestat] mean and std.dev: (184.81, 33.43)
[M::mem_pestat] low and high boundaries for proper pairs: (19, 348)
[M::mem_pestat] skip orientation RF as there are not enough pairs
[M::mem_pestat] skip orientation RR as there are not enough pairs
[M::mem_process_seqs] Processed 645322 reads in 850.599 CPU sec, 109.094 real sec
[M::process] 0 single-end sequences; 645490 paired-end sequences
[M::process] read 645588 sequences (80000073 bp)...
[M::mem_pestat] # candidate unique pairs for (FF, FR, RF, RR): (0, 240939, 4, 0)
[M::mem_pestat] skip orientation FF as there are not enough pairs
[M::mem_pestat] analyzing insert size distribution for orientation FR...
[M::mem_pestat] (25, 50, 75) percentile: (160, 181, 207)
[M::mem_pestat] low and high boundaries for computing mean and std.dev: (66, 301)
[M::mem_pestat] mean and std.dev: (184.73, 33.41)
[M::mem_pestat] low and high boundaries for proper pairs: (19, 348)
[M::mem_pestat] skip orientation RF as there are not enough pairs
[M::mem_pestat] skip orientation RR as there are not enough pairs
[M::mem_process_seqs] Processed 645490 reads in 872.591 CPU sec, 111.819 real sec
[M::process] 0 single-end sequences; 645588 paired-end sequences
[M::process] read 645726 sequences (80000157 bp)...
[M::mem_pestat] # candidate unique pairs for (FF, FR, RF, RR): (0, 240258, 3, 0)
[M::mem_pestat] skip orientation FF as there are not enough pairs
[M::mem_pestat] analyzing insert size distribution for orientation FR...
[M::mem_pestat] (25, 50, 75) percentile: (159, 181, 207)
[M::mem_pestat] low and high boundaries for computing mean and std.dev: (63, 303)
[M::mem_pestat] mean and std.dev: (184.56, 33.39)
[M::mem_pestat] low and high boundaries for proper pairs: (15, 351)
[M::mem_pestat] skip orientation RF as there are not enough pairs
[M::mem_pestat] skip orientation RR as there are not enough pairs
[M::mem_process_seqs] Processed 645588 reads in 890.697 CPU sec, 114.098 real sec
[M::process] 0 single-end sequences; 645726 paired-end sequences
[M::process] read 645700 sequences (80000096 bp)...
[M::mem_pestat] # candidate unique pairs for (FF, FR, RF, RR): (0, 240078, 4, 0)
[M::mem_pestat] skip orientation FF as there are not enough pairs
[M::mem_pestat] analyzing insert size distribution for orientation FR...
[M::mem_pestat] (25, 50, 75) percentile: (160, 181, 207)
[M::mem_pestat] low and high boundaries for computing mean and std.dev: (66, 301)
[M::mem_pestat] mean and std.dev: (184.57, 33.39)
[M::mem_pestat] low and high boundaries for proper pairs: (19, 348)
[M::mem_pestat] skip orientation RF as there are not enough pairs
[M::mem_pestat] skip orientation RR as there are not enough pairs
[M::mem_process_seqs] Processed 645726 reads in 884.929 CPU sec, 113.361 real sec
[M::process] 0 single-end sequences; 645700 paired-end sequences
[M::process] read 645602 sequences (80000113 bp)...
[M::mem_pestat] # candidate unique pairs for (FF, FR, RF, RR): (0, 241957, 9, 0)
[M::mem_pestat] skip orientation FF as there are not enough pairs
[M::mem_pestat] analyzing insert size distribution for orientation FR...
[M::mem_pestat] (25, 50, 75) percentile: (160, 181, 207)
[M::mem_pestat] low and high boundaries for computing mean and std.dev: (66, 301)
[M::mem_pestat] mean and std.dev: (185.05, 33.45)
[M::mem_pestat] low and high boundaries for proper pairs: (19, 348)
[M::mem_pestat] skip orientation RF as there are not enough pairs
[M::mem_pestat] skip orientation RR as there are not enough pairs
[M::mem_process_seqs] Processed 645700 reads in 855.896 CPU sec, 109.731 real sec
[M::process] 0 single-end sequences; 645602 paired-end sequences
[M::process] read 645446 sequences (80000034 bp)...
[M::mem_pestat] # candidate unique pairs for (FF, FR, RF, RR): (0, 242069, 2, 0)
[M::mem_pestat] skip orientation FF as there are not enough pairs
[M::mem_pestat] analyzing insert size distribution for orientation FR...
[M::mem_pestat] (25, 50, 75) percentile: (160, 181, 207)
[M::mem_pestat] low and high boundaries for computing mean and std.dev: (66, 301)
[M::mem_pestat] mean and std.dev: (185.08, 33.43)
[M::mem_pestat] low and high boundaries for proper pairs: (19, 348)
[M::mem_pestat] skip orientation RF as there are not enough pairs
[M::mem_pestat] skip orientation RR as there are not enough pairs
[M::mem_process_seqs] Processed 645602 reads in 852.704 CPU sec, 109.356 real sec
[M::process] 0 single-end sequences; 645446 paired-end sequences
[M::process] read 645468 sequences (80000080 bp)...
[M::mem_pestat] # candidate unique pairs for (FF, FR, RF, RR): (0, 241845, 3, 0)
[M::mem_pestat] skip orientation FF as there are not enough pairs
[M::mem_pestat] analyzing insert size distribution for orientation FR...
[M::mem_pestat] (25, 50, 75) percentile: (160, 181, 207)
[M::mem_pestat] low and high boundaries for computing mean and std.dev: (66, 301)
[M::mem_pestat] mean and std.dev: (184.77, 33.41)
[M::mem_pestat] low and high boundaries for proper pairs: (19, 348)
[M::mem_pestat] skip orientation RF as there are not enough pairs
[M::mem_pestat] skip orientation RR as there are not enough pairs
[M::mem_process_seqs] Processed 645446 reads in 859.998 CPU sec, 110.241 real sec
[M::process] 0 single-end sequences; 645468 paired-end sequences
[M::process] read 645554 sequences (80000056 bp)...
[M::mem_pestat] # candidate unique pairs for (FF, FR, RF, RR): (0, 241465, 9, 0)
[M::mem_pestat] skip orientation FF as there are not enough pairs
[M::mem_pestat] analyzing insert size distribution for orientation FR...
[M::mem_pestat] (25, 50, 75) percentile: (160, 181, 207)
[M::mem_pestat] low and high boundaries for computing mean and std.dev: (66, 301)
[M::mem_pestat] mean and std.dev: (184.69, 33.43)
[M::mem_pestat] low and high boundaries for proper pairs: (19, 348)
[M::mem_pestat] skip orientation RF as there are not enough pairs
[M::mem_pestat] skip orientation RR as there are not enough pairs
[M::mem_process_seqs] Processed 645468 reads in 865.522 CPU sec, 110.942 real sec
[M::process] 0 single-end sequences; 645554 paired-end sequences
[M::process] read 645866 sequences (80000024 bp)...
[M::mem_pestat] # candidate unique pairs for (FF, FR, RF, RR): (0, 240910, 8, 0)
[M::mem_pestat] skip orientation FF as there are not enough pairs
[M::mem_pestat] analyzing insert size distribution for orientation FR...
[M::mem_pestat] (25, 50, 75) percentile: (159, 181, 206)
[M::mem_pestat] low and high boundaries for computing mean and std.dev: (65, 300)
[M::mem_pestat] mean and std.dev: (184.42, 33.31)
[M::mem_pestat] low and high boundaries for proper pairs: (18, 347)
[M::mem_pestat] skip orientation RF as there are not enough pairs
[M::mem_pestat] skip orientation RR as there are not enough pairs
[M::mem_process_seqs] Processed 645554 reads in 884.986 CPU sec, 113.379 real sec
[M::process] 0 single-end sequences; 645866 paired-end sequences
[M::process] read 645892 sequences (80000047 bp)...
[M::mem_pestat] # candidate unique pairs for (FF, FR, RF, RR): (0, 239535, 6, 0)
[M::mem_pestat] skip orientation FF as there are not enough pairs
[M::mem_pestat] analyzing insert size distribution for orientation FR...
[M::mem_pestat] (25, 50, 75) percentile: (159, 181, 206)
[M::mem_pestat] low and high boundaries for computing mean and std.dev: (65, 300)
[M::mem_pestat] mean and std.dev: (184.35, 33.41)
[M::mem_pestat] low and high boundaries for proper pairs: (18, 347)
[M::mem_pestat] skip orientation RF as there are not enough pairs
[M::mem_pestat] skip orientation RR as there are not enough pairs
[M::mem_process_seqs] Processed 645866 reads in 900.441 CPU sec, 115.334 real sec
[M::process] 0 single-end sequences; 645892 paired-end sequences
[M::process] read 645872 sequences (80000038 bp)...
[M::mem_pestat] # candidate unique pairs for (FF, FR, RF, RR): (0, 240992, 4, 0)
[M::mem_pestat] skip orientation FF as there are not enough pairs
[M::mem_pestat] analyzing insert size distribution for orientation FR...
[M::mem_pestat] (25, 50, 75) percentile: (160, 181, 207)
[M::mem_pestat] low and high boundaries for computing mean and std.dev: (66, 301)
[M::mem_pestat] mean and std.dev: (184.73, 33.47)
[M::mem_pestat] low and high boundaries for proper pairs: (19, 348)
[M::mem_pestat] skip orientation RF as there are not enough pairs
[M::mem_pestat] skip orientation RR as there are not enough pairs
[M::mem_process_seqs] Processed 645892 reads in 869.568 CPU sec, 111.450 real sec
[M::process] 0 single-end sequences; 645872 paired-end sequences
[M::process] read 645850 sequences (80000179 bp)...
[M::mem_pestat] # candidate unique pairs for (FF, FR, RF, RR): (0, 242364, 4, 0)
[M::mem_pestat] skip orientation FF as there are not enough pairs
[M::mem_pestat] analyzing insert size distribution for orientation FR...
[M::mem_pestat] (25, 50, 75) percentile: (160, 181, 207)
[M::mem_pestat] low and high boundaries for computing mean and std.dev: (66, 301)
[M::mem_pestat] mean and std.dev: (185.01, 33.53)
[M::mem_pestat] low and high boundaries for proper pairs: (19, 348)
[M::mem_pestat] skip orientation RF as there are not enough pairs
[M::mem_pestat] skip orientation RR as there are not enough pairs
[M::mem_process_seqs] Processed 645872 reads in 856.377 CPU sec, 109.824 real sec
[M::process] 0 single-end sequences; 645850 paired-end sequences
[M::process] read 645370 sequences (80000063 bp)...
[M::mem_pestat] # candidate unique pairs for (FF, FR, RF, RR): (0, 242337, 6, 0)
[M::mem_pestat] skip orientation FF as there are not enough pairs
[M::mem_pestat] analyzing insert size distribution for orientation FR...
[M::mem_pestat] (25, 50, 75) percentile: (160, 181, 207)
[M::mem_pestat] low and high boundaries for computing mean and std.dev: (66, 301)
[M::mem_pestat] mean and std.dev: (184.91, 33.49)
[M::mem_pestat] low and high boundaries for proper pairs: (19, 348)
[M::mem_pestat] skip orientation RF as there are not enough pairs
[M::mem_pestat] skip orientation RR as there are not enough pairs
[M::mem_process_seqs] Processed 645850 reads in 832.768 CPU sec, 106.844 real sec
[M::process] 0 single-end sequences; 645370 paired-end sequences
[M::process] read 645528 sequences (80000020 bp)...
[M::mem_pestat] # candidate unique pairs for (FF, FR, RF, RR): (0, 242225, 4, 0)
[M::mem_pestat] skip orientation FF as there are not enough pairs
[M::mem_pestat] analyzing insert size distribution for orientation FR...
[M::mem_pestat] (25, 50, 75) percentile: (160, 181, 207)
[M::mem_pestat] low and high boundaries for computing mean and std.dev: (66, 301)
[M::mem_pestat] mean and std.dev: (184.78, 33.36)
[M::mem_pestat] low and high boundaries for proper pairs: (19, 348)
[M::mem_pestat] skip orientation RF as there are not enough pairs
[M::mem_pestat] skip orientation RR as there are not enough pairs
[M::mem_process_seqs] Processed 645370 reads in 848.405 CPU sec, 108.795 real sec
[M::process] 0 single-end sequences; 645528 paired-end sequences
[M::process] read 645746 sequences (80000124 bp)...
[M::mem_pestat] # candidate unique pairs for (FF, FR, RF, RR): (0, 241868, 5, 0)
[M::mem_pestat] skip orientation FF as there are not enough pairs
[M::mem_pestat] analyzing insert size distribution for orientation FR...
[M::mem_pestat] (25, 50, 75) percentile: (160, 181, 207)
[M::mem_pestat] low and high boundaries for computing mean and std.dev: (66, 301)
[M::mem_pestat] mean and std.dev: (184.60, 33.37)
[M::mem_pestat] low and high boundaries for proper pairs: (19, 348)
[M::mem_pestat] skip orientation RF as there are not enough pairs
[M::mem_pestat] skip orientation RR as there are not enough pairs
[M::mem_process_seqs] Processed 645528 reads in 873.720 CPU sec, 111.972 real sec
[M::process] 0 single-end sequences; 645746 paired-end sequences
[M::process] read 646448 sequences (80000050 bp)...
[M::mem_pestat] # candidate unique pairs for (FF, FR, RF, RR): (0, 241201, 5, 0)
[M::mem_pestat] skip orientation FF as there are not enough pairs
[M::mem_pestat] analyzing insert size distribution for orientation FR...
[M::mem_pestat] (25, 50, 75) percentile: (159, 181, 207)
[M::mem_pestat] low and high boundaries for computing mean and std.dev: (63, 303)
[M::mem_pestat] mean and std.dev: (184.52, 33.39)
[M::mem_pestat] low and high boundaries for proper pairs: (15, 351)
[M::mem_pestat] skip orientation RF as there are not enough pairs
[M::mem_pestat] skip orientation RR as there are not enough pairs
[M::mem_process_seqs] Processed 645746 reads in 875.555 CPU sec, 112.201 real sec
[M::process] 0 single-end sequences; 646448 paired-end sequences
[M::process] read 645724 sequences (80000212 bp)...
[M::mem_pestat] # candidate unique pairs for (FF, FR, RF, RR): (0, 240894, 2, 0)
[M::mem_pestat] skip orientation FF as there are not enough pairs
[M::mem_pestat] analyzing insert size distribution for orientation FR...
[M::mem_pestat] (25, 50, 75) percentile: (159, 181, 206)
[M::mem_pestat] low and high boundaries for computing mean and std.dev: (65, 300)
[M::mem_pestat] mean and std.dev: (184.41, 33.33)
[M::mem_pestat] low and high boundaries for proper pairs: (18, 347)
[M::mem_pestat] skip orientation RF as there are not enough pairs
[M::mem_pestat] skip orientation RR as there are not enough pairs
[M::mem_process_seqs] Processed 646448 reads in 920.923 CPU sec, 117.893 real sec
[M::process] 0 single-end sequences; 645724 paired-end sequences
[M::process] read 645610 sequences (80000058 bp)...
[M::mem_pestat] # candidate unique pairs for (FF, FR, RF, RR): (0, 241666, 6, 0)
[M::mem_pestat] skip orientation FF as there are not enough pairs
[M::mem_pestat] analyzing insert size distribution for orientation FR...
[M::mem_pestat] (25, 50, 75) percentile: (160, 181, 207)
[M::mem_pestat] low and high boundaries for computing mean and std.dev: (66, 301)
[M::mem_pestat] mean and std.dev: (185.06, 33.48)
[M::mem_pestat] low and high boundaries for proper pairs: (19, 348)
[M::mem_pestat] skip orientation RF as there are not enough pairs
[M::mem_pestat] skip orientation RR as there are not enough pairs
[M::mem_process_seqs] Processed 645724 reads in 1000.747 CPU sec, 127.845 real sec
[M::process] 0 single-end sequences; 645610 paired-end sequences
[M::process] read 645440 sequences (80000044 bp)...
[M::mem_pestat] # candidate unique pairs for (FF, FR, RF, RR): (0, 241953, 5, 0)
[M::mem_pestat] skip orientation FF as there are not enough pairs
[M::mem_pestat] analyzing insert size distribution for orientation FR...
[M::mem_pestat] (25, 50, 75) percentile: (160, 181, 207)
[M::mem_pestat] low and high boundaries for computing mean and std.dev: (66, 301)
[M::mem_pestat] mean and std.dev: (185.03, 33.48)
[M::mem_pestat] low and high boundaries for proper pairs: (19, 348)
[M::mem_pestat] skip orientation RF as there are not enough pairs
[M::mem_pestat] skip orientation RR as there are not enough pairs
[M::mem_process_seqs] Processed 645610 reads in 852.305 CPU sec, 109.294 real sec
[M::process] 0 single-end sequences; 645440 paired-end sequences
[M::process] read 645416 sequences (80000060 bp)...
[M::mem_pestat] # candidate unique pairs for (FF, FR, RF, RR): (0, 241670, 7, 0)
[M::mem_pestat] skip orientation FF as there are not enough pairs
[M::mem_pestat] analyzing insert size distribution for orientation FR...
[M::mem_pestat] (25, 50, 75) percentile: (160, 181, 207)
[M::mem_pestat] low and high boundaries for computing mean and std.dev: (66, 301)
[M::mem_pestat] mean and std.dev: (184.83, 33.49)
[M::mem_pestat] low and high boundaries for proper pairs: (19, 348)
[M::mem_pestat] skip orientation RF as there are not enough pairs
[M::mem_pestat] skip orientation RR as there are not enough pairs
[M::mem_process_seqs] Processed 645440 reads in 852.683 CPU sec, 109.347 real sec
[M::process] 0 single-end sequences; 645416 paired-end sequences
[M::process] read 645652 sequences (80000242 bp)...
[M::mem_pestat] # candidate unique pairs for (FF, FR, RF, RR): (0, 241616, 4, 0)
[M::mem_pestat] skip orientation FF as there are not enough pairs
[M::mem_pestat] analyzing insert size distribution for orientation FR...
[M::mem_pestat] (25, 50, 75) percentile: (160, 181, 207)
[M::mem_pestat] low and high boundaries for computing mean and std.dev: (66, 301)
[M::mem_pestat] mean and std.dev: (184.81, 33.52)
[M::mem_pestat] low and high boundaries for proper pairs: (19, 348)
[M::mem_pestat] skip orientation RF as there are not enough pairs
[M::mem_pestat] skip orientation RR as there are not enough pairs
[M::mem_process_seqs] Processed 645416 reads in 859.609 CPU sec, 110.214 real sec
[M::process] 0 single-end sequences; 645652 paired-end sequences
[M::process] read 645794 sequences (80000138 bp)...
[M::mem_pestat] # candidate unique pairs for (FF, FR, RF, RR): (0, 239944, 6, 0)
[M::mem_pestat] skip orientation FF as there are not enough pairs
[M::mem_pestat] analyzing insert size distribution for orientation FR...
[M::mem_pestat] (25, 50, 75) percentile: (160, 181, 207)
[M::mem_pestat] low and high boundaries for computing mean and std.dev: (66, 301)
[M::mem_pestat] mean and std.dev: (184.70, 33.43)
[M::mem_pestat] low and high boundaries for proper pairs: (19, 348)
[M::mem_pestat] skip orientation RF as there are not enough pairs
[M::mem_pestat] skip orientation RR as there are not enough pairs
[M::mem_process_seqs] Processed 645652 reads in 907.819 CPU sec, 116.257 real sec
[M::process] 0 single-end sequences; 645794 paired-end sequences
[M::process] read 645668 sequences (80000130 bp)...
[M::mem_pestat] # candidate unique pairs for (FF, FR, RF, RR): (0, 239662, 4, 0)
[M::mem_pestat] skip orientation FF as there are not enough pairs
[M::mem_pestat] analyzing insert size distribution for orientation FR...
[M::mem_pestat] (25, 50, 75) percentile: (159, 181, 207)
[M::mem_pestat] low and high boundaries for computing mean and std.dev: (63, 303)
[M::mem_pestat] mean and std.dev: (184.54, 33.46)
[M::mem_pestat] low and high boundaries for proper pairs: (15, 351)
[M::mem_pestat] skip orientation RF as there are not enough pairs
[M::mem_pestat] skip orientation RR as there are not enough pairs
[M::mem_process_seqs] Processed 645794 reads in 892.321 CPU sec, 114.296 real sec
[M::process] 0 single-end sequences; 645668 paired-end sequences
[M::process] read 645496 sequences (80000041 bp)...
[M::mem_pestat] # candidate unique pairs for (FF, FR, RF, RR): (0, 240294, 4, 0)
[M::mem_pestat] skip orientation FF as there are not enough pairs
[M::mem_pestat] analyzing insert size distribution for orientation FR...
[M::mem_pestat] (25, 50, 75) percentile: (159, 181, 207)
[M::mem_pestat] low and high boundaries for computing mean and std.dev: (63, 303)
[M::mem_pestat] mean and std.dev: (184.56, 33.44)
[M::mem_pestat] low and high boundaries for proper pairs: (15, 351)
[M::mem_pestat] skip orientation RF as there are not enough pairs
[M::mem_pestat] skip orientation RR as there are not enough pairs
[M::mem_process_seqs] Processed 645668 reads in 876.650 CPU sec, 112.352 real sec
[M::process] 0 single-end sequences; 645496 paired-end sequences
[M::process] read 645378 sequences (80000187 bp)...
[M::mem_pestat] # candidate unique pairs for (FF, FR, RF, RR): (0, 242520, 5, 0)
[M::mem_pestat] skip orientation FF as there are not enough pairs
[M::mem_pestat] analyzing insert size distribution for orientation FR...
[M::mem_pestat] (25, 50, 75) percentile: (160, 181, 207)
[M::mem_pestat] low and high boundaries for computing mean and std.dev: (66, 301)
[M::mem_pestat] mean and std.dev: (185.00, 33.46)
[M::mem_pestat] low and high boundaries for proper pairs: (19, 348)
[M::mem_pestat] skip orientation RF as there are not enough pairs
[M::mem_pestat] skip orientation RR as there are not enough pairs
[M::mem_process_seqs] Processed 645496 reads in 831.880 CPU sec, 106.726 real sec
[M::process] 0 single-end sequences; 645378 paired-end sequences
[M::process] read 645300 sequences (80000224 bp)...
[M::mem_pestat] # candidate unique pairs for (FF, FR, RF, RR): (0, 242690, 6, 0)
[M::mem_pestat] skip orientation FF as there are not enough pairs
[M::mem_pestat] analyzing insert size distribution for orientation FR...
[M::mem_pestat] (25, 50, 75) percentile: (160, 181, 207)
[M::mem_pestat] low and high boundaries for computing mean and std.dev: (66, 301)
[M::mem_pestat] mean and std.dev: (184.89, 33.44)
[M::mem_pestat] low and high boundaries for proper pairs: (19, 348)
[M::mem_pestat] skip orientation RF as there are not enough pairs
[M::mem_pestat] skip orientation RR as there are not enough pairs
[M::mem_process_seqs] Processed 645378 reads in 823.443 CPU sec, 105.689 real sec
[M::process] 0 single-end sequences; 645300 paired-end sequences
[M::process] read 645300 sequences (80000042 bp)...
[M::mem_pestat] # candidate unique pairs for (FF, FR, RF, RR): (0, 242620, 7, 0)
[M::mem_pestat] skip orientation FF as there are not enough pairs
[M::mem_pestat] analyzing insert size distribution for orientation FR...
[M::mem_pestat] (25, 50, 75) percentile: (160, 181, 207)
[M::mem_pestat] low and high boundaries for computing mean and std.dev: (66, 301)
[M::mem_pestat] mean and std.dev: (184.80, 33.47)
[M::mem_pestat] low and high boundaries for proper pairs: (19, 348)
[M::mem_pestat] skip orientation RF as there are not enough pairs
[M::mem_pestat] skip orientation RR as there are not enough pairs
[M::mem_process_seqs] Processed 645300 reads in 832.288 CPU sec, 106.757 real sec
[M::process] 0 single-end sequences; 645300 paired-end sequences
[M::process] read 645386 sequences (80000246 bp)...
[M::mem_pestat] # candidate unique pairs for (FF, FR, RF, RR): (0, 242262, 4, 0)
[M::mem_pestat] skip orientation FF as there are not enough pairs
[M::mem_pestat] analyzing insert size distribution for orientation FR...
[M::mem_pestat] (25, 50, 75) percentile: (159, 181, 207)
[M::mem_pestat] low and high boundaries for computing mean and std.dev: (63, 303)
[M::mem_pestat] mean and std.dev: (184.59, 33.40)
[M::mem_pestat] low and high boundaries for proper pairs: (15, 351)
[M::mem_pestat] skip orientation RF as there are not enough pairs
[M::mem_pestat] skip orientation RR as there are not enough pairs
[M::mem_process_seqs] Processed 645300 reads in 843.969 CPU sec, 108.258 real sec
[M::process] 0 single-end sequences; 645386 paired-end sequences
[M::process] read 645570 sequences (80000181 bp)...
[M::mem_pestat] # candidate unique pairs for (FF, FR, RF, RR): (0, 241727, 5, 0)
[M::mem_pestat] skip orientation FF as there are not enough pairs
[M::mem_pestat] analyzing insert size distribution for orientation FR...
[M::mem_pestat] (25, 50, 75) percentile: (159, 181, 207)
[M::mem_pestat] low and high boundaries for computing mean and std.dev: (63, 303)
[M::mem_pestat] mean and std.dev: (184.58, 33.41)
[M::mem_pestat] low and high boundaries for proper pairs: (15, 351)
[M::mem_pestat] skip orientation RF as there are not enough pairs
[M::mem_pestat] skip orientation RR as there are not enough pairs
[M::mem_process_seqs] Processed 645386 reads in 860.222 CPU sec, 110.256 real sec
[M::process] 0 single-end sequences; 645570 paired-end sequences
[M::process] read 645990 sequences (80000138 bp)...
[M::mem_pestat] # candidate unique pairs for (FF, FR, RF, RR): (0, 241718, 6, 0)
[M::mem_pestat] skip orientation FF as there are not enough pairs
[M::mem_pestat] analyzing insert size distribution for orientation FR...
[M::mem_pestat] (25, 50, 75) percentile: (159, 181, 206)
[M::mem_pestat] low and high boundaries for computing mean and std.dev: (65, 300)
[M::mem_pestat] mean and std.dev: (184.37, 33.34)
[M::mem_pestat] low and high boundaries for proper pairs: (18, 347)
[M::mem_pestat] skip orientation RF as there are not enough pairs
[M::mem_pestat] skip orientation RR as there are not enough pairs
[M::mem_process_seqs] Processed 645570 reads in 856.852 CPU sec, 109.866 real sec
[M::process] 0 single-end sequences; 645990 paired-end sequences
[M::process] read 645680 sequences (80000051 bp)...
[M::mem_pestat] # candidate unique pairs for (FF, FR, RF, RR): (0, 242329, 8, 0)
[M::mem_pestat] skip orientation FF as there are not enough pairs
[M::mem_pestat] analyzing insert size distribution for orientation FR...
[M::mem_pestat] (25, 50, 75) percentile: (160, 181, 207)
[M::mem_pestat] low and high boundaries for computing mean and std.dev: (66, 301)
[M::mem_pestat] mean and std.dev: (184.70, 33.41)
[M::mem_pestat] low and high boundaries for proper pairs: (19, 348)
[M::mem_pestat] skip orientation RF as there are not enough pairs
[M::mem_pestat] skip orientation RR as there are not enough pairs
[M::mem_process_seqs] Processed 645990 reads in 844.769 CPU sec, 108.975 real sec
[M::process] 0 single-end sequences; 645680 paired-end sequences
[M::process] read 645488 sequences (80000021 bp)...
[M::mem_pestat] # candidate unique pairs for (FF, FR, RF, RR): (0, 242358, 3, 0)
[M::mem_pestat] skip orientation FF as there are not enough pairs
[M::mem_pestat] analyzing insert size distribution for orientation FR...
[M::mem_pestat] (25, 50, 75) percentile: (160, 181, 207)
[M::mem_pestat] low and high boundaries for computing mean and std.dev: (66, 301)
[M::mem_pestat] mean and std.dev: (185.03, 33.39)
[M::mem_pestat] low and high boundaries for proper pairs: (19, 348)
[M::mem_pestat] skip orientation RF as there are not enough pairs
[M::mem_pestat] skip orientation RR as there are not enough pairs
[M::mem_process_seqs] Processed 645680 reads in 832.867 CPU sec, 106.952 real sec
[M::process] 0 single-end sequences; 645488 paired-end sequences
[M::process] read 645356 sequences (80000174 bp)...
[M::mem_pestat] # candidate unique pairs for (FF, FR, RF, RR): (0, 242713, 3, 0)
[M::mem_pestat] skip orientation FF as there are not enough pairs
[M::mem_pestat] analyzing insert size distribution for orientation FR...
[M::mem_pestat] (25, 50, 75) percentile: (160, 181, 207)
[M::mem_pestat] low and high boundaries for computing mean and std.dev: (66, 301)
[M::mem_pestat] mean and std.dev: (185.01, 33.49)
[M::mem_pestat] low and high boundaries for proper pairs: (19, 348)
[M::mem_pestat] skip orientation RF as there are not enough pairs
[M::mem_pestat] skip orientation RR as there are not enough pairs
[M::mem_process_seqs] Processed 645488 reads in 825.533 CPU sec, 105.935 real sec
[M::process] 0 single-end sequences; 645356 paired-end sequences
[M::process] read 645328 sequences (80000215 bp)...
[M::mem_pestat] # candidate unique pairs for (FF, FR, RF, RR): (0, 243474, 3, 0)
[M::mem_pestat] skip orientation FF as there are not enough pairs
[M::mem_pestat] analyzing insert size distribution for orientation FR...
[M::mem_pestat] (25, 50, 75) percentile: (160, 181, 207)
[M::mem_pestat] low and high boundaries for computing mean and std.dev: (66, 301)
[M::mem_pestat] mean and std.dev: (184.84, 33.50)
[M::mem_pestat] low and high boundaries for proper pairs: (19, 348)
[M::mem_pestat] skip orientation RF as there are not enough pairs
[M::mem_pestat] skip orientation RR as there are not enough pairs
[M::mem_process_seqs] Processed 645356 reads in 818.249 CPU sec, 105.028 real sec
[M::process] 0 single-end sequences; 645328 paired-end sequences
[M::process] read 645392 sequences (80000223 bp)...
[M::mem_pestat] # candidate unique pairs for (FF, FR, RF, RR): (0, 242663, 9, 0)
[M::mem_pestat] skip orientation FF as there are not enough pairs
[M::mem_pestat] analyzing insert size distribution for orientation FR...
[M::mem_pestat] (25, 50, 75) percentile: (160, 181, 207)
[M::mem_pestat] low and high boundaries for computing mean and std.dev: (66, 301)
[M::mem_pestat] mean and std.dev: (184.77, 33.40)
[M::mem_pestat] low and high boundaries for proper pairs: (19, 348)
[M::mem_pestat] skip orientation RF as there are not enough pairs
[M::mem_pestat] skip orientation RR as there are not enough pairs
[M::mem_process_seqs] Processed 645328 reads in 838.739 CPU sec, 107.576 real sec
[M::process] 0 single-end sequences; 645392 paired-end sequences
[M::process] read 645640 sequences (80000000 bp)...
[M::mem_pestat] # candidate unique pairs for (FF, FR, RF, RR): (0, 242378, 13, 0)
[M::mem_pestat] skip orientation FF as there are not enough pairs
[M::mem_pestat] analyzing insert size distribution for orientation FR...
[M::mem_pestat] (25, 50, 75) percentile: (160, 181, 207)
[M::mem_pestat] low and high boundaries for computing mean and std.dev: (66, 301)
[M::mem_pestat] mean and std.dev: (184.67, 33.40)
[M::mem_pestat] low and high boundaries for proper pairs: (19, 348)
[M::mem_pestat] analyzing insert size distribution for orientation RF...
[M::mem_pestat] (25, 50, 75) percentile: (164, 183, 1514)
[M::mem_pestat] low and high boundaries for computing mean and std.dev: (1, 4214)
[M::mem_pestat] mean and std.dev: (281.82, 392.28)
[M::mem_pestat] low and high boundaries for proper pairs: (1, 5564)
[M::mem_pestat] skip orientation RR as there are not enough pairs
[M::mem_pestat] skip orientation RF
[M::mem_process_seqs] Processed 645392 reads in 843.732 CPU sec, 108.216 real sec
[M::process] 0 single-end sequences; 645640 paired-end sequences
[M::process] read 645658 sequences (80000079 bp)...
[M::mem_pestat] # candidate unique pairs for (FF, FR, RF, RR): (0, 242248, 6, 0)
[M::mem_pestat] skip orientation FF as there are not enough pairs
[M::mem_pestat] analyzing insert size distribution for orientation FR...
[M::mem_pestat] (25, 50, 75) percentile: (159, 181, 206)
[M::mem_pestat] low and high boundaries for computing mean and std.dev: (65, 300)
[M::mem_pestat] mean and std.dev: (184.42, 33.35)
[M::mem_pestat] low and high boundaries for proper pairs: (18, 347)
[M::mem_pestat] skip orientation RF as there are not enough pairs
[M::mem_pestat] skip orientation RR as there are not enough pairs
[M::mem_process_seqs] Processed 645640 reads in 848.807 CPU sec, 108.856 real sec
[M::process] 0 single-end sequences; 645658 paired-end sequences
[M::process] read 645474 sequences (80000099 bp)...
[M::mem_pestat] # candidate unique pairs for (FF, FR, RF, RR): (0, 241962, 7, 0)
[M::mem_pestat] skip orientation FF as there are not enough pairs
[M::mem_pestat] analyzing insert size distribution for orientation FR...
[M::mem_pestat] (25, 50, 75) percentile: (160, 181, 207)
[M::mem_pestat] low and high boundaries for computing mean and std.dev: (66, 301)
[M::mem_pestat] mean and std.dev: (184.86, 33.47)
[M::mem_pestat] low and high boundaries for proper pairs: (19, 348)
[M::mem_pestat] skip orientation RF as there are not enough pairs
[M::mem_pestat] skip orientation RR as there are not enough pairs
[M::mem_process_seqs] Processed 645658 reads in 846.392 CPU sec, 108.554 real sec
[M::process] 0 single-end sequences; 645474 paired-end sequences
[M::process] read 645190 sequences (80000160 bp)...
[M::mem_pestat] # candidate unique pairs for (FF, FR, RF, RR): (0, 241849, 2, 0)
[M::mem_pestat] skip orientation FF as there are not enough pairs
[M::mem_pestat] analyzing insert size distribution for orientation FR...
[M::mem_pestat] (25, 50, 75) percentile: (160, 181, 207)
[M::mem_pestat] low and high boundaries for computing mean and std.dev: (66, 301)
[M::mem_pestat] mean and std.dev: (185.03, 33.46)
[M::mem_pestat] low and high boundaries for proper pairs: (19, 348)
[M::mem_pestat] skip orientation RF as there are not enough pairs
[M::mem_pestat] skip orientation RR as there are not enough pairs
[M::mem_process_seqs] Processed 645474 reads in 841.322 CPU sec, 107.917 real sec
[M::process] 0 single-end sequences; 645190 paired-end sequences
[M::process] read 645150 sequences (80000061 bp)...
[M::mem_pestat] # candidate unique pairs for (FF, FR, RF, RR): (0, 243023, 5, 0)
[M::mem_pestat] skip orientation FF as there are not enough pairs
[M::mem_pestat] analyzing insert size distribution for orientation FR...
[M::mem_pestat] (25, 50, 75) percentile: (160, 181, 207)
[M::mem_pestat] low and high boundaries for computing mean and std.dev: (66, 301)
[M::mem_pestat] mean and std.dev: (185.11, 33.48)
[M::mem_pestat] low and high boundaries for proper pairs: (19, 348)
[M::mem_pestat] skip orientation RF as there are not enough pairs
[M::mem_pestat] skip orientation RR as there are not enough pairs
[M::mem_process_seqs] Processed 645190 reads in 829.504 CPU sec, 106.435 real sec
[M::process] 0 single-end sequences; 645150 paired-end sequences
[M::process] read 645238 sequences (80000188 bp)...
[M::mem_pestat] # candidate unique pairs for (FF, FR, RF, RR): (0, 242399, 5, 0)
[M::mem_pestat] skip orientation FF as there are not enough pairs
[M::mem_pestat] analyzing insert size distribution for orientation FR...
[M::mem_pestat] (25, 50, 75) percentile: (160, 181, 207)
[M::mem_pestat] low and high boundaries for computing mean and std.dev: (66, 301)
[M::mem_pestat] mean and std.dev: (184.83, 33.43)
[M::mem_pestat] low and high boundaries for proper pairs: (19, 348)
[M::mem_pestat] skip orientation RF as there are not enough pairs
[M::mem_pestat] skip orientation RR as there are not enough pairs
[M::mem_process_seqs] Processed 645150 reads in 838.444 CPU sec, 107.535 real sec
[M::process] 0 single-end sequences; 645238 paired-end sequences
[M::process] read 645394 sequences (80000187 bp)...
[M::mem_pestat] # candidate unique pairs for (FF, FR, RF, RR): (0, 241963, 2, 0)
[M::mem_pestat] skip orientation FF as there are not enough pairs
[M::mem_pestat] analyzing insert size distribution for orientation FR...
[M::mem_pestat] (25, 50, 75) percentile: (160, 181, 207)
[M::mem_pestat] low and high boundaries for computing mean and std.dev: (66, 301)
[M::mem_pestat] mean and std.dev: (184.85, 33.44)
[M::mem_pestat] low and high boundaries for proper pairs: (19, 348)
[M::mem_pestat] skip orientation RF as there are not enough pairs
[M::mem_pestat] skip orientation RR as there are not enough pairs
[M::mem_process_seqs] Processed 645238 reads in 852.858 CPU sec, 109.352 real sec
[M::process] 0 single-end sequences; 645394 paired-end sequences
[M::process] read 645486 sequences (80000050 bp)...
[M::mem_pestat] # candidate unique pairs for (FF, FR, RF, RR): (0, 242142, 2, 0)
[M::mem_pestat] skip orientation FF as there are not enough pairs
[M::mem_pestat] analyzing insert size distribution for orientation FR...
[M::mem_pestat] (25, 50, 75) percentile: (160, 181, 207)
[M::mem_pestat] low and high boundaries for computing mean and std.dev: (66, 301)
[M::mem_pestat] mean and std.dev: (184.65, 33.41)
[M::mem_pestat] low and high boundaries for proper pairs: (19, 348)
[M::mem_pestat] skip orientation RF as there are not enough pairs
[M::mem_pestat] skip orientation RR as there are not enough pairs
[M::mem_process_seqs] Processed 645394 reads in 861.139 CPU sec, 110.380 real sec
[M::process] 0 single-end sequences; 645486 paired-end sequences
[M::process] read 645824 sequences (80000053 bp)...
[M::mem_pestat] # candidate unique pairs for (FF, FR, RF, RR): (0, 241410, 5, 0)
[M::mem_pestat] skip orientation FF as there are not enough pairs
[M::mem_pestat] analyzing insert size distribution for orientation FR...
[M::mem_pestat] (25, 50, 75) percentile: (159, 181, 206)
[M::mem_pestat] low and high boundaries for computing mean and std.dev: (65, 300)
[M::mem_pestat] mean and std.dev: (184.51, 33.35)
[M::mem_pestat] low and high boundaries for proper pairs: (18, 347)
[M::mem_pestat] skip orientation RF as there are not enough pairs
[M::mem_pestat] skip orientation RR as there are not enough pairs
[M::mem_process_seqs] Processed 645486 reads in 869.208 CPU sec, 111.422 real sec
[M::process] 0 single-end sequences; 645824 paired-end sequences
[M::process] read 645544 sequences (80000153 bp)...
[M::mem_pestat] # candidate unique pairs for (FF, FR, RF, RR): (0, 241818, 3, 0)
[M::mem_pestat] skip orientation FF as there are not enough pairs
[M::mem_pestat] analyzing insert size distribution for orientation FR...
[M::mem_pestat] (25, 50, 75) percentile: (160, 181, 207)
[M::mem_pestat] low and high boundaries for computing mean and std.dev: (66, 301)
[M::mem_pestat] mean and std.dev: (184.69, 33.35)
[M::mem_pestat] low and high boundaries for proper pairs: (19, 348)
[M::mem_pestat] skip orientation RF as there are not enough pairs
[M::mem_pestat] skip orientation RR as there are not enough pairs
[M::mem_process_seqs] Processed 645824 reads in 859.984 CPU sec, 110.229 real sec
[M::process] 0 single-end sequences; 645544 paired-end sequences
[M::process] read 645402 sequences (80000126 bp)...
[M::mem_pestat] # candidate unique pairs for (FF, FR, RF, RR): (0, 241993, 2, 0)
[M::mem_pestat] skip orientation FF as there are not enough pairs
[M::mem_pestat] analyzing insert size distribution for orientation FR...
[M::mem_pestat] (25, 50, 75) percentile: (160, 181, 207)
[M::mem_pestat] low and high boundaries for computing mean and std.dev: (66, 301)
[M::mem_pestat] mean and std.dev: (184.88, 33.41)
[M::mem_pestat] low and high boundaries for proper pairs: (19, 348)
[M::mem_pestat] skip orientation RF as there are not enough pairs
[M::mem_pestat] skip orientation RR as there are not enough pairs
[M::mem_process_seqs] Processed 645544 reads in 849.507 CPU sec, 108.942 real sec
[M::process] 0 single-end sequences; 645402 paired-end sequences
[M::process] read 645290 sequences (80000083 bp)...
[M::mem_pestat] # candidate unique pairs for (FF, FR, RF, RR): (0, 242346, 4, 0)
[M::mem_pestat] skip orientation FF as there are not enough pairs
[M::mem_pestat] analyzing insert size distribution for orientation FR...
[M::mem_pestat] (25, 50, 75) percentile: (160, 181, 207)
[M::mem_pestat] low and high boundaries for computing mean and std.dev: (66, 301)
[M::mem_pestat] mean and std.dev: (184.84, 33.40)
[M::mem_pestat] low and high boundaries for proper pairs: (19, 348)
[M::mem_pestat] skip orientation RF as there are not enough pairs
[M::mem_pestat] skip orientation RR as there are not enough pairs
[M::mem_process_seqs] Processed 645402 reads in 849.314 CPU sec, 108.882 real sec
[M::process] 0 single-end sequences; 645290 paired-end sequences
[M::process] read 645400 sequences (80000037 bp)...
[M::mem_pestat] # candidate unique pairs for (FF, FR, RF, RR): (0, 242180, 1, 0)
[M::mem_pestat] skip orientation FF as there are not enough pairs
[M::mem_pestat] analyzing insert size distribution for orientation FR...
[M::mem_pestat] (25, 50, 75) percentile: (160, 181, 207)
[M::mem_pestat] low and high boundaries for computing mean and std.dev: (66, 301)
[M::mem_pestat] mean and std.dev: (184.80, 33.43)
[M::mem_pestat] low and high boundaries for proper pairs: (19, 348)
[M::mem_pestat] skip orientation RF as there are not enough pairs
[M::mem_pestat] skip orientation RR as there are not enough pairs
[M::mem_process_seqs] Processed 645290 reads in 850.493 CPU sec, 109.073 real sec
[M::process] 0 single-end sequences; 645400 paired-end sequences
[M::process] read 645632 sequences (80000128 bp)...
[M::mem_pestat] # candidate unique pairs for (FF, FR, RF, RR): (0, 241497, 6, 0)
[M::mem_pestat] skip orientation FF as there are not enough pairs
[M::mem_pestat] analyzing insert size distribution for orientation FR...
[M::mem_pestat] (25, 50, 75) percentile: (159, 181, 206)
[M::mem_pestat] low and high boundaries for computing mean and std.dev: (65, 300)
[M::mem_pestat] mean and std.dev: (184.52, 33.41)
[M::mem_pestat] low and high boundaries for proper pairs: (18, 347)
[M::mem_pestat] skip orientation RF as there are not enough pairs
[M::mem_pestat] skip orientation RR as there are not enough pairs
[M::mem_process_seqs] Processed 645400 reads in 880.293 CPU sec, 112.755 real sec
[M::process] 0 single-end sequences; 645632 paired-end sequences
[M::process] read 645878 sequences (80000148 bp)...
[M::mem_pestat] # candidate unique pairs for (FF, FR, RF, RR): (0, 240785, 3, 0)
[M::mem_pestat] skip orientation FF as there are not enough pairs
[M::mem_pestat] analyzing insert size distribution for orientation FR...
[M::mem_pestat] (25, 50, 75) percentile: (159, 181, 206)
[M::mem_pestat] low and high boundaries for computing mean and std.dev: (65, 300)
[M::mem_pestat] mean and std.dev: (184.41, 33.41)
[M::mem_pestat] low and high boundaries for proper pairs: (18, 347)
[M::mem_pestat] skip orientation RF as there are not enough pairs
[M::mem_pestat] skip orientation RR as there are not enough pairs
[M::mem_process_seqs] Processed 645632 reads in 887.451 CPU sec, 113.702 real sec
[M::process] 0 single-end sequences; 645878 paired-end sequences
[M::process] read 646300 sequences (80000155 bp)...
[M::mem_pestat] # candidate unique pairs for (FF, FR, RF, RR): (0, 241178, 6, 0)
[M::mem_pestat] skip orientation FF as there are not enough pairs
[M::mem_pestat] analyzing insert size distribution for orientation FR...
[M::mem_pestat] (25, 50, 75) percentile: (159, 181, 207)
[M::mem_pestat] low and high boundaries for computing mean and std.dev: (63, 303)
[M::mem_pestat] mean and std.dev: (184.53, 33.37)
[M::mem_pestat] low and high boundaries for proper pairs: (15, 351)
[M::mem_pestat] skip orientation RF as there are not enough pairs
[M::mem_pestat] skip orientation RR as there are not enough pairs
[M::mem_process_seqs] Processed 645878 reads in 872.371 CPU sec, 111.783 real sec
[M::process] 0 single-end sequences; 646300 paired-end sequences
[M::process] read 645706 sequences (80000205 bp)...
[M::mem_pestat] # candidate unique pairs for (FF, FR, RF, RR): (0, 242914, 5, 0)
[M::mem_pestat] skip orientation FF as there are not enough pairs
[M::mem_pestat] analyzing insert size distribution for orientation FR...
[M::mem_pestat] (25, 50, 75) percentile: (160, 181, 207)
[M::mem_pestat] low and high boundaries for computing mean and std.dev: (66, 301)
[M::mem_pestat] mean and std.dev: (185.02, 33.45)
[M::mem_pestat] low and high boundaries for proper pairs: (19, 348)
[M::mem_pestat] skip orientation RF as there are not enough pairs
[M::mem_pestat] skip orientation RR as there are not enough pairs
[M::mem_process_seqs] Processed 646300 reads in 843.158 CPU sec, 108.130 real sec
[M::process] 0 single-end sequences; 645706 paired-end sequences
[M::process] read 645316 sequences (80000191 bp)...
[M::mem_pestat] # candidate unique pairs for (FF, FR, RF, RR): (0, 242540, 6, 0)
[M::mem_pestat] skip orientation FF as there are not enough pairs
[M::mem_pestat] analyzing insert size distribution for orientation FR...
[M::mem_pestat] (25, 50, 75) percentile: (160, 181, 207)
[M::mem_pestat] low and high boundaries for computing mean and std.dev: (66, 301)
[M::mem_pestat] mean and std.dev: (185.14, 33.48)
[M::mem_pestat] low and high boundaries for proper pairs: (19, 348)
[M::mem_pestat] skip orientation RF as there are not enough pairs
[M::mem_pestat] skip orientation RR as there are not enough pairs
[M::mem_process_seqs] Processed 645706 reads in 842.027 CPU sec, 108.019 real sec
[M::process] 0 single-end sequences; 645316 paired-end sequences
[M::process] read 645906 sequences (80000132 bp)...
[M::mem_pestat] # candidate unique pairs for (FF, FR, RF, RR): (0, 242531, 5, 0)
[M::mem_pestat] skip orientation FF as there are not enough pairs
[M::mem_pestat] analyzing insert size distribution for orientation FR...
[M::mem_pestat] (25, 50, 75) percentile: (160, 181, 207)
[M::mem_pestat] low and high boundaries for computing mean and std.dev: (66, 301)
[M::mem_pestat] mean and std.dev: (184.90, 33.46)
[M::mem_pestat] low and high boundaries for proper pairs: (19, 348)
[M::mem_pestat] skip orientation RF as there are not enough pairs
[M::mem_pestat] skip orientation RR as there are not enough pairs
[M::mem_process_seqs] Processed 645316 reads in 888.810 CPU sec, 113.851 real sec
[M::process] 0 single-end sequences; 645906 paired-end sequences
[M::process] read 645542 sequences (80000183 bp)...
[M::mem_pestat] # candidate unique pairs for (FF, FR, RF, RR): (0, 241381, 7, 0)
[M::mem_pestat] skip orientation FF as there are not enough pairs
[M::mem_pestat] analyzing insert size distribution for orientation FR...
[M::mem_pestat] (25, 50, 75) percentile: (159, 181, 207)
[M::mem_pestat] low and high boundaries for computing mean and std.dev: (63, 303)
[M::mem_pestat] mean and std.dev: (184.79, 33.51)
[M::mem_pestat] low and high boundaries for proper pairs: (15, 351)
[M::mem_pestat] skip orientation RF as there are not enough pairs
[M::mem_pestat] skip orientation RR as there are not enough pairs
[M::mem_process_seqs] Processed 645906 reads in 1106.985 CPU sec, 141.174 real sec
[M::process] 0 single-end sequences; 645542 paired-end sequences
[M::process] read 646108 sequences (80000045 bp)...
[M::mem_pestat] # candidate unique pairs for (FF, FR, RF, RR): (0, 241823, 4, 0)
[M::mem_pestat] skip orientation FF as there are not enough pairs
[M::mem_pestat] analyzing insert size distribution for orientation FR...
[M::mem_pestat] (25, 50, 75) percentile: (159, 181, 207)
[M::mem_pestat] low and high boundaries for computing mean and std.dev: (63, 303)
[M::mem_pestat] mean and std.dev: (184.58, 33.47)
[M::mem_pestat] low and high boundaries for proper pairs: (15, 351)
[M::mem_pestat] skip orientation RF as there are not enough pairs
[M::mem_pestat] skip orientation RR as there are not enough pairs
[M::mem_process_seqs] Processed 645542 reads in 1144.673 CPU sec, 145.860 real sec
[M::process] 0 single-end sequences; 646108 paired-end sequences
[M::process] read 645948 sequences (80000188 bp)...
[M::mem_pestat] # candidate unique pairs for (FF, FR, RF, RR): (0, 242089, 2, 0)
[M::mem_pestat] skip orientation FF as there are not enough pairs
[M::mem_pestat] analyzing insert size distribution for orientation FR...
[M::mem_pestat] (25, 50, 75) percentile: (159, 181, 206)
[M::mem_pestat] low and high boundaries for computing mean and std.dev: (65, 300)
[M::mem_pestat] mean and std.dev: (184.46, 33.38)
[M::mem_pestat] low and high boundaries for proper pairs: (18, 347)
[M::mem_pestat] skip orientation RF as there are not enough pairs
[M::mem_pestat] skip orientation RR as there are not enough pairs
[M::mem_process_seqs] Processed 646108 reads in 908.776 CPU sec, 116.359 real sec
[M::process] 0 single-end sequences; 645948 paired-end sequences
[M::process] read 645930 sequences (80000104 bp)...
[M::mem_pestat] # candidate unique pairs for (FF, FR, RF, RR): (0, 242354, 4, 0)
[M::mem_pestat] skip orientation FF as there are not enough pairs
[M::mem_pestat] analyzing insert size distribution for orientation FR...
[M::mem_pestat] (25, 50, 75) percentile: (160, 181, 207)
[M::mem_pestat] low and high boundaries for computing mean and std.dev: (66, 301)
[M::mem_pestat] mean and std.dev: (184.79, 33.46)
[M::mem_pestat] low and high boundaries for proper pairs: (19, 348)
[M::mem_pestat] skip orientation RF as there are not enough pairs
[M::mem_pestat] skip orientation RR as there are not enough pairs
[M::mem_process_seqs] Processed 645948 reads in 863.414 CPU sec, 110.693 real sec
[M::process] 0 single-end sequences; 645930 paired-end sequences
[M::process] read 645242 sequences (80000036 bp)...
[M::mem_pestat] # candidate unique pairs for (FF, FR, RF, RR): (0, 241758, 6, 0)
[M::mem_pestat] skip orientation FF as there are not enough pairs
[M::mem_pestat] analyzing insert size distribution for orientation FR...
[M::mem_pestat] (25, 50, 75) percentile: (160, 181, 207)
[M::mem_pestat] low and high boundaries for computing mean and std.dev: (66, 301)
[M::mem_pestat] mean and std.dev: (185.10, 33.49)
[M::mem_pestat] low and high boundaries for proper pairs: (19, 348)
[M::mem_pestat] skip orientation RF as there are not enough pairs
[M::mem_pestat] skip orientation RR as there are not enough pairs
[M::mem_process_seqs] Processed 645930 reads in 865.011 CPU sec, 110.862 real sec
[M::process] 0 single-end sequences; 645242 paired-end sequences
[M::process] read 645782 sequences (80000123 bp)...
[M::mem_pestat] # candidate unique pairs for (FF, FR, RF, RR): (0, 242279, 8, 0)
[M::mem_pestat] skip orientation FF as there are not enough pairs
[M::mem_pestat] analyzing insert size distribution for orientation FR...
[M::mem_pestat] (25, 50, 75) percentile: (160, 181, 207)
[M::mem_pestat] low and high boundaries for computing mean and std.dev: (66, 301)
[M::mem_pestat] mean and std.dev: (184.79, 33.46)
[M::mem_pestat] low and high boundaries for proper pairs: (19, 348)
[M::mem_pestat] skip orientation RF as there are not enough pairs
[M::mem_pestat] skip orientation RR as there are not enough pairs
[M::mem_process_seqs] Processed 645242 reads in 855.172 CPU sec, 109.676 real sec
[M::process] 0 single-end sequences; 645782 paired-end sequences
[M::process] read 645488 sequences (80000107 bp)...
[M::mem_pestat] # candidate unique pairs for (FF, FR, RF, RR): (0, 240058, 2, 0)
[M::mem_pestat] skip orientation FF as there are not enough pairs
[M::mem_pestat] analyzing insert size distribution for orientation FR...
[M::mem_pestat] (25, 50, 75) percentile: (160, 181, 207)
[M::mem_pestat] low and high boundaries for computing mean and std.dev: (66, 301)
[M::mem_pestat] mean and std.dev: (184.81, 33.51)
[M::mem_pestat] low and high boundaries for proper pairs: (19, 348)
[M::mem_pestat] skip orientation RF as there are not enough pairs
[M::mem_pestat] skip orientation RR as there are not enough pairs
[M::mem_process_seqs] Processed 645782 reads in 1388.002 CPU sec, 176.335 real sec
[M::process] 0 single-end sequences; 645488 paired-end sequences
[M::process] read 645426 sequences (80000172 bp)...
[M::mem_pestat] # candidate unique pairs for (FF, FR, RF, RR): (0, 241000, 6, 0)
[M::mem_pestat] skip orientation FF as there are not enough pairs
[M::mem_pestat] analyzing insert size distribution for orientation FR...
[M::mem_pestat] (25, 50, 75) percentile: (160, 181, 207)
[M::mem_pestat] low and high boundaries for computing mean and std.dev: (66, 301)
[M::mem_pestat] mean and std.dev: (184.80, 33.48)
[M::mem_pestat] low and high boundaries for proper pairs: (19, 348)
[M::mem_pestat] skip orientation RF as there are not enough pairs
[M::mem_pestat] skip orientation RR as there are not enough pairs
[M::mem_process_seqs] Processed 645488 reads in 1006.006 CPU sec, 128.539 real sec
[M::process] 0 single-end sequences; 645426 paired-end sequences
[M::process] read 645488 sequences (80000136 bp)...
[M::mem_pestat] # candidate unique pairs for (FF, FR, RF, RR): (0, 241220, 3, 0)
[M::mem_pestat] skip orientation FF as there are not enough pairs
[M::mem_pestat] analyzing insert size distribution for orientation FR...
[M::mem_pestat] (25, 50, 75) percentile: (160, 181, 207)
[M::mem_pestat] low and high boundaries for computing mean and std.dev: (66, 301)
[M::mem_pestat] mean and std.dev: (184.64, 33.44)
[M::mem_pestat] low and high boundaries for proper pairs: (19, 348)
[M::mem_pestat] skip orientation RF as there are not enough pairs
[M::mem_pestat] skip orientation RR as there are not enough pairs
[M::mem_process_seqs] Processed 645426 reads in 898.351 CPU sec, 115.052 real sec
[M::process] 0 single-end sequences; 645488 paired-end sequences
[M::process] read 645426 sequences (80000061 bp)...
[M::mem_pestat] # candidate unique pairs for (FF, FR, RF, RR): (0, 240804, 7, 0)
[M::mem_pestat] skip orientation FF as there are not enough pairs
[M::mem_pestat] analyzing insert size distribution for orientation FR...
[M::mem_pestat] (25, 50, 75) percentile: (159, 181, 207)
[M::mem_pestat] low and high boundaries for computing mean and std.dev: (63, 303)
[M::mem_pestat] mean and std.dev: (184.51, 33.37)
[M::mem_pestat] low and high boundaries for proper pairs: (15, 351)
[M::mem_pestat] skip orientation RF as there are not enough pairs
[M::mem_pestat] skip orientation RR as there are not enough pairs
[M::mem_process_seqs] Processed 645488 reads in 873.049 CPU sec, 111.897 real sec
[M::process] 0 single-end sequences; 645426 paired-end sequences
[M::process] read 645312 sequences (80000118 bp)...
[M::mem_pestat] # candidate unique pairs for (FF, FR, RF, RR): (0, 241896, 5, 0)
[M::mem_pestat] skip orientation FF as there are not enough pairs
[M::mem_pestat] analyzing insert size distribution for orientation FR...
[M::mem_pestat] (25, 50, 75) percentile: (160, 181, 207)
[M::mem_pestat] low and high boundaries for computing mean and std.dev: (66, 301)
[M::mem_pestat] mean and std.dev: (184.81, 33.37)
[M::mem_pestat] low and high boundaries for proper pairs: (19, 348)
[M::mem_pestat] skip orientation RF as there are not enough pairs
[M::mem_pestat] skip orientation RR as there are not enough pairs
[M::mem_process_seqs] Processed 645426 reads in 862.108 CPU sec, 110.530 real sec
[M::process] 0 single-end sequences; 645312 paired-end sequences
[M::process] read 645208 sequences (80000152 bp)...
[M::mem_pestat] # candidate unique pairs for (FF, FR, RF, RR): (0, 241912, 7, 0)
[M::mem_pestat] skip orientation FF as there are not enough pairs
[M::mem_pestat] analyzing insert size distribution for orientation FR...
[M::mem_pestat] (25, 50, 75) percentile: (160, 181, 207)
[M::mem_pestat] low and high boundaries for computing mean and std.dev: (66, 301)
[M::mem_pestat] mean and std.dev: (184.92, 33.46)
[M::mem_pestat] low and high boundaries for proper pairs: (19, 348)
[M::mem_pestat] skip orientation RF as there are not enough pairs
[M::mem_pestat] skip orientation RR as there are not enough pairs
[M::mem_process_seqs] Processed 645312 reads in 847.410 CPU sec, 108.687 real sec
[M::process] 0 single-end sequences; 645208 paired-end sequences
[M::process] read 645264 sequences (80000104 bp)...
[M::mem_pestat] # candidate unique pairs for (FF, FR, RF, RR): (0, 241630, 3, 0)
[M::mem_pestat] skip orientation FF as there are not enough pairs
[M::mem_pestat] analyzing insert size distribution for orientation FR...
[M::mem_pestat] (25, 50, 75) percentile: (160, 181, 207)
[M::mem_pestat] low and high boundaries for computing mean and std.dev: (66, 301)
[M::mem_pestat] mean and std.dev: (184.86, 33.42)
[M::mem_pestat] low and high boundaries for proper pairs: (19, 348)
[M::mem_pestat] skip orientation RF as there are not enough pairs
[M::mem_pestat] skip orientation RR as there are not enough pairs
[M::mem_process_seqs] Processed 645208 reads in 852.282 CPU sec, 119.417 real sec
[M::process] 0 single-end sequences; 645264 paired-end sequences
[M::process] read 645388 sequences (80000078 bp)...
[M::mem_pestat] # candidate unique pairs for (FF, FR, RF, RR): (0, 241328, 5, 0)
[M::mem_pestat] skip orientation FF as there are not enough pairs
[M::mem_pestat] analyzing insert size distribution for orientation FR...
[M::mem_pestat] (25, 50, 75) percentile: (160, 181, 207)
[M::mem_pestat] low and high boundaries for computing mean and std.dev: (66, 301)
[M::mem_pestat] mean and std.dev: (184.80, 33.44)
[M::mem_pestat] low and high boundaries for proper pairs: (19, 348)
[M::mem_pestat] skip orientation RF as there are not enough pairs
[M::mem_pestat] skip orientation RR as there are not enough pairs
[M::mem_process_seqs] Processed 645264 reads in 859.292 CPU sec, 153.471 real sec
[M::process] 0 single-end sequences; 645388 paired-end sequences
[M::process] read 645486 sequences (80000202 bp)...
[M::mem_pestat] # candidate unique pairs for (FF, FR, RF, RR): (0, 241064, 6, 0)
[M::mem_pestat] skip orientation FF as there are not enough pairs
[M::mem_pestat] analyzing insert size distribution for orientation FR...
[M::mem_pestat] (25, 50, 75) percentile: (159, 181, 206)
[M::mem_pestat] low and high boundaries for computing mean and std.dev: (65, 300)
[M::mem_pestat] mean and std.dev: (184.56, 33.39)
[M::mem_pestat] low and high boundaries for proper pairs: (18, 347)
[M::mem_pestat] skip orientation RF as there are not enough pairs
[M::mem_pestat] skip orientation RR as there are not enough pairs
[M::mem_process_seqs] Processed 645388 reads in 868.401 CPU sec, 111.378 real sec
[M::process] 0 single-end sequences; 645486 paired-end sequences
[M::process] read 645448 sequences (80000200 bp)...
[M::mem_pestat] # candidate unique pairs for (FF, FR, RF, RR): (0, 239860, 2, 0)
[M::mem_pestat] skip orientation FF as there are not enough pairs
[M::mem_pestat] analyzing insert size distribution for orientation FR...
[M::mem_pestat] (25, 50, 75) percentile: (159, 181, 206)
[M::mem_pestat] low and high boundaries for computing mean and std.dev: (65, 300)
[M::mem_pestat] mean and std.dev: (184.53, 33.34)
[M::mem_pestat] low and high boundaries for proper pairs: (18, 347)
[M::mem_pestat] skip orientation RF as there are not enough pairs
[M::mem_pestat] skip orientation RR as there are not enough pairs
[M::mem_process_seqs] Processed 645486 reads in 884.473 CPU sec, 113.373 real sec
[M::process] 0 single-end sequences; 645448 paired-end sequences
[M::process] read 645214 sequences (80000096 bp)...
[M::mem_pestat] # candidate unique pairs for (FF, FR, RF, RR): (0, 240689, 4, 0)
[M::mem_pestat] skip orientation FF as there are not enough pairs
[M::mem_pestat] analyzing insert size distribution for orientation FR...
[M::mem_pestat] (25, 50, 75) percentile: (159, 181, 207)
[M::mem_pestat] low and high boundaries for computing mean and std.dev: (63, 303)
[M::mem_pestat] mean and std.dev: (184.63, 33.43)
[M::mem_pestat] low and high boundaries for proper pairs: (15, 351)
[M::mem_pestat] skip orientation RF as there are not enough pairs
[M::mem_pestat] skip orientation RR as there are not enough pairs
[M::mem_process_seqs] Processed 645448 reads in 882.184 CPU sec, 113.087 real sec
[M::process] 0 single-end sequences; 645214 paired-end sequences
[M::process] read 645216 sequences (80000130 bp)...
[M::mem_pestat] # candidate unique pairs for (FF, FR, RF, RR): (0, 242812, 2, 0)
[M::mem_pestat] skip orientation FF as there are not enough pairs
[M::mem_pestat] analyzing insert size distribution for orientation FR...
[M::mem_pestat] (25, 50, 75) percentile: (160, 181, 207)
[M::mem_pestat] low and high boundaries for computing mean and std.dev: (66, 301)
[M::mem_pestat] mean and std.dev: (184.90, 33.49)
[M::mem_pestat] low and high boundaries for proper pairs: (19, 348)
[M::mem_pestat] skip orientation RF as there are not enough pairs
[M::mem_pestat] skip orientation RR as there are not enough pairs
[M::mem_process_seqs] Processed 645214 reads in 823.567 CPU sec, 105.701 real sec
[M::process] 0 single-end sequences; 645216 paired-end sequences
[M::process] read 645210 sequences (80000053 bp)...
[M::mem_pestat] # candidate unique pairs for (FF, FR, RF, RR): (0, 242681, 4, 0)
[M::mem_pestat] skip orientation FF as there are not enough pairs
[M::mem_pestat] analyzing insert size distribution for orientation FR...
[M::mem_pestat] (25, 50, 75) percentile: (160, 181, 207)
[M::mem_pestat] low and high boundaries for computing mean and std.dev: (66, 301)
[M::mem_pestat] mean and std.dev: (184.81, 33.48)
[M::mem_pestat] low and high boundaries for proper pairs: (19, 348)
[M::mem_pestat] skip orientation RF as there are not enough pairs
[M::mem_pestat] skip orientation RR as there are not enough pairs
[M::mem_process_seqs] Processed 645216 reads in 826.307 CPU sec, 106.059 real sec
[M::process] 0 single-end sequences; 645210 paired-end sequences
[M::process] read 645318 sequences (80000131 bp)...
[M::mem_pestat] # candidate unique pairs for (FF, FR, RF, RR): (0, 242594, 7, 0)
[M::mem_pestat] skip orientation FF as there are not enough pairs
[M::mem_pestat] analyzing insert size distribution for orientation FR...
[M::mem_pestat] (25, 50, 75) percentile: (160, 181, 207)
[M::mem_pestat] low and high boundaries for computing mean and std.dev: (66, 301)
[M::mem_pestat] mean and std.dev: (184.76, 33.55)
[M::mem_pestat] low and high boundaries for proper pairs: (19, 348)
[M::mem_pestat] skip orientation RF as there are not enough pairs
[M::mem_pestat] skip orientation RR as there are not enough pairs
[M::mem_process_seqs] Processed 645210 reads in 826.653 CPU sec, 106.071 real sec
[M::process] 0 single-end sequences; 645318 paired-end sequences
[M::process] read 645530 sequences (80000134 bp)...
[M::mem_pestat] # candidate unique pairs for (FF, FR, RF, RR): (0, 242643, 8, 0)
[M::mem_pestat] skip orientation FF as there are not enough pairs
[M::mem_pestat] analyzing insert size distribution for orientation FR...
[M::mem_pestat] (25, 50, 75) percentile: (160, 181, 207)
[M::mem_pestat] low and high boundaries for computing mean and std.dev: (66, 301)
[M::mem_pestat] mean and std.dev: (184.70, 33.46)
[M::mem_pestat] low and high boundaries for proper pairs: (19, 348)
[M::mem_pestat] skip orientation RF as there are not enough pairs
[M::mem_pestat] skip orientation RR as there are not enough pairs
[M::mem_process_seqs] Processed 645318 reads in 845.297 CPU sec, 108.439 real sec
[M::process] 0 single-end sequences; 645530 paired-end sequences
[M::process] read 645768 sequences (80000096 bp)...
[M::mem_pestat] # candidate unique pairs for (FF, FR, RF, RR): (0, 241954, 6, 0)
[M::mem_pestat] skip orientation FF as there are not enough pairs
[M::mem_pestat] analyzing insert size distribution for orientation FR...
[M::mem_pestat] (25, 50, 75) percentile: (159, 181, 206)
[M::mem_pestat] low and high boundaries for computing mean and std.dev: (65, 300)
[M::mem_pestat] mean and std.dev: (184.49, 33.37)
[M::mem_pestat] low and high boundaries for proper pairs: (18, 347)
[M::mem_pestat] skip orientation RF as there are not enough pairs
[M::mem_pestat] skip orientation RR as there are not enough pairs
[M::mem_process_seqs] Processed 645530 reads in 869.162 CPU sec, 111.398 real sec
[M::process] 0 single-end sequences; 645768 paired-end sequences
[M::process] read 645428 sequences (80000100 bp)...
[M::mem_pestat] # candidate unique pairs for (FF, FR, RF, RR): (0, 240697, 8, 0)
[M::mem_pestat] skip orientation FF as there are not enough pairs
[M::mem_pestat] analyzing insert size distribution for orientation FR...
[M::mem_pestat] (25, 50, 75) percentile: (159, 181, 207)
[M::mem_pestat] low and high boundaries for computing mean and std.dev: (63, 303)
[M::mem_pestat] mean and std.dev: (184.52, 33.46)
[M::mem_pestat] low and high boundaries for proper pairs: (15, 351)
[M::mem_pestat] skip orientation RF as there are not enough pairs
[M::mem_pestat] skip orientation RR as there are not enough pairs
[M::mem_process_seqs] Processed 645768 reads in 883.048 CPU sec, 113.127 real sec
[M::process] 0 single-end sequences; 645428 paired-end sequences
[M::process] read 645182 sequences (80000146 bp)...
[M::mem_pestat] # candidate unique pairs for (FF, FR, RF, RR): (0, 242103, 5, 0)
[M::mem_pestat] skip orientation FF as there are not enough pairs
[M::mem_pestat] analyzing insert size distribution for orientation FR...
[M::mem_pestat] (25, 50, 75) percentile: (159, 181, 207)
[M::mem_pestat] low and high boundaries for computing mean and std.dev: (63, 303)
[M::mem_pestat] mean and std.dev: (184.65, 33.45)
[M::mem_pestat] low and high boundaries for proper pairs: (15, 351)
[M::mem_pestat] skip orientation RF as there are not enough pairs
[M::mem_pestat] skip orientation RR as there are not enough pairs
[M::mem_process_seqs] Processed 645428 reads in 853.456 CPU sec, 109.455 real sec
[M::process] 0 single-end sequences; 645182 paired-end sequences
[M::process] read 645236 sequences (80000047 bp)...
[M::mem_pestat] # candidate unique pairs for (FF, FR, RF, RR): (0, 242577, 4, 0)
[M::mem_pestat] skip orientation FF as there are not enough pairs
[M::mem_pestat] analyzing insert size distribution for orientation FR...
[M::mem_pestat] (25, 50, 75) percentile: (160, 181, 207)
[M::mem_pestat] low and high boundaries for computing mean and std.dev: (66, 301)
[M::mem_pestat] mean and std.dev: (184.98, 33.44)
[M::mem_pestat] low and high boundaries for proper pairs: (19, 348)
[M::mem_pestat] skip orientation RF as there are not enough pairs
[M::mem_pestat] skip orientation RR as there are not enough pairs
[M::mem_process_seqs] Processed 645182 reads in 827.246 CPU sec, 106.168 real sec
[M::process] 0 single-end sequences; 645236 paired-end sequences
[M::process] read 645264 sequences (80000082 bp)...
[M::mem_pestat] # candidate unique pairs for (FF, FR, RF, RR): (0, 242705, 7, 0)
[M::mem_pestat] skip orientation FF as there are not enough pairs
[M::mem_pestat] analyzing insert size distribution for orientation FR...
[M::mem_pestat] (25, 50, 75) percentile: (160, 181, 207)
[M::mem_pestat] low and high boundaries for computing mean and std.dev: (66, 301)
[M::mem_pestat] mean and std.dev: (184.93, 33.44)
[M::mem_pestat] low and high boundaries for proper pairs: (19, 348)
[M::mem_pestat] skip orientation RF as there are not enough pairs
[M::mem_pestat] skip orientation RR as there are not enough pairs
[M::mem_process_seqs] Processed 645236 reads in 833.488 CPU sec, 106.930 real sec
[M::process] 0 single-end sequences; 645264 paired-end sequences
[M::process] read 645302 sequences (80000058 bp)...
[M::mem_pestat] # candidate unique pairs for (FF, FR, RF, RR): (0, 242544, 7, 0)
[M::mem_pestat] skip orientation FF as there are not enough pairs
[M::mem_pestat] analyzing insert size distribution for orientation FR...
[M::mem_pestat] (25, 50, 75) percentile: (160, 181, 207)
[M::mem_pestat] low and high boundaries for computing mean and std.dev: (66, 301)
[M::mem_pestat] mean and std.dev: (184.89, 33.44)
[M::mem_pestat] low and high boundaries for proper pairs: (19, 348)
[M::mem_pestat] skip orientation RF as there are not enough pairs
[M::mem_pestat] skip orientation RR as there are not enough pairs
[M::mem_process_seqs] Processed 645264 reads in 841.635 CPU sec, 107.977 real sec
[M::process] 0 single-end sequences; 645302 paired-end sequences
[M::process] read 645538 sequences (80000168 bp)...
[M::mem_pestat] # candidate unique pairs for (FF, FR, RF, RR): (0, 241665, 3, 0)
[M::mem_pestat] skip orientation FF as there are not enough pairs
[M::mem_pestat] analyzing insert size distribution for orientation FR...
[M::mem_pestat] (25, 50, 75) percentile: (160, 181, 207)
[M::mem_pestat] low and high boundaries for computing mean and std.dev: (66, 301)
[M::mem_pestat] mean and std.dev: (184.78, 33.44)
[M::mem_pestat] low and high boundaries for proper pairs: (19, 348)
[M::mem_pestat] skip orientation RF as there are not enough pairs
[M::mem_pestat] skip orientation RR as there are not enough pairs
[M::mem_process_seqs] Processed 645302 reads in 854.868 CPU sec, 109.591 real sec
[M::process] 0 single-end sequences; 645538 paired-end sequences
[M::process] read 645746 sequences (80000149 bp)...
[M::mem_pestat] # candidate unique pairs for (FF, FR, RF, RR): (0, 240847, 4, 0)
[M::mem_pestat] skip orientation FF as there are not enough pairs
[M::mem_pestat] analyzing insert size distribution for orientation FR...
[M::mem_pestat] (25, 50, 75) percentile: (160, 181, 207)
[M::mem_pestat] low and high boundaries for computing mean and std.dev: (66, 301)
[M::mem_pestat] mean and std.dev: (184.63, 33.39)
[M::mem_pestat] low and high boundaries for proper pairs: (19, 348)
[M::mem_pestat] skip orientation RF as there are not enough pairs
[M::mem_pestat] skip orientation RR as there are not enough pairs
[M::mem_process_seqs] Processed 645538 reads in 876.410 CPU sec, 112.290 real sec
[M::process] 0 single-end sequences; 645746 paired-end sequences
[M::process] read 645862 sequences (80000122 bp)...
[M::mem_pestat] # candidate unique pairs for (FF, FR, RF, RR): (0, 239874, 6, 0)
[M::mem_pestat] skip orientation FF as there are not enough pairs
[M::mem_pestat] analyzing insert size distribution for orientation FR...
[M::mem_pestat] (25, 50, 75) percentile: (159, 181, 207)
[M::mem_pestat] low and high boundaries for computing mean and std.dev: (63, 303)
[M::mem_pestat] mean and std.dev: (184.54, 33.46)
[M::mem_pestat] low and high boundaries for proper pairs: (15, 351)
[M::mem_pestat] skip orientation RF as there are not enough pairs
[M::mem_pestat] skip orientation RR as there are not enough pairs
[M::mem_process_seqs] Processed 645746 reads in 889.745 CPU sec, 113.979 real sec
[M::process] 0 single-end sequences; 645862 paired-end sequences
[M::process] read 645482 sequences (80000055 bp)...
[M::mem_pestat] # candidate unique pairs for (FF, FR, RF, RR): (0, 241049, 3, 0)
[M::mem_pestat] skip orientation FF as there are not enough pairs
[M::mem_pestat] analyzing insert size distribution for orientation FR...
[M::mem_pestat] (25, 50, 75) percentile: (159, 181, 207)
[M::mem_pestat] low and high boundaries for computing mean and std.dev: (63, 303)
[M::mem_pestat] mean and std.dev: (184.63, 33.40)
[M::mem_pestat] low and high boundaries for proper pairs: (15, 351)
[M::mem_pestat] skip orientation RF as there are not enough pairs
[M::mem_pestat] skip orientation RR as there are not enough pairs
[M::mem_process_seqs] Processed 645862 reads in 862.911 CPU sec, 110.617 real sec
[M::process] 0 single-end sequences; 645482 paired-end sequences
[M::process] read 645276 sequences (80000044 bp)...
[M::mem_pestat] # candidate unique pairs for (FF, FR, RF, RR): (0, 241742, 4, 0)
[M::mem_pestat] skip orientation FF as there are not enough pairs
[M::mem_pestat] analyzing insert size distribution for orientation FR...
[M::mem_pestat] (25, 50, 75) percentile: (160, 181, 207)
[M::mem_pestat] low and high boundaries for computing mean and std.dev: (66, 301)
[M::mem_pestat] mean and std.dev: (185.00, 33.46)
[M::mem_pestat] low and high boundaries for proper pairs: (19, 348)
[M::mem_pestat] skip orientation RF as there are not enough pairs
[M::mem_pestat] skip orientation RR as there are not enough pairs
[M::mem_process_seqs] Processed 645482 reads in 862.919 CPU sec, 110.633 real sec
[M::process] 0 single-end sequences; 645276 paired-end sequences
[M::process] read 645382 sequences (80000177 bp)...
[M::mem_pestat] # candidate unique pairs for (FF, FR, RF, RR): (0, 242040, 3, 0)
[M::mem_pestat] skip orientation FF as there are not enough pairs
[M::mem_pestat] analyzing insert size distribution for orientation FR...
[M::mem_pestat] (25, 50, 75) percentile: (160, 181, 207)
[M::mem_pestat] low and high boundaries for computing mean and std.dev: (66, 301)
[M::mem_pestat] mean and std.dev: (184.83, 33.43)
[M::mem_pestat] low and high boundaries for proper pairs: (19, 348)
[M::mem_pestat] skip orientation RF as there are not enough pairs
[M::mem_pestat] skip orientation RR as there are not enough pairs
[M::mem_process_seqs] Processed 645276 reads in 859.303 CPU sec, 110.156 real sec
[M::process] 0 single-end sequences; 645382 paired-end sequences
[M::process] read 645460 sequences (80000092 bp)...
[M::mem_pestat] # candidate unique pairs for (FF, FR, RF, RR): (0, 241761, 5, 0)
[M::mem_pestat] skip orientation FF as there are not enough pairs
[M::mem_pestat] analyzing insert size distribution for orientation FR...
[M::mem_pestat] (25, 50, 75) percentile: (160, 181, 207)
[M::mem_pestat] low and high boundaries for computing mean and std.dev: (66, 301)
[M::mem_pestat] mean and std.dev: (184.86, 33.43)
[M::mem_pestat] low and high boundaries for proper pairs: (19, 348)
[M::mem_pestat] skip orientation RF as there are not enough pairs
[M::mem_pestat] skip orientation RR as there are not enough pairs
[M::mem_process_seqs] Processed 645382 reads in 863.960 CPU sec, 110.740 real sec
[M::process] 0 single-end sequences; 645460 paired-end sequences
[M::process] read 645676 sequences (80000191 bp)...
[M::mem_pestat] # candidate unique pairs for (FF, FR, RF, RR): (0, 240555, 6, 0)
[M::mem_pestat] skip orientation FF as there are not enough pairs
[M::mem_pestat] analyzing insert size distribution for orientation FR...
[M::mem_pestat] (25, 50, 75) percentile: (160, 181, 207)
[M::mem_pestat] low and high boundaries for computing mean and std.dev: (66, 301)
[M::mem_pestat] mean and std.dev: (184.64, 33.39)
[M::mem_pestat] low and high boundaries for proper pairs: (19, 348)
[M::mem_pestat] skip orientation RF as there are not enough pairs
[M::mem_pestat] skip orientation RR as there are not enough pairs
[M::mem_process_seqs] Processed 645460 reads in 880.604 CPU sec, 112.831 real sec
[M::process] 0 single-end sequences; 645676 paired-end sequences
[M::process] read 645786 sequences (80000113 bp)...
[M::mem_pestat] # candidate unique pairs for (FF, FR, RF, RR): (0, 240564, 8, 0)
[M::mem_pestat] skip orientation FF as there are not enough pairs
[M::mem_pestat] analyzing insert size distribution for orientation FR...
[M::mem_pestat] (25, 50, 75) percentile: (160, 181, 207)
[M::mem_pestat] low and high boundaries for computing mean and std.dev: (66, 301)
[M::mem_pestat] mean and std.dev: (184.67, 33.49)
[M::mem_pestat] low and high boundaries for proper pairs: (19, 348)
[M::mem_pestat] skip orientation RF as there are not enough pairs
[M::mem_pestat] skip orientation RR as there are not enough pairs
[M::mem_process_seqs] Processed 645676 reads in 891.864 CPU sec, 114.236 real sec
[M::process] 0 single-end sequences; 645786 paired-end sequences
[M::process] read 645264 sequences (80000025 bp)...
[M::mem_pestat] # candidate unique pairs for (FF, FR, RF, RR): (0, 239939, 3, 0)
[M::mem_pestat] skip orientation FF as there are not enough pairs
[M::mem_pestat] analyzing insert size distribution for orientation FR...
[M::mem_pestat] (25, 50, 75) percentile: (159, 181, 207)
[M::mem_pestat] low and high boundaries for computing mean and std.dev: (63, 303)
[M::mem_pestat] mean and std.dev: (184.53, 33.38)
[M::mem_pestat] low and high boundaries for proper pairs: (15, 351)
[M::mem_pestat] skip orientation RF as there are not enough pairs
[M::mem_pestat] skip orientation RR as there are not enough pairs
[M::mem_process_seqs] Processed 645786 reads in 888.233 CPU sec, 113.796 real sec
[M::process] 0 single-end sequences; 645264 paired-end sequences
[M::process] read 645208 sequences (80000055 bp)...
[M::mem_pestat] # candidate unique pairs for (FF, FR, RF, RR): (0, 242545, 3, 0)
[M::mem_pestat] skip orientation FF as there are not enough pairs
[M::mem_pestat] analyzing insert size distribution for orientation FR...
[M::mem_pestat] (25, 50, 75) percentile: (160, 181, 207)
[M::mem_pestat] low and high boundaries for computing mean and std.dev: (66, 301)
[M::mem_pestat] mean and std.dev: (184.91, 33.47)
[M::mem_pestat] low and high boundaries for proper pairs: (19, 348)
[M::mem_pestat] skip orientation RF as there are not enough pairs
[M::mem_pestat] skip orientation RR as there are not enough pairs
[M::mem_process_seqs] Processed 645264 reads in 835.534 CPU sec, 107.195 real sec
[M::process] 0 single-end sequences; 645208 paired-end sequences
[M::process] read 645214 sequences (80000247 bp)...
[M::mem_pestat] # candidate unique pairs for (FF, FR, RF, RR): (0, 242610, 4, 0)
[M::mem_pestat] skip orientation FF as there are not enough pairs
[M::mem_pestat] analyzing insert size distribution for orientation FR...
[M::mem_pestat] (25, 50, 75) percentile: (160, 181, 207)
[M::mem_pestat] low and high boundaries for computing mean and std.dev: (66, 301)
[M::mem_pestat] mean and std.dev: (184.82, 33.43)
[M::mem_pestat] low and high boundaries for proper pairs: (19, 348)
[M::mem_pestat] skip orientation RF as there are not enough pairs
[M::mem_pestat] skip orientation RR as there are not enough pairs
[M::mem_process_seqs] Processed 645208 reads in 848.395 CPU sec, 108.784 real sec
[M::process] 0 single-end sequences; 645214 paired-end sequences
[M::process] read 645350 sequences (80000116 bp)...
[M::mem_pestat] # candidate unique pairs for (FF, FR, RF, RR): (0, 242293, 5, 0)
[M::mem_pestat] skip orientation FF as there are not enough pairs
[M::mem_pestat] analyzing insert size distribution for orientation FR...
[M::mem_pestat] (25, 50, 75) percentile: (160, 181, 207)
[M::mem_pestat] low and high boundaries for computing mean and std.dev: (66, 301)
[M::mem_pestat] mean and std.dev: (184.75, 33.39)
[M::mem_pestat] low and high boundaries for proper pairs: (19, 348)
[M::mem_pestat] skip orientation RF as there are not enough pairs
[M::mem_pestat] skip orientation RR as there are not enough pairs
[M::mem_process_seqs] Processed 645214 reads in 851.925 CPU sec, 109.244 real sec
[M::process] 0 single-end sequences; 645350 paired-end sequences
[M::process] read 645672 sequences (80000209 bp)...
[M::mem_pestat] # candidate unique pairs for (FF, FR, RF, RR): (0, 241248, 4, 0)
[M::mem_pestat] skip orientation FF as there are not enough pairs
[M::mem_pestat] analyzing insert size distribution for orientation FR...
[M::mem_pestat] (25, 50, 75) percentile: (159, 181, 206)
[M::mem_pestat] low and high boundaries for computing mean and std.dev: (65, 300)
[M::mem_pestat] mean and std.dev: (184.55, 33.39)
[M::mem_pestat] low and high boundaries for proper pairs: (18, 347)
[M::mem_pestat] skip orientation RF as there are not enough pairs
[M::mem_pestat] skip orientation RR as there are not enough pairs
[M::mem_process_seqs] Processed 645350 reads in 913.553 CPU sec, 116.951 real sec
[M::process] 0 single-end sequences; 645672 paired-end sequences
[M::process] read 645960 sequences (80000104 bp)...
[M::mem_pestat] # candidate unique pairs for (FF, FR, RF, RR): (0, 240096, 4, 0)
[M::mem_pestat] skip orientation FF as there are not enough pairs
[M::mem_pestat] analyzing insert size distribution for orientation FR...
[M::mem_pestat] (25, 50, 75) percentile: (159, 181, 207)
[M::mem_pestat] low and high boundaries for computing mean and std.dev: (63, 303)
[M::mem_pestat] mean and std.dev: (184.56, 33.38)
[M::mem_pestat] low and high boundaries for proper pairs: (15, 351)
[M::mem_pestat] skip orientation RF as there are not enough pairs
[M::mem_pestat] skip orientation RR as there are not enough pairs
[M::mem_process_seqs] Processed 645672 reads in 1033.922 CPU sec, 132.031 real sec
[M::process] 0 single-end sequences; 645960 paired-end sequences
[M::process] read 645790 sequences (80000228 bp)...
[M::mem_pestat] # candidate unique pairs for (FF, FR, RF, RR): (0, 240220, 4, 0)
[M::mem_pestat] skip orientation FF as there are not enough pairs
[M::mem_pestat] analyzing insert size distribution for orientation FR...
[M::mem_pestat] (25, 50, 75) percentile: (159, 181, 206)
[M::mem_pestat] low and high boundaries for computing mean and std.dev: (65, 300)
[M::mem_pestat] mean and std.dev: (184.37, 33.37)
[M::mem_pestat] low and high boundaries for proper pairs: (18, 347)
[M::mem_pestat] skip orientation RF as there are not enough pairs
[M::mem_pestat] skip orientation RR as there are not enough pairs
[M::mem_process_seqs] Processed 645960 reads in 998.103 CPU sec, 127.544 real sec
[M::process] 0 single-end sequences; 645790 paired-end sequences
[M::process] read 645332 sequences (80000190 bp)...
[M::mem_pestat] # candidate unique pairs for (FF, FR, RF, RR): (0, 241812, 3, 0)
[M::mem_pestat] skip orientation FF as there are not enough pairs
[M::mem_pestat] analyzing insert size distribution for orientation FR...
[M::mem_pestat] (25, 50, 75) percentile: (160, 181, 207)
[M::mem_pestat] low and high boundaries for computing mean and std.dev: (66, 301)
[M::mem_pestat] mean and std.dev: (184.67, 33.47)
[M::mem_pestat] low and high boundaries for proper pairs: (19, 348)
[M::mem_pestat] skip orientation RF as there are not enough pairs
[M::mem_pestat] skip orientation RR as there are not enough pairs
[M::mem_process_seqs] Processed 645790 reads in 904.303 CPU sec, 115.783 real sec
[M::process] 0 single-end sequences; 645332 paired-end sequences
[M::process] read 645324 sequences (80000071 bp)...
[M::mem_pestat] # candidate unique pairs for (FF, FR, RF, RR): (0, 242116, 6, 0)
[M::mem_pestat] skip orientation FF as there are not enough pairs
[M::mem_pestat] analyzing insert size distribution for orientation FR...
[M::mem_pestat] (25, 50, 75) percentile: (160, 181, 207)
[M::mem_pestat] low and high boundaries for computing mean and std.dev: (66, 301)
[M::mem_pestat] mean and std.dev: (184.86, 33.45)
[M::mem_pestat] low and high boundaries for proper pairs: (19, 348)
[M::mem_pestat] skip orientation RF as there are not enough pairs
[M::mem_pestat] skip orientation RR as there are not enough pairs
[M::mem_process_seqs] Processed 645332 reads in 852.756 CPU sec, 109.339 real sec
[M::process] 0 single-end sequences; 645324 paired-end sequences
[M::process] read 645330 sequences (80000087 bp)...
[M::mem_pestat] # candidate unique pairs for (FF, FR, RF, RR): (0, 241613, 6, 0)
[M::mem_pestat] skip orientation FF as there are not enough pairs
[M::mem_pestat] analyzing insert size distribution for orientation FR...
[M::mem_pestat] (25, 50, 75) percentile: (160, 181, 207)
[M::mem_pestat] low and high boundaries for computing mean and std.dev: (66, 301)
[M::mem_pestat] mean and std.dev: (184.95, 33.43)
[M::mem_pestat] low and high boundaries for proper pairs: (19, 348)
[M::mem_pestat] skip orientation RF as there are not enough pairs
[M::mem_pestat] skip orientation RR as there are not enough pairs
[M::mem_process_seqs] Processed 645324 reads in 860.860 CPU sec, 110.351 real sec
[M::process] 0 single-end sequences; 645330 paired-end sequences
[M::process] read 645714 sequences (80000045 bp)...
[M::mem_pestat] # candidate unique pairs for (FF, FR, RF, RR): (0, 241920, 4, 0)
[M::mem_pestat] skip orientation FF as there are not enough pairs
[M::mem_pestat] analyzing insert size distribution for orientation FR...
[M::mem_pestat] (25, 50, 75) percentile: (159, 181, 207)
[M::mem_pestat] low and high boundaries for computing mean and std.dev: (63, 303)
[M::mem_pestat] mean and std.dev: (184.65, 33.44)
[M::mem_pestat] low and high boundaries for proper pairs: (15, 351)
[M::mem_pestat] skip orientation RF as there are not enough pairs
[M::mem_pestat] skip orientation RR as there are not enough pairs
[M::mem_process_seqs] Processed 645330 reads in 903.526 CPU sec, 115.685 real sec
[M::process] 0 single-end sequences; 645714 paired-end sequences
[M::process] read 646312 sequences (80000053 bp)...
[M::mem_pestat] # candidate unique pairs for (FF, FR, RF, RR): (0, 238454, 9, 0)
[M::mem_pestat] skip orientation FF as there are not enough pairs
[M::mem_pestat] analyzing insert size distribution for orientation FR...
[M::mem_pestat] (25, 50, 75) percentile: (159, 181, 207)
[M::mem_pestat] low and high boundaries for computing mean and std.dev: (63, 303)
[M::mem_pestat] mean and std.dev: (184.58, 33.47)
[M::mem_pestat] low and high boundaries for proper pairs: (15, 351)
[M::mem_pestat] skip orientation RF as there are not enough pairs
[M::mem_pestat] skip orientation RR as there are not enough pairs
[M::mem_process_seqs] Processed 645714 reads in 1202.149 CPU sec, 153.072 real sec
[M::process] 0 single-end sequences; 646312 paired-end sequences
[M::process] read 646550 sequences (80000070 bp)...
[M::mem_pestat] # candidate unique pairs for (FF, FR, RF, RR): (0, 235748, 5, 0)
[M::mem_pestat] skip orientation FF as there are not enough pairs
[M::mem_pestat] analyzing insert size distribution for orientation FR...
[M::mem_pestat] (25, 50, 75) percentile: (160, 181, 207)
[M::mem_pestat] low and high boundaries for computing mean and std.dev: (66, 301)
[M::mem_pestat] mean and std.dev: (184.65, 33.39)
[M::mem_pestat] low and high boundaries for proper pairs: (19, 348)
[M::mem_pestat] skip orientation RF as there are not enough pairs
[M::mem_pestat] skip orientation RR as there are not enough pairs
[M::mem_process_seqs] Processed 646312 reads in 1445.542 CPU sec, 183.533 real sec
[M::process] 0 single-end sequences; 646550 paired-end sequences
[M::process] read 645500 sequences (80000000 bp)...
[M::mem_pestat] # candidate unique pairs for (FF, FR, RF, RR): (0, 240780, 6, 0)
[M::mem_pestat] skip orientation FF as there are not enough pairs
[M::mem_pestat] analyzing insert size distribution for orientation FR...
[M::mem_pestat] (25, 50, 75) percentile: (159, 181, 207)
[M::mem_pestat] low and high boundaries for computing mean and std.dev: (63, 303)
[M::mem_pestat] mean and std.dev: (184.60, 33.44)
[M::mem_pestat] low and high boundaries for proper pairs: (15, 351)
[M::mem_pestat] skip orientation RF as there are not enough pairs
[M::mem_pestat] skip orientation RR as there are not enough pairs
[M::mem_process_seqs] Processed 646550 reads in 929.309 CPU sec, 119.019 real sec
[M::process] 0 single-end sequences; 645500 paired-end sequences
[M::process] read 645466 sequences (80000231 bp)...
[M::mem_pestat] # candidate unique pairs for (FF, FR, RF, RR): (0, 241416, 2, 0)
[M::mem_pestat] skip orientation FF as there are not enough pairs
[M::mem_pestat] analyzing insert size distribution for orientation FR...
[M::mem_pestat] (25, 50, 75) percentile: (160, 181, 207)
[M::mem_pestat] low and high boundaries for computing mean and std.dev: (66, 301)
[M::mem_pestat] mean and std.dev: (185.09, 33.44)
[M::mem_pestat] low and high boundaries for proper pairs: (19, 348)
[M::mem_pestat] skip orientation RF as there are not enough pairs
[M::mem_pestat] skip orientation RR as there are not enough pairs
[M::mem_process_seqs] Processed 645500 reads in 858.291 CPU sec, 127.038 real sec
[M::process] 0 single-end sequences; 645466 paired-end sequences
[M::process] read 645472 sequences (80000072 bp)...
[M::mem_pestat] # candidate unique pairs for (FF, FR, RF, RR): (0, 242261, 8, 0)
[M::mem_pestat] skip orientation FF as there are not enough pairs
[M::mem_pestat] analyzing insert size distribution for orientation FR...
[M::mem_pestat] (25, 50, 75) percentile: (160, 181, 207)
[M::mem_pestat] low and high boundaries for computing mean and std.dev: (66, 301)
[M::mem_pestat] mean and std.dev: (184.98, 33.50)
[M::mem_pestat] low and high boundaries for proper pairs: (19, 348)
[M::mem_pestat] skip orientation RF as there are not enough pairs
[M::mem_pestat] skip orientation RR as there are not enough pairs
[M::mem_process_seqs] Processed 645466 reads in 846.080 CPU sec, 132.059 real sec
[M::process] 0 single-end sequences; 645472 paired-end sequences
[M::process] read 645564 sequences (80000069 bp)...
[M::mem_pestat] # candidate unique pairs for (FF, FR, RF, RR): (0, 242061, 7, 0)
[M::mem_pestat] skip orientation FF as there are not enough pairs
[M::mem_pestat] analyzing insert size distribution for orientation FR...
[M::mem_pestat] (25, 50, 75) percentile: (160, 181, 207)
[M::mem_pestat] low and high boundaries for computing mean and std.dev: (66, 301)
[M::mem_pestat] mean and std.dev: (184.94, 33.50)
[M::mem_pestat] low and high boundaries for proper pairs: (19, 348)
[M::mem_pestat] skip orientation RF as there are not enough pairs
[M::mem_pestat] skip orientation RR as there are not enough pairs
[M::mem_process_seqs] Processed 645472 reads in 856.020 CPU sec, 172.966 real sec
[M::process] 0 single-end sequences; 645564 paired-end sequences
[M::process] read 645678 sequences (80000198 bp)...
[M::mem_pestat] # candidate unique pairs for (FF, FR, RF, RR): (0, 240794, 1, 0)
[M::mem_pestat] skip orientation FF as there are not enough pairs
[M::mem_pestat] analyzing insert size distribution for orientation FR...
[M::mem_pestat] (25, 50, 75) percentile: (160, 181, 207)
[M::mem_pestat] low and high boundaries for computing mean and std.dev: (66, 301)
[M::mem_pestat] mean and std.dev: (184.95, 33.43)
[M::mem_pestat] low and high boundaries for proper pairs: (19, 348)
[M::mem_pestat] skip orientation RF as there are not enough pairs
[M::mem_pestat] skip orientation RR as there are not enough pairs
[M::mem_process_seqs] Processed 645564 reads in 907.840 CPU sec, 234.845 real sec
[M::process] 0 single-end sequences; 645678 paired-end sequences
[M::process] read 645858 sequences (80000044 bp)...
[M::mem_pestat] # candidate unique pairs for (FF, FR, RF, RR): (0, 240167, 7, 0)
[M::mem_pestat] skip orientation FF as there are not enough pairs
[M::mem_pestat] analyzing insert size distribution for orientation FR...
[M::mem_pestat] (25, 50, 75) percentile: (159, 181, 207)
[M::mem_pestat] low and high boundaries for computing mean and std.dev: (63, 303)
[M::mem_pestat] mean and std.dev: (184.65, 33.51)
[M::mem_pestat] low and high boundaries for proper pairs: (15, 351)
[M::mem_pestat] skip orientation RF as there are not enough pairs
[M::mem_pestat] skip orientation RR as there are not enough pairs
[M::mem_process_seqs] Processed 645678 reads in 941.384 CPU sec, 376.293 real sec
[M::process] 0 single-end sequences; 645858 paired-end sequences
[M::process] read 645426 sequences (80000035 bp)...
[M::mem_pestat] # candidate unique pairs for (FF, FR, RF, RR): (0, 240111, 4, 0)
[M::mem_pestat] skip orientation FF as there are not enough pairs
[M::mem_pestat] analyzing insert size distribution for orientation FR...
[M::mem_pestat] (25, 50, 75) percentile: (159, 181, 207)
[M::mem_pestat] low and high boundaries for computing mean and std.dev: (63, 303)
[M::mem_pestat] mean and std.dev: (184.60, 33.40)
[M::mem_pestat] low and high boundaries for proper pairs: (15, 351)
[M::mem_pestat] skip orientation RF as there are not enough pairs
[M::mem_pestat] skip orientation RR as there are not enough pairs
[M::mem_process_seqs] Processed 645858 reads in 935.909 CPU sec, 240.114 real sec
[M::process] 0 single-end sequences; 645426 paired-end sequences
[M::process] read 645244 sequences (80000062 bp)...
[M::mem_pestat] # candidate unique pairs for (FF, FR, RF, RR): (0, 241989, 8, 0)
[M::mem_pestat] skip orientation FF as there are not enough pairs
[M::mem_pestat] analyzing insert size distribution for orientation FR...
[M::mem_pestat] (25, 50, 75) percentile: (160, 181, 207)
[M::mem_pestat] low and high boundaries for computing mean and std.dev: (66, 301)
[M::mem_pestat] mean and std.dev: (184.65, 33.42)
[M::mem_pestat] low and high boundaries for proper pairs: (19, 348)
[M::mem_pestat] skip orientation RF as there are not enough pairs
[M::mem_pestat] skip orientation RR as there are not enough pairs
[M::mem_process_seqs] Processed 645426 reads in 906.876 CPU sec, 384.158 real sec
[M::process] 0 single-end sequences; 645244 paired-end sequences
[M::process] read 645204 sequences (80000176 bp)...
[M::mem_pestat] # candidate unique pairs for (FF, FR, RF, RR): (0, 242764, 6, 0)
[M::mem_pestat] skip orientation FF as there are not enough pairs
[M::mem_pestat] analyzing insert size distribution for orientation FR...
[M::mem_pestat] (25, 50, 75) percentile: (160, 181, 207)
[M::mem_pestat] low and high boundaries for computing mean and std.dev: (66, 301)
[M::mem_pestat] mean and std.dev: (184.94, 33.46)
[M::mem_pestat] low and high boundaries for proper pairs: (19, 348)
[M::mem_pestat] skip orientation RF as there are not enough pairs
[M::mem_pestat] skip orientation RR as there are not enough pairs
[M::mem_process_seqs] Processed 645244 reads in 891.446 CPU sec, 329.214 real sec
[M::process] 0 single-end sequences; 645204 paired-end sequences
[M::process] read 645298 sequences (80000043 bp)...
[M::mem_pestat] # candidate unique pairs for (FF, FR, RF, RR): (0, 243114, 6, 0)
[M::mem_pestat] skip orientation FF as there are not enough pairs
[M::mem_pestat] analyzing insert size distribution for orientation FR...
[M::mem_pestat] (25, 50, 75) percentile: (160, 181, 207)
[M::mem_pestat] low and high boundaries for computing mean and std.dev: (66, 301)
[M::mem_pestat] mean and std.dev: (184.83, 33.41)
[M::mem_pestat] low and high boundaries for proper pairs: (19, 348)
[M::mem_pestat] skip orientation RF as there are not enough pairs
[M::mem_pestat] skip orientation RR as there are not enough pairs
[M::mem_process_seqs] Processed 645204 reads in 904.275 CPU sec, 387.128 real sec
[M::process] 0 single-end sequences; 645298 paired-end sequences
[M::process] read 645370 sequences (80000118 bp)...
[M::mem_pestat] # candidate unique pairs for (FF, FR, RF, RR): (0, 242968, 11, 0)
[M::mem_pestat] skip orientation FF as there are not enough pairs
[M::mem_pestat] analyzing insert size distribution for orientation FR...
[M::mem_pestat] (25, 50, 75) percentile: (160, 181, 207)
[M::mem_pestat] low and high boundaries for computing mean and std.dev: (66, 301)
[M::mem_pestat] mean and std.dev: (184.77, 33.32)
[M::mem_pestat] low and high boundaries for proper pairs: (19, 348)
[M::mem_pestat] analyzing insert size distribution for orientation RF...
[M::mem_pestat] (25, 50, 75) percentile: (135, 148, 194)
[M::mem_pestat] low and high boundaries for computing mean and std.dev: (17, 312)
[M::mem_pestat] mean and std.dev: (151.33, 28.02)
[M::mem_pestat] low and high boundaries for proper pairs: (1, 371)
[M::mem_pestat] skip orientation RR as there are not enough pairs
[M::mem_pestat] skip orientation RF
[M::mem_process_seqs] Processed 645298 reads in 847.194 CPU sec, 165.494 real sec
[M::process] 0 single-end sequences; 645370 paired-end sequences
[M::process] read 645588 sequences (80000003 bp)...
[M::mem_pestat] # candidate unique pairs for (FF, FR, RF, RR): (0, 242451, 3, 0)
[M::mem_pestat] skip orientation FF as there are not enough pairs
[M::mem_pestat] analyzing insert size distribution for orientation FR...
[M::mem_pestat] (25, 50, 75) percentile: (160, 181, 207)
[M::mem_pestat] low and high boundaries for computing mean and std.dev: (66, 301)
[M::mem_pestat] mean and std.dev: (184.74, 33.49)
[M::mem_pestat] low and high boundaries for proper pairs: (19, 348)
[M::mem_pestat] skip orientation RF as there are not enough pairs
[M::mem_pestat] skip orientation RR as there are not enough pairs
[M::mem_process_seqs] Processed 645370 reads in 869.394 CPU sec, 147.010 real sec
[M::process] 0 single-end sequences; 645588 paired-end sequences
[M::process] read 645688 sequences (80000177 bp)...
[M::mem_pestat] # candidate unique pairs for (FF, FR, RF, RR): (0, 241130, 11, 0)
[M::mem_pestat] skip orientation FF as there are not enough pairs
[M::mem_pestat] analyzing insert size distribution for orientation FR...
[M::mem_pestat] (25, 50, 75) percentile: (159, 181, 206)
[M::mem_pestat] low and high boundaries for computing mean and std.dev: (65, 300)
[M::mem_pestat] mean and std.dev: (184.46, 33.33)
[M::mem_pestat] low and high boundaries for proper pairs: (18, 347)
[M::mem_pestat] analyzing insert size distribution for orientation RF...
[M::mem_pestat] (25, 50, 75) percentile: (167, 178, 247)
[M::mem_pestat] low and high boundaries for computing mean and std.dev: (7, 407)
[M::mem_pestat] mean and std.dev: (171.00, 35.33)
[M::mem_pestat] low and high boundaries for proper pairs: (1, 487)
[M::mem_pestat] skip orientation RR as there are not enough pairs
[M::mem_pestat] skip orientation RF
[M::mem_process_seqs] Processed 645588 reads in 890.616 CPU sec, 142.474 real sec
[M::process] 0 single-end sequences; 645688 paired-end sequences
[M::process] read 645350 sequences (80000245 bp)...
[M::mem_pestat] # candidate unique pairs for (FF, FR, RF, RR): (0, 241179, 4, 0)
[M::mem_pestat] skip orientation FF as there are not enough pairs
[M::mem_pestat] analyzing insert size distribution for orientation FR...
[M::mem_pestat] (25, 50, 75) percentile: (159, 181, 206)
[M::mem_pestat] low and high boundaries for computing mean and std.dev: (65, 300)
[M::mem_pestat] mean and std.dev: (184.48, 33.41)
[M::mem_pestat] low and high boundaries for proper pairs: (18, 347)
[M::mem_pestat] skip orientation RF as there are not enough pairs
[M::mem_pestat] skip orientation RR as there are not enough pairs
[M::mem_process_seqs] Processed 645688 reads in 854.704 CPU sec, 123.967 real sec
[M::process] 0 single-end sequences; 645350 paired-end sequences
[M::process] read 645284 sequences (80000158 bp)...
[M::mem_pestat] # candidate unique pairs for (FF, FR, RF, RR): (0, 242598, 6, 0)
[M::mem_pestat] skip orientation FF as there are not enough pairs
[M::mem_pestat] analyzing insert size distribution for orientation FR...
[M::mem_pestat] (25, 50, 75) percentile: (160, 181, 207)
[M::mem_pestat] low and high boundaries for computing mean and std.dev: (66, 301)
[M::mem_pestat] mean and std.dev: (184.93, 33.48)
[M::mem_pestat] low and high boundaries for proper pairs: (19, 348)
[M::mem_pestat] skip orientation RF as there are not enough pairs
[M::mem_pestat] skip orientation RR as there are not enough pairs
[M::mem_process_seqs] Processed 645350 reads in 836.978 CPU sec, 107.605 real sec
[M::process] 0 single-end sequences; 645284 paired-end sequences
[M::process] read 645298 sequences (80000133 bp)...
[M::mem_pestat] # candidate unique pairs for (FF, FR, RF, RR): (0, 242679, 7, 0)
[M::mem_pestat] skip orientation FF as there are not enough pairs
[M::mem_pestat] analyzing insert size distribution for orientation FR...
[M::mem_pestat] (25, 50, 75) percentile: (160, 181, 207)
[M::mem_pestat] low and high boundaries for computing mean and std.dev: (66, 301)
[M::mem_pestat] mean and std.dev: (184.98, 33.51)
[M::mem_pestat] low and high boundaries for proper pairs: (19, 348)
[M::mem_pestat] skip orientation RF as there are not enough pairs
[M::mem_pestat] skip orientation RR as there are not enough pairs
[M::mem_process_seqs] Processed 645284 reads in 832.820 CPU sec, 107.030 real sec
[M::process] 0 single-end sequences; 645298 paired-end sequences
[M::process] read 645360 sequences (80000121 bp)...
[M::mem_pestat] # candidate unique pairs for (FF, FR, RF, RR): (0, 242598, 9, 0)
[M::mem_pestat] skip orientation FF as there are not enough pairs
[M::mem_pestat] analyzing insert size distribution for orientation FR...
[M::mem_pestat] (25, 50, 75) percentile: (160, 181, 207)
[M::mem_pestat] low and high boundaries for computing mean and std.dev: (66, 301)
[M::mem_pestat] mean and std.dev: (184.83, 33.46)
[M::mem_pestat] low and high boundaries for proper pairs: (19, 348)
[M::mem_pestat] skip orientation RF as there are not enough pairs
[M::mem_pestat] skip orientation RR as there are not enough pairs
[M::mem_process_seqs] Processed 645298 reads in 829.823 CPU sec, 106.629 real sec
[M::process] 0 single-end sequences; 645360 paired-end sequences
[M::process] read 645478 sequences (80000249 bp)...
[M::mem_pestat] # candidate unique pairs for (FF, FR, RF, RR): (0, 242061, 5, 0)
[M::mem_pestat] skip orientation FF as there are not enough pairs
[M::mem_pestat] analyzing insert size distribution for orientation FR...
[M::mem_pestat] (25, 50, 75) percentile: (160, 181, 207)
[M::mem_pestat] low and high boundaries for computing mean and std.dev: (66, 301)
[M::mem_pestat] mean and std.dev: (184.79, 33.38)
[M::mem_pestat] low and high boundaries for proper pairs: (19, 348)
[M::mem_pestat] skip orientation RF as there are not enough pairs
[M::mem_pestat] skip orientation RR as there are not enough pairs
[M::mem_process_seqs] Processed 645360 reads in 851.856 CPU sec, 109.434 real sec
[M::process] 0 single-end sequences; 645478 paired-end sequences
[M::process] read 645700 sequences (80000237 bp)...
[M::mem_pestat] # candidate unique pairs for (FF, FR, RF, RR): (0, 240948, 3, 0)
[M::mem_pestat] skip orientation FF as there are not enough pairs
[M::mem_pestat] analyzing insert size distribution for orientation FR...
[M::mem_pestat] (25, 50, 75) percentile: (159, 181, 207)
[M::mem_pestat] low and high boundaries for computing mean and std.dev: (63, 303)
[M::mem_pestat] mean and std.dev: (184.60, 33.47)
[M::mem_pestat] low and high boundaries for proper pairs: (15, 351)
[M::mem_pestat] skip orientation RF as there are not enough pairs
[M::mem_pestat] skip orientation RR as there are not enough pairs
[M::mem_process_seqs] Processed 645478 reads in 871.726 CPU sec, 112.407 real sec
[M::process] 0 single-end sequences; 645700 paired-end sequences
[M::process] read 645766 sequences (80000100 bp)...
[M::mem_pestat] # candidate unique pairs for (FF, FR, RF, RR): (0, 240652, 10, 0)
[M::mem_pestat] skip orientation FF as there are not enough pairs
[M::mem_pestat] analyzing insert size distribution for orientation FR...
[M::mem_pestat] (25, 50, 75) percentile: (159, 181, 207)
[M::mem_pestat] low and high boundaries for computing mean and std.dev: (63, 303)
[M::mem_pestat] mean and std.dev: (184.57, 33.40)
[M::mem_pestat] low and high boundaries for proper pairs: (15, 351)
[M::mem_pestat] analyzing insert size distribution for orientation RF...
[M::mem_pestat] (25, 50, 75) percentile: (159, 177, 1014)
[M::mem_pestat] low and high boundaries for computing mean and std.dev: (1, 2724)
[M::mem_pestat] mean and std.dev: (267.75, 282.45)
[M::mem_pestat] low and high boundaries for proper pairs: (1, 3579)
[M::mem_pestat] skip orientation RR as there are not enough pairs
[M::mem_pestat] skip orientation RF
[M::mem_process_seqs] Processed 645700 reads in 885.952 CPU sec, 114.004 real sec
[M::process] 0 single-end sequences; 645766 paired-end sequences
[M::process] read 645488 sequences (80000021 bp)...
[M::mem_pestat] # candidate unique pairs for (FF, FR, RF, RR): (0, 240167, 8, 0)
[M::mem_pestat] skip orientation FF as there are not enough pairs
[M::mem_pestat] analyzing insert size distribution for orientation FR...
[M::mem_pestat] (25, 50, 75) percentile: (160, 181, 207)
[M::mem_pestat] low and high boundaries for computing mean and std.dev: (66, 301)
[M::mem_pestat] mean and std.dev: (184.52, 33.30)
[M::mem_pestat] low and high boundaries for proper pairs: (19, 348)
[M::mem_pestat] skip orientation RF as there are not enough pairs
[M::mem_pestat] skip orientation RR as there are not enough pairs
[M::mem_process_seqs] Processed 645766 reads in 883.067 CPU sec, 113.454 real sec
[M::process] 0 single-end sequences; 645488 paired-end sequences
[M::process] read 645488 sequences (80000209 bp)...
[M::mem_pestat] # candidate unique pairs for (FF, FR, RF, RR): (0, 241510, 1, 0)
[M::mem_pestat] skip orientation FF as there are not enough pairs
[M::mem_pestat] analyzing insert size distribution for orientation FR...
[M::mem_pestat] (25, 50, 75) percentile: (160, 181, 207)
[M::mem_pestat] low and high boundaries for computing mean and std.dev: (66, 301)
[M::mem_pestat] mean and std.dev: (184.98, 33.42)
[M::mem_pestat] low and high boundaries for proper pairs: (19, 348)
[M::mem_pestat] skip orientation RF as there are not enough pairs
[M::mem_pestat] skip orientation RR as there are not enough pairs
[M::mem_process_seqs] Processed 645488 reads in 861.238 CPU sec, 110.491 real sec
[M::process] 0 single-end sequences; 645488 paired-end sequences
[M::process] read 645352 sequences (80000056 bp)...
[M::mem_pestat] # candidate unique pairs for (FF, FR, RF, RR): (0, 241780, 9, 0)
[M::mem_pestat] skip orientation FF as there are not enough pairs
[M::mem_pestat] analyzing insert size distribution for orientation FR...
[M::mem_pestat] (25, 50, 75) percentile: (160, 181, 207)
[M::mem_pestat] low and high boundaries for computing mean and std.dev: (66, 301)
[M::mem_pestat] mean and std.dev: (185.03, 33.51)
[M::mem_pestat] low and high boundaries for proper pairs: (19, 348)
[M::mem_pestat] skip orientation RF as there are not enough pairs
[M::mem_pestat] skip orientation RR as there are not enough pairs
[M::mem_process_seqs] Processed 645488 reads in 861.614 CPU sec, 110.523 real sec
[M::process] 0 single-end sequences; 645352 paired-end sequences
[M::process] read 645422 sequences (80000132 bp)...
[M::mem_pestat] # candidate unique pairs for (FF, FR, RF, RR): (0, 241057, 4, 0)
[M::mem_pestat] skip orientation FF as there are not enough pairs
[M::mem_pestat] analyzing insert size distribution for orientation FR...
[M::mem_pestat] (25, 50, 75) percentile: (160, 181, 207)
[M::mem_pestat] low and high boundaries for computing mean and std.dev: (66, 301)
[M::mem_pestat] mean and std.dev: (184.84, 33.41)
[M::mem_pestat] low and high boundaries for proper pairs: (19, 348)
[M::mem_pestat] skip orientation RF as there are not enough pairs
[M::mem_pestat] skip orientation RR as there are not enough pairs
[M::mem_process_seqs] Processed 645352 reads in 874.730 CPU sec, 112.288 real sec
[M::process] 0 single-end sequences; 645422 paired-end sequences
[M::process] read 645482 sequences (80000077 bp)...
[M::mem_pestat] # candidate unique pairs for (FF, FR, RF, RR): (0, 240234, 2, 0)
[M::mem_pestat] skip orientation FF as there are not enough pairs
[M::mem_pestat] analyzing insert size distribution for orientation FR...
[M::mem_pestat] (25, 50, 75) percentile: (160, 181, 207)
[M::mem_pestat] low and high boundaries for computing mean and std.dev: (66, 301)
[M::mem_pestat] mean and std.dev: (184.78, 33.44)
[M::mem_pestat] low and high boundaries for proper pairs: (19, 348)
[M::mem_pestat] skip orientation RF as there are not enough pairs
[M::mem_pestat] skip orientation RR as there are not enough pairs
[M::mem_process_seqs] Processed 645422 reads in 883.292 CPU sec, 113.361 real sec
[M::process] 0 single-end sequences; 645482 paired-end sequences
[M::process] read 645692 sequences (80000190 bp)...
[M::mem_pestat] # candidate unique pairs for (FF, FR, RF, RR): (0, 239302, 6, 0)
[M::mem_pestat] skip orientation FF as there are not enough pairs
[M::mem_pestat] analyzing insert size distribution for orientation FR...
[M::mem_pestat] (25, 50, 75) percentile: (160, 181, 207)
[M::mem_pestat] low and high boundaries for computing mean and std.dev: (66, 301)
[M::mem_pestat] mean and std.dev: (184.66, 33.42)
[M::mem_pestat] low and high boundaries for proper pairs: (19, 348)
[M::mem_pestat] skip orientation RF as there are not enough pairs
[M::mem_pestat] skip orientation RR as there are not enough pairs
[M::mem_process_seqs] Processed 645482 reads in 901.945 CPU sec, 116.019 real sec
[M::process] 0 single-end sequences; 645692 paired-end sequences
[M::process] read 645424 sequences (80000142 bp)...
[M::mem_pestat] # candidate unique pairs for (FF, FR, RF, RR): (0, 238799, 9, 0)
[M::mem_pestat] skip orientation FF as there are not enough pairs
[M::mem_pestat] analyzing insert size distribution for orientation FR...
[M::mem_pestat] (25, 50, 75) percentile: (159, 181, 206)
[M::mem_pestat] low and high boundaries for computing mean and std.dev: (65, 300)
[M::mem_pestat] mean and std.dev: (184.45, 33.38)
[M::mem_pestat] low and high boundaries for proper pairs: (18, 347)
[M::mem_pestat] skip orientation RF as there are not enough pairs
[M::mem_pestat] skip orientation RR as there are not enough pairs
[M::mem_process_seqs] Processed 645692 reads in 910.015 CPU sec, 116.766 real sec
[M::process] 0 single-end sequences; 645424 paired-end sequences
[M::process] read 645464 sequences (80000130 bp)...
[M::mem_pestat] # candidate unique pairs for (FF, FR, RF, RR): (0, 240770, 7, 0)
[M::mem_pestat] skip orientation FF as there are not enough pairs
[M::mem_pestat] analyzing insert size distribution for orientation FR...
[M::mem_pestat] (25, 50, 75) percentile: (160, 181, 207)
[M::mem_pestat] low and high boundaries for computing mean and std.dev: (66, 301)
[M::mem_pestat] mean and std.dev: (184.79, 33.50)
[M::mem_pestat] low and high boundaries for proper pairs: (19, 348)
[M::mem_pestat] skip orientation RF as there are not enough pairs
[M::mem_pestat] skip orientation RR as there are not enough pairs
[M::mem_process_seqs] Processed 645424 reads in 907.250 CPU sec, 116.373 real sec
[M::process] 0 single-end sequences; 645464 paired-end sequences
[M::process] read 645270 sequences (80000047 bp)...
[M::mem_pestat] # candidate unique pairs for (FF, FR, RF, RR): (0, 242066, 1, 0)
[M::mem_pestat] skip orientation FF as there are not enough pairs
[M::mem_pestat] analyzing insert size distribution for orientation FR...
[M::mem_pestat] (25, 50, 75) percentile: (160, 181, 207)
[M::mem_pestat] low and high boundaries for computing mean and std.dev: (66, 301)
[M::mem_pestat] mean and std.dev: (184.99, 33.50)
[M::mem_pestat] low and high boundaries for proper pairs: (19, 348)
[M::mem_pestat] skip orientation RF as there are not enough pairs
[M::mem_pestat] skip orientation RR as there are not enough pairs
[M::mem_process_seqs] Processed 645464 reads in 933.895 CPU sec, 119.518 real sec
[M::process] 0 single-end sequences; 645270 paired-end sequences
[M::process] read 645296 sequences (80000210 bp)...
[M::mem_pestat] # candidate unique pairs for (FF, FR, RF, RR): (0, 242600, 2, 0)
[M::mem_pestat] skip orientation FF as there are not enough pairs
[M::mem_pestat] analyzing insert size distribution for orientation FR...
[M::mem_pestat] (25, 50, 75) percentile: (160, 181, 207)
[M::mem_pestat] low and high boundaries for computing mean and std.dev: (66, 301)
[M::mem_pestat] mean and std.dev: (184.81, 33.44)
[M::mem_pestat] low and high boundaries for proper pairs: (19, 348)
[M::mem_pestat] skip orientation RF as there are not enough pairs
[M::mem_pestat] skip orientation RR as there are not enough pairs
[M::mem_process_seqs] Processed 645270 reads in 864.238 CPU sec, 110.857 real sec
[M::process] 0 single-end sequences; 645296 paired-end sequences
[M::process] read 645432 sequences (80000072 bp)...
[M::mem_pestat] # candidate unique pairs for (FF, FR, RF, RR): (0, 241419, 3, 0)
[M::mem_pestat] skip orientation FF as there are not enough pairs
[M::mem_pestat] analyzing insert size distribution for orientation FR...
[M::mem_pestat] (25, 50, 75) percentile: (160, 181, 207)
[M::mem_pestat] low and high boundaries for computing mean and std.dev: (66, 301)
[M::mem_pestat] mean and std.dev: (184.78, 33.46)
[M::mem_pestat] low and high boundaries for proper pairs: (19, 348)
[M::mem_pestat] skip orientation RF as there are not enough pairs
[M::mem_pestat] skip orientation RR as there are not enough pairs
[M::mem_process_seqs] Processed 645296 reads in 865.929 CPU sec, 111.026 real sec
[M::process] 0 single-end sequences; 645432 paired-end sequences
[M::process] read 645792 sequences (80000062 bp)...
[M::mem_pestat] # candidate unique pairs for (FF, FR, RF, RR): (0, 240396, 8, 0)
[M::mem_pestat] skip orientation FF as there are not enough pairs
[M::mem_pestat] analyzing insert size distribution for orientation FR...
[M::mem_pestat] (25, 50, 75) percentile: (160, 181, 207)
[M::mem_pestat] low and high boundaries for computing mean and std.dev: (66, 301)
[M::mem_pestat] mean and std.dev: (184.62, 33.37)
[M::mem_pestat] low and high boundaries for proper pairs: (19, 348)
[M::mem_pestat] skip orientation RF as there are not enough pairs
[M::mem_pestat] skip orientation RR as there are not enough pairs
[M::mem_process_seqs] Processed 645432 reads in 876.427 CPU sec, 112.348 real sec
[M::process] 0 single-end sequences; 645792 paired-end sequences
[M::process] read 646036 sequences (80000212 bp)...
[M::mem_pestat] # candidate unique pairs for (FF, FR, RF, RR): (0, 240293, 2, 0)
[M::mem_pestat] skip orientation FF as there are not enough pairs
[M::mem_pestat] analyzing insert size distribution for orientation FR...
[M::mem_pestat] (25, 50, 75) percentile: (159, 181, 207)
[M::mem_pestat] low and high boundaries for computing mean and std.dev: (63, 303)
[M::mem_pestat] mean and std.dev: (184.55, 33.43)
[M::mem_pestat] low and high boundaries for proper pairs: (15, 351)
[M::mem_pestat] skip orientation RF as there are not enough pairs
[M::mem_pestat] skip orientation RR as there are not enough pairs
[M::mem_process_seqs] Processed 645792 reads in 896.714 CPU sec, 114.987 real sec
[M::process] 0 single-end sequences; 646036 paired-end sequences
[M::process] read 645610 sequences (80000013 bp)...
[M::mem_pestat] # candidate unique pairs for (FF, FR, RF, RR): (0, 240282, 6, 0)
[M::mem_pestat] skip orientation FF as there are not enough pairs
[M::mem_pestat] analyzing insert size distribution for orientation FR...
[M::mem_pestat] (25, 50, 75) percentile: (159, 181, 206)
[M::mem_pestat] low and high boundaries for computing mean and std.dev: (65, 300)
[M::mem_pestat] mean and std.dev: (184.47, 33.39)
[M::mem_pestat] low and high boundaries for proper pairs: (18, 347)
[M::mem_pestat] skip orientation RF as there are not enough pairs
[M::mem_pestat] skip orientation RR as there are not enough pairs
[M::mem_process_seqs] Processed 646036 reads in 892.623 CPU sec, 114.368 real sec
[M::process] 0 single-end sequences; 645610 paired-end sequences
[M::process] read 645548 sequences (80000125 bp)...
[M::mem_pestat] # candidate unique pairs for (FF, FR, RF, RR): (0, 242427, 6, 0)
[M::mem_pestat] skip orientation FF as there are not enough pairs
[M::mem_pestat] analyzing insert size distribution for orientation FR...
[M::mem_pestat] (25, 50, 75) percentile: (160, 181, 207)
[M::mem_pestat] low and high boundaries for computing mean and std.dev: (66, 301)
[M::mem_pestat] mean and std.dev: (184.87, 33.39)
[M::mem_pestat] low and high boundaries for proper pairs: (19, 348)
[M::mem_pestat] skip orientation RF as there are not enough pairs
[M::mem_pestat] skip orientation RR as there are not enough pairs
[M::mem_process_seqs] Processed 645610 reads in 1002.432 CPU sec, 128.394 real sec
[M::process] 0 single-end sequences; 645548 paired-end sequences
[M::process] read 645370 sequences (80000082 bp)...
[M::mem_pestat] # candidate unique pairs for (FF, FR, RF, RR): (0, 242323, 4, 0)
[M::mem_pestat] skip orientation FF as there are not enough pairs
[M::mem_pestat] analyzing insert size distribution for orientation FR...
[M::mem_pestat] (25, 50, 75) percentile: (160, 181, 207)
[M::mem_pestat] low and high boundaries for computing mean and std.dev: (66, 301)
[M::mem_pestat] mean and std.dev: (184.84, 33.45)
[M::mem_pestat] low and high boundaries for proper pairs: (19, 348)
[M::mem_pestat] skip orientation RF as there are not enough pairs
[M::mem_pestat] skip orientation RR as there are not enough pairs
[M::mem_process_seqs] Processed 645548 reads in 872.039 CPU sec, 111.772 real sec
[M::process] 0 single-end sequences; 645370 paired-end sequences
[M::process] read 645510 sequences (80000017 bp)...
[M::mem_pestat] # candidate unique pairs for (FF, FR, RF, RR): (0, 241709, 7, 0)
[M::mem_pestat] skip orientation FF as there are not enough pairs
[M::mem_pestat] analyzing insert size distribution for orientation FR...
[M::mem_pestat] (25, 50, 75) percentile: (160, 181, 207)
[M::mem_pestat] low and high boundaries for computing mean and std.dev: (66, 301)
[M::mem_pestat] mean and std.dev: (184.76, 33.39)
[M::mem_pestat] low and high boundaries for proper pairs: (19, 348)
[M::mem_pestat] skip orientation RF as there are not enough pairs
[M::mem_pestat] skip orientation RR as there are not enough pairs
[M::mem_process_seqs] Processed 645370 reads in 908.076 CPU sec, 116.278 real sec
[M::process] 0 single-end sequences; 645510 paired-end sequences
[M::process] read 645700 sequences (80000146 bp)...
[M::mem_pestat] # candidate unique pairs for (FF, FR, RF, RR): (0, 240891, 7, 0)
[M::mem_pestat] skip orientation FF as there are not enough pairs
[M::mem_pestat] analyzing insert size distribution for orientation FR...
[M::mem_pestat] (25, 50, 75) percentile: (160, 181, 207)
[M::mem_pestat] low and high boundaries for computing mean and std.dev: (66, 301)
[M::mem_pestat] mean and std.dev: (184.65, 33.46)
[M::mem_pestat] low and high boundaries for proper pairs: (19, 348)
[M::mem_pestat] skip orientation RF as there are not enough pairs
[M::mem_pestat] skip orientation RR as there are not enough pairs
[M::mem_process_seqs] Processed 645510 reads in 886.740 CPU sec, 113.631 real sec
[M::process] 0 single-end sequences; 645700 paired-end sequences
[M::process] read 646424 sequences (80000169 bp)...
[M::mem_pestat] # candidate unique pairs for (FF, FR, RF, RR): (0, 240039, 6, 0)
[M::mem_pestat] skip orientation FF as there are not enough pairs
[M::mem_pestat] analyzing insert size distribution for orientation FR...
[M::mem_pestat] (25, 50, 75) percentile: (159, 181, 207)
[M::mem_pestat] low and high boundaries for computing mean and std.dev: (63, 303)
[M::mem_pestat] mean and std.dev: (184.73, 33.50)
[M::mem_pestat] low and high boundaries for proper pairs: (15, 351)
[M::mem_pestat] skip orientation RF as there are not enough pairs
[M::mem_pestat] skip orientation RR as there are not enough pairs
[M::mem_process_seqs] Processed 645700 reads in 924.910 CPU sec, 118.549 real sec
[M::process] 0 single-end sequences; 646424 paired-end sequences
[M::process] read 645806 sequences (80000164 bp)...
[M::mem_pestat] # candidate unique pairs for (FF, FR, RF, RR): (0, 239557, 1, 0)
[M::mem_pestat] skip orientation FF as there are not enough pairs
[M::mem_pestat] analyzing insert size distribution for orientation FR...
[M::mem_pestat] (25, 50, 75) percentile: (160, 181, 206)
[M::mem_pestat] low and high boundaries for computing mean and std.dev: (68, 298)
[M::mem_pestat] mean and std.dev: (184.49, 33.32)
[M::mem_pestat] low and high boundaries for proper pairs: (22, 344)
[M::mem_pestat] skip orientation RF as there are not enough pairs
[M::mem_pestat] skip orientation RR as there are not enough pairs
[M::mem_process_seqs] Processed 646424 reads in 944.576 CPU sec, 121.091 real sec
[M::process] 0 single-end sequences; 645806 paired-end sequences
[M::process] read 645626 sequences (80000166 bp)...
[M::mem_pestat] # candidate unique pairs for (FF, FR, RF, RR): (0, 241816, 3, 0)
[M::mem_pestat] skip orientation FF as there are not enough pairs
[M::mem_pestat] analyzing insert size distribution for orientation FR...
[M::mem_pestat] (25, 50, 75) percentile: (160, 181, 207)
[M::mem_pestat] low and high boundaries for computing mean and std.dev: (66, 301)
[M::mem_pestat] mean and std.dev: (184.75, 33.41)
[M::mem_pestat] low and high boundaries for proper pairs: (19, 348)
[M::mem_pestat] skip orientation RF as there are not enough pairs
[M::mem_pestat] skip orientation RR as there are not enough pairs
[M::mem_process_seqs] Processed 645806 reads in 867.380 CPU sec, 111.204 real sec
[M::process] 0 single-end sequences; 645626 paired-end sequences
[M::process] read 645376 sequences (80000195 bp)...
[M::mem_pestat] # candidate unique pairs for (FF, FR, RF, RR): (0, 242463, 7, 0)
[M::mem_pestat] skip orientation FF as there are not enough pairs
[M::mem_pestat] analyzing insert size distribution for orientation FR...
[M::mem_pestat] (25, 50, 75) percentile: (160, 181, 207)
[M::mem_pestat] low and high boundaries for computing mean and std.dev: (66, 301)
[M::mem_pestat] mean and std.dev: (185.06, 33.56)
[M::mem_pestat] low and high boundaries for proper pairs: (19, 348)
[M::mem_pestat] skip orientation RF as there are not enough pairs
[M::mem_pestat] skip orientation RR as there are not enough pairs
[M::mem_process_seqs] Processed 645626 reads in 836.779 CPU sec, 107.379 real sec
[M::process] 0 single-end sequences; 645376 paired-end sequences
[M::process] read 645380 sequences (80000195 bp)...
[M::mem_pestat] # candidate unique pairs for (FF, FR, RF, RR): (0, 242552, 3, 0)
[M::mem_pestat] skip orientation FF as there are not enough pairs
[M::mem_pestat] analyzing insert size distribution for orientation FR...
[M::mem_pestat] (25, 50, 75) percentile: (160, 181, 207)
[M::mem_pestat] low and high boundaries for computing mean and std.dev: (66, 301)
[M::mem_pestat] mean and std.dev: (184.92, 33.43)
[M::mem_pestat] low and high boundaries for proper pairs: (19, 348)
[M::mem_pestat] skip orientation RF as there are not enough pairs
[M::mem_pestat] skip orientation RR as there are not enough pairs
[M::mem_process_seqs] Processed 645376 reads in 836.707 CPU sec, 107.432 real sec
[M::process] 0 single-end sequences; 645380 paired-end sequences
[M::process] read 645478 sequences (80000068 bp)...
[M::mem_pestat] # candidate unique pairs for (FF, FR, RF, RR): (0, 242557, 7, 0)
[M::mem_pestat] skip orientation FF as there are not enough pairs
[M::mem_pestat] analyzing insert size distribution for orientation FR...
[M::mem_pestat] (25, 50, 75) percentile: (160, 181, 207)
[M::mem_pestat] low and high boundaries for computing mean and std.dev: (66, 301)
[M::mem_pestat] mean and std.dev: (184.74, 33.45)
[M::mem_pestat] low and high boundaries for proper pairs: (19, 348)
[M::mem_pestat] skip orientation RF as there are not enough pairs
[M::mem_pestat] skip orientation RR as there are not enough pairs
[M::mem_process_seqs] Processed 645380 reads in 847.420 CPU sec, 108.686 real sec
[M::process] 0 single-end sequences; 645478 paired-end sequences
[M::process] read 645642 sequences (80000117 bp)...
[M::mem_pestat] # candidate unique pairs for (FF, FR, RF, RR): (0, 242352, 4, 0)
[M::mem_pestat] skip orientation FF as there are not enough pairs
[M::mem_pestat] analyzing insert size distribution for orientation FR...
[M::mem_pestat] (25, 50, 75) percentile: (160, 181, 207)
[M::mem_pestat] low and high boundaries for computing mean and std.dev: (66, 301)
[M::mem_pestat] mean and std.dev: (184.70, 33.41)
[M::mem_pestat] low and high boundaries for proper pairs: (19, 348)
[M::mem_pestat] skip orientation RF as there are not enough pairs
[M::mem_pestat] skip orientation RR as there are not enough pairs
[M::mem_process_seqs] Processed 645478 reads in 858.784 CPU sec, 110.119 real sec
[M::process] 0 single-end sequences; 645642 paired-end sequences
[M::process] read 645686 sequences (80000124 bp)...
[M::mem_pestat] # candidate unique pairs for (FF, FR, RF, RR): (0, 240727, 2, 0)
[M::mem_pestat] skip orientation FF as there are not enough pairs
[M::mem_pestat] analyzing insert size distribution for orientation FR...
[M::mem_pestat] (25, 50, 75) percentile: (159, 181, 207)
[M::mem_pestat] low and high boundaries for computing mean and std.dev: (63, 303)
[M::mem_pestat] mean and std.dev: (184.68, 33.43)
[M::mem_pestat] low and high boundaries for proper pairs: (15, 351)
[M::mem_pestat] skip orientation RF as there are not enough pairs
[M::mem_pestat] skip orientation RR as there are not enough pairs
[M::mem_process_seqs] Processed 645642 reads in 877.483 CPU sec, 112.478 real sec
[M::process] 0 single-end sequences; 645686 paired-end sequences
[M::process] read 645486 sequences (80000143 bp)...
[M::mem_pestat] # candidate unique pairs for (FF, FR, RF, RR): (0, 240767, 3, 0)
[M::mem_pestat] skip orientation FF as there are not enough pairs
[M::mem_pestat] analyzing insert size distribution for orientation FR...
[M::mem_pestat] (25, 50, 75) percentile: (159, 181, 207)
[M::mem_pestat] low and high boundaries for computing mean and std.dev: (63, 303)
[M::mem_pestat] mean and std.dev: (184.58, 33.38)
[M::mem_pestat] low and high boundaries for proper pairs: (15, 351)
[M::mem_pestat] skip orientation RF as there are not enough pairs
[M::mem_pestat] skip orientation RR as there are not enough pairs
[M::mem_process_seqs] Processed 645686 reads in 880.478 CPU sec, 112.823 real sec
[M::process] 0 single-end sequences; 645486 paired-end sequences
[M::process] read 645318 sequences (80000211 bp)...
[M::mem_pestat] # candidate unique pairs for (FF, FR, RF, RR): (0, 242477, 6, 0)
[M::mem_pestat] skip orientation FF as there are not enough pairs
[M::mem_pestat] analyzing insert size distribution for orientation FR...
[M::mem_pestat] (25, 50, 75) percentile: (160, 181, 207)
[M::mem_pestat] low and high boundaries for computing mean and std.dev: (66, 301)
[M::mem_pestat] mean and std.dev: (184.69, 33.41)
[M::mem_pestat] low and high boundaries for proper pairs: (19, 348)
[M::mem_pestat] skip orientation RF as there are not enough pairs
[M::mem_pestat] skip orientation RR as there are not enough pairs
[M::mem_process_seqs] Processed 645486 reads in 839.163 CPU sec, 107.692 real sec
[M::process] 0 single-end sequences; 645318 paired-end sequences
[M::process] read 645202 sequences (80000076 bp)...
[M::mem_pestat] # candidate unique pairs for (FF, FR, RF, RR): (0, 243119, 5, 0)
[M::mem_pestat] skip orientation FF as there are not enough pairs
[M::mem_pestat] analyzing insert size distribution for orientation FR...
[M::mem_pestat] (25, 50, 75) percentile: (160, 181, 207)
[M::mem_pestat] low and high boundaries for computing mean and std.dev: (66, 301)
[M::mem_pestat] mean and std.dev: (184.99, 33.46)
[M::mem_pestat] low and high boundaries for proper pairs: (19, 348)
[M::mem_pestat] skip orientation RF as there are not enough pairs
[M::mem_pestat] skip orientation RR as there are not enough pairs
[M::mem_process_seqs] Processed 645318 reads in 819.966 CPU sec, 105.251 real sec
[M::process] 0 single-end sequences; 645202 paired-end sequences
[M::process] read 645286 sequences (80000004 bp)...
[M::mem_pestat] # candidate unique pairs for (FF, FR, RF, RR): (0, 243247, 4, 0)
[M::mem_pestat] skip orientation FF as there are not enough pairs
[M::mem_pestat] analyzing insert size distribution for orientation FR...
[M::mem_pestat] (25, 50, 75) percentile: (160, 181, 207)
[M::mem_pestat] low and high boundaries for computing mean and std.dev: (66, 301)
[M::mem_pestat] mean and std.dev: (184.81, 33.45)
[M::mem_pestat] low and high boundaries for proper pairs: (19, 348)
[M::mem_pestat] skip orientation RF as there are not enough pairs
[M::mem_pestat] skip orientation RR as there are not enough pairs
[M::mem_process_seqs] Processed 645202 reads in 826.794 CPU sec, 106.097 real sec
[M::process] 0 single-end sequences; 645286 paired-end sequences
[M::process] read 645350 sequences (80000006 bp)...
[M::mem_pestat] # candidate unique pairs for (FF, FR, RF, RR): (0, 242409, 4, 0)
[M::mem_pestat] skip orientation FF as there are not enough pairs
[M::mem_pestat] analyzing insert size distribution for orientation FR...
[M::mem_pestat] (25, 50, 75) percentile: (159, 181, 207)
[M::mem_pestat] low and high boundaries for computing mean and std.dev: (63, 303)
[M::mem_pestat] mean and std.dev: (184.74, 33.49)
[M::mem_pestat] low and high boundaries for proper pairs: (15, 351)
[M::mem_pestat] skip orientation RF as there are not enough pairs
[M::mem_pestat] skip orientation RR as there are not enough pairs
[M::mem_process_seqs] Processed 645286 reads in 839.747 CPU sec, 107.737 real sec
[M::process] 0 single-end sequences; 645350 paired-end sequences
[M::process] read 645522 sequences (80000162 bp)...
[M::mem_pestat] # candidate unique pairs for (FF, FR, RF, RR): (0, 242173, 2, 0)
[M::mem_pestat] skip orientation FF as there are not enough pairs
[M::mem_pestat] analyzing insert size distribution for orientation FR...
[M::mem_pestat] (25, 50, 75) percentile: (159, 181, 207)
[M::mem_pestat] low and high boundaries for computing mean and std.dev: (63, 303)
[M::mem_pestat] mean and std.dev: (184.62, 33.40)
[M::mem_pestat] low and high boundaries for proper pairs: (15, 351)
[M::mem_pestat] skip orientation RF as there are not enough pairs
[M::mem_pestat] skip orientation RR as there are not enough pairs
[M::mem_process_seqs] Processed 645350 reads in 848.457 CPU sec, 108.801 real sec
[M::process] 0 single-end sequences; 645522 paired-end sequences
[M::process] read 645598 sequences (80000142 bp)...
[M::mem_pestat] # candidate unique pairs for (FF, FR, RF, RR): (0, 241282, 4, 0)
[M::mem_pestat] skip orientation FF as there are not enough pairs
[M::mem_pestat] analyzing insert size distribution for orientation FR...
[M::mem_pestat] (25, 50, 75) percentile: (160, 181, 206)
[M::mem_pestat] low and high boundaries for computing mean and std.dev: (68, 298)
[M::mem_pestat] mean and std.dev: (184.52, 33.32)
[M::mem_pestat] low and high boundaries for proper pairs: (22, 344)
[M::mem_pestat] skip orientation RF as there are not enough pairs
[M::mem_pestat] skip orientation RR as there are not enough pairs
[M::mem_process_seqs] Processed 645522 reads in 865.017 CPU sec, 110.914 real sec
[M::process] 0 single-end sequences; 645598 paired-end sequences
[M::process] read 645384 sequences (80000094 bp)...
[M::mem_pestat] # candidate unique pairs for (FF, FR, RF, RR): (0, 240825, 9, 0)
[M::mem_pestat] skip orientation FF as there are not enough pairs
[M::mem_pestat] analyzing insert size distribution for orientation FR...
[M::mem_pestat] (25, 50, 75) percentile: (159, 181, 206)
[M::mem_pestat] low and high boundaries for computing mean and std.dev: (65, 300)
[M::mem_pestat] mean and std.dev: (184.42, 33.37)
[M::mem_pestat] low and high boundaries for proper pairs: (18, 347)
[M::mem_pestat] skip orientation RF as there are not enough pairs
[M::mem_pestat] skip orientation RR as there are not enough pairs
[M::mem_process_seqs] Processed 645598 reads in 864.466 CPU sec, 110.835 real sec
[M::process] 0 single-end sequences; 645384 paired-end sequences
[M::process] read 645384 sequences (80000166 bp)...
[M::mem_pestat] # candidate unique pairs for (FF, FR, RF, RR): (0, 242529, 3, 0)
[M::mem_pestat] skip orientation FF as there are not enough pairs
[M::mem_pestat] analyzing insert size distribution for orientation FR...
[M::mem_pestat] (25, 50, 75) percentile: (160, 181, 207)
[M::mem_pestat] low and high boundaries for computing mean and std.dev: (66, 301)
[M::mem_pestat] mean and std.dev: (184.78, 33.38)
[M::mem_pestat] low and high boundaries for proper pairs: (19, 348)
[M::mem_pestat] skip orientation RF as there are not enough pairs
[M::mem_pestat] skip orientation RR as there are not enough pairs
[M::mem_process_seqs] Processed 645384 reads in 835.157 CPU sec, 107.148 real sec
[M::process] 0 single-end sequences; 645384 paired-end sequences
[M::process] read 645260 sequences (80000105 bp)...
[M::mem_pestat] # candidate unique pairs for (FF, FR, RF, RR): (0, 242812, 4, 0)
[M::mem_pestat] skip orientation FF as there are not enough pairs
[M::mem_pestat] analyzing insert size distribution for orientation FR...
[M::mem_pestat] (25, 50, 75) percentile: (160, 181, 207)
[M::mem_pestat] low and high boundaries for computing mean and std.dev: (66, 301)
[M::mem_pestat] mean and std.dev: (185.02, 33.49)
[M::mem_pestat] low and high boundaries for proper pairs: (19, 348)
[M::mem_pestat] skip orientation RF as there are not enough pairs
[M::mem_pestat] skip orientation RR as there are not enough pairs
[M::mem_process_seqs] Processed 645384 reads in 836.083 CPU sec, 107.378 real sec
[M::process] 0 single-end sequences; 645260 paired-end sequences
[M::process] read 645392 sequences (80000107 bp)...
[M::mem_pestat] # candidate unique pairs for (FF, FR, RF, RR): (0, 242825, 4, 0)
[M::mem_pestat] skip orientation FF as there are not enough pairs
[M::mem_pestat] analyzing insert size distribution for orientation FR...
[M::mem_pestat] (25, 50, 75) percentile: (160, 181, 207)
[M::mem_pestat] low and high boundaries for computing mean and std.dev: (66, 301)
[M::mem_pestat] mean and std.dev: (184.87, 33.36)
[M::mem_pestat] low and high boundaries for proper pairs: (19, 348)
[M::mem_pestat] skip orientation RF as there are not enough pairs
[M::mem_pestat] skip orientation RR as there are not enough pairs
[M::mem_process_seqs] Processed 645260 reads in 833.258 CPU sec, 106.898 real sec
[M::process] 0 single-end sequences; 645392 paired-end sequences
[M::process] read 645518 sequences (80000063 bp)...
[M::mem_pestat] # candidate unique pairs for (FF, FR, RF, RR): (0, 241929, 6, 0)
[M::mem_pestat] skip orientation FF as there are not enough pairs
[M::mem_pestat] analyzing insert size distribution for orientation FR...
[M::mem_pestat] (25, 50, 75) percentile: (160, 181, 207)
[M::mem_pestat] low and high boundaries for computing mean and std.dev: (66, 301)
[M::mem_pestat] mean and std.dev: (184.90, 33.52)
[M::mem_pestat] low and high boundaries for proper pairs: (19, 348)
[M::mem_pestat] skip orientation RF as there are not enough pairs
[M::mem_pestat] skip orientation RR as there are not enough pairs
[M::mem_process_seqs] Processed 645392 reads in 856.663 CPU sec, 109.851 real sec
[M::process] 0 single-end sequences; 645518 paired-end sequences
[M::process] read 645644 sequences (80000140 bp)...
[M::mem_pestat] # candidate unique pairs for (FF, FR, RF, RR): (0, 241388, 3, 0)
[M::mem_pestat] skip orientation FF as there are not enough pairs
[M::mem_pestat] analyzing insert size distribution for orientation FR...
[M::mem_pestat] (25, 50, 75) percentile: (160, 181, 207)
[M::mem_pestat] low and high boundaries for computing mean and std.dev: (66, 301)
[M::mem_pestat] mean and std.dev: (184.67, 33.50)
[M::mem_pestat] low and high boundaries for proper pairs: (19, 348)
[M::mem_pestat] skip orientation RF as there are not enough pairs
[M::mem_pestat] skip orientation RR as there are not enough pairs
[M::mem_process_seqs] Processed 645518 reads in 870.743 CPU sec, 111.643 real sec
[M::process] 0 single-end sequences; 645644 paired-end sequences
[M::process] read 645616 sequences (80000083 bp)...
[M::mem_pestat] # candidate unique pairs for (FF, FR, RF, RR): (0, 240496, 5, 0)
[M::mem_pestat] skip orientation FF as there are not enough pairs
[M::mem_pestat] analyzing insert size distribution for orientation FR...
[M::mem_pestat] (25, 50, 75) percentile: (159, 181, 207)
[M::mem_pestat] low and high boundaries for computing mean and std.dev: (63, 303)
[M::mem_pestat] mean and std.dev: (184.65, 33.47)
[M::mem_pestat] low and high boundaries for proper pairs: (15, 351)
[M::mem_pestat] skip orientation RF as there are not enough pairs
[M::mem_pestat] skip orientation RR as there are not enough pairs
[M::mem_process_seqs] Processed 645644 reads in 884.226 CPU sec, 113.318 real sec
[M::process] 0 single-end sequences; 645616 paired-end sequences
[M::process] read 645672 sequences (80000249 bp)...
[M::mem_pestat] # candidate unique pairs for (FF, FR, RF, RR): (0, 240067, 7, 1)
[M::mem_pestat] skip orientation FF as there are not enough pairs
[M::mem_pestat] analyzing insert size distribution for orientation FR...
[M::mem_pestat] (25, 50, 75) percentile: (160, 181, 206)
[M::mem_pestat] low and high boundaries for computing mean and std.dev: (68, 298)
[M::mem_pestat] mean and std.dev: (184.50, 33.34)
[M::mem_pestat] low and high boundaries for proper pairs: (22, 344)
[M::mem_pestat] skip orientation RF as there are not enough pairs
[M::mem_pestat] skip orientation RR as there are not enough pairs
[M::mem_process_seqs] Processed 645616 reads in 880.188 CPU sec, 112.819 real sec
[M::process] 0 single-end sequences; 645672 paired-end sequences
[M::process] read 645580 sequences (80000216 bp)...
[M::mem_pestat] # candidate unique pairs for (FF, FR, RF, RR): (0, 241689, 4, 0)
[M::mem_pestat] skip orientation FF as there are not enough pairs
[M::mem_pestat] analyzing insert size distribution for orientation FR...
[M::mem_pestat] (25, 50, 75) percentile: (160, 181, 207)
[M::mem_pestat] low and high boundaries for computing mean and std.dev: (66, 301)
[M::mem_pestat] mean and std.dev: (185.10, 33.45)
[M::mem_pestat] low and high boundaries for proper pairs: (19, 348)
[M::mem_pestat] skip orientation RF as there are not enough pairs
[M::mem_pestat] skip orientation RR as there are not enough pairs
[M::mem_process_seqs] Processed 645672 reads in 864.111 CPU sec, 110.814 real sec
[M::process] 0 single-end sequences; 645580 paired-end sequences
[M::process] read 645408 sequences (80000117 bp)...
[M::mem_pestat] # candidate unique pairs for (FF, FR, RF, RR): (0, 241627, 1, 0)
[M::mem_pestat] skip orientation FF as there are not enough pairs
[M::mem_pestat] analyzing insert size distribution for orientation FR...
[M::mem_pestat] (25, 50, 75) percentile: (160, 181, 207)
[M::mem_pestat] low and high boundaries for computing mean and std.dev: (66, 301)
[M::mem_pestat] mean and std.dev: (185.01, 33.44)
[M::mem_pestat] low and high boundaries for proper pairs: (19, 348)
[M::mem_pestat] skip orientation RF as there are not enough pairs
[M::mem_pestat] skip orientation RR as there are not enough pairs
[M::mem_process_seqs] Processed 645580 reads in 862.415 CPU sec, 110.568 real sec
[M::process] 0 single-end sequences; 645408 paired-end sequences
[M::process] read 645490 sequences (80000144 bp)...
[M::mem_pestat] # candidate unique pairs for (FF, FR, RF, RR): (0, 241486, 3, 0)
[M::mem_pestat] skip orientation FF as there are not enough pairs
[M::mem_pestat] analyzing insert size distribution for orientation FR...
[M::mem_pestat] (25, 50, 75) percentile: (160, 181, 207)
[M::mem_pestat] low and high boundaries for computing mean and std.dev: (66, 301)
[M::mem_pestat] mean and std.dev: (184.92, 33.49)
[M::mem_pestat] low and high boundaries for proper pairs: (19, 348)
[M::mem_pestat] skip orientation RF as there are not enough pairs
[M::mem_pestat] skip orientation RR as there are not enough pairs
[M::mem_process_seqs] Processed 645408 reads in 861.363 CPU sec, 110.441 real sec
[M::process] 0 single-end sequences; 645490 paired-end sequences
[M::process] read 645582 sequences (80000164 bp)...
[M::mem_pestat] # candidate unique pairs for (FF, FR, RF, RR): (0, 240260, 7, 0)
[M::mem_pestat] skip orientation FF as there are not enough pairs
[M::mem_pestat] analyzing insert size distribution for orientation FR...
[M::mem_pestat] (25, 50, 75) percentile: (160, 181, 207)
[M::mem_pestat] low and high boundaries for computing mean and std.dev: (66, 301)
[M::mem_pestat] mean and std.dev: (184.82, 33.42)
[M::mem_pestat] low and high boundaries for proper pairs: (19, 348)
[M::mem_pestat] skip orientation RF as there are not enough pairs
[M::mem_pestat] skip orientation RR as there are not enough pairs
[M::mem_process_seqs] Processed 645490 reads in 882.458 CPU sec, 113.113 real sec
[M::process] 0 single-end sequences; 645582 paired-end sequences
[M::process] read 645770 sequences (80000201 bp)...
[M::mem_pestat] # candidate unique pairs for (FF, FR, RF, RR): (0, 239686, 5, 0)
[M::mem_pestat] skip orientation FF as there are not enough pairs
[M::mem_pestat] analyzing insert size distribution for orientation FR...
[M::mem_pestat] (25, 50, 75) percentile: (160, 181, 207)
[M::mem_pestat] low and high boundaries for computing mean and std.dev: (66, 301)
[M::mem_pestat] mean and std.dev: (184.63, 33.45)
[M::mem_pestat] low and high boundaries for proper pairs: (19, 348)
[M::mem_pestat] skip orientation RF as there are not enough pairs
[M::mem_pestat] skip orientation RR as there are not enough pairs
[M::mem_process_seqs] Processed 645582 reads in 901.992 CPU sec, 115.772 real sec
[M::process] 0 single-end sequences; 645770 paired-end sequences
[M::process] read 645620 sequences (80000023 bp)...
[M::mem_pestat] # candidate unique pairs for (FF, FR, RF, RR): (0, 239310, 4, 0)
[M::mem_pestat] skip orientation FF as there are not enough pairs
[M::mem_pestat] analyzing insert size distribution for orientation FR...
[M::mem_pestat] (25, 50, 75) percentile: (159, 181, 207)
[M::mem_pestat] low and high boundaries for computing mean and std.dev: (63, 303)
[M::mem_pestat] mean and std.dev: (184.58, 33.45)
[M::mem_pestat] low and high boundaries for proper pairs: (15, 351)
[M::mem_pestat] skip orientation RF as there are not enough pairs
[M::mem_pestat] skip orientation RR as there are not enough pairs
[M::mem_process_seqs] Processed 645770 reads in 902.993 CPU sec, 115.699 real sec
[M::process] 0 single-end sequences; 645620 paired-end sequences
[M::process] read 645590 sequences (80000046 bp)...
[M::mem_pestat] # candidate unique pairs for (FF, FR, RF, RR): (0, 240636, 4, 0)
[M::mem_pestat] skip orientation FF as there are not enough pairs
[M::mem_pestat] analyzing insert size distribution for orientation FR...
[M::mem_pestat] (25, 50, 75) percentile: (160, 181, 207)
[M::mem_pestat] low and high boundaries for computing mean and std.dev: (66, 301)
[M::mem_pestat] mean and std.dev: (184.66, 33.42)
[M::mem_pestat] low and high boundaries for proper pairs: (19, 348)
[M::mem_pestat] skip orientation RF as there are not enough pairs
[M::mem_pestat] skip orientation RR as there are not enough pairs
[M::mem_process_seqs] Processed 645620 reads in 878.323 CPU sec, 112.541 real sec
[M::process] 0 single-end sequences; 645590 paired-end sequences
[M::process] read 645338 sequences (80000099 bp)...
[M::mem_pestat] # candidate unique pairs for (FF, FR, RF, RR): (0, 242615, 6, 0)
[M::mem_pestat] skip orientation FF as there are not enough pairs
[M::mem_pestat] analyzing insert size distribution for orientation FR...
[M::mem_pestat] (25, 50, 75) percentile: (160, 181, 207)
[M::mem_pestat] low and high boundaries for computing mean and std.dev: (66, 301)
[M::mem_pestat] mean and std.dev: (184.89, 33.45)
[M::mem_pestat] low and high boundaries for proper pairs: (19, 348)
[M::mem_pestat] skip orientation RF as there are not enough pairs
[M::mem_pestat] skip orientation RR as there are not enough pairs
[M::mem_process_seqs] Processed 645590 reads in 858.714 CPU sec, 110.077 real sec
[M::process] 0 single-end sequences; 645338 paired-end sequences
[M::process] read 645270 sequences (80000115 bp)...
[M::mem_pestat] # candidate unique pairs for (FF, FR, RF, RR): (0, 242411, 8, 0)
[M::mem_pestat] skip orientation FF as there are not enough pairs
[M::mem_pestat] analyzing insert size distribution for orientation FR...
[M::mem_pestat] (25, 50, 75) percentile: (160, 181, 207)
[M::mem_pestat] low and high boundaries for computing mean and std.dev: (66, 301)
[M::mem_pestat] mean and std.dev: (184.85, 33.42)
[M::mem_pestat] low and high boundaries for proper pairs: (19, 348)
[M::mem_pestat] skip orientation RF as there are not enough pairs
[M::mem_pestat] skip orientation RR as there are not enough pairs
[M::mem_process_seqs] Processed 645338 reads in 837.571 CPU sec, 107.492 real sec
[M::process] 0 single-end sequences; 645270 paired-end sequences
[M::process] read 645394 sequences (80000163 bp)...
[M::mem_pestat] # candidate unique pairs for (FF, FR, RF, RR): (0, 242014, 10, 0)
[M::mem_pestat] skip orientation FF as there are not enough pairs
[M::mem_pestat] analyzing insert size distribution for orientation FR...
[M::mem_pestat] (25, 50, 75) percentile: (159, 181, 207)
[M::mem_pestat] low and high boundaries for computing mean and std.dev: (63, 303)
[M::mem_pestat] mean and std.dev: (184.58, 33.38)
[M::mem_pestat] low and high boundaries for proper pairs: (15, 351)
[M::mem_pestat] analyzing insert size distribution for orientation RF...
[M::mem_pestat] (25, 50, 75) percentile: (147, 186, 207)
[M::mem_pestat] low and high boundaries for computing mean and std.dev: (27, 327)
[M::mem_pestat] mean and std.dev: (168.38, 26.04)
[M::mem_pestat] low and high boundaries for proper pairs: (1, 387)
[M::mem_pestat] skip orientation RR as there are not enough pairs
[M::mem_pestat] skip orientation RF
[M::mem_process_seqs] Processed 645270 reads in 858.328 CPU sec, 110.052 real sec
[M::process] 0 single-end sequences; 645394 paired-end sequences
[M::process] read 645588 sequences (80000094 bp)...
[M::mem_pestat] # candidate unique pairs for (FF, FR, RF, RR): (0, 241115, 5, 0)
[M::mem_pestat] skip orientation FF as there are not enough pairs
[M::mem_pestat] analyzing insert size distribution for orientation FR...
[M::mem_pestat] (25, 50, 75) percentile: (159, 181, 207)
[M::mem_pestat] low and high boundaries for computing mean and std.dev: (63, 303)
[M::mem_pestat] mean and std.dev: (184.59, 33.34)
[M::mem_pestat] low and high boundaries for proper pairs: (15, 351)
[M::mem_pestat] skip orientation RF as there are not enough pairs
[M::mem_pestat] skip orientation RR as there are not enough pairs
[M::mem_process_seqs] Processed 645394 reads in 876.799 CPU sec, 112.387 real sec
[M::process] 0 single-end sequences; 645588 paired-end sequences
[M::process] read 645862 sequences (80000178 bp)...
[M::mem_pestat] # candidate unique pairs for (FF, FR, RF, RR): (0, 240375, 5, 0)
[M::mem_pestat] skip orientation FF as there are not enough pairs
[M::mem_pestat] analyzing insert size distribution for orientation FR...
[M::mem_pestat] (25, 50, 75) percentile: (159, 181, 207)
[M::mem_pestat] low and high boundaries for computing mean and std.dev: (63, 303)
[M::mem_pestat] mean and std.dev: (184.54, 33.41)
[M::mem_pestat] low and high boundaries for proper pairs: (15, 351)
[M::mem_pestat] skip orientation RF as there are not enough pairs
[M::mem_pestat] skip orientation RR as there are not enough pairs
[M::mem_process_seqs] Processed 645588 reads in 882.811 CPU sec, 113.134 real sec
[M::process] 0 single-end sequences; 645862 paired-end sequences
[M::process] read 646280 sequences (80000191 bp)...
[M::mem_pestat] # candidate unique pairs for (FF, FR, RF, RR): (0, 241148, 6, 0)
[M::mem_pestat] skip orientation FF as there are not enough pairs
[M::mem_pestat] analyzing insert size distribution for orientation FR...
[M::mem_pestat] (25, 50, 75) percentile: (159, 181, 206)
[M::mem_pestat] low and high boundaries for computing mean and std.dev: (65, 300)
[M::mem_pestat] mean and std.dev: (184.44, 33.39)
[M::mem_pestat] low and high boundaries for proper pairs: (18, 347)
[M::mem_pestat] skip orientation RF as there are not enough pairs
[M::mem_pestat] skip orientation RR as there are not enough pairs
[M::mem_process_seqs] Processed 645862 reads in 864.375 CPU sec, 110.813 real sec
[M::process] 0 single-end sequences; 646280 paired-end sequences
[M::process] read 645724 sequences (80000163 bp)...
[M::mem_pestat] # candidate unique pairs for (FF, FR, RF, RR): (0, 242144, 7, 0)
[M::mem_pestat] skip orientation FF as there are not enough pairs
[M::mem_pestat] analyzing insert size distribution for orientation FR...
[M::mem_pestat] (25, 50, 75) percentile: (160, 181, 207)
[M::mem_pestat] low and high boundaries for computing mean and std.dev: (66, 301)
[M::mem_pestat] mean and std.dev: (185.02, 33.46)
[M::mem_pestat] low and high boundaries for proper pairs: (19, 348)
[M::mem_pestat] skip orientation RF as there are not enough pairs
[M::mem_pestat] skip orientation RR as there are not enough pairs
[M::mem_process_seqs] Processed 646280 reads in 969.155 CPU sec, 124.054 real sec
[M::process] 0 single-end sequences; 645724 paired-end sequences
[M::process] read 645380 sequences (80000243 bp)...
[M::mem_pestat] # candidate unique pairs for (FF, FR, RF, RR): (0, 242523, 4, 0)
[M::mem_pestat] skip orientation FF as there are not enough pairs
[M::mem_pestat] analyzing insert size distribution for orientation FR...
[M::mem_pestat] (25, 50, 75) percentile: (160, 181, 207)
[M::mem_pestat] low and high boundaries for computing mean and std.dev: (66, 301)
[M::mem_pestat] mean and std.dev: (184.95, 33.49)
[M::mem_pestat] low and high boundaries for proper pairs: (19, 348)
[M::mem_pestat] skip orientation RF as there are not enough pairs
[M::mem_pestat] skip orientation RR as there are not enough pairs
[M::mem_process_seqs] Processed 645724 reads in 866.744 CPU sec, 111.142 real sec
[M::process] 0 single-end sequences; 645380 paired-end sequences
[M::process] read 645468 sequences (80000028 bp)...
[M::mem_pestat] # candidate unique pairs for (FF, FR, RF, RR): (0, 241936, 10, 0)
[M::mem_pestat] skip orientation FF as there are not enough pairs
[M::mem_pestat] analyzing insert size distribution for orientation FR...
[M::mem_pestat] (25, 50, 75) percentile: (160, 181, 207)
[M::mem_pestat] low and high boundaries for computing mean and std.dev: (66, 301)
[M::mem_pestat] mean and std.dev: (184.83, 33.42)
[M::mem_pestat] low and high boundaries for proper pairs: (19, 348)
[M::mem_pestat] analyzing insert size distribution for orientation RF...
[M::mem_pestat] (25, 50, 75) percentile: (164, 172, 187)
[M::mem_pestat] low and high boundaries for computing mean and std.dev: (118, 233)
[M::mem_pestat] mean and std.dev: (170.22, 15.24)
[M::mem_pestat] low and high boundaries for proper pairs: (95, 256)
[M::mem_pestat] skip orientation RR as there are not enough pairs
[M::mem_pestat] skip orientation RF
[M::mem_process_seqs] Processed 645380 reads in 853.914 CPU sec, 109.506 real sec
[M::process] 0 single-end sequences; 645468 paired-end sequences
[M::process] read 645608 sequences (80000160 bp)...
[M::mem_pestat] # candidate unique pairs for (FF, FR, RF, RR): (0, 240656, 3, 0)
[M::mem_pestat] skip orientation FF as there are not enough pairs
[M::mem_pestat] analyzing insert size distribution for orientation FR...
[M::mem_pestat] (25, 50, 75) percentile: (160, 181, 207)
[M::mem_pestat] low and high boundaries for computing mean and std.dev: (66, 301)
[M::mem_pestat] mean and std.dev: (184.66, 33.43)
[M::mem_pestat] low and high boundaries for proper pairs: (19, 348)
[M::mem_pestat] skip orientation RF as there are not enough pairs
[M::mem_pestat] skip orientation RR as there are not enough pairs
[M::mem_process_seqs] Processed 645468 reads in 883.879 CPU sec, 113.267 real sec
[M::process] 0 single-end sequences; 645608 paired-end sequences
[M::process] read 645902 sequences (80000079 bp)...
[M::mem_pestat] # candidate unique pairs for (FF, FR, RF, RR): (0, 239851, 4, 0)
[M::mem_pestat] skip orientation FF as there are not enough pairs
[M::mem_pestat] analyzing insert size distribution for orientation FR...
[M::mem_pestat] (25, 50, 75) percentile: (159, 181, 206)
[M::mem_pestat] low and high boundaries for computing mean and std.dev: (65, 300)
[M::mem_pestat] mean and std.dev: (184.56, 33.43)
[M::mem_pestat] low and high boundaries for proper pairs: (18, 347)
[M::mem_pestat] skip orientation RF as there are not enough pairs
[M::mem_pestat] skip orientation RR as there are not enough pairs
[M::mem_process_seqs] Processed 645608 reads in 900.074 CPU sec, 115.259 real sec
[M::process] 0 single-end sequences; 645902 paired-end sequences
[M::process] read 645716 sequences (80000082 bp)...
[M::mem_pestat] # candidate unique pairs for (FF, FR, RF, RR): (0, 240001, 7, 0)
[M::mem_pestat] skip orientation FF as there are not enough pairs
[M::mem_pestat] analyzing insert size distribution for orientation FR...
[M::mem_pestat] (25, 50, 75) percentile: (159, 181, 207)
[M::mem_pestat] low and high boundaries for computing mean and std.dev: (63, 303)
[M::mem_pestat] mean and std.dev: (184.64, 33.47)
[M::mem_pestat] low and high boundaries for proper pairs: (15, 351)
[M::mem_pestat] skip orientation RF as there are not enough pairs
[M::mem_pestat] skip orientation RR as there are not enough pairs
[M::mem_process_seqs] Processed 645902 reads in 902.942 CPU sec, 115.675 real sec
[M::process] 0 single-end sequences; 645716 paired-end sequences
[M::process] read 645536 sequences (80000212 bp)...
[M::mem_pestat] # candidate unique pairs for (FF, FR, RF, RR): (0, 241144, 1, 0)
[M::mem_pestat] skip orientation FF as there are not enough pairs
[M::mem_pestat] analyzing insert size distribution for orientation FR...
[M::mem_pestat] (25, 50, 75) percentile: (160, 181, 207)
[M::mem_pestat] low and high boundaries for computing mean and std.dev: (66, 301)
[M::mem_pestat] mean and std.dev: (184.69, 33.46)
[M::mem_pestat] low and high boundaries for proper pairs: (19, 348)
[M::mem_pestat] skip orientation RF as there are not enough pairs
[M::mem_pestat] skip orientation RR as there are not enough pairs
[M::mem_process_seqs] Processed 645716 reads in 866.187 CPU sec, 111.065 real sec
[M::process] 0 single-end sequences; 645536 paired-end sequences
[M::process] read 645428 sequences (80000081 bp)...
[M::mem_pestat] # candidate unique pairs for (FF, FR, RF, RR): (0, 242082, 4, 0)
[M::mem_pestat] skip orientation FF as there are not enough pairs
[M::mem_pestat] analyzing insert size distribution for orientation FR...
[M::mem_pestat] (25, 50, 75) percentile: (160, 181, 207)
[M::mem_pestat] low and high boundaries for computing mean and std.dev: (66, 301)
[M::mem_pestat] mean and std.dev: (185.14, 33.54)
[M::mem_pestat] low and high boundaries for proper pairs: (19, 348)
[M::mem_pestat] skip orientation RF as there are not enough pairs
[M::mem_pestat] skip orientation RR as there are not enough pairs
[M::mem_process_seqs] Processed 645536 reads in 847.039 CPU sec, 108.737 real sec
[M::process] 0 single-end sequences; 645428 paired-end sequences
[M::process] read 645452 sequences (80000224 bp)...
[M::mem_pestat] # candidate unique pairs for (FF, FR, RF, RR): (0, 242457, 7, 0)
[M::mem_pestat] skip orientation FF as there are not enough pairs
[M::mem_pestat] analyzing insert size distribution for orientation FR...
[M::mem_pestat] (25, 50, 75) percentile: (160, 181, 207)
[M::mem_pestat] low and high boundaries for computing mean and std.dev: (66, 301)
[M::mem_pestat] mean and std.dev: (184.95, 33.42)
[M::mem_pestat] low and high boundaries for proper pairs: (19, 348)
[M::mem_pestat] skip orientation RF as there are not enough pairs
[M::mem_pestat] skip orientation RR as there are not enough pairs
[M::mem_process_seqs] Processed 645428 reads in 840.973 CPU sec, 107.926 real sec
[M::process] 0 single-end sequences; 645452 paired-end sequences
[M::process] read 645536 sequences (80000233 bp)...
[M::mem_pestat] # candidate unique pairs for (FF, FR, RF, RR): (0, 241410, 4, 0)
[M::mem_pestat] skip orientation FF as there are not enough pairs
[M::mem_pestat] analyzing insert size distribution for orientation FR...
[M::mem_pestat] (25, 50, 75) percentile: (160, 181, 207)
[M::mem_pestat] low and high boundaries for computing mean and std.dev: (66, 301)
[M::mem_pestat] mean and std.dev: (184.90, 33.41)
[M::mem_pestat] low and high boundaries for proper pairs: (19, 348)
[M::mem_pestat] skip orientation RF as there are not enough pairs
[M::mem_pestat] skip orientation RR as there are not enough pairs
[M::mem_process_seqs] Processed 645452 reads in 856.722 CPU sec, 109.879 real sec
[M::process] 0 single-end sequences; 645536 paired-end sequences
[M::process] read 645668 sequences (80000208 bp)...
[M::mem_pestat] # candidate unique pairs for (FF, FR, RF, RR): (0, 241299, 3, 0)
[M::mem_pestat] skip orientation FF as there are not enough pairs
[M::mem_pestat] analyzing insert size distribution for orientation FR...
[M::mem_pestat] (25, 50, 75) percentile: (160, 181, 207)
[M::mem_pestat] low and high boundaries for computing mean and std.dev: (66, 301)
[M::mem_pestat] mean and std.dev: (184.79, 33.50)
[M::mem_pestat] low and high boundaries for proper pairs: (19, 348)
[M::mem_pestat] skip orientation RF as there are not enough pairs
[M::mem_pestat] skip orientation RR as there are not enough pairs
[M::mem_process_seqs] Processed 645536 reads in 875.516 CPU sec, 112.192 real sec
[M::process] 0 single-end sequences; 645668 paired-end sequences
[M::process] read 645820 sequences (80000053 bp)...
[M::mem_pestat] # candidate unique pairs for (FF, FR, RF, RR): (0, 240789, 5, 0)
[M::mem_pestat] skip orientation FF as there are not enough pairs
[M::mem_pestat] analyzing insert size distribution for orientation FR...
[M::mem_pestat] (25, 50, 75) percentile: (159, 181, 206)
[M::mem_pestat] low and high boundaries for computing mean and std.dev: (65, 300)
[M::mem_pestat] mean and std.dev: (184.53, 33.39)
[M::mem_pestat] low and high boundaries for proper pairs: (18, 347)
[M::mem_pestat] skip orientation RF as there are not enough pairs
[M::mem_pestat] skip orientation RR as there are not enough pairs
[M::mem_process_seqs] Processed 645668 reads in 879.119 CPU sec, 112.662 real sec
[M::process] 0 single-end sequences; 645820 paired-end sequences
[M::process] read 645460 sequences (80000164 bp)...
[M::mem_pestat] # candidate unique pairs for (FF, FR, RF, RR): (0, 239512, 8, 0)
[M::mem_pestat] skip orientation FF as there are not enough pairs
[M::mem_pestat] analyzing insert size distribution for orientation FR...
[M::mem_pestat] (25, 50, 75) percentile: (159, 181, 207)
[M::mem_pestat] low and high boundaries for computing mean and std.dev: (63, 303)
[M::mem_pestat] mean and std.dev: (184.53, 33.40)
[M::mem_pestat] low and high boundaries for proper pairs: (15, 351)
[M::mem_pestat] skip orientation RF as there are not enough pairs
[M::mem_pestat] skip orientation RR as there are not enough pairs
[M::mem_process_seqs] Processed 645820 reads in 891.281 CPU sec, 114.226 real sec
[M::process] 0 single-end sequences; 645460 paired-end sequences
[M::process] read 645354 sequences (80000241 bp)...
[M::mem_pestat] # candidate unique pairs for (FF, FR, RF, RR): (0, 241960, 8, 0)
[M::mem_pestat] skip orientation FF as there are not enough pairs
[M::mem_pestat] analyzing insert size distribution for orientation FR...
[M::mem_pestat] (25, 50, 75) percentile: (160, 181, 207)
[M::mem_pestat] low and high boundaries for computing mean and std.dev: (66, 301)
[M::mem_pestat] mean and std.dev: (184.72, 33.49)
[M::mem_pestat] low and high boundaries for proper pairs: (19, 348)
[M::mem_pestat] skip orientation RF as there are not enough pairs
[M::mem_pestat] skip orientation RR as there are not enough pairs
[M::mem_process_seqs] Processed 645460 reads in 840.311 CPU sec, 107.856 real sec
[M::process] 0 single-end sequences; 645354 paired-end sequences
[M::process] read 645290 sequences (80000125 bp)...
[M::mem_pestat] # candidate unique pairs for (FF, FR, RF, RR): (0, 243023, 6, 0)
[M::mem_pestat] skip orientation FF as there are not enough pairs
[M::mem_pestat] analyzing insert size distribution for orientation FR...
[M::mem_pestat] (25, 50, 75) percentile: (160, 181, 207)
[M::mem_pestat] low and high boundaries for computing mean and std.dev: (66, 301)
[M::mem_pestat] mean and std.dev: (184.91, 33.43)
[M::mem_pestat] low and high boundaries for proper pairs: (19, 348)
[M::mem_pestat] skip orientation RF as there are not enough pairs
[M::mem_pestat] skip orientation RR as there are not enough pairs
[M::mem_process_seqs] Processed 645354 reads in 824.621 CPU sec, 105.824 real sec
[M::process] 0 single-end sequences; 645290 paired-end sequences
[M::process] read 645294 sequences (80000191 bp)...
[M::mem_pestat] # candidate unique pairs for (FF, FR, RF, RR): (0, 242661, 3, 0)
[M::mem_pestat] skip orientation FF as there are not enough pairs
[M::mem_pestat] analyzing insert size distribution for orientation FR...
[M::mem_pestat] (25, 50, 75) percentile: (160, 181, 207)
[M::mem_pestat] low and high boundaries for computing mean and std.dev: (66, 301)
[M::mem_pestat] mean and std.dev: (184.86, 33.54)
[M::mem_pestat] low and high boundaries for proper pairs: (19, 348)
[M::mem_pestat] skip orientation RF as there are not enough pairs
[M::mem_pestat] skip orientation RR as there are not enough pairs
[M::mem_process_seqs] Processed 645290 reads in 825.356 CPU sec, 105.898 real sec
[M::process] 0 single-end sequences; 645294 paired-end sequences
[M::process] read 645404 sequences (80000153 bp)...
[M::mem_pestat] # candidate unique pairs for (FF, FR, RF, RR): (0, 242476, 2, 0)
[M::mem_pestat] skip orientation FF as there are not enough pairs
[M::mem_pestat] analyzing insert size distribution for orientation FR...
[M::mem_pestat] (25, 50, 75) percentile: (160, 181, 207)
[M::mem_pestat] low and high boundaries for computing mean and std.dev: (66, 301)
[M::mem_pestat] mean and std.dev: (184.76, 33.51)
[M::mem_pestat] low and high boundaries for proper pairs: (19, 348)
[M::mem_pestat] skip orientation RF as there are not enough pairs
[M::mem_pestat] skip orientation RR as there are not enough pairs
[M::mem_process_seqs] Processed 645294 reads in 841.949 CPU sec, 108.007 real sec
[M::process] 0 single-end sequences; 645404 paired-end sequences
[M::process] read 645586 sequences (80000137 bp)...
[M::mem_pestat] # candidate unique pairs for (FF, FR, RF, RR): (0, 241991, 1, 0)
[M::mem_pestat] skip orientation FF as there are not enough pairs
[M::mem_pestat] analyzing insert size distribution for orientation FR...
[M::mem_pestat] (25, 50, 75) percentile: (160, 181, 207)
[M::mem_pestat] low and high boundaries for computing mean and std.dev: (66, 301)
[M::mem_pestat] mean and std.dev: (184.70, 33.37)
[M::mem_pestat] low and high boundaries for proper pairs: (19, 348)
[M::mem_pestat] skip orientation RF as there are not enough pairs
[M::mem_pestat] skip orientation RR as there are not enough pairs
[M::mem_process_seqs] Processed 645404 reads in 854.422 CPU sec, 109.575 real sec
[M::process] 0 single-end sequences; 645586 paired-end sequences
[M::process] read 645702 sequences (80000023 bp)...
[M::mem_pestat] # candidate unique pairs for (FF, FR, RF, RR): (0, 241203, 5, 0)
[M::mem_pestat] skip orientation FF as there are not enough pairs
[M::mem_pestat] analyzing insert size distribution for orientation FR...
[M::mem_pestat] (25, 50, 75) percentile: (159, 181, 206)
[M::mem_pestat] low and high boundaries for computing mean and std.dev: (65, 300)
[M::mem_pestat] mean and std.dev: (184.50, 33.40)
[M::mem_pestat] low and high boundaries for proper pairs: (18, 347)
[M::mem_pestat] skip orientation RF as there are not enough pairs
[M::mem_pestat] skip orientation RR as there are not enough pairs
[M::mem_process_seqs] Processed 645586 reads in 864.497 CPU sec, 110.814 real sec
[M::process] 0 single-end sequences; 645702 paired-end sequences
[M::process] read 645376 sequences (80000025 bp)...
[M::mem_pestat] # candidate unique pairs for (FF, FR, RF, RR): (0, 240509, 4, 0)
[M::mem_pestat] skip orientation FF as there are not enough pairs
[M::mem_pestat] analyzing insert size distribution for orientation FR...
[M::mem_pestat] (25, 50, 75) percentile: (159, 181, 206)
[M::mem_pestat] low and high boundaries for computing mean and std.dev: (65, 300)
[M::mem_pestat] mean and std.dev: (184.51, 33.43)
[M::mem_pestat] low and high boundaries for proper pairs: (18, 347)
[M::mem_pestat] skip orientation RF as there are not enough pairs
[M::mem_pestat] skip orientation RR as there are not enough pairs
[M::mem_process_seqs] Processed 645702 reads in 867.225 CPU sec, 111.133 real sec
[M::process] 0 single-end sequences; 645376 paired-end sequences
[M::process] read 645430 sequences (80000123 bp)...
[M::mem_pestat] # candidate unique pairs for (FF, FR, RF, RR): (0, 242646, 6, 0)
[M::mem_pestat] skip orientation FF as there are not enough pairs
[M::mem_pestat] analyzing insert size distribution for orientation FR...
[M::mem_pestat] (25, 50, 75) percentile: (160, 181, 207)
[M::mem_pestat] low and high boundaries for computing mean and std.dev: (66, 301)
[M::mem_pestat] mean and std.dev: (184.89, 33.45)
[M::mem_pestat] low and high boundaries for proper pairs: (19, 348)
[M::mem_pestat] skip orientation RF as there are not enough pairs
[M::mem_pestat] skip orientation RR as there are not enough pairs
[M::mem_process_seqs] Processed 645376 reads in 820.507 CPU sec, 105.333 real sec
[M::process] 0 single-end sequences; 645430 paired-end sequences
[M::process] read 645328 sequences (80000010 bp)...
[M::mem_pestat] # candidate unique pairs for (FF, FR, RF, RR): (0, 242308, 8, 0)
[M::mem_pestat] skip orientation FF as there are not enough pairs
[M::mem_pestat] analyzing insert size distribution for orientation FR...
[M::mem_pestat] (25, 50, 75) percentile: (160, 181, 207)
[M::mem_pestat] low and high boundaries for computing mean and std.dev: (66, 301)
[M::mem_pestat] mean and std.dev: (184.98, 33.55)
[M::mem_pestat] low and high boundaries for proper pairs: (19, 348)
[M::mem_pestat] skip orientation RF as there are not enough pairs
[M::mem_pestat] skip orientation RR as there are not enough pairs
[M::mem_process_seqs] Processed 645430 reads in 837.772 CPU sec, 107.464 real sec
[M::process] 0 single-end sequences; 645328 paired-end sequences
[M::process] read 645416 sequences (80000054 bp)...
[M::mem_pestat] # candidate unique pairs for (FF, FR, RF, RR): (0, 242807, 5, 0)
[M::mem_pestat] skip orientation FF as there are not enough pairs
[M::mem_pestat] analyzing insert size distribution for orientation FR...
[M::mem_pestat] (25, 50, 75) percentile: (160, 181, 207)
[M::mem_pestat] low and high boundaries for computing mean and std.dev: (66, 301)
[M::mem_pestat] mean and std.dev: (184.81, 33.42)
[M::mem_pestat] low and high boundaries for proper pairs: (19, 348)
[M::mem_pestat] skip orientation RF as there are not enough pairs
[M::mem_pestat] skip orientation RR as there are not enough pairs
[M::mem_process_seqs] Processed 645328 reads in 835.463 CPU sec, 107.202 real sec
[M::process] 0 single-end sequences; 645416 paired-end sequences
[M::process] read 645512 sequences (80000140 bp)...
[M::mem_pestat] # candidate unique pairs for (FF, FR, RF, RR): (0, 242126, 5, 0)
[M::mem_pestat] skip orientation FF as there are not enough pairs
[M::mem_pestat] analyzing insert size distribution for orientation FR...
[M::mem_pestat] (25, 50, 75) percentile: (160, 181, 207)
[M::mem_pestat] low and high boundaries for computing mean and std.dev: (66, 301)
[M::mem_pestat] mean and std.dev: (184.86, 33.40)
[M::mem_pestat] low and high boundaries for proper pairs: (19, 348)
[M::mem_pestat] skip orientation RF as there are not enough pairs
[M::mem_pestat] skip orientation RR as there are not enough pairs
[M::mem_process_seqs] Processed 645416 reads in 843.888 CPU sec, 108.255 real sec
[M::process] 0 single-end sequences; 645512 paired-end sequences
[M::process] read 645768 sequences (80000016 bp)...
[M::mem_pestat] # candidate unique pairs for (FF, FR, RF, RR): (0, 241349, 4, 0)
[M::mem_pestat] skip orientation FF as there are not enough pairs
[M::mem_pestat] analyzing insert size distribution for orientation FR...
[M::mem_pestat] (25, 50, 75) percentile: (160, 181, 207)
[M::mem_pestat] low and high boundaries for computing mean and std.dev: (66, 301)
[M::mem_pestat] mean and std.dev: (184.73, 33.47)
[M::mem_pestat] low and high boundaries for proper pairs: (19, 348)
[M::mem_pestat] skip orientation RF as there are not enough pairs
[M::mem_pestat] skip orientation RR as there are not enough pairs
[M::mem_process_seqs] Processed 645512 reads in 865.500 CPU sec, 110.986 real sec
[M::process] 0 single-end sequences; 645768 paired-end sequences
[M::process] read 645788 sequences (80000236 bp)...
[M::mem_pestat] # candidate unique pairs for (FF, FR, RF, RR): (0, 240609, 2, 0)
[M::mem_pestat] skip orientation FF as there are not enough pairs
[M::mem_pestat] analyzing insert size distribution for orientation FR...
[M::mem_pestat] (25, 50, 75) percentile: (159, 181, 207)
[M::mem_pestat] low and high boundaries for computing mean and std.dev: (63, 303)
[M::mem_pestat] mean and std.dev: (184.60, 33.47)
[M::mem_pestat] low and high boundaries for proper pairs: (15, 351)
[M::mem_pestat] skip orientation RF as there are not enough pairs
[M::mem_pestat] skip orientation RR as there are not enough pairs
[M::mem_process_seqs] Processed 645768 reads in 883.803 CPU sec, 113.248 real sec
[M::process] 0 single-end sequences; 645788 paired-end sequences
[M::process] read 645730 sequences (80000204 bp)...
[M::mem_pestat] # candidate unique pairs for (FF, FR, RF, RR): (0, 239390, 3, 0)
[M::mem_pestat] skip orientation FF as there are not enough pairs
[M::mem_pestat] analyzing insert size distribution for orientation FR...
[M::mem_pestat] (25, 50, 75) percentile: (160, 181, 206)
[M::mem_pestat] low and high boundaries for computing mean and std.dev: (68, 298)
[M::mem_pestat] mean and std.dev: (184.55, 33.39)
[M::mem_pestat] low and high boundaries for proper pairs: (22, 344)
[M::mem_pestat] skip orientation RF as there are not enough pairs
[M::mem_pestat] skip orientation RR as there are not enough pairs
[M::mem_process_seqs] Processed 645788 reads in 886.855 CPU sec, 113.667 real sec
[M::process] 0 single-end sequences; 645730 paired-end sequences
[M::process] read 645536 sequences (80000077 bp)...
[M::mem_pestat] # candidate unique pairs for (FF, FR, RF, RR): (0, 241501, 6, 0)
[M::mem_pestat] skip orientation FF as there are not enough pairs
[M::mem_pestat] analyzing insert size distribution for orientation FR...
[M::mem_pestat] (25, 50, 75) percentile: (160, 181, 207)
[M::mem_pestat] low and high boundaries for computing mean and std.dev: (66, 301)
[M::mem_pestat] mean and std.dev: (184.96, 33.51)
[M::mem_pestat] low and high boundaries for proper pairs: (19, 348)
[M::mem_pestat] skip orientation RF as there are not enough pairs
[M::mem_pestat] skip orientation RR as there are not enough pairs
[M::mem_process_seqs] Processed 645730 reads in 864.067 CPU sec, 110.767 real sec
[M::process] 0 single-end sequences; 645536 paired-end sequences
[M::process] read 645428 sequences (80000090 bp)...
[M::mem_pestat] # candidate unique pairs for (FF, FR, RF, RR): (0, 241301, 0, 0)
[M::mem_pestat] skip orientation FF as there are not enough pairs
[M::mem_pestat] analyzing insert size distribution for orientation FR...
[M::mem_pestat] (25, 50, 75) percentile: (160, 181, 207)
[M::mem_pestat] low and high boundaries for computing mean and std.dev: (66, 301)
[M::mem_pestat] mean and std.dev: (184.90, 33.46)
[M::mem_pestat] low and high boundaries for proper pairs: (19, 348)
[M::mem_pestat] skip orientation RF as there are not enough pairs
[M::mem_pestat] skip orientation RR as there are not enough pairs
[M::mem_process_seqs] Processed 645536 reads in 864.367 CPU sec, 110.821 real sec
[M::process] 0 single-end sequences; 645428 paired-end sequences
[M::process] read 645556 sequences (80000194 bp)...
[M::mem_pestat] # candidate unique pairs for (FF, FR, RF, RR): (0, 241681, 6, 0)
[M::mem_pestat] skip orientation FF as there are not enough pairs
[M::mem_pestat] analyzing insert size distribution for orientation FR...
[M::mem_pestat] (25, 50, 75) percentile: (160, 181, 207)
[M::mem_pestat] low and high boundaries for computing mean and std.dev: (66, 301)
[M::mem_pestat] mean and std.dev: (184.78, 33.43)
[M::mem_pestat] low and high boundaries for proper pairs: (19, 348)
[M::mem_pestat] skip orientation RF as there are not enough pairs
[M::mem_pestat] skip orientation RR as there are not enough pairs
[M::mem_process_seqs] Processed 645428 reads in 867.675 CPU sec, 111.232 real sec
[M::process] 0 single-end sequences; 645556 paired-end sequences
[M::process] read 645658 sequences (80000029 bp)...
[M::mem_pestat] # candidate unique pairs for (FF, FR, RF, RR): (0, 240115, 2, 0)
[M::mem_pestat] skip orientation FF as there are not enough pairs
[M::mem_pestat] analyzing insert size distribution for orientation FR...
[M::mem_pestat] (25, 50, 75) percentile: (160, 181, 207)
[M::mem_pestat] low and high boundaries for computing mean and std.dev: (66, 301)
[M::mem_pestat] mean and std.dev: (184.68, 33.43)
[M::mem_pestat] low and high boundaries for proper pairs: (19, 348)
[M::mem_pestat] skip orientation RF as there are not enough pairs
[M::mem_pestat] skip orientation RR as there are not enough pairs
[M::mem_process_seqs] Processed 645556 reads in 885.063 CPU sec, 113.398 real sec
[M::process] 0 single-end sequences; 645658 paired-end sequences
[M::process] read 645996 sequences (80000232 bp)...
[M::mem_pestat] # candidate unique pairs for (FF, FR, RF, RR): (0, 239807, 10, 0)
[M::mem_pestat] skip orientation FF as there are not enough pairs
[M::mem_pestat] analyzing insert size distribution for orientation FR...
[M::mem_pestat] (25, 50, 75) percentile: (159, 181, 206)
[M::mem_pestat] low and high boundaries for computing mean and std.dev: (65, 300)
[M::mem_pestat] mean and std.dev: (184.45, 33.41)
[M::mem_pestat] low and high boundaries for proper pairs: (18, 347)
[M::mem_pestat] analyzing insert size distribution for orientation RF...
[M::mem_pestat] (25, 50, 75) percentile: (155, 179, 193)
[M::mem_pestat] low and high boundaries for computing mean and std.dev: (79, 269)
[M::mem_pestat] mean and std.dev: (175.00, 22.51)
[M::mem_pestat] low and high boundaries for proper pairs: (41, 307)
[M::mem_pestat] skip orientation RR as there are not enough pairs
[M::mem_pestat] skip orientation RF
[M::mem_process_seqs] Processed 645658 reads in 901.224 CPU sec, 116.015 real sec
[M::process] 0 single-end sequences; 645996 paired-end sequences
[M::process] read 645642 sequences (80000094 bp)...
[M::mem_pestat] # candidate unique pairs for (FF, FR, RF, RR): (0, 238891, 4, 0)
[M::mem_pestat] skip orientation FF as there are not enough pairs
[M::mem_pestat] analyzing insert size distribution for orientation FR...
[M::mem_pestat] (25, 50, 75) percentile: (159, 181, 206)
[M::mem_pestat] low and high boundaries for computing mean and std.dev: (65, 300)
[M::mem_pestat] mean and std.dev: (184.42, 33.42)
[M::mem_pestat] low and high boundaries for proper pairs: (18, 347)
[M::mem_pestat] skip orientation RF as there are not enough pairs
[M::mem_pestat] skip orientation RR as there are not enough pairs
[M::mem_process_seqs] Processed 645996 reads in 907.916 CPU sec, 116.367 real sec
[M::process] 0 single-end sequences; 645642 paired-end sequences
[M::process] read 645574 sequences (80000207 bp)...
[M::mem_pestat] # candidate unique pairs for (FF, FR, RF, RR): (0, 241135, 4, 0)
[M::mem_pestat] skip orientation FF as there are not enough pairs
[M::mem_pestat] analyzing insert size distribution for orientation FR...
[M::mem_pestat] (25, 50, 75) percentile: (160, 181, 207)
[M::mem_pestat] low and high boundaries for computing mean and std.dev: (66, 301)
[M::mem_pestat] mean and std.dev: (184.70, 33.41)
[M::mem_pestat] low and high boundaries for proper pairs: (19, 348)
[M::mem_pestat] skip orientation RF as there are not enough pairs
[M::mem_pestat] skip orientation RR as there are not enough pairs
[M::mem_process_seqs] Processed 645642 reads in 871.421 CPU sec, 111.762 real sec
[M::process] 0 single-end sequences; 645574 paired-end sequences
[M::process] read 645328 sequences (80000003 bp)...
[M::mem_pestat] # candidate unique pairs for (FF, FR, RF, RR): (0, 242189, 1, 0)
[M::mem_pestat] skip orientation FF as there are not enough pairs
[M::mem_pestat] analyzing insert size distribution for orientation FR...
[M::mem_pestat] (25, 50, 75) percentile: (160, 181, 207)
[M::mem_pestat] low and high boundaries for computing mean and std.dev: (66, 301)
[M::mem_pestat] mean and std.dev: (184.92, 33.47)
[M::mem_pestat] low and high boundaries for proper pairs: (19, 348)
[M::mem_pestat] skip orientation RF as there are not enough pairs
[M::mem_pestat] skip orientation RR as there are not enough pairs
[M::mem_process_seqs] Processed 645574 reads in 838.456 CPU sec, 107.564 real sec
[M::process] 0 single-end sequences; 645328 paired-end sequences
[M::process] read 645360 sequences (80000044 bp)...
[M::mem_pestat] # candidate unique pairs for (FF, FR, RF, RR): (0, 241925, 6, 0)
[M::mem_pestat] skip orientation FF as there are not enough pairs
[M::mem_pestat] analyzing insert size distribution for orientation FR...
[M::mem_pestat] (25, 50, 75) percentile: (160, 181, 207)
[M::mem_pestat] low and high boundaries for computing mean and std.dev: (66, 301)
[M::mem_pestat] mean and std.dev: (184.82, 33.48)
[M::mem_pestat] low and high boundaries for proper pairs: (19, 348)
[M::mem_pestat] skip orientation RF as there are not enough pairs
[M::mem_pestat] skip orientation RR as there are not enough pairs
[M::mem_process_seqs] Processed 645328 reads in 853.441 CPU sec, 109.442 real sec
[M::process] 0 single-end sequences; 645360 paired-end sequences
[M::process] read 645568 sequences (80000025 bp)...
[M::mem_pestat] # candidate unique pairs for (FF, FR, RF, RR): (0, 241451, 6, 0)
[M::mem_pestat] skip orientation FF as there are not enough pairs
[M::mem_pestat] analyzing insert size distribution for orientation FR...
[M::mem_pestat] (25, 50, 75) percentile: (160, 181, 207)
[M::mem_pestat] low and high boundaries for computing mean and std.dev: (66, 301)
[M::mem_pestat] mean and std.dev: (184.83, 33.42)
[M::mem_pestat] low and high boundaries for proper pairs: (19, 348)
[M::mem_pestat] skip orientation RF as there are not enough pairs
[M::mem_pestat] skip orientation RR as there are not enough pairs
[M::mem_process_seqs] Processed 645360 reads in 881.986 CPU sec, 113.096 real sec
[M::process] 0 single-end sequences; 645568 paired-end sequences
[M::process] read 645992 sequences (80000022 bp)...
[M::mem_pestat] # candidate unique pairs for (FF, FR, RF, RR): (0, 241019, 1, 0)
[M::mem_pestat] skip orientation FF as there are not enough pairs
[M::mem_pestat] analyzing insert size distribution for orientation FR...
[M::mem_pestat] (25, 50, 75) percentile: (160, 181, 207)
[M::mem_pestat] low and high boundaries for computing mean and std.dev: (66, 301)
[M::mem_pestat] mean and std.dev: (184.65, 33.33)
[M::mem_pestat] low and high boundaries for proper pairs: (19, 348)
[M::mem_pestat] skip orientation RF as there are not enough pairs
[M::mem_pestat] skip orientation RR as there are not enough pairs
[M::mem_process_seqs] Processed 645568 reads in 918.291 CPU sec, 117.541 real sec
[M::process] 0 single-end sequences; 645992 paired-end sequences
[M::process] read 646262 sequences (80000195 bp)...
[M::mem_pestat] # candidate unique pairs for (FF, FR, RF, RR): (0, 240543, 2, 0)
[M::mem_pestat] skip orientation FF as there are not enough pairs
[M::mem_pestat] analyzing insert size distribution for orientation FR...
[M::mem_pestat] (25, 50, 75) percentile: (160, 181, 207)
[M::mem_pestat] low and high boundaries for computing mean and std.dev: (66, 301)
[M::mem_pestat] mean and std.dev: (184.61, 33.34)
[M::mem_pestat] low and high boundaries for proper pairs: (19, 348)
[M::mem_pestat] skip orientation RF as there are not enough pairs
[M::mem_pestat] skip orientation RR as there are not enough pairs
[M::mem_process_seqs] Processed 645992 reads in 919.443 CPU sec, 117.727 real sec
[M::process] 0 single-end sequences; 646262 paired-end sequences
[M::process] read 645744 sequences (80000158 bp)...
[M::mem_pestat] # candidate unique pairs for (FF, FR, RF, RR): (0, 241103, 3, 0)
[M::mem_pestat] skip orientation FF as there are not enough pairs
[M::mem_pestat] analyzing insert size distribution for orientation FR...
[M::mem_pestat] (25, 50, 75) percentile: (159, 181, 206)
[M::mem_pestat] low and high boundaries for computing mean and std.dev: (65, 300)
[M::mem_pestat] mean and std.dev: (184.54, 33.40)
[M::mem_pestat] low and high boundaries for proper pairs: (18, 347)
[M::mem_pestat] skip orientation RF as there are not enough pairs
[M::mem_pestat] skip orientation RR as there are not enough pairs
[M::mem_process_seqs] Processed 646262 reads in 904.974 CPU sec, 115.938 real sec
[M::process] 0 single-end sequences; 645744 paired-end sequences
[M::process] read 645620 sequences (80000119 bp)...
[M::mem_pestat] # candidate unique pairs for (FF, FR, RF, RR): (0, 242139, 6, 0)
[M::mem_pestat] skip orientation FF as there are not enough pairs
[M::mem_pestat] analyzing insert size distribution for orientation FR...
[M::mem_pestat] (25, 50, 75) percentile: (160, 181, 207)
[M::mem_pestat] low and high boundaries for computing mean and std.dev: (66, 301)
[M::mem_pestat] mean and std.dev: (184.93, 33.40)
[M::mem_pestat] low and high boundaries for proper pairs: (19, 348)
[M::mem_pestat] skip orientation RF as there are not enough pairs
[M::mem_pestat] skip orientation RR as there are not enough pairs
[M::mem_process_seqs] Processed 645744 reads in 1038.212 CPU sec, 132.899 real sec
[M::process] 0 single-end sequences; 645620 paired-end sequences
[M::process] read 645460 sequences (80000056 bp)...
[M::mem_pestat] # candidate unique pairs for (FF, FR, RF, RR): (0, 242352, 2, 0)
[M::mem_pestat] skip orientation FF as there are not enough pairs
[M::mem_pestat] analyzing insert size distribution for orientation FR...
[M::mem_pestat] (25, 50, 75) percentile: (160, 181, 207)
[M::mem_pestat] low and high boundaries for computing mean and std.dev: (66, 301)
[M::mem_pestat] mean and std.dev: (184.92, 33.45)
[M::mem_pestat] low and high boundaries for proper pairs: (19, 348)
[M::mem_pestat] skip orientation RF as there are not enough pairs
[M::mem_pestat] skip orientation RR as there are not enough pairs
[M::mem_process_seqs] Processed 645620 reads in 870.793 CPU sec, 112.109 real sec
[M::process] 0 single-end sequences; 645460 paired-end sequences
[M::process] read 645636 sequences (80000026 bp)...
[M::mem_pestat] # candidate unique pairs for (FF, FR, RF, RR): (0, 241892, 6, 0)
[M::mem_pestat] skip orientation FF as there are not enough pairs
[M::mem_pestat] analyzing insert size distribution for orientation FR...
[M::mem_pestat] (25, 50, 75) percentile: (160, 181, 207)
[M::mem_pestat] low and high boundaries for computing mean and std.dev: (66, 301)
[M::mem_pestat] mean and std.dev: (184.79, 33.40)
[M::mem_pestat] low and high boundaries for proper pairs: (19, 348)
[M::mem_pestat] skip orientation RF as there are not enough pairs
[M::mem_pestat] skip orientation RR as there are not enough pairs
[M::mem_process_seqs] Processed 645460 reads in 906.637 CPU sec, 116.072 real sec
[M::process] 0 single-end sequences; 645636 paired-end sequences
[M::process] read 646018 sequences (80000231 bp)...
[M::mem_pestat] # candidate unique pairs for (FF, FR, RF, RR): (0, 240820, 3, 0)
[M::mem_pestat] skip orientation FF as there are not enough pairs
[M::mem_pestat] analyzing insert size distribution for orientation FR...
[M::mem_pestat] (25, 50, 75) percentile: (160, 181, 207)
[M::mem_pestat] low and high boundaries for computing mean and std.dev: (66, 301)
[M::mem_pestat] mean and std.dev: (184.71, 33.46)
[M::mem_pestat] low and high boundaries for proper pairs: (19, 348)
[M::mem_pestat] skip orientation RF as there are not enough pairs
[M::mem_pestat] skip orientation RR as there are not enough pairs
[M::mem_process_seqs] Processed 645636 reads in 926.565 CPU sec, 118.616 real sec
[M::process] 0 single-end sequences; 646018 paired-end sequences
[M::process] read 646424 sequences (80000016 bp)...
[M::mem_pestat] # candidate unique pairs for (FF, FR, RF, RR): (0, 240002, 3, 0)
[M::mem_pestat] skip orientation FF as there are not enough pairs
[M::mem_pestat] analyzing insert size distribution for orientation FR...
[M::mem_pestat] (25, 50, 75) percentile: (159, 181, 206)
[M::mem_pestat] low and high boundaries for computing mean and std.dev: (65, 300)
[M::mem_pestat] mean and std.dev: (184.53, 33.35)
[M::mem_pestat] low and high boundaries for proper pairs: (18, 347)
[M::mem_pestat] skip orientation RF as there are not enough pairs
[M::mem_pestat] skip orientation RR as there are not enough pairs
[M::mem_process_seqs] Processed 646018 reads in 987.978 CPU sec, 126.555 real sec
[M::process] 0 single-end sequences; 646424 paired-end sequences
[M::process] read 645664 sequences (80000018 bp)...
[M::mem_pestat] # candidate unique pairs for (FF, FR, RF, RR): (0, 240546, 5, 0)
[M::mem_pestat] skip orientation FF as there are not enough pairs
[M::mem_pestat] analyzing insert size distribution for orientation FR...
[M::mem_pestat] (25, 50, 75) percentile: (159, 181, 206)
[M::mem_pestat] low and high boundaries for computing mean and std.dev: (65, 300)
[M::mem_pestat] mean and std.dev: (184.58, 33.37)
[M::mem_pestat] low and high boundaries for proper pairs: (18, 347)
[M::mem_pestat] skip orientation RF as there are not enough pairs
[M::mem_pestat] skip orientation RR as there are not enough pairs
[M::mem_process_seqs] Processed 646424 reads in 941.345 CPU sec, 120.441 real sec
[M::process] 0 single-end sequences; 645664 paired-end sequences
[M::process] read 645434 sequences (80000025 bp)...
[M::mem_pestat] # candidate unique pairs for (FF, FR, RF, RR): (0, 242396, 4, 0)
[M::mem_pestat] skip orientation FF as there are not enough pairs
[M::mem_pestat] analyzing insert size distribution for orientation FR...
[M::mem_pestat] (25, 50, 75) percentile: (160, 181, 207)
[M::mem_pestat] low and high boundaries for computing mean and std.dev: (66, 301)
[M::mem_pestat] mean and std.dev: (184.94, 33.54)
[M::mem_pestat] low and high boundaries for proper pairs: (19, 348)
[M::mem_pestat] skip orientation RF as there are not enough pairs
[M::mem_pestat] skip orientation RR as there are not enough pairs
[M::mem_process_seqs] Processed 645664 reads in 846.058 CPU sec, 108.521 real sec
[M::process] 0 single-end sequences; 645434 paired-end sequences
[M::process] read 645318 sequences (80000009 bp)...
[M::mem_pestat] # candidate unique pairs for (FF, FR, RF, RR): (0, 242429, 5, 0)
[M::mem_pestat] skip orientation FF as there are not enough pairs
[M::mem_pestat] analyzing insert size distribution for orientation FR...
[M::mem_pestat] (25, 50, 75) percentile: (160, 181, 207)
[M::mem_pestat] low and high boundaries for computing mean and std.dev: (66, 301)
[M::mem_pestat] mean and std.dev: (185.07, 33.42)
[M::mem_pestat] low and high boundaries for proper pairs: (19, 348)
[M::mem_pestat] skip orientation RF as there are not enough pairs
[M::mem_pestat] skip orientation RR as there are not enough pairs
[M::mem_process_seqs] Processed 645434 reads in 834.463 CPU sec, 107.763 real sec
[M::process] 0 single-end sequences; 645318 paired-end sequences
[M::process] read 645390 sequences (80000220 bp)...
[M::mem_pestat] # candidate unique pairs for (FF, FR, RF, RR): (0, 242590, 7, 0)
[M::mem_pestat] skip orientation FF as there are not enough pairs
[M::mem_pestat] analyzing insert size distribution for orientation FR...
[M::mem_pestat] (25, 50, 75) percentile: (160, 181, 207)
[M::mem_pestat] low and high boundaries for computing mean and std.dev: (66, 301)
[M::mem_pestat] mean and std.dev: (184.88, 33.42)
[M::mem_pestat] low and high boundaries for proper pairs: (19, 348)
[M::mem_pestat] skip orientation RF as there are not enough pairs
[M::mem_pestat] skip orientation RR as there are not enough pairs
[M::mem_process_seqs] Processed 645318 reads in 828.279 CPU sec, 106.317 real sec
[M::process] 0 single-end sequences; 645390 paired-end sequences
[M::process] read 645482 sequences (80000147 bp)...
[M::mem_pestat] # candidate unique pairs for (FF, FR, RF, RR): (0, 241948, 6, 0)
[M::mem_pestat] skip orientation FF as there are not enough pairs
[M::mem_pestat] analyzing insert size distribution for orientation FR...
[M::mem_pestat] (25, 50, 75) percentile: (160, 181, 207)
[M::mem_pestat] low and high boundaries for computing mean and std.dev: (66, 301)
[M::mem_pestat] mean and std.dev: (184.78, 33.53)
[M::mem_pestat] low and high boundaries for proper pairs: (19, 348)
[M::mem_pestat] skip orientation RF as there are not enough pairs
[M::mem_pestat] skip orientation RR as there are not enough pairs
[M::mem_process_seqs] Processed 645390 reads in 849.580 CPU sec, 108.959 real sec
[M::process] 0 single-end sequences; 645482 paired-end sequences
[M::process] read 645728 sequences (80000171 bp)...
[M::mem_pestat] # candidate unique pairs for (FF, FR, RF, RR): (0, 241249, 6, 0)
[M::mem_pestat] skip orientation FF as there are not enough pairs
[M::mem_pestat] analyzing insert size distribution for orientation FR...
[M::mem_pestat] (25, 50, 75) percentile: (159, 181, 207)
[M::mem_pestat] low and high boundaries for computing mean and std.dev: (63, 303)
[M::mem_pestat] mean and std.dev: (184.59, 33.42)
[M::mem_pestat] low and high boundaries for proper pairs: (15, 351)
[M::mem_pestat] skip orientation RF as there are not enough pairs
[M::mem_pestat] skip orientation RR as there are not enough pairs
[M::mem_process_seqs] Processed 645482 reads in 872.938 CPU sec, 111.873 real sec
[M::process] 0 single-end sequences; 645728 paired-end sequences
[M::process] read 645714 sequences (80000082 bp)...
[M::mem_pestat] # candidate unique pairs for (FF, FR, RF, RR): (0, 240857, 6, 0)
[M::mem_pestat] skip orientation FF as there are not enough pairs
[M::mem_pestat] analyzing insert size distribution for orientation FR...
[M::mem_pestat] (25, 50, 75) percentile: (160, 181, 207)
[M::mem_pestat] low and high boundaries for computing mean and std.dev: (66, 301)
[M::mem_pestat] mean and std.dev: (184.70, 33.38)
[M::mem_pestat] low and high boundaries for proper pairs: (19, 348)
[M::mem_pestat] skip orientation RF as there are not enough pairs
[M::mem_pestat] skip orientation RR as there are not enough pairs
[M::mem_process_seqs] Processed 645728 reads in 874.605 CPU sec, 112.120 real sec
[M::process] 0 single-end sequences; 645714 paired-end sequences
[M::process] read 645222 sequences (80000057 bp)...
[M::mem_pestat] # candidate unique pairs for (FF, FR, RF, RR): (0, 240703, 6, 0)
[M::mem_pestat] skip orientation FF as there are not enough pairs
[M::mem_pestat] analyzing insert size distribution for orientation FR...
[M::mem_pestat] (25, 50, 75) percentile: (159, 181, 206)
[M::mem_pestat] low and high boundaries for computing mean and std.dev: (65, 300)
[M::mem_pestat] mean and std.dev: (184.51, 33.39)
[M::mem_pestat] low and high boundaries for proper pairs: (18, 347)
[M::mem_pestat] skip orientation RF as there are not enough pairs
[M::mem_pestat] skip orientation RR as there are not enough pairs
[M::mem_process_seqs] Processed 645714 reads in 874.115 CPU sec, 112.020 real sec
[M::process] 0 single-end sequences; 645222 paired-end sequences
[M::process] read 645296 sequences (80000240 bp)...
[M::mem_pestat] # candidate unique pairs for (FF, FR, RF, RR): (0, 242937, 1, 0)
[M::mem_pestat] skip orientation FF as there are not enough pairs
[M::mem_pestat] analyzing insert size distribution for orientation FR...
[M::mem_pestat] (25, 50, 75) percentile: (160, 181, 207)
[M::mem_pestat] low and high boundaries for computing mean and std.dev: (66, 301)
[M::mem_pestat] mean and std.dev: (184.85, 33.47)
[M::mem_pestat] low and high boundaries for proper pairs: (19, 348)
[M::mem_pestat] skip orientation RF as there are not enough pairs
[M::mem_pestat] skip orientation RR as there are not enough pairs
[M::mem_process_seqs] Processed 645222 reads in 821.999 CPU sec, 105.515 real sec
[M::process] 0 single-end sequences; 645296 paired-end sequences
[M::process] read 645168 sequences (80000088 bp)...
[M::mem_pestat] # candidate unique pairs for (FF, FR, RF, RR): (0, 242883, 3, 0)
[M::mem_pestat] skip orientation FF as there are not enough pairs
[M::mem_pestat] analyzing insert size distribution for orientation FR...
[M::mem_pestat] (25, 50, 75) percentile: (160, 181, 207)
[M::mem_pestat] low and high boundaries for computing mean and std.dev: (66, 301)
[M::mem_pestat] mean and std.dev: (185.13, 33.49)
[M::mem_pestat] low and high boundaries for proper pairs: (19, 348)
[M::mem_pestat] skip orientation RF as there are not enough pairs
[M::mem_pestat] skip orientation RR as there are not enough pairs
[M::mem_process_seqs] Processed 645296 reads in 821.858 CPU sec, 105.494 real sec
[M::process] 0 single-end sequences; 645168 paired-end sequences
[M::process] read 645284 sequences (80000175 bp)...
[M::mem_pestat] # candidate unique pairs for (FF, FR, RF, RR): (0, 242885, 3, 0)
[M::mem_pestat] skip orientation FF as there are not enough pairs
[M::mem_pestat] analyzing insert size distribution for orientation FR...
[M::mem_pestat] (25, 50, 75) percentile: (160, 181, 207)
[M::mem_pestat] low and high boundaries for computing mean and std.dev: (66, 301)
[M::mem_pestat] mean and std.dev: (184.84, 33.42)
[M::mem_pestat] low and high boundaries for proper pairs: (19, 348)
[M::mem_pestat] skip orientation RF as there are not enough pairs
[M::mem_pestat] skip orientation RR as there are not enough pairs
[M::mem_process_seqs] Processed 645168 reads in 828.969 CPU sec, 106.386 real sec
[M::process] 0 single-end sequences; 645284 paired-end sequences
[M::process] read 645416 sequences (80000227 bp)...
[M::mem_pestat] # candidate unique pairs for (FF, FR, RF, RR): (0, 242696, 5, 0)
[M::mem_pestat] skip orientation FF as there are not enough pairs
[M::mem_pestat] analyzing insert size distribution for orientation FR...
[M::mem_pestat] (25, 50, 75) percentile: (160, 181, 207)
[M::mem_pestat] low and high boundaries for computing mean and std.dev: (66, 301)
[M::mem_pestat] mean and std.dev: (184.68, 33.40)
[M::mem_pestat] low and high boundaries for proper pairs: (19, 348)
[M::mem_pestat] skip orientation RF as there are not enough pairs
[M::mem_pestat] skip orientation RR as there are not enough pairs
[M::mem_process_seqs] Processed 645284 reads in 840.434 CPU sec, 107.802 real sec
[M::process] 0 single-end sequences; 645416 paired-end sequences
[M::process] read 645708 sequences (80000047 bp)...
[M::mem_pestat] # candidate unique pairs for (FF, FR, RF, RR): (0, 241195, 4, 0)
[M::mem_pestat] skip orientation FF as there are not enough pairs
[M::mem_pestat] analyzing insert size distribution for orientation FR...
[M::mem_pestat] (25, 50, 75) percentile: (160, 181, 207)
[M::mem_pestat] low and high boundaries for computing mean and std.dev: (66, 301)
[M::mem_pestat] mean and std.dev: (184.62, 33.38)
[M::mem_pestat] low and high boundaries for proper pairs: (19, 348)
[M::mem_pestat] skip orientation RF as there are not enough pairs
[M::mem_pestat] skip orientation RR as there are not enough pairs
[M::mem_process_seqs] Processed 645416 reads in 861.179 CPU sec, 110.626 real sec
[M::process] 0 single-end sequences; 645708 paired-end sequences
[M::process] read 645670 sequences (80000082 bp)...
[M::mem_pestat] # candidate unique pairs for (FF, FR, RF, RR): (0, 240986, 6, 0)
[M::mem_pestat] skip orientation FF as there are not enough pairs
[M::mem_pestat] analyzing insert size distribution for orientation FR...
[M::mem_pestat] (25, 50, 75) percentile: (159, 181, 206)
[M::mem_pestat] low and high boundaries for computing mean and std.dev: (65, 300)
[M::mem_pestat] mean and std.dev: (184.53, 33.38)
[M::mem_pestat] low and high boundaries for proper pairs: (18, 347)
[M::mem_pestat] skip orientation RF as there are not enough pairs
[M::mem_pestat] skip orientation RR as there are not enough pairs
[M::mem_process_seqs] Processed 645708 reads in 869.703 CPU sec, 112.256 real sec
[M::process] 0 single-end sequences; 645670 paired-end sequences
[M::process] read 645324 sequences (80000113 bp)...
[M::mem_pestat] # candidate unique pairs for (FF, FR, RF, RR): (0, 241090, 5, 0)
[M::mem_pestat] skip orientation FF as there are not enough pairs
[M::mem_pestat] analyzing insert size distribution for orientation FR...
[M::mem_pestat] (25, 50, 75) percentile: (159, 181, 206)
[M::mem_pestat] low and high boundaries for computing mean and std.dev: (65, 300)
[M::mem_pestat] mean and std.dev: (184.50, 33.36)
[M::mem_pestat] low and high boundaries for proper pairs: (18, 347)
[M::mem_pestat] skip orientation RF as there are not enough pairs
[M::mem_pestat] skip orientation RR as there are not enough pairs
[M::mem_process_seqs] Processed 645670 reads in 859.210 CPU sec, 110.227 real sec
[M::process] 0 single-end sequences; 645324 paired-end sequences
[M::process] read 645316 sequences (80000013 bp)...
[M::mem_pestat] # candidate unique pairs for (FF, FR, RF, RR): (0, 241863, 2, 0)
[M::mem_pestat] skip orientation FF as there are not enough pairs
[M::mem_pestat] analyzing insert size distribution for orientation FR...
[M::mem_pestat] (25, 50, 75) percentile: (160, 181, 207)
[M::mem_pestat] low and high boundaries for computing mean and std.dev: (66, 301)
[M::mem_pestat] mean and std.dev: (185.05, 33.51)
[M::mem_pestat] low and high boundaries for proper pairs: (19, 348)
[M::mem_pestat] skip orientation RF as there are not enough pairs
[M::mem_pestat] skip orientation RR as there are not enough pairs
[M::mem_process_seqs] Processed 645324 reads in 829.563 CPU sec, 106.488 real sec
[M::process] 0 single-end sequences; 645316 paired-end sequences
[M::process] read 645290 sequences (80000049 bp)...
[M::mem_pestat] # candidate unique pairs for (FF, FR, RF, RR): (0, 242593, 6, 0)
[M::mem_pestat] skip orientation FF as there are not enough pairs
[M::mem_pestat] analyzing insert size distribution for orientation FR...
[M::mem_pestat] (25, 50, 75) percentile: (160, 182, 207)
[M::mem_pestat] low and high boundaries for computing mean and std.dev: (66, 301)
[M::mem_pestat] mean and std.dev: (185.18, 33.46)
[M::mem_pestat] low and high boundaries for proper pairs: (19, 348)
[M::mem_pestat] skip orientation RF as there are not enough pairs
[M::mem_pestat] skip orientation RR as there are not enough pairs
[M::mem_process_seqs] Processed 645316 reads in 832.017 CPU sec, 106.776 real sec
[M::process] 0 single-end sequences; 645290 paired-end sequences
[M::process] read 645380 sequences (80000159 bp)...
[M::mem_pestat] # candidate unique pairs for (FF, FR, RF, RR): (0, 242236, 5, 0)
[M::mem_pestat] skip orientation FF as there are not enough pairs
[M::mem_pestat] analyzing insert size distribution for orientation FR...
[M::mem_pestat] (25, 50, 75) percentile: (160, 181, 207)
[M::mem_pestat] low and high boundaries for computing mean and std.dev: (66, 301)
[M::mem_pestat] mean and std.dev: (184.84, 33.50)
[M::mem_pestat] low and high boundaries for proper pairs: (19, 348)
[M::mem_pestat] skip orientation RF as there are not enough pairs
[M::mem_pestat] skip orientation RR as there are not enough pairs
[M::mem_process_seqs] Processed 645290 reads in 843.952 CPU sec, 108.253 real sec
[M::process] 0 single-end sequences; 645380 paired-end sequences
[M::process] read 645532 sequences (80000104 bp)...
[M::mem_pestat] # candidate unique pairs for (FF, FR, RF, RR): (0, 241555, 1, 0)
[M::mem_pestat] skip orientation FF as there are not enough pairs
[M::mem_pestat] analyzing insert size distribution for orientation FR...
[M::mem_pestat] (25, 50, 75) percentile: (160, 181, 207)
[M::mem_pestat] low and high boundaries for computing mean and std.dev: (66, 301)
[M::mem_pestat] mean and std.dev: (184.77, 33.41)
[M::mem_pestat] low and high boundaries for proper pairs: (19, 348)
[M::mem_pestat] skip orientation RF as there are not enough pairs
[M::mem_pestat] skip orientation RR as there are not enough pairs
[M::mem_process_seqs] Processed 645380 reads in 862.994 CPU sec, 110.641 real sec
[M::process] 0 single-end sequences; 645532 paired-end sequences
[M::process] read 645834 sequences (80000219 bp)...
[M::mem_pestat] # candidate unique pairs for (FF, FR, RF, RR): (0, 240635, 6, 0)
[M::mem_pestat] skip orientation FF as there are not enough pairs
[M::mem_pestat] analyzing insert size distribution for orientation FR...
[M::mem_pestat] (25, 50, 75) percentile: (159, 181, 207)
[M::mem_pestat] low and high boundaries for computing mean and std.dev: (63, 303)
[M::mem_pestat] mean and std.dev: (184.63, 33.42)
[M::mem_pestat] low and high boundaries for proper pairs: (15, 351)
[M::mem_pestat] skip orientation RF as there are not enough pairs
[M::mem_pestat] skip orientation RR as there are not enough pairs
[M::mem_process_seqs] Processed 645532 reads in 883.448 CPU sec, 113.286 real sec
[M::process] 0 single-end sequences; 645834 paired-end sequences
[M::process] read 645622 sequences (80000204 bp)...
[M::mem_pestat] # candidate unique pairs for (FF, FR, RF, RR): (0, 239826, 7, 0)
[M::mem_pestat] skip orientation FF as there are not enough pairs
[M::mem_pestat] analyzing insert size distribution for orientation FR...
[M::mem_pestat] (25, 50, 75) percentile: (160, 181, 207)
[M::mem_pestat] low and high boundaries for computing mean and std.dev: (66, 301)
[M::mem_pestat] mean and std.dev: (184.67, 33.42)
[M::mem_pestat] low and high boundaries for proper pairs: (19, 348)
[M::mem_pestat] skip orientation RF as there are not enough pairs
[M::mem_pestat] skip orientation RR as there are not enough pairs
[M::mem_process_seqs] Processed 645834 reads in 895.359 CPU sec, 114.709 real sec
[M::process] 0 single-end sequences; 645622 paired-end sequences
[M::process] read 645520 sequences (80000081 bp)...
[M::mem_pestat] # candidate unique pairs for (FF, FR, RF, RR): (0, 240530, 4, 0)
[M::mem_pestat] skip orientation FF as there are not enough pairs
[M::mem_pestat] analyzing insert size distribution for orientation FR...
[M::mem_pestat] (25, 50, 75) percentile: (159, 181, 207)
[M::mem_pestat] low and high boundaries for computing mean and std.dev: (63, 303)
[M::mem_pestat] mean and std.dev: (184.62, 33.45)
[M::mem_pestat] low and high boundaries for proper pairs: (15, 351)
[M::mem_pestat] skip orientation RF as there are not enough pairs
[M::mem_pestat] skip orientation RR as there are not enough pairs
[M::mem_process_seqs] Processed 645622 reads in 882.474 CPU sec, 113.072 real sec
[M::process] 0 single-end sequences; 645520 paired-end sequences
[M::process] read 645384 sequences (80000120 bp)...
[M::mem_pestat] # candidate unique pairs for (FF, FR, RF, RR): (0, 241864, 6, 0)
[M::mem_pestat] skip orientation FF as there are not enough pairs
[M::mem_pestat] analyzing insert size distribution for orientation FR...
[M::mem_pestat] (25, 50, 75) percentile: (160, 181, 207)
[M::mem_pestat] low and high boundaries for computing mean and std.dev: (66, 301)
[M::mem_pestat] mean and std.dev: (185.03, 33.52)
[M::mem_pestat] low and high boundaries for proper pairs: (19, 348)
[M::mem_pestat] skip orientation RF as there are not enough pairs
[M::mem_pestat] skip orientation RR as there are not enough pairs
[M::mem_process_seqs] Processed 645520 reads in 852.644 CPU sec, 109.332 real sec
[M::process] 0 single-end sequences; 645384 paired-end sequences
[M::process] read 645404 sequences (80000213 bp)...
[M::mem_pestat] # candidate unique pairs for (FF, FR, RF, RR): (0, 241666, 3, 0)
[M::mem_pestat] skip orientation FF as there are not enough pairs
[M::mem_pestat] analyzing insert size distribution for orientation FR...
[M::mem_pestat] (25, 50, 75) percentile: (160, 181, 207)
[M::mem_pestat] low and high boundaries for computing mean and std.dev: (66, 301)
[M::mem_pestat] mean and std.dev: (184.89, 33.50)
[M::mem_pestat] low and high boundaries for proper pairs: (19, 348)
[M::mem_pestat] skip orientation RF as there are not enough pairs
[M::mem_pestat] skip orientation RR as there are not enough pairs
[M::mem_process_seqs] Processed 645384 reads in 855.940 CPU sec, 109.780 real sec
[M::process] 0 single-end sequences; 645404 paired-end sequences
[M::process] read 645454 sequences (80000121 bp)...
[M::mem_pestat] # candidate unique pairs for (FF, FR, RF, RR): (0, 241324, 3, 0)
[M::mem_pestat] skip orientation FF as there are not enough pairs
[M::mem_pestat] analyzing insert size distribution for orientation FR...
[M::mem_pestat] (25, 50, 75) percentile: (160, 181, 207)
[M::mem_pestat] low and high boundaries for computing mean and std.dev: (66, 301)
[M::mem_pestat] mean and std.dev: (184.84, 33.44)
[M::mem_pestat] low and high boundaries for proper pairs: (19, 348)
[M::mem_pestat] skip orientation RF as there are not enough pairs
[M::mem_pestat] skip orientation RR as there are not enough pairs
[M::mem_process_seqs] Processed 645404 reads in 864.707 CPU sec, 110.861 real sec
[M::process] 0 single-end sequences; 645454 paired-end sequences
[M::process] read 645718 sequences (80000163 bp)...
[M::mem_pestat] # candidate unique pairs for (FF, FR, RF, RR): (0, 240609, 1, 0)
[M::mem_pestat] skip orientation FF as there are not enough pairs
[M::mem_pestat] analyzing insert size distribution for orientation FR...
[M::mem_pestat] (25, 50, 75) percentile: (159, 181, 207)
[M::mem_pestat] low and high boundaries for computing mean and std.dev: (63, 303)
[M::mem_pestat] mean and std.dev: (184.59, 33.42)
[M::mem_pestat] low and high boundaries for proper pairs: (15, 351)
[M::mem_pestat] skip orientation RF as there are not enough pairs
[M::mem_pestat] skip orientation RR as there are not enough pairs
[M::mem_process_seqs] Processed 645454 reads in 881.170 CPU sec, 112.945 real sec
[M::process] 0 single-end sequences; 645718 paired-end sequences
[M::process] read 646196 sequences (80000119 bp)...
[M::mem_pestat] # candidate unique pairs for (FF, FR, RF, RR): (0, 239732, 5, 0)
[M::mem_pestat] skip orientation FF as there are not enough pairs
[M::mem_pestat] analyzing insert size distribution for orientation FR...
[M::mem_pestat] (25, 50, 75) percentile: (159, 181, 206)
[M::mem_pestat] low and high boundaries for computing mean and std.dev: (65, 300)
[M::mem_pestat] mean and std.dev: (184.46, 33.35)
[M::mem_pestat] low and high boundaries for proper pairs: (18, 347)
[M::mem_pestat] skip orientation RF as there are not enough pairs
[M::mem_pestat] skip orientation RR as there are not enough pairs
[M::mem_process_seqs] Processed 645718 reads in 894.700 CPU sec, 114.585 real sec
[M::process] 0 single-end sequences; 646196 paired-end sequences
[M::process] read 645598 sequences (80000072 bp)...
[M::mem_pestat] # candidate unique pairs for (FF, FR, RF, RR): (0, 240008, 1, 0)
[M::mem_pestat] skip orientation FF as there are not enough pairs
[M::mem_pestat] analyzing insert size distribution for orientation FR...
[M::mem_pestat] (25, 50, 75) percentile: (160, 181, 206)
[M::mem_pestat] low and high boundaries for computing mean and std.dev: (68, 298)
[M::mem_pestat] mean and std.dev: (184.54, 33.37)
[M::mem_pestat] low and high boundaries for proper pairs: (22, 344)
[M::mem_pestat] skip orientation RF as there are not enough pairs
[M::mem_pestat] skip orientation RR as there are not enough pairs
[M::mem_process_seqs] Processed 646196 reads in 882.660 CPU sec, 113.096 real sec
[M::process] 0 single-end sequences; 645598 paired-end sequences
[M::process] read 645312 sequences (80000030 bp)...
[M::mem_pestat] # candidate unique pairs for (FF, FR, RF, RR): (0, 241925, 4, 0)
[M::mem_pestat] skip orientation FF as there are not enough pairs
[M::mem_pestat] analyzing insert size distribution for orientation FR...
[M::mem_pestat] (25, 50, 75) percentile: (160, 181, 207)
[M::mem_pestat] low and high boundaries for computing mean and std.dev: (66, 301)
[M::mem_pestat] mean and std.dev: (184.93, 33.44)
[M::mem_pestat] low and high boundaries for proper pairs: (19, 348)
[M::mem_pestat] skip orientation RF as there are not enough pairs
[M::mem_pestat] skip orientation RR as there are not enough pairs
[M::mem_process_seqs] Processed 645598 reads in 850.333 CPU sec, 109.081 real sec
[M::process] 0 single-end sequences; 645312 paired-end sequences
[M::process] read 645268 sequences (80000103 bp)...
[M::mem_pestat] # candidate unique pairs for (FF, FR, RF, RR): (0, 242134, 3, 0)
[M::mem_pestat] skip orientation FF as there are not enough pairs
[M::mem_pestat] analyzing insert size distribution for orientation FR...
[M::mem_pestat] (25, 50, 75) percentile: (160, 181, 207)
[M::mem_pestat] low and high boundaries for computing mean and std.dev: (66, 301)
[M::mem_pestat] mean and std.dev: (185.00, 33.52)
[M::mem_pestat] low and high boundaries for proper pairs: (19, 348)
[M::mem_pestat] skip orientation RF as there are not enough pairs
[M::mem_pestat] skip orientation RR as there are not enough pairs
[M::mem_process_seqs] Processed 645312 reads in 858.969 CPU sec, 110.129 real sec
[M::process] 0 single-end sequences; 645268 paired-end sequences
[M::process] read 645276 sequences (80000070 bp)...
[M::mem_pestat] # candidate unique pairs for (FF, FR, RF, RR): (0, 242113, 10, 0)
[M::mem_pestat] skip orientation FF as there are not enough pairs
[M::mem_pestat] analyzing insert size distribution for orientation FR...
[M::mem_pestat] (25, 50, 75) percentile: (160, 181, 207)
[M::mem_pestat] low and high boundaries for computing mean and std.dev: (66, 301)
[M::mem_pestat] mean and std.dev: (184.75, 33.45)
[M::mem_pestat] low and high boundaries for proper pairs: (19, 348)
[M::mem_pestat] analyzing insert size distribution for orientation RF...
[M::mem_pestat] (25, 50, 75) percentile: (143, 164, 501)
[M::mem_pestat] low and high boundaries for computing mean and std.dev: (1, 1217)
[M::mem_pestat] mean and std.dev: (190.50, 119.05)
[M::mem_pestat] low and high boundaries for proper pairs: (1, 1575)
[M::mem_pestat] skip orientation RR as there are not enough pairs
[M::mem_pestat] skip orientation RF
[M::mem_process_seqs] Processed 645268 reads in 849.932 CPU sec, 109.021 real sec
[M::process] 0 single-end sequences; 645276 paired-end sequences
[M::process] read 645464 sequences (80000124 bp)...
[M::mem_pestat] # candidate unique pairs for (FF, FR, RF, RR): (0, 241079, 2, 0)
[M::mem_pestat] skip orientation FF as there are not enough pairs
[M::mem_pestat] analyzing insert size distribution for orientation FR...
[M::mem_pestat] (25, 50, 75) percentile: (160, 181, 207)
[M::mem_pestat] low and high boundaries for computing mean and std.dev: (66, 301)
[M::mem_pestat] mean and std.dev: (184.71, 33.40)
[M::mem_pestat] low and high boundaries for proper pairs: (19, 348)
[M::mem_pestat] skip orientation RF as there are not enough pairs
[M::mem_pestat] skip orientation RR as there are not enough pairs
[M::mem_process_seqs] Processed 645276 reads in 883.403 CPU sec, 113.232 real sec
[M::process] 0 single-end sequences; 645464 paired-end sequences
[M::process] read 645856 sequences (80000115 bp)...
[M::mem_pestat] # candidate unique pairs for (FF, FR, RF, RR): (0, 240016, 6, 0)
[M::mem_pestat] skip orientation FF as there are not enough pairs
[M::mem_pestat] analyzing insert size distribution for orientation FR...
[M::mem_pestat] (25, 50, 75) percentile: (159, 181, 207)
[M::mem_pestat] low and high boundaries for computing mean and std.dev: (63, 303)
[M::mem_pestat] mean and std.dev: (184.53, 33.40)
[M::mem_pestat] low and high boundaries for proper pairs: (15, 351)
[M::mem_pestat] skip orientation RF as there are not enough pairs
[M::mem_pestat] skip orientation RR as there are not enough pairs
[M::mem_process_seqs] Processed 645464 reads in 930.806 CPU sec, 119.139 real sec
[M::process] 0 single-end sequences; 645856 paired-end sequences
[M::process] read 646002 sequences (80000076 bp)...
[M::mem_pestat] # candidate unique pairs for (FF, FR, RF, RR): (0, 240262, 11, 0)
[M::mem_pestat] skip orientation FF as there are not enough pairs
[M::mem_pestat] analyzing insert size distribution for orientation FR...
[M::mem_pestat] (25, 50, 75) percentile: (159, 181, 206)
[M::mem_pestat] low and high boundaries for computing mean and std.dev: (65, 300)
[M::mem_pestat] mean and std.dev: (184.51, 33.39)
[M::mem_pestat] low and high boundaries for proper pairs: (18, 347)
[M::mem_pestat] analyzing insert size distribution for orientation RF...
[M::mem_pestat] (25, 50, 75) percentile: (155, 163, 1992)
[M::mem_pestat] low and high boundaries for computing mean and std.dev: (1, 5666)
[M::mem_pestat] mean and std.dev: (980.00, 1467.93)
[M::mem_pestat] low and high boundaries for proper pairs: (1, 7503)
[M::mem_pestat] skip orientation RR as there are not enough pairs
[M::mem_pestat] skip orientation RF
[M::mem_process_seqs] Processed 645856 reads in 911.850 CPU sec, 116.823 real sec
[M::process] 0 single-end sequences; 646002 paired-end sequences
[M::process] read 645564 sequences (80000248 bp)...
[M::mem_pestat] # candidate unique pairs for (FF, FR, RF, RR): (0, 241320, 5, 0)
[M::mem_pestat] skip orientation FF as there are not enough pairs
[M::mem_pestat] analyzing insert size distribution for orientation FR...
[M::mem_pestat] (25, 50, 75) percentile: (160, 181, 207)
[M::mem_pestat] low and high boundaries for computing mean and std.dev: (66, 301)
[M::mem_pestat] mean and std.dev: (184.63, 33.36)
[M::mem_pestat] low and high boundaries for proper pairs: (19, 348)
[M::mem_pestat] skip orientation RF as there are not enough pairs
[M::mem_pestat] skip orientation RR as there are not enough pairs
[M::mem_process_seqs] Processed 646002 reads in 914.743 CPU sec, 117.116 real sec
[M::process] 0 single-end sequences; 645564 paired-end sequences
[M::process] read 645426 sequences (80000214 bp)...
[M::mem_pestat] # candidate unique pairs for (FF, FR, RF, RR): (0, 241750, 4, 0)
[M::mem_pestat] skip orientation FF as there are not enough pairs
[M::mem_pestat] analyzing insert size distribution for orientation FR...
[M::mem_pestat] (25, 50, 75) percentile: (160, 181, 207)
[M::mem_pestat] low and high boundaries for computing mean and std.dev: (66, 301)
[M::mem_pestat] mean and std.dev: (185.03, 33.42)
[M::mem_pestat] low and high boundaries for proper pairs: (19, 348)
[M::mem_pestat] skip orientation RF as there are not enough pairs
[M::mem_pestat] skip orientation RR as there are not enough pairs
[M::mem_process_seqs] Processed 645564 reads in 950.538 CPU sec, 121.591 real sec
[M::process] 0 single-end sequences; 645426 paired-end sequences
[M::process] read 645420 sequences (80000159 bp)...
[M::mem_pestat] # candidate unique pairs for (FF, FR, RF, RR): (0, 241953, 3, 0)
[M::mem_pestat] skip orientation FF as there are not enough pairs
[M::mem_pestat] analyzing insert size distribution for orientation FR...
[M::mem_pestat] (25, 50, 75) percentile: (160, 181, 207)
[M::mem_pestat] low and high boundaries for computing mean and std.dev: (66, 301)
[M::mem_pestat] mean and std.dev: (184.96, 33.46)
[M::mem_pestat] low and high boundaries for proper pairs: (19, 348)
[M::mem_pestat] skip orientation RF as there are not enough pairs
[M::mem_pestat] skip orientation RR as there are not enough pairs
[M::mem_process_seqs] Processed 645426 reads in 872.697 CPU sec, 111.879 real sec
[M::process] 0 single-end sequences; 645420 paired-end sequences
[M::process] read 645570 sequences (80000073 bp)...
[M::mem_pestat] # candidate unique pairs for (FF, FR, RF, RR): (0, 241348, 4, 0)
[M::mem_pestat] skip orientation FF as there are not enough pairs
[M::mem_pestat] analyzing insert size distribution for orientation FR...
[M::mem_pestat] (25, 50, 75) percentile: (160, 181, 207)
[M::mem_pestat] low and high boundaries for computing mean and std.dev: (66, 301)
[M::mem_pestat] mean and std.dev: (184.91, 33.43)
[M::mem_pestat] low and high boundaries for proper pairs: (19, 348)
[M::mem_pestat] skip orientation RF as there are not enough pairs
[M::mem_pestat] skip orientation RR as there are not enough pairs
[M::mem_process_seqs] Processed 645420 reads in 891.677 CPU sec, 114.223 real sec
[M::process] 0 single-end sequences; 645570 paired-end sequences
[M::process] read 645994 sequences (80000076 bp)...
[M::mem_pestat] # candidate unique pairs for (FF, FR, RF, RR): (0, 240096, 3, 0)
[M::mem_pestat] skip orientation FF as there are not enough pairs
[M::mem_pestat] analyzing insert size distribution for orientation FR...
[M::mem_pestat] (25, 50, 75) percentile: (160, 181, 207)
[M::mem_pestat] low and high boundaries for computing mean and std.dev: (66, 301)
[M::mem_pestat] mean and std.dev: (184.69, 33.41)
[M::mem_pestat] low and high boundaries for proper pairs: (19, 348)
[M::mem_pestat] skip orientation RF as there are not enough pairs
[M::mem_pestat] skip orientation RR as there are not enough pairs
[M::mem_process_seqs] Processed 645570 reads in 951.423 CPU sec, 121.859 real sec
[M::process] 0 single-end sequences; 645994 paired-end sequences
[M::process] read 646618 sequences (80000137 bp)...
[M::mem_pestat] # candidate unique pairs for (FF, FR, RF, RR): (0, 239376, 3, 0)
[M::mem_pestat] skip orientation FF as there are not enough pairs
[M::mem_pestat] analyzing insert size distribution for orientation FR...
[M::mem_pestat] (25, 50, 75) percentile: (160, 181, 207)
[M::mem_pestat] low and high boundaries for computing mean and std.dev: (66, 301)
[M::mem_pestat] mean and std.dev: (184.72, 33.40)
[M::mem_pestat] low and high boundaries for proper pairs: (19, 348)
[M::mem_pestat] skip orientation RF as there are not enough pairs
[M::mem_pestat] skip orientation RR as there are not enough pairs
[M::mem_process_seqs] Processed 645994 reads in 1007.189 CPU sec, 129.273 real sec
[M::process] 0 single-end sequences; 646618 paired-end sequences
[M::process] read 645304 sequences (80000232 bp)...
[M::mem_pestat] # candidate unique pairs for (FF, FR, RF, RR): (0, 240531, 3, 0)
[M::mem_pestat] skip orientation FF as there are not enough pairs
[M::mem_pestat] analyzing insert size distribution for orientation FR...
[M::mem_pestat] (25, 50, 75) percentile: (160, 181, 207)
[M::mem_pestat] low and high boundaries for computing mean and std.dev: (66, 301)
[M::mem_pestat] mean and std.dev: (184.72, 33.50)
[M::mem_pestat] low and high boundaries for proper pairs: (19, 348)
[M::mem_pestat] skip orientation RF as there are not enough pairs
[M::mem_pestat] skip orientation RR as there are not enough pairs
[M::mem_process_seqs] Processed 646618 reads in 896.414 CPU sec, 114.886 real sec
[M::process] 0 single-end sequences; 645304 paired-end sequences
[M::process] read 645414 sequences (80000148 bp)...
[M::mem_pestat] # candidate unique pairs for (FF, FR, RF, RR): (0, 242841, 6, 0)
[M::mem_pestat] skip orientation FF as there are not enough pairs
[M::mem_pestat] analyzing insert size distribution for orientation FR...
[M::mem_pestat] (25, 50, 75) percentile: (160, 181, 207)
[M::mem_pestat] low and high boundaries for computing mean and std.dev: (66, 301)
[M::mem_pestat] mean and std.dev: (185.18, 33.48)
[M::mem_pestat] low and high boundaries for proper pairs: (19, 348)
[M::mem_pestat] skip orientation RF as there are not enough pairs
[M::mem_pestat] skip orientation RR as there are not enough pairs
[M::mem_process_seqs] Processed 645304 reads in 833.191 CPU sec, 107.054 real sec
[M::process] 0 single-end sequences; 645414 paired-end sequences
[M::process] read 645378 sequences (80000011 bp)...
[M::mem_pestat] # candidate unique pairs for (FF, FR, RF, RR): (0, 242415, 4, 0)
[M::mem_pestat] skip orientation FF as there are not enough pairs
[M::mem_pestat] analyzing insert size distribution for orientation FR...
[M::mem_pestat] (25, 50, 75) percentile: (160, 181, 207)
[M::mem_pestat] low and high boundaries for computing mean and std.dev: (66, 301)
[M::mem_pestat] mean and std.dev: (184.93, 33.55)
[M::mem_pestat] low and high boundaries for proper pairs: (19, 348)
[M::mem_pestat] skip orientation RF as there are not enough pairs
[M::mem_pestat] skip orientation RR as there are not enough pairs
[M::mem_process_seqs] Processed 645414 reads in 829.834 CPU sec, 106.520 real sec
[M::process] 0 single-end sequences; 645378 paired-end sequences
[M::process] read 645398 sequences (80000215 bp)...
[M::mem_pestat] # candidate unique pairs for (FF, FR, RF, RR): (0, 242450, 0, 0)
[M::mem_pestat] skip orientation FF as there are not enough pairs
[M::mem_pestat] analyzing insert size distribution for orientation FR...
[M::mem_pestat] (25, 50, 75) percentile: (160, 181, 207)
[M::mem_pestat] low and high boundaries for computing mean and std.dev: (66, 301)
[M::mem_pestat] mean and std.dev: (184.88, 33.48)
[M::mem_pestat] low and high boundaries for proper pairs: (19, 348)
[M::mem_pestat] skip orientation RF as there are not enough pairs
[M::mem_pestat] skip orientation RR as there are not enough pairs
[M::mem_process_seqs] Processed 645378 reads in 834.692 CPU sec, 107.110 real sec
[M::process] 0 single-end sequences; 645398 paired-end sequences
[M::process] read 645510 sequences (80000121 bp)...
[M::mem_pestat] # candidate unique pairs for (FF, FR, RF, RR): (0, 241666, 3, 0)
[M::mem_pestat] skip orientation FF as there are not enough pairs
[M::mem_pestat] analyzing insert size distribution for orientation FR...
[M::mem_pestat] (25, 50, 75) percentile: (160, 181, 207)
[M::mem_pestat] low and high boundaries for computing mean and std.dev: (66, 301)
[M::mem_pestat] mean and std.dev: (184.80, 33.48)
[M::mem_pestat] low and high boundaries for proper pairs: (19, 348)
[M::mem_pestat] skip orientation RF as there are not enough pairs
[M::mem_pestat] skip orientation RR as there are not enough pairs
[M::mem_process_seqs] Processed 645398 reads in 856.205 CPU sec, 109.753 real sec
[M::process] 0 single-end sequences; 645510 paired-end sequences
[M::process] read 645802 sequences (80000037 bp)...
[M::mem_pestat] # candidate unique pairs for (FF, FR, RF, RR): (0, 241076, 7, 0)
[M::mem_pestat] skip orientation FF as there are not enough pairs
[M::mem_pestat] analyzing insert size distribution for orientation FR...
[M::mem_pestat] (25, 50, 75) percentile: (159, 181, 206)
[M::mem_pestat] low and high boundaries for computing mean and std.dev: (65, 300)
[M::mem_pestat] mean and std.dev: (184.51, 33.39)
[M::mem_pestat] low and high boundaries for proper pairs: (18, 347)
[M::mem_pestat] skip orientation RF as there are not enough pairs
[M::mem_pestat] skip orientation RR as there are not enough pairs
[M::mem_process_seqs] Processed 645510 reads in 866.249 CPU sec, 111.037 real sec
[M::process] 0 single-end sequences; 645802 paired-end sequences
[M::process] read 645778 sequences (80000004 bp)...
[M::mem_pestat] # candidate unique pairs for (FF, FR, RF, RR): (0, 240361, 7, 0)
[M::mem_pestat] skip orientation FF as there are not enough pairs
[M::mem_pestat] analyzing insert size distribution for orientation FR...
[M::mem_pestat] (25, 50, 75) percentile: (159, 181, 207)
[M::mem_pestat] low and high boundaries for computing mean and std.dev: (63, 303)
[M::mem_pestat] mean and std.dev: (184.63, 33.44)
[M::mem_pestat] low and high boundaries for proper pairs: (15, 351)
[M::mem_pestat] skip orientation RF as there are not enough pairs
[M::mem_pestat] skip orientation RR as there are not enough pairs
[M::mem_process_seqs] Processed 645802 reads in 884.035 CPU sec, 113.291 real sec
[M::process] 0 single-end sequences; 645778 paired-end sequences
[M::process] read 645456 sequences (80000193 bp)...
[M::mem_pestat] # candidate unique pairs for (FF, FR, RF, RR): (0, 241043, 5, 0)
[M::mem_pestat] skip orientation FF as there are not enough pairs
[M::mem_pestat] analyzing insert size distribution for orientation FR...
[M::mem_pestat] (25, 50, 75) percentile: (160, 181, 207)
[M::mem_pestat] low and high boundaries for computing mean and std.dev: (66, 301)
[M::mem_pestat] mean and std.dev: (184.67, 33.50)
[M::mem_pestat] low and high boundaries for proper pairs: (19, 348)
[M::mem_pestat] skip orientation RF as there are not enough pairs
[M::mem_pestat] skip orientation RR as there are not enough pairs
[M::mem_process_seqs] Processed 645778 reads in 864.192 CPU sec, 110.776 real sec
[M::process] 0 single-end sequences; 645456 paired-end sequences
[M::process] read 645372 sequences (80000207 bp)...
[M::mem_pestat] # candidate unique pairs for (FF, FR, RF, RR): (0, 243089, 8, 0)
[M::mem_pestat] skip orientation FF as there are not enough pairs
[M::mem_pestat] analyzing insert size distribution for orientation FR...
[M::mem_pestat] (25, 50, 75) percentile: (160, 181, 207)
[M::mem_pestat] low and high boundaries for computing mean and std.dev: (66, 301)
[M::mem_pestat] mean and std.dev: (185.01, 33.45)
[M::mem_pestat] low and high boundaries for proper pairs: (19, 348)
[M::mem_pestat] skip orientation RF as there are not enough pairs
[M::mem_pestat] skip orientation RR as there are not enough pairs
[M::mem_process_seqs] Processed 645456 reads in 811.554 CPU sec, 104.233 real sec
[M::process] 0 single-end sequences; 645372 paired-end sequences
[M::process] read 645318 sequences (80000029 bp)...
[M::mem_pestat] # candidate unique pairs for (FF, FR, RF, RR): (0, 243395, 6, 0)
[M::mem_pestat] skip orientation FF as there are not enough pairs
[M::mem_pestat] analyzing insert size distribution for orientation FR...
[M::mem_pestat] (25, 50, 75) percentile: (160, 181, 207)
[M::mem_pestat] low and high boundaries for computing mean and std.dev: (66, 301)
[M::mem_pestat] mean and std.dev: (185.00, 33.49)
[M::mem_pestat] low and high boundaries for proper pairs: (19, 348)
[M::mem_pestat] skip orientation RF as there are not enough pairs
[M::mem_pestat] skip orientation RR as there are not enough pairs
[M::mem_process_seqs] Processed 645372 reads in 818.614 CPU sec, 105.324 real sec
[M::process] 0 single-end sequences; 645318 paired-end sequences
[M::process] read 645416 sequences (80000080 bp)...
[M::mem_pestat] # candidate unique pairs for (FF, FR, RF, RR): (0, 242971, 5, 0)
[M::mem_pestat] skip orientation FF as there are not enough pairs
[M::mem_pestat] analyzing insert size distribution for orientation FR...
[M::mem_pestat] (25, 50, 75) percentile: (160, 181, 207)
[M::mem_pestat] low and high boundaries for computing mean and std.dev: (66, 301)
[M::mem_pestat] mean and std.dev: (184.79, 33.44)
[M::mem_pestat] low and high boundaries for proper pairs: (19, 348)
[M::mem_pestat] skip orientation RF as there are not enough pairs
[M::mem_pestat] skip orientation RR as there are not enough pairs
[M::mem_process_seqs] Processed 645318 reads in 818.884 CPU sec, 105.121 real sec
[M::process] 0 single-end sequences; 645416 paired-end sequences
[M::process] read 645570 sequences (80000053 bp)...
[M::mem_pestat] # candidate unique pairs for (FF, FR, RF, RR): (0, 241787, 5, 0)
[M::mem_pestat] skip orientation FF as there are not enough pairs
[M::mem_pestat] analyzing insert size distribution for orientation FR...
[M::mem_pestat] (25, 50, 75) percentile: (160, 181, 207)
[M::mem_pestat] low and high boundaries for computing mean and std.dev: (66, 301)
[M::mem_pestat] mean and std.dev: (184.84, 33.39)
[M::mem_pestat] low and high boundaries for proper pairs: (19, 348)
[M::mem_pestat] skip orientation RF as there are not enough pairs
[M::mem_pestat] skip orientation RR as there are not enough pairs
[M::mem_process_seqs] Processed 645416 reads in 845.523 CPU sec, 108.440 real sec
[M::process] 0 single-end sequences; 645570 paired-end sequences
[M::process] read 645890 sequences (80000181 bp)...
[M::mem_pestat] # candidate unique pairs for (FF, FR, RF, RR): (0, 241800, 4, 0)
[M::mem_pestat] skip orientation FF as there are not enough pairs
[M::mem_pestat] analyzing insert size distribution for orientation FR...
[M::mem_pestat] (25, 50, 75) percentile: (160, 181, 207)
[M::mem_pestat] low and high boundaries for computing mean and std.dev: (66, 301)
[M::mem_pestat] mean and std.dev: (184.64, 33.43)
[M::mem_pestat] low and high boundaries for proper pairs: (19, 348)
[M::mem_pestat] skip orientation RF as there are not enough pairs
[M::mem_pestat] skip orientation RR as there are not enough pairs
[M::mem_process_seqs] Processed 645570 reads in 860.072 CPU sec, 110.290 real sec
[M::process] 0 single-end sequences; 645890 paired-end sequences
[M::process] read 645714 sequences (80000234 bp)...
[M::mem_pestat] # candidate unique pairs for (FF, FR, RF, RR): (0, 241084, 7, 0)
[M::mem_pestat] skip orientation FF as there are not enough pairs
[M::mem_pestat] analyzing insert size distribution for orientation FR...
[M::mem_pestat] (25, 50, 75) percentile: (159, 181, 207)
[M::mem_pestat] low and high boundaries for computing mean and std.dev: (63, 303)
[M::mem_pestat] mean and std.dev: (184.55, 33.45)
[M::mem_pestat] low and high boundaries for proper pairs: (15, 351)
[M::mem_pestat] skip orientation RF as there are not enough pairs
[M::mem_pestat] skip orientation RR as there are not enough pairs
[M::mem_process_seqs] Processed 645890 reads in 873.051 CPU sec, 111.869 real sec
[M::process] 0 single-end sequences; 645714 paired-end sequences
[M::process] read 645414 sequences (80000045 bp)...
[M::mem_pestat] # candidate unique pairs for (FF, FR, RF, RR): (0, 241611, 5, 0)
[M::mem_pestat] skip orientation FF as there are not enough pairs
[M::mem_pestat] analyzing insert size distribution for orientation FR...
[M::mem_pestat] (25, 50, 75) percentile: (159, 181, 207)
[M::mem_pestat] low and high boundaries for computing mean and std.dev: (63, 303)
[M::mem_pestat] mean and std.dev: (184.69, 33.45)
[M::mem_pestat] low and high boundaries for proper pairs: (15, 351)
[M::mem_pestat] skip orientation RF as there are not enough pairs
[M::mem_pestat] skip orientation RR as there are not enough pairs
[M::mem_process_seqs] Processed 645714 reads in 859.032 CPU sec, 110.148 real sec
[M::process] 0 single-end sequences; 645414 paired-end sequences
[M::process] read 645396 sequences (80000001 bp)...
[M::mem_pestat] # candidate unique pairs for (FF, FR, RF, RR): (0, 242860, 4, 0)
[M::mem_pestat] skip orientation FF as there are not enough pairs
[M::mem_pestat] analyzing insert size distribution for orientation FR...
[M::mem_pestat] (25, 50, 75) percentile: (160, 181, 207)
[M::mem_pestat] low and high boundaries for computing mean and std.dev: (66, 301)
[M::mem_pestat] mean and std.dev: (185.04, 33.49)
[M::mem_pestat] low and high boundaries for proper pairs: (19, 348)
[M::mem_pestat] skip orientation RF as there are not enough pairs
[M::mem_pestat] skip orientation RR as there are not enough pairs
[M::mem_process_seqs] Processed 645414 reads in 825.435 CPU sec, 105.908 real sec
[M::process] 0 single-end sequences; 645396 paired-end sequences
[M::process] read 645478 sequences (80000210 bp)...
[M::mem_pestat] # candidate unique pairs for (FF, FR, RF, RR): (0, 242335, 3, 0)
[M::mem_pestat] skip orientation FF as there are not enough pairs
[M::mem_pestat] analyzing insert size distribution for orientation FR...
[M::mem_pestat] (25, 50, 75) percentile: (160, 181, 207)
[M::mem_pestat] low and high boundaries for computing mean and std.dev: (66, 301)
[M::mem_pestat] mean and std.dev: (184.99, 33.43)
[M::mem_pestat] low and high boundaries for proper pairs: (19, 348)
[M::mem_pestat] skip orientation RF as there are not enough pairs
[M::mem_pestat] skip orientation RR as there are not enough pairs
[M::mem_process_seqs] Processed 645396 reads in 835.671 CPU sec, 107.216 real sec
[M::process] 0 single-end sequences; 645478 paired-end sequences
[M::process] read 645552 sequences (80000162 bp)...
[M::mem_pestat] # candidate unique pairs for (FF, FR, RF, RR): (0, 242306, 6, 0)
[M::mem_pestat] skip orientation FF as there are not enough pairs
[M::mem_pestat] analyzing insert size distribution for orientation FR...
[M::mem_pestat] (25, 50, 75) percentile: (160, 181, 207)
[M::mem_pestat] low and high boundaries for computing mean and std.dev: (66, 301)
[M::mem_pestat] mean and std.dev: (185.02, 33.48)
[M::mem_pestat] low and high boundaries for proper pairs: (19, 348)
[M::mem_pestat] skip orientation RF as there are not enough pairs
[M::mem_pestat] skip orientation RR as there are not enough pairs
[M::mem_process_seqs] Processed 645478 reads in 843.765 CPU sec, 108.250 real sec
[M::process] 0 single-end sequences; 645552 paired-end sequences
[M::process] read 645718 sequences (80000240 bp)...
[M::mem_pestat] # candidate unique pairs for (FF, FR, RF, RR): (0, 241154, 6, 0)
[M::mem_pestat] skip orientation FF as there are not enough pairs
[M::mem_pestat] analyzing insert size distribution for orientation FR...
[M::mem_pestat] (25, 50, 75) percentile: (160, 181, 207)
[M::mem_pestat] low and high boundaries for computing mean and std.dev: (66, 301)
[M::mem_pestat] mean and std.dev: (184.81, 33.36)
[M::mem_pestat] low and high boundaries for proper pairs: (19, 348)
[M::mem_pestat] skip orientation RF as there are not enough pairs
[M::mem_pestat] skip orientation RR as there are not enough pairs
[M::mem_process_seqs] Processed 645552 reads in 866.583 CPU sec, 111.092 real sec
[M::process] 0 single-end sequences; 645718 paired-end sequences
[M::process] read 645956 sequences (80000235 bp)...
[M::mem_pestat] # candidate unique pairs for (FF, FR, RF, RR): (0, 241112, 1, 0)
[M::mem_pestat] skip orientation FF as there are not enough pairs
[M::mem_pestat] analyzing insert size distribution for orientation FR...
[M::mem_pestat] (25, 50, 75) percentile: (160, 181, 207)
[M::mem_pestat] low and high boundaries for computing mean and std.dev: (66, 301)
[M::mem_pestat] mean and std.dev: (184.69, 33.42)
[M::mem_pestat] low and high boundaries for proper pairs: (19, 348)
[M::mem_pestat] skip orientation RF as there are not enough pairs
[M::mem_pestat] skip orientation RR as there are not enough pairs
[M::mem_process_seqs] Processed 645718 reads in 879.443 CPU sec, 112.705 real sec
[M::process] 0 single-end sequences; 645956 paired-end sequences
[M::process] read 645664 sequences (80000155 bp)...
[M::mem_pestat] # candidate unique pairs for (FF, FR, RF, RR): (0, 240597, 3, 0)
[M::mem_pestat] skip orientation FF as there are not enough pairs
[M::mem_pestat] analyzing insert size distribution for orientation FR...
[M::mem_pestat] (25, 50, 75) percentile: (159, 181, 207)
[M::mem_pestat] low and high boundaries for computing mean and std.dev: (63, 303)
[M::mem_pestat] mean and std.dev: (184.47, 33.39)
[M::mem_pestat] low and high boundaries for proper pairs: (15, 351)
[M::mem_pestat] skip orientation RF as there are not enough pairs
[M::mem_pestat] skip orientation RR as there are not enough pairs
[M::mem_process_seqs] Processed 645956 reads in 879.785 CPU sec, 112.746 real sec
[M::process] 0 single-end sequences; 645664 paired-end sequences
[M::process] read 645742 sequences (80000084 bp)...
[M::mem_pestat] # candidate unique pairs for (FF, FR, RF, RR): (0, 241320, 5, 0)
[M::mem_pestat] skip orientation FF as there are not enough pairs
[M::mem_pestat] analyzing insert size distribution for orientation FR...
[M::mem_pestat] (25, 50, 75) percentile: (160, 181, 207)
[M::mem_pestat] low and high boundaries for computing mean and std.dev: (66, 301)
[M::mem_pestat] mean and std.dev: (184.80, 33.41)
[M::mem_pestat] low and high boundaries for proper pairs: (19, 348)
[M::mem_pestat] skip orientation RF as there are not enough pairs
[M::mem_pestat] skip orientation RR as there are not enough pairs
[M::mem_process_seqs] Processed 645664 reads in 864.913 CPU sec, 110.856 real sec
[M::process] 0 single-end sequences; 645742 paired-end sequences
[M::process] read 645416 sequences (80000105 bp)...
[M::mem_pestat] # candidate unique pairs for (FF, FR, RF, RR): (0, 241737, 3, 0)
[M::mem_pestat] skip orientation FF as there are not enough pairs
[M::mem_pestat] analyzing insert size distribution for orientation FR...
[M::mem_pestat] (25, 50, 75) percentile: (160, 181, 207)
[M::mem_pestat] low and high boundaries for computing mean and std.dev: (66, 301)
[M::mem_pestat] mean and std.dev: (185.02, 33.44)
[M::mem_pestat] low and high boundaries for proper pairs: (19, 348)
[M::mem_pestat] skip orientation RF as there are not enough pairs
[M::mem_pestat] skip orientation RR as there are not enough pairs
[M::mem_process_seqs] Processed 645742 reads in 840.827 CPU sec, 107.854 real sec
[M::process] 0 single-end sequences; 645416 paired-end sequences
[M::process] read 645438 sequences (80000080 bp)...
[M::mem_pestat] # candidate unique pairs for (FF, FR, RF, RR): (0, 241733, 3, 0)
[M::mem_pestat] skip orientation FF as there are not enough pairs
[M::mem_pestat] analyzing insert size distribution for orientation FR...
[M::mem_pestat] (25, 50, 75) percentile: (160, 181, 207)
[M::mem_pestat] low and high boundaries for computing mean and std.dev: (66, 301)
[M::mem_pestat] mean and std.dev: (184.89, 33.45)
[M::mem_pestat] low and high boundaries for proper pairs: (19, 348)
[M::mem_pestat] skip orientation RF as there are not enough pairs
[M::mem_pestat] skip orientation RR as there are not enough pairs
[M::mem_process_seqs] Processed 645416 reads in 858.009 CPU sec, 110.037 real sec
[M::process] 0 single-end sequences; 645438 paired-end sequences
[M::process] read 645546 sequences (80000170 bp)...
[M::mem_pestat] # candidate unique pairs for (FF, FR, RF, RR): (0, 241032, 6, 0)
[M::mem_pestat] skip orientation FF as there are not enough pairs
[M::mem_pestat] analyzing insert size distribution for orientation FR...
[M::mem_pestat] (25, 50, 75) percentile: (160, 181, 207)
[M::mem_pestat] low and high boundaries for computing mean and std.dev: (66, 301)
[M::mem_pestat] mean and std.dev: (184.74, 33.35)
[M::mem_pestat] low and high boundaries for proper pairs: (19, 348)
[M::mem_pestat] skip orientation RF as there are not enough pairs
[M::mem_pestat] skip orientation RR as there are not enough pairs
[M::mem_process_seqs] Processed 645438 reads in 872.088 CPU sec, 111.778 real sec
[M::process] 0 single-end sequences; 645546 paired-end sequences
[M::process] read 645874 sequences (80000000 bp)...
[M::mem_pestat] # candidate unique pairs for (FF, FR, RF, RR): (0, 239602, 4, 0)
[M::mem_pestat] skip orientation FF as there are not enough pairs
[M::mem_pestat] analyzing insert size distribution for orientation FR...
[M::mem_pestat] (25, 50, 75) percentile: (159, 181, 207)
[M::mem_pestat] low and high boundaries for computing mean and std.dev: (63, 303)
[M::mem_pestat] mean and std.dev: (184.70, 33.44)
[M::mem_pestat] low and high boundaries for proper pairs: (15, 351)
[M::mem_pestat] skip orientation RF as there are not enough pairs
[M::mem_pestat] skip orientation RR as there are not enough pairs
[M::mem_process_seqs] Processed 645546 reads in 893.682 CPU sec, 114.457 real sec
[M::process] 0 single-end sequences; 645874 paired-end sequences
[M::process] read 645984 sequences (80000171 bp)...
[M::mem_pestat] # candidate unique pairs for (FF, FR, RF, RR): (0, 238859, 2, 0)
[M::mem_pestat] skip orientation FF as there are not enough pairs
[M::mem_pestat] analyzing insert size distribution for orientation FR...
[M::mem_pestat] (25, 50, 75) percentile: (159, 181, 207)
[M::mem_pestat] low and high boundaries for computing mean and std.dev: (63, 303)
[M::mem_pestat] mean and std.dev: (184.50, 33.41)
[M::mem_pestat] low and high boundaries for proper pairs: (15, 351)
[M::mem_pestat] skip orientation RF as there are not enough pairs
[M::mem_pestat] skip orientation RR as there are not enough pairs
[M::mem_process_seqs] Processed 645874 reads in 906.791 CPU sec, 116.144 real sec
[M::process] 0 single-end sequences; 645984 paired-end sequences
[M::process] read 645426 sequences (80000100 bp)...
[M::mem_pestat] # candidate unique pairs for (FF, FR, RF, RR): (0, 238602, 5, 0)
[M::mem_pestat] skip orientation FF as there are not enough pairs
[M::mem_pestat] analyzing insert size distribution for orientation FR...
[M::mem_pestat] (25, 50, 75) percentile: (159, 181, 206)
[M::mem_pestat] low and high boundaries for computing mean and std.dev: (65, 300)
[M::mem_pestat] mean and std.dev: (184.53, 33.36)
[M::mem_pestat] low and high boundaries for proper pairs: (18, 347)
[M::mem_pestat] skip orientation RF as there are not enough pairs
[M::mem_pestat] skip orientation RR as there are not enough pairs
[M::mem_process_seqs] Processed 645984 reads in 907.555 CPU sec, 116.210 real sec
[M::process] 0 single-end sequences; 645426 paired-end sequences
[M::process] read 645412 sequences (80000168 bp)...
[M::mem_pestat] # candidate unique pairs for (FF, FR, RF, RR): (0, 242425, 4, 0)
[M::mem_pestat] skip orientation FF as there are not enough pairs
[M::mem_pestat] analyzing insert size distribution for orientation FR...
[M::mem_pestat] (25, 50, 75) percentile: (160, 181, 207)
[M::mem_pestat] low and high boundaries for computing mean and std.dev: (66, 301)
[M::mem_pestat] mean and std.dev: (185.02, 33.50)
[M::mem_pestat] low and high boundaries for proper pairs: (19, 348)
[M::mem_pestat] skip orientation RF as there are not enough pairs
[M::mem_pestat] skip orientation RR as there are not enough pairs
[M::mem_process_seqs] Processed 645426 reads in 843.177 CPU sec, 108.178 real sec
[M::process] 0 single-end sequences; 645412 paired-end sequences
[M::process] read 645366 sequences (80000082 bp)...
[M::mem_pestat] # candidate unique pairs for (FF, FR, RF, RR): (0, 242585, 4, 0)
[M::mem_pestat] skip orientation FF as there are not enough pairs
[M::mem_pestat] analyzing insert size distribution for orientation FR...
[M::mem_pestat] (25, 50, 75) percentile: (160, 181, 207)
[M::mem_pestat] low and high boundaries for computing mean and std.dev: (66, 301)
[M::mem_pestat] mean and std.dev: (184.89, 33.39)
[M::mem_pestat] low and high boundaries for proper pairs: (19, 348)
[M::mem_pestat] skip orientation RF as there are not enough pairs
[M::mem_pestat] skip orientation RR as there are not enough pairs
[M::mem_process_seqs] Processed 645412 reads in 847.398 CPU sec, 108.666 real sec
[M::process] 0 single-end sequences; 645366 paired-end sequences
[M::process] read 645428 sequences (80000206 bp)...
[M::mem_pestat] # candidate unique pairs for (FF, FR, RF, RR): (0, 242401, 5, 0)
[M::mem_pestat] skip orientation FF as there are not enough pairs
[M::mem_pestat] analyzing insert size distribution for orientation FR...
[M::mem_pestat] (25, 50, 75) percentile: (160, 181, 207)
[M::mem_pestat] low and high boundaries for computing mean and std.dev: (66, 301)
[M::mem_pestat] mean and std.dev: (184.86, 33.45)
[M::mem_pestat] low and high boundaries for proper pairs: (19, 348)
[M::mem_pestat] skip orientation RF as there are not enough pairs
[M::mem_pestat] skip orientation RR as there are not enough pairs
[M::mem_process_seqs] Processed 645366 reads in 840.184 CPU sec, 107.792 real sec
[M::process] 0 single-end sequences; 645428 paired-end sequences
[M::process] read 645486 sequences (80000130 bp)...
[M::mem_pestat] # candidate unique pairs for (FF, FR, RF, RR): (0, 241365, 6, 0)
[M::mem_pestat] skip orientation FF as there are not enough pairs
[M::mem_pestat] analyzing insert size distribution for orientation FR...
[M::mem_pestat] (25, 50, 75) percentile: (160, 181, 207)
[M::mem_pestat] low and high boundaries for computing mean and std.dev: (66, 301)
[M::mem_pestat] mean and std.dev: (184.59, 33.36)
[M::mem_pestat] low and high boundaries for proper pairs: (19, 348)
[M::mem_pestat] skip orientation RF as there are not enough pairs
[M::mem_pestat] skip orientation RR as there are not enough pairs
[M::mem_process_seqs] Processed 645428 reads in 865.022 CPU sec, 110.885 real sec
[M::process] 0 single-end sequences; 645486 paired-end sequences
[M::process] read 646040 sequences (80000059 bp)...
[M::mem_pestat] # candidate unique pairs for (FF, FR, RF, RR): (0, 240372, 4, 0)
[M::mem_pestat] skip orientation FF as there are not enough pairs
[M::mem_pestat] analyzing insert size distribution for orientation FR...
[M::mem_pestat] (25, 50, 75) percentile: (159, 181, 207)
[M::mem_pestat] low and high boundaries for computing mean and std.dev: (63, 303)
[M::mem_pestat] mean and std.dev: (184.59, 33.47)
[M::mem_pestat] low and high boundaries for proper pairs: (15, 351)
[M::mem_pestat] skip orientation RF as there are not enough pairs
[M::mem_pestat] skip orientation RR as there are not enough pairs
[M::mem_process_seqs] Processed 645486 reads in 887.485 CPU sec, 113.703 real sec
[M::process] 0 single-end sequences; 646040 paired-end sequences
[M::process] read 646196 sequences (80000226 bp)...
[M::mem_pestat] # candidate unique pairs for (FF, FR, RF, RR): (0, 239638, 5, 0)
[M::mem_pestat] skip orientation FF as there are not enough pairs
[M::mem_pestat] analyzing insert size distribution for orientation FR...
[M::mem_pestat] (25, 50, 75) percentile: (160, 181, 206)
[M::mem_pestat] low and high boundaries for computing mean and std.dev: (68, 298)
[M::mem_pestat] mean and std.dev: (184.54, 33.34)
[M::mem_pestat] low and high boundaries for proper pairs: (22, 344)
[M::mem_pestat] skip orientation RF as there are not enough pairs
[M::mem_pestat] skip orientation RR as there are not enough pairs
[M::mem_process_seqs] Processed 646040 reads in 894.072 CPU sec, 114.517 real sec
[M::process] 0 single-end sequences; 646196 paired-end sequences
[M::process] read 645682 sequences (80000229 bp)...
[M::mem_pestat] # candidate unique pairs for (FF, FR, RF, RR): (0, 240366, 3, 0)
[M::mem_pestat] skip orientation FF as there are not enough pairs
[M::mem_pestat] analyzing insert size distribution for orientation FR...
[M::mem_pestat] (25, 50, 75) percentile: (160, 181, 207)
[M::mem_pestat] low and high boundaries for computing mean and std.dev: (66, 301)
[M::mem_pestat] mean and std.dev: (184.72, 33.39)
[M::mem_pestat] low and high boundaries for proper pairs: (19, 348)
[M::mem_pestat] skip orientation RF as there are not enough pairs
[M::mem_pestat] skip orientation RR as there are not enough pairs
[M::mem_process_seqs] Processed 646196 reads in 992.204 CPU sec, 127.442 real sec
[M::process] 0 single-end sequences; 645682 paired-end sequences
[M::process] read 645480 sequences (80000140 bp)...
[M::mem_pestat] # candidate unique pairs for (FF, FR, RF, RR): (0, 241830, 3, 0)
[M::mem_pestat] skip orientation FF as there are not enough pairs
[M::mem_pestat] analyzing insert size distribution for orientation FR...
[M::mem_pestat] (25, 50, 75) percentile: (160, 181, 207)
[M::mem_pestat] low and high boundaries for computing mean and std.dev: (66, 301)
[M::mem_pestat] mean and std.dev: (185.00, 33.47)
[M::mem_pestat] low and high boundaries for proper pairs: (19, 348)
[M::mem_pestat] skip orientation RF as there are not enough pairs
[M::mem_pestat] skip orientation RR as there are not enough pairs
[M::mem_process_seqs] Processed 645682 reads in 974.361 CPU sec, 124.590 real sec
[M::process] 0 single-end sequences; 645480 paired-end sequences
[M::process] read 645484 sequences (80000045 bp)...
[M::mem_pestat] # candidate unique pairs for (FF, FR, RF, RR): (0, 241610, 3, 0)
[M::mem_pestat] skip orientation FF as there are not enough pairs
[M::mem_pestat] analyzing insert size distribution for orientation FR...
[M::mem_pestat] (25, 50, 75) percentile: (160, 181, 207)
[M::mem_pestat] low and high boundaries for computing mean and std.dev: (66, 301)
[M::mem_pestat] mean and std.dev: (184.97, 33.44)
[M::mem_pestat] low and high boundaries for proper pairs: (19, 348)
[M::mem_pestat] skip orientation RF as there are not enough pairs
[M::mem_pestat] skip orientation RR as there are not enough pairs
[M::mem_process_seqs] Processed 645480 reads in 886.027 CPU sec, 113.557 real sec
[M::process] 0 single-end sequences; 645484 paired-end sequences
[M::process] read 645578 sequences (80000170 bp)...
[M::mem_pestat] # candidate unique pairs for (FF, FR, RF, RR): (0, 241150, 7, 0)
[M::mem_pestat] skip orientation FF as there are not enough pairs
[M::mem_pestat] analyzing insert size distribution for orientation FR...
[M::mem_pestat] (25, 50, 75) percentile: (160, 181, 207)
[M::mem_pestat] low and high boundaries for computing mean and std.dev: (66, 301)
[M::mem_pestat] mean and std.dev: (184.74, 33.48)
[M::mem_pestat] low and high boundaries for proper pairs: (19, 348)
[M::mem_pestat] skip orientation RF as there are not enough pairs
[M::mem_pestat] skip orientation RR as there are not enough pairs
[M::mem_process_seqs] Processed 645484 reads in 890.525 CPU sec, 114.072 real sec
[M::process] 0 single-end sequences; 645578 paired-end sequences
[M::process] read 646016 sequences (80000140 bp)...
[M::mem_pestat] # candidate unique pairs for (FF, FR, RF, RR): (0, 240861, 4, 0)
[M::mem_pestat] skip orientation FF as there are not enough pairs
[M::mem_pestat] analyzing insert size distribution for orientation FR...
[M::mem_pestat] (25, 50, 75) percentile: (160, 181, 207)
[M::mem_pestat] low and high boundaries for computing mean and std.dev: (66, 301)
[M::mem_pestat] mean and std.dev: (184.62, 33.43)
[M::mem_pestat] low and high boundaries for proper pairs: (19, 348)
[M::mem_pestat] skip orientation RF as there are not enough pairs
[M::mem_pestat] skip orientation RR as there are not enough pairs
[M::mem_process_seqs] Processed 645578 reads in 901.915 CPU sec, 115.540 real sec
[M::process] 0 single-end sequences; 646016 paired-end sequences
[M::process] read 646726 sequences (80000043 bp)...
[M::mem_pestat] # candidate unique pairs for (FF, FR, RF, RR): (0, 239524, 1, 0)
[M::mem_pestat] skip orientation FF as there are not enough pairs
[M::mem_pestat] analyzing insert size distribution for orientation FR...
[M::mem_pestat] (25, 50, 75) percentile: (159, 181, 207)
[M::mem_pestat] low and high boundaries for computing mean and std.dev: (63, 303)
[M::mem_pestat] mean and std.dev: (184.60, 33.41)
[M::mem_pestat] low and high boundaries for proper pairs: (15, 351)
[M::mem_pestat] skip orientation RF as there are not enough pairs
[M::mem_pestat] skip orientation RR as there are not enough pairs
[M::mem_process_seqs] Processed 646016 reads in 907.385 CPU sec, 116.207 real sec
[M::process] 0 single-end sequences; 646726 paired-end sequences
[M::process] read 646008 sequences (80000032 bp)...
[M::mem_pestat] # candidate unique pairs for (FF, FR, RF, RR): (0, 239796, 5, 0)
[M::mem_pestat] skip orientation FF as there are not enough pairs
[M::mem_pestat] analyzing insert size distribution for orientation FR...
[M::mem_pestat] (25, 50, 75) percentile: (159, 181, 206)
[M::mem_pestat] low and high boundaries for computing mean and std.dev: (65, 300)
[M::mem_pestat] mean and std.dev: (184.44, 33.34)
[M::mem_pestat] low and high boundaries for proper pairs: (18, 347)
[M::mem_pestat] skip orientation RF as there are not enough pairs
[M::mem_pestat] skip orientation RR as there are not enough pairs
[M::mem_process_seqs] Processed 646726 reads in 890.794 CPU sec, 114.127 real sec
[M::process] 0 single-end sequences; 646008 paired-end sequences
[M::process] read 645964 sequences (80000148 bp)...
[M::mem_pestat] # candidate unique pairs for (FF, FR, RF, RR): (0, 243089, 8, 0)
[M::mem_pestat] skip orientation FF as there are not enough pairs
[M::mem_pestat] analyzing insert size distribution for orientation FR...
[M::mem_pestat] (25, 50, 75) percentile: (160, 181, 207)
[M::mem_pestat] low and high boundaries for computing mean and std.dev: (66, 301)
[M::mem_pestat] mean and std.dev: (184.93, 33.50)
[M::mem_pestat] low and high boundaries for proper pairs: (19, 348)
[M::mem_pestat] skip orientation RF as there are not enough pairs
[M::mem_pestat] skip orientation RR as there are not enough pairs
[M::mem_process_seqs] Processed 646008 reads in 820.687 CPU sec, 105.352 real sec
[M::process] 0 single-end sequences; 645964 paired-end sequences
[M::process] read 645800 sequences (80000115 bp)...
[M::mem_pestat] # candidate unique pairs for (FF, FR, RF, RR): (0, 243180, 6, 0)
[M::mem_pestat] skip orientation FF as there are not enough pairs
[M::mem_pestat] analyzing insert size distribution for orientation FR...
[M::mem_pestat] (25, 50, 75) percentile: (160, 181, 207)
[M::mem_pestat] low and high boundaries for computing mean and std.dev: (66, 301)
[M::mem_pestat] mean and std.dev: (184.86, 33.43)
[M::mem_pestat] low and high boundaries for proper pairs: (19, 348)
[M::mem_pestat] skip orientation RF as there are not enough pairs
[M::mem_pestat] skip orientation RR as there are not enough pairs
[M::mem_process_seqs] Processed 645964 reads in 824.319 CPU sec, 106.425 real sec
[M::process] 0 single-end sequences; 645800 paired-end sequences
[M::process] read 645708 sequences (80000167 bp)...
[M::mem_pestat] # candidate unique pairs for (FF, FR, RF, RR): (0, 243050, 4, 0)
[M::mem_pestat] skip orientation FF as there are not enough pairs
[M::mem_pestat] analyzing insert size distribution for orientation FR...
[M::mem_pestat] (25, 50, 75) percentile: (160, 181, 207)
[M::mem_pestat] low and high boundaries for computing mean and std.dev: (66, 301)
[M::mem_pestat] mean and std.dev: (184.87, 33.47)
[M::mem_pestat] low and high boundaries for proper pairs: (19, 348)
[M::mem_pestat] skip orientation RF as there are not enough pairs
[M::mem_pestat] skip orientation RR as there are not enough pairs
[M::mem_process_seqs] Processed 645800 reads in 834.570 CPU sec, 107.062 real sec
[M::process] 0 single-end sequences; 645708 paired-end sequences
[M::process] read 645670 sequences (80000217 bp)...
[M::mem_pestat] # candidate unique pairs for (FF, FR, RF, RR): (0, 242159, 7, 0)
[M::mem_pestat] skip orientation FF as there are not enough pairs
[M::mem_pestat] analyzing insert size distribution for orientation FR...
[M::mem_pestat] (25, 50, 75) percentile: (160, 181, 207)
[M::mem_pestat] low and high boundaries for computing mean and std.dev: (66, 301)
[M::mem_pestat] mean and std.dev: (184.77, 33.42)
[M::mem_pestat] low and high boundaries for proper pairs: (19, 348)
[M::mem_pestat] skip orientation RF as there are not enough pairs
[M::mem_pestat] skip orientation RR as there are not enough pairs
[M::mem_process_seqs] Processed 645708 reads in 853.204 CPU sec, 109.442 real sec
[M::process] 0 single-end sequences; 645670 paired-end sequences
[M::process] read 645922 sequences (80000189 bp)...
[M::mem_pestat] # candidate unique pairs for (FF, FR, RF, RR): (0, 240980, 5, 0)
[M::mem_pestat] skip orientation FF as there are not enough pairs
[M::mem_pestat] analyzing insert size distribution for orientation FR...
[M::mem_pestat] (25, 50, 75) percentile: (159, 181, 206)
[M::mem_pestat] low and high boundaries for computing mean and std.dev: (65, 300)
[M::mem_pestat] mean and std.dev: (184.45, 33.37)
[M::mem_pestat] low and high boundaries for proper pairs: (18, 347)
[M::mem_pestat] skip orientation RF as there are not enough pairs
[M::mem_pestat] skip orientation RR as there are not enough pairs
[M::mem_process_seqs] Processed 645670 reads in 873.873 CPU sec, 111.985 real sec
[M::process] 0 single-end sequences; 645922 paired-end sequences
[M::process] read 645994 sequences (80000073 bp)...
[M::mem_pestat] # candidate unique pairs for (FF, FR, RF, RR): (0, 239963, 7, 0)
[M::mem_pestat] skip orientation FF as there are not enough pairs
[M::mem_pestat] analyzing insert size distribution for orientation FR...
[M::mem_pestat] (25, 50, 75) percentile: (159, 181, 206)
[M::mem_pestat] low and high boundaries for computing mean and std.dev: (65, 300)
[M::mem_pestat] mean and std.dev: (184.36, 33.35)
[M::mem_pestat] low and high boundaries for proper pairs: (18, 347)
[M::mem_pestat] skip orientation RF as there are not enough pairs
[M::mem_pestat] skip orientation RR as there are not enough pairs
[M::mem_process_seqs] Processed 645922 reads in 886.665 CPU sec, 113.572 real sec
[M::process] 0 single-end sequences; 645994 paired-end sequences
[M::process] read 646536 sequences (80000242 bp)...
[M::mem_pestat] # candidate unique pairs for (FF, FR, RF, RR): (0, 240991, 5, 0)
[M::mem_pestat] skip orientation FF as there are not enough pairs
[M::mem_pestat] analyzing insert size distribution for orientation FR...
[M::mem_pestat] (25, 50, 75) percentile: (159, 181, 206)
[M::mem_pestat] low and high boundaries for computing mean and std.dev: (65, 300)
[M::mem_pestat] mean and std.dev: (184.50, 33.31)
[M::mem_pestat] low and high boundaries for proper pairs: (18, 347)
[M::mem_pestat] skip orientation RF as there are not enough pairs
[M::mem_pestat] skip orientation RR as there are not enough pairs
[M::mem_process_seqs] Processed 645994 reads in 869.342 CPU sec, 111.411 real sec
[M::process] 0 single-end sequences; 646536 paired-end sequences
[M::process] read 646524 sequences (80000005 bp)...
[M::mem_pestat] # candidate unique pairs for (FF, FR, RF, RR): (0, 243873, 5, 0)
[M::mem_pestat] skip orientation FF as there are not enough pairs
[M::mem_pestat] analyzing insert size distribution for orientation FR...
[M::mem_pestat] (25, 50, 75) percentile: (160, 181, 207)
[M::mem_pestat] low and high boundaries for computing mean and std.dev: (66, 301)
[M::mem_pestat] mean and std.dev: (184.95, 33.48)
[M::mem_pestat] low and high boundaries for proper pairs: (19, 348)
[M::mem_pestat] skip orientation RF as there are not enough pairs
[M::mem_pestat] skip orientation RR as there are not enough pairs
[M::mem_process_seqs] Processed 646536 reads in 808.820 CPU sec, 103.900 real sec
[M::process] 0 single-end sequences; 646524 paired-end sequences
[M::process] read 646414 sequences (80000056 bp)...
[M::mem_pestat] # candidate unique pairs for (FF, FR, RF, RR): (0, 243977, 5, 0)
[M::mem_pestat] skip orientation FF as there are not enough pairs
[M::mem_pestat] analyzing insert size distribution for orientation FR...
[M::mem_pestat] (25, 50, 75) percentile: (160, 181, 207)
[M::mem_pestat] low and high boundaries for computing mean and std.dev: (66, 301)
[M::mem_pestat] mean and std.dev: (184.90, 33.52)
[M::mem_pestat] low and high boundaries for proper pairs: (19, 348)
[M::mem_pestat] skip orientation RF as there are not enough pairs
[M::mem_pestat] skip orientation RR as there are not enough pairs
[M::mem_process_seqs] Processed 646524 reads in 810.556 CPU sec, 104.095 real sec
[M::process] 0 single-end sequences; 646414 paired-end sequences
[M::process] read 646044 sequences (80000078 bp)...
[M::mem_pestat] # candidate unique pairs for (FF, FR, RF, RR): (0, 243376, 5, 0)
[M::mem_pestat] skip orientation FF as there are not enough pairs
[M::mem_pestat] analyzing insert size distribution for orientation FR...
[M::mem_pestat] (25, 50, 75) percentile: (160, 181, 207)
[M::mem_pestat] low and high boundaries for computing mean and std.dev: (66, 301)
[M::mem_pestat] mean and std.dev: (184.91, 33.45)
[M::mem_pestat] low and high boundaries for proper pairs: (19, 348)
[M::mem_pestat] skip orientation RF as there are not enough pairs
[M::mem_pestat] skip orientation RR as there are not enough pairs
[M::mem_process_seqs] Processed 646414 reads in 821.593 CPU sec, 105.466 real sec
[M::process] 0 single-end sequences; 646044 paired-end sequences
[M::process] read 645728 sequences (80000129 bp)...
[M::mem_pestat] # candidate unique pairs for (FF, FR, RF, RR): (0, 242505, 7, 0)
[M::mem_pestat] skip orientation FF as there are not enough pairs
[M::mem_pestat] analyzing insert size distribution for orientation FR...
[M::mem_pestat] (25, 50, 75) percentile: (160, 181, 207)
[M::mem_pestat] low and high boundaries for computing mean and std.dev: (66, 301)
[M::mem_pestat] mean and std.dev: (184.66, 33.40)
[M::mem_pestat] low and high boundaries for proper pairs: (19, 348)
[M::mem_pestat] skip orientation RF as there are not enough pairs
[M::mem_pestat] skip orientation RR as there are not enough pairs
[M::mem_process_seqs] Processed 646044 reads in 841.734 CPU sec, 107.973 real sec
[M::process] 0 single-end sequences; 645728 paired-end sequences
[M::process] read 646066 sequences (80000059 bp)...
[M::mem_pestat] # candidate unique pairs for (FF, FR, RF, RR): (0, 241153, 3, 0)
[M::mem_pestat] skip orientation FF as there are not enough pairs
[M::mem_pestat] analyzing insert size distribution for orientation FR...
[M::mem_pestat] (25, 50, 75) percentile: (159, 181, 206)
[M::mem_pestat] low and high boundaries for computing mean and std.dev: (65, 300)
[M::mem_pestat] mean and std.dev: (184.35, 33.33)
[M::mem_pestat] low and high boundaries for proper pairs: (18, 347)
[M::mem_pestat] skip orientation RF as there are not enough pairs
[M::mem_pestat] skip orientation RR as there are not enough pairs
[M::mem_process_seqs] Processed 645728 reads in 864.442 CPU sec, 110.802 real sec
[M::process] 0 single-end sequences; 646066 paired-end sequences
[M::process] read 645848 sequences (80000032 bp)...
[M::mem_pestat] # candidate unique pairs for (FF, FR, RF, RR): (0, 240815, 5, 0)
[M::mem_pestat] skip orientation FF as there are not enough pairs
[M::mem_pestat] analyzing insert size distribution for orientation FR...
[M::mem_pestat] (25, 50, 75) percentile: (160, 181, 207)
[M::mem_pestat] low and high boundaries for computing mean and std.dev: (66, 301)
[M::mem_pestat] mean and std.dev: (184.59, 33.41)
[M::mem_pestat] low and high boundaries for proper pairs: (19, 348)
[M::mem_pestat] skip orientation RF as there are not enough pairs
[M::mem_pestat] skip orientation RR as there are not enough pairs
[M::mem_process_seqs] Processed 646066 reads in 870.656 CPU sec, 111.585 real sec
[M::process] 0 single-end sequences; 645848 paired-end sequences
[M::process] read 645176 sequences (80000056 bp)...
[M::mem_pestat] # candidate unique pairs for (FF, FR, RF, RR): (0, 241705, 3, 0)
[M::mem_pestat] skip orientation FF as there are not enough pairs
[M::mem_pestat] analyzing insert size distribution for orientation FR...
[M::mem_pestat] (25, 50, 75) percentile: (160, 181, 207)
[M::mem_pestat] low and high boundaries for computing mean and std.dev: (66, 301)
[M::mem_pestat] mean and std.dev: (184.63, 33.39)
[M::mem_pestat] low and high boundaries for proper pairs: (19, 348)
[M::mem_pestat] skip orientation RF as there are not enough pairs
[M::mem_pestat] skip orientation RR as there are not enough pairs
[M::mem_process_seqs] Processed 645848 reads in 855.318 CPU sec, 109.708 real sec
[M::process] 0 single-end sequences; 645176 paired-end sequences
[M::process] read 645218 sequences (80000097 bp)...
[M::mem_pestat] # candidate unique pairs for (FF, FR, RF, RR): (0, 242627, 5, 0)
[M::mem_pestat] skip orientation FF as there are not enough pairs
[M::mem_pestat] analyzing insert size distribution for orientation FR...
[M::mem_pestat] (25, 50, 75) percentile: (160, 181, 207)
[M::mem_pestat] low and high boundaries for computing mean and std.dev: (66, 301)
[M::mem_pestat] mean and std.dev: (185.08, 33.56)
[M::mem_pestat] low and high boundaries for proper pairs: (19, 348)
[M::mem_pestat] skip orientation RF as there are not enough pairs
[M::mem_pestat] skip orientation RR as there are not enough pairs
[M::mem_process_seqs] Processed 645176 reads in 831.660 CPU sec, 106.732 real sec
[M::process] 0 single-end sequences; 645218 paired-end sequences
[M::process] read 645314 sequences (80000161 bp)...
[M::mem_pestat] # candidate unique pairs for (FF, FR, RF, RR): (0, 242784, 7, 0)
[M::mem_pestat] skip orientation FF as there are not enough pairs
[M::mem_pestat] analyzing insert size distribution for orientation FR...
[M::mem_pestat] (25, 50, 75) percentile: (160, 181, 207)
[M::mem_pestat] low and high boundaries for computing mean and std.dev: (66, 301)
[M::mem_pestat] mean and std.dev: (184.95, 33.51)
[M::mem_pestat] low and high boundaries for proper pairs: (19, 348)
[M::mem_pestat] skip orientation RF as there are not enough pairs
[M::mem_pestat] skip orientation RR as there are not enough pairs
[M::mem_process_seqs] Processed 645218 reads in 828.697 CPU sec, 106.322 real sec
[M::process] 0 single-end sequences; 645314 paired-end sequences
[M::process] read 645344 sequences (80000138 bp)...
[M::mem_pestat] # candidate unique pairs for (FF, FR, RF, RR): (0, 242260, 4, 0)
[M::mem_pestat] skip orientation FF as there are not enough pairs
[M::mem_pestat] analyzing insert size distribution for orientation FR...
[M::mem_pestat] (25, 50, 75) percentile: (160, 181, 207)
[M::mem_pestat] low and high boundaries for computing mean and std.dev: (66, 301)
[M::mem_pestat] mean and std.dev: (184.89, 33.48)
[M::mem_pestat] low and high boundaries for proper pairs: (19, 348)
[M::mem_pestat] skip orientation RF as there are not enough pairs
[M::mem_pestat] skip orientation RR as there are not enough pairs
[M::mem_process_seqs] Processed 645314 reads in 840.905 CPU sec, 107.863 real sec
[M::process] 0 single-end sequences; 645344 paired-end sequences
[M::process] read 645514 sequences (80000199 bp)...
[M::mem_pestat] # candidate unique pairs for (FF, FR, RF, RR): (0, 241921, 8, 0)
[M::mem_pestat] skip orientation FF as there are not enough pairs
[M::mem_pestat] analyzing insert size distribution for orientation FR...
[M::mem_pestat] (25, 50, 75) percentile: (160, 181, 207)
[M::mem_pestat] low and high boundaries for computing mean and std.dev: (66, 301)
[M::mem_pestat] mean and std.dev: (184.72, 33.40)
[M::mem_pestat] low and high boundaries for proper pairs: (19, 348)
[M::mem_pestat] skip orientation RF as there are not enough pairs
[M::mem_pestat] skip orientation RR as there are not enough pairs
[M::mem_process_seqs] Processed 645344 reads in 852.421 CPU sec, 109.305 real sec
[M::process] 0 single-end sequences; 645514 paired-end sequences
[M::process] read 645802 sequences (80000233 bp)...
[M::mem_pestat] # candidate unique pairs for (FF, FR, RF, RR): (0, 241312, 8, 0)
[M::mem_pestat] skip orientation FF as there are not enough pairs
[M::mem_pestat] analyzing insert size distribution for orientation FR...
[M::mem_pestat] (25, 50, 75) percentile: (159, 181, 207)
[M::mem_pestat] low and high boundaries for computing mean and std.dev: (63, 303)
[M::mem_pestat] mean and std.dev: (184.62, 33.46)
[M::mem_pestat] low and high boundaries for proper pairs: (15, 351)
[M::mem_pestat] skip orientation RF as there are not enough pairs
[M::mem_pestat] skip orientation RR as there are not enough pairs
[M::mem_process_seqs] Processed 645514 reads in 877.676 CPU sec, 112.483 real sec
[M::process] 0 single-end sequences; 645802 paired-end sequences
[M::process] read 646220 sequences (80000178 bp)...
[M::mem_pestat] # candidate unique pairs for (FF, FR, RF, RR): (0, 240622, 1, 0)
[M::mem_pestat] skip orientation FF as there are not enough pairs
[M::mem_pestat] analyzing insert size distribution for orientation FR...
[M::mem_pestat] (25, 50, 75) percentile: (160, 181, 207)
[M::mem_pestat] low and high boundaries for computing mean and std.dev: (66, 301)
[M::mem_pestat] mean and std.dev: (184.71, 33.45)
[M::mem_pestat] low and high boundaries for proper pairs: (19, 348)
[M::mem_pestat] skip orientation RF as there are not enough pairs
[M::mem_pestat] skip orientation RR as there are not enough pairs
[M::mem_process_seqs] Processed 645802 reads in 881.206 CPU sec, 112.896 real sec
[M::process] 0 single-end sequences; 646220 paired-end sequences
[M::process] read 646552 sequences (80000142 bp)...
[M::mem_pestat] # candidate unique pairs for (FF, FR, RF, RR): (0, 241930, 4, 0)
[M::mem_pestat] skip orientation FF as there are not enough pairs
[M::mem_pestat] analyzing insert size distribution for orientation FR...
[M::mem_pestat] (25, 50, 75) percentile: (160, 181, 207)
[M::mem_pestat] low and high boundaries for computing mean and std.dev: (66, 301)
[M::mem_pestat] mean and std.dev: (184.68, 33.42)
[M::mem_pestat] low and high boundaries for proper pairs: (19, 348)
[M::mem_pestat] skip orientation RF as there are not enough pairs
[M::mem_pestat] skip orientation RR as there are not enough pairs
[M::mem_process_seqs] Processed 646220 reads in 851.493 CPU sec, 109.205 real sec
[M::process] 0 single-end sequences; 646552 paired-end sequences
[M::process] read 645930 sequences (80000183 bp)...
[M::mem_pestat] # candidate unique pairs for (FF, FR, RF, RR): (0, 242555, 3, 0)
[M::mem_pestat] skip orientation FF as there are not enough pairs
[M::mem_pestat] analyzing insert size distribution for orientation FR...
[M::mem_pestat] (25, 50, 75) percentile: (160, 181, 207)
[M::mem_pestat] low and high boundaries for computing mean and std.dev: (66, 301)
[M::mem_pestat] mean and std.dev: (185.03, 33.54)
[M::mem_pestat] low and high boundaries for proper pairs: (19, 348)
[M::mem_pestat] skip orientation RF as there are not enough pairs
[M::mem_pestat] skip orientation RR as there are not enough pairs
[M::mem_process_seqs] Processed 646552 reads in 838.358 CPU sec, 107.560 real sec
[M::process] 0 single-end sequences; 645930 paired-end sequences
[M::process] read 646104 sequences (80000037 bp)...
[M::mem_pestat] # candidate unique pairs for (FF, FR, RF, RR): (0, 242072, 10, 0)
[M::mem_pestat] skip orientation FF as there are not enough pairs
[M::mem_pestat] analyzing insert size distribution for orientation FR...
[M::mem_pestat] (25, 50, 75) percentile: (160, 181, 207)
[M::mem_pestat] low and high boundaries for computing mean and std.dev: (66, 301)
[M::mem_pestat] mean and std.dev: (184.79, 33.36)
[M::mem_pestat] low and high boundaries for proper pairs: (19, 348)
[M::mem_pestat] analyzing insert size distribution for orientation RF...
[M::mem_pestat] (25, 50, 75) percentile: (154, 180, 192)
[M::mem_pestat] low and high boundaries for computing mean and std.dev: (78, 268)
[M::mem_pestat] mean and std.dev: (174.30, 19.84)
[M::mem_pestat] low and high boundaries for proper pairs: (40, 306)
[M::mem_pestat] skip orientation RR as there are not enough pairs
[M::mem_pestat] skip orientation RF
[M::mem_process_seqs] Processed 645930 reads in 857.177 CPU sec, 109.912 real sec
[M::process] 0 single-end sequences; 646104 paired-end sequences
[M::process] read 645740 sequences (80000245 bp)...
[M::mem_pestat] # candidate unique pairs for (FF, FR, RF, RR): (0, 241711, 6, 0)
[M::mem_pestat] skip orientation FF as there are not enough pairs
[M::mem_pestat] analyzing insert size distribution for orientation FR...
[M::mem_pestat] (25, 50, 75) percentile: (160, 181, 207)
[M::mem_pestat] low and high boundaries for computing mean and std.dev: (66, 301)
[M::mem_pestat] mean and std.dev: (184.72, 33.44)
[M::mem_pestat] low and high boundaries for proper pairs: (19, 348)
[M::mem_pestat] skip orientation RF as there are not enough pairs
[M::mem_pestat] skip orientation RR as there are not enough pairs
[M::mem_process_seqs] Processed 646104 reads in 870.145 CPU sec, 111.534 real sec
[M::process] 0 single-end sequences; 645740 paired-end sequences
[M::process] read 646060 sequences (80000140 bp)...
[M::mem_pestat] # candidate unique pairs for (FF, FR, RF, RR): (0, 240067, 3, 0)
[M::mem_pestat] skip orientation FF as there are not enough pairs
[M::mem_pestat] analyzing insert size distribution for orientation FR...
[M::mem_pestat] (25, 50, 75) percentile: (159, 181, 207)
[M::mem_pestat] low and high boundaries for computing mean and std.dev: (63, 303)
[M::mem_pestat] mean and std.dev: (184.64, 33.41)
[M::mem_pestat] low and high boundaries for proper pairs: (15, 351)
[M::mem_pestat] skip orientation RF as there are not enough pairs
[M::mem_pestat] skip orientation RR as there are not enough pairs
[M::mem_process_seqs] Processed 645740 reads in 894.117 CPU sec, 114.542 real sec
[M::process] 0 single-end sequences; 646060 paired-end sequences
[M::process] read 646538 sequences (80000019 bp)...
[M::mem_pestat] # candidate unique pairs for (FF, FR, RF, RR): (0, 239088, 8, 0)
[M::mem_pestat] skip orientation FF as there are not enough pairs
[M::mem_pestat] analyzing insert size distribution for orientation FR...
[M::mem_pestat] (25, 50, 75) percentile: (159, 181, 206)
[M::mem_pestat] low and high boundaries for computing mean and std.dev: (65, 300)
[M::mem_pestat] mean and std.dev: (184.39, 33.44)
[M::mem_pestat] low and high boundaries for proper pairs: (18, 347)
[M::mem_pestat] skip orientation RF as there are not enough pairs
[M::mem_pestat] skip orientation RR as there are not enough pairs
[M::mem_process_seqs] Processed 646060 reads in 908.452 CPU sec, 116.339 real sec
[M::process] 0 single-end sequences; 646538 paired-end sequences
[M::process] read 646770 sequences (80000033 bp)...
[M::mem_pestat] # candidate unique pairs for (FF, FR, RF, RR): (0, 238976, 5, 0)
[M::mem_pestat] skip orientation FF as there are not enough pairs
[M::mem_pestat] analyzing insert size distribution for orientation FR...
[M::mem_pestat] (25, 50, 75) percentile: (159, 181, 206)
[M::mem_pestat] low and high boundaries for computing mean and std.dev: (65, 300)
[M::mem_pestat] mean and std.dev: (184.38, 33.37)
[M::mem_pestat] low and high boundaries for proper pairs: (18, 347)
[M::mem_pestat] skip orientation RF as there are not enough pairs
[M::mem_pestat] skip orientation RR as there are not enough pairs
[M::mem_process_seqs] Processed 646538 reads in 909.339 CPU sec, 116.430 real sec
[M::process] 0 single-end sequences; 646770 paired-end sequences
[M::process] read 646688 sequences (80000079 bp)...
[M::mem_pestat] # candidate unique pairs for (FF, FR, RF, RR): (0, 243427, 3, 0)
[M::mem_pestat] skip orientation FF as there are not enough pairs
[M::mem_pestat] analyzing insert size distribution for orientation FR...
[M::mem_pestat] (25, 50, 75) percentile: (160, 181, 207)
[M::mem_pestat] low and high boundaries for computing mean and std.dev: (66, 301)
[M::mem_pestat] mean and std.dev: (185.01, 33.53)
[M::mem_pestat] low and high boundaries for proper pairs: (19, 348)
[M::mem_pestat] skip orientation RF as there are not enough pairs
[M::mem_pestat] skip orientation RR as there are not enough pairs
[M::mem_process_seqs] Processed 646770 reads in 827.865 CPU sec, 106.257 real sec
[M::process] 0 single-end sequences; 646688 paired-end sequences
[M::process] read 646822 sequences (80000074 bp)...
[M::mem_pestat] # candidate unique pairs for (FF, FR, RF, RR): (0, 243033, 5, 0)
[M::mem_pestat] skip orientation FF as there are not enough pairs
[M::mem_pestat] analyzing insert size distribution for orientation FR...
[M::mem_pestat] (25, 50, 75) percentile: (160, 181, 207)
[M::mem_pestat] low and high boundaries for computing mean and std.dev: (66, 301)
[M::mem_pestat] mean and std.dev: (184.97, 33.42)
[M::mem_pestat] low and high boundaries for proper pairs: (19, 348)
[M::mem_pestat] skip orientation RF as there are not enough pairs
[M::mem_pestat] skip orientation RR as there are not enough pairs
[M::mem_process_seqs] Processed 646688 reads in 833.679 CPU sec, 106.983 real sec
[M::process] 0 single-end sequences; 646822 paired-end sequences
[M::process] read 646454 sequences (80000140 bp)...
[M::mem_pestat] # candidate unique pairs for (FF, FR, RF, RR): (0, 242668, 6, 0)
[M::mem_pestat] skip orientation FF as there are not enough pairs
[M::mem_pestat] analyzing insert size distribution for orientation FR...
[M::mem_pestat] (25, 50, 75) percentile: (160, 181, 207)
[M::mem_pestat] low and high boundaries for computing mean and std.dev: (66, 301)
[M::mem_pestat] mean and std.dev: (184.85, 33.46)
[M::mem_pestat] low and high boundaries for proper pairs: (19, 348)
[M::mem_pestat] skip orientation RF as there are not enough pairs
[M::mem_pestat] skip orientation RR as there are not enough pairs
[M::mem_process_seqs] Processed 646822 reads in 849.584 CPU sec, 108.979 real sec
[M::process] 0 single-end sequences; 646454 paired-end sequences
[M::process] read 646148 sequences (80000137 bp)...
[M::mem_pestat] # candidate unique pairs for (FF, FR, RF, RR): (0, 242179, 3, 0)
[M::mem_pestat] skip orientation FF as there are not enough pairs
[M::mem_pestat] analyzing insert size distribution for orientation FR...
[M::mem_pestat] (25, 50, 75) percentile: (160, 181, 207)
[M::mem_pestat] low and high boundaries for computing mean and std.dev: (66, 301)
[M::mem_pestat] mean and std.dev: (184.74, 33.42)
[M::mem_pestat] low and high boundaries for proper pairs: (19, 348)
[M::mem_pestat] skip orientation RF as there are not enough pairs
[M::mem_pestat] skip orientation RR as there are not enough pairs
[M::mem_process_seqs] Processed 646454 reads in 856.268 CPU sec, 109.811 real sec
[M::process] 0 single-end sequences; 646148 paired-end sequences
[M::process] read 647098 sequences (80000010 bp)...
[M::mem_pestat] # candidate unique pairs for (FF, FR, RF, RR): (0, 241206, 3, 0)
[M::mem_pestat] skip orientation FF as there are not enough pairs
[M::mem_pestat] analyzing insert size distribution for orientation FR...
[M::mem_pestat] (25, 50, 75) percentile: (160, 181, 207)
[M::mem_pestat] low and high boundaries for computing mean and std.dev: (66, 301)
[M::mem_pestat] mean and std.dev: (184.70, 33.38)
[M::mem_pestat] low and high boundaries for proper pairs: (19, 348)
[M::mem_pestat] skip orientation RF as there are not enough pairs
[M::mem_pestat] skip orientation RR as there are not enough pairs
[M::mem_process_seqs] Processed 646148 reads in 881.759 CPU sec, 112.974 real sec
[M::process] 0 single-end sequences; 647098 paired-end sequences
[M::process] read 646742 sequences (80000152 bp)...
[M::mem_pestat] # candidate unique pairs for (FF, FR, RF, RR): (0, 240141, 2, 0)
[M::mem_pestat] skip orientation FF as there are not enough pairs
[M::mem_pestat] analyzing insert size distribution for orientation FR...
[M::mem_pestat] (25, 50, 75) percentile: (159, 181, 207)
[M::mem_pestat] low and high boundaries for computing mean and std.dev: (63, 303)
[M::mem_pestat] mean and std.dev: (184.57, 33.41)
[M::mem_pestat] low and high boundaries for proper pairs: (15, 351)
[M::mem_pestat] skip orientation RF as there are not enough pairs
[M::mem_pestat] skip orientation RR as there are not enough pairs
[M::mem_process_seqs] Processed 647098 reads in 933.701 CPU sec, 119.496 real sec
[M::process] 0 single-end sequences; 646742 paired-end sequences
[M::process] read 645702 sequences (80000196 bp)...
[M::mem_pestat] # candidate unique pairs for (FF, FR, RF, RR): (0, 240131, 8, 0)
[M::mem_pestat] skip orientation FF as there are not enough pairs
[M::mem_pestat] analyzing insert size distribution for orientation FR...
[M::mem_pestat] (25, 50, 75) percentile: (160, 181, 207)
[M::mem_pestat] low and high boundaries for computing mean and std.dev: (66, 301)
[M::mem_pestat] mean and std.dev: (184.68, 33.49)
[M::mem_pestat] low and high boundaries for proper pairs: (19, 348)
[M::mem_pestat] skip orientation RF as there are not enough pairs
[M::mem_pestat] skip orientation RR as there are not enough pairs
[M::mem_process_seqs] Processed 646742 reads in 1038.684 CPU sec, 133.253 real sec
[M::process] 0 single-end sequences; 645702 paired-end sequences
[M::process] read 645394 sequences (80000244 bp)...
[M::mem_pestat] # candidate unique pairs for (FF, FR, RF, RR): (0, 240816, 4, 0)
[M::mem_pestat] skip orientation FF as there are not enough pairs
[M::mem_pestat] analyzing insert size distribution for orientation FR...
[M::mem_pestat] (25, 50, 75) percentile: (160, 181, 207)
[M::mem_pestat] low and high boundaries for computing mean and std.dev: (66, 301)
[M::mem_pestat] mean and std.dev: (185.08, 33.43)
[M::mem_pestat] low and high boundaries for proper pairs: (19, 348)
[M::mem_pestat] skip orientation RF as there are not enough pairs
[M::mem_pestat] skip orientation RR as there are not enough pairs
[M::mem_process_seqs] Processed 645702 reads in 1054.744 CPU sec, 134.703 real sec
[M::process] 0 single-end sequences; 645394 paired-end sequences
[M::process] read 645446 sequences (80000043 bp)...
[M::mem_pestat] # candidate unique pairs for (FF, FR, RF, RR): (0, 241293, 4, 0)
[M::mem_pestat] skip orientation FF as there are not enough pairs
[M::mem_pestat] analyzing insert size distribution for orientation FR...
[M::mem_pestat] (25, 50, 75) percentile: (160, 181, 207)
[M::mem_pestat] low and high boundaries for computing mean and std.dev: (66, 301)
[M::mem_pestat] mean and std.dev: (184.91, 33.52)
[M::mem_pestat] low and high boundaries for proper pairs: (19, 348)
[M::mem_pestat] skip orientation RF as there are not enough pairs
[M::mem_pestat] skip orientation RR as there are not enough pairs
[M::mem_process_seqs] Processed 645394 reads in 875.726 CPU sec, 112.255 real sec
[M::process] 0 single-end sequences; 645446 paired-end sequences
[M::process] read 645578 sequences (80000142 bp)...
[M::mem_pestat] # candidate unique pairs for (FF, FR, RF, RR): (0, 241502, 9, 0)
[M::mem_pestat] skip orientation FF as there are not enough pairs
[M::mem_pestat] analyzing insert size distribution for orientation FR...
[M::mem_pestat] (25, 50, 75) percentile: (160, 181, 207)
[M::mem_pestat] low and high boundaries for computing mean and std.dev: (66, 301)
[M::mem_pestat] mean and std.dev: (184.89, 33.48)
[M::mem_pestat] low and high boundaries for proper pairs: (19, 348)
[M::mem_pestat] skip orientation RF as there are not enough pairs
[M::mem_pestat] skip orientation RR as there are not enough pairs
[M::mem_process_seqs] Processed 645446 reads in 877.894 CPU sec, 112.468 real sec
[M::process] 0 single-end sequences; 645578 paired-end sequences
[M::process] read 646044 sequences (80000088 bp)...
[M::mem_pestat] # candidate unique pairs for (FF, FR, RF, RR): (0, 240151, 6, 0)
[M::mem_pestat] skip orientation FF as there are not enough pairs
[M::mem_pestat] analyzing insert size distribution for orientation FR...
[M::mem_pestat] (25, 50, 75) percentile: (160, 181, 207)
[M::mem_pestat] low and high boundaries for computing mean and std.dev: (66, 301)
[M::mem_pestat] mean and std.dev: (184.65, 33.40)
[M::mem_pestat] low and high boundaries for proper pairs: (19, 348)
[M::mem_pestat] skip orientation RF as there are not enough pairs
[M::mem_pestat] skip orientation RR as there are not enough pairs
[M::mem_process_seqs] Processed 645578 reads in 907.930 CPU sec, 116.328 real sec
[M::process] 0 single-end sequences; 646044 paired-end sequences
[M::process] read 646076 sequences (80000148 bp)...
[M::mem_pestat] # candidate unique pairs for (FF, FR, RF, RR): (0, 239311, 8, 0)
[M::mem_pestat] skip orientation FF as there are not enough pairs
[M::mem_pestat] analyzing insert size distribution for orientation FR...
[M::mem_pestat] (25, 50, 75) percentile: (159, 181, 207)
[M::mem_pestat] low and high boundaries for computing mean and std.dev: (63, 303)
[M::mem_pestat] mean and std.dev: (184.65, 33.48)
[M::mem_pestat] low and high boundaries for proper pairs: (15, 351)
[M::mem_pestat] skip orientation RF as there are not enough pairs
[M::mem_pestat] skip orientation RR as there are not enough pairs
[M::mem_process_seqs] Processed 646044 reads in 1003.757 CPU sec, 128.277 real sec
[M::process] 0 single-end sequences; 646076 paired-end sequences
[M::process] read 645300 sequences (80000048 bp)...
[M::mem_pestat] # candidate unique pairs for (FF, FR, RF, RR): (0, 238436, 4, 0)
[M::mem_pestat] skip orientation FF as there are not enough pairs
[M::mem_pestat] analyzing insert size distribution for orientation FR...
[M::mem_pestat] (25, 50, 75) percentile: (159, 181, 206)
[M::mem_pestat] low and high boundaries for computing mean and std.dev: (65, 300)
[M::mem_pestat] mean and std.dev: (184.50, 33.38)
[M::mem_pestat] low and high boundaries for proper pairs: (18, 347)
[M::mem_pestat] skip orientation RF as there are not enough pairs
[M::mem_pestat] skip orientation RR as there are not enough pairs
[M::mem_process_seqs] Processed 646076 reads in 1085.278 CPU sec, 138.749 real sec
[M::process] 0 single-end sequences; 645300 paired-end sequences
[M::process] read 645226 sequences (80000014 bp)...
[M::mem_pestat] # candidate unique pairs for (FF, FR, RF, RR): (0, 242573, 3, 0)
[M::mem_pestat] skip orientation FF as there are not enough pairs
[M::mem_pestat] analyzing insert size distribution for orientation FR...
[M::mem_pestat] (25, 50, 75) percentile: (160, 181, 207)
[M::mem_pestat] low and high boundaries for computing mean and std.dev: (66, 301)
[M::mem_pestat] mean and std.dev: (184.99, 33.44)
[M::mem_pestat] low and high boundaries for proper pairs: (19, 348)
[M::mem_pestat] skip orientation RF as there are not enough pairs
[M::mem_pestat] skip orientation RR as there are not enough pairs
[M::mem_process_seqs] Processed 645300 reads in 833.511 CPU sec, 106.979 real sec
[M::process] 0 single-end sequences; 645226 paired-end sequences
[M::process] read 645232 sequences (80000005 bp)...
[M::mem_pestat] # candidate unique pairs for (FF, FR, RF, RR): (0, 243008, 3, 0)
[M::mem_pestat] skip orientation FF as there are not enough pairs
[M::mem_pestat] analyzing insert size distribution for orientation FR...
[M::mem_pestat] (25, 50, 75) percentile: (160, 181, 207)
[M::mem_pestat] low and high boundaries for computing mean and std.dev: (66, 301)
[M::mem_pestat] mean and std.dev: (185.08, 33.45)
[M::mem_pestat] low and high boundaries for proper pairs: (19, 348)
[M::mem_pestat] skip orientation RF as there are not enough pairs
[M::mem_pestat] skip orientation RR as there are not enough pairs
[M::mem_process_seqs] Processed 645226 reads in 823.082 CPU sec, 105.640 real sec
[M::process] 0 single-end sequences; 645232 paired-end sequences
[M::process] read 645234 sequences (80000149 bp)...
[M::mem_pestat] # candidate unique pairs for (FF, FR, RF, RR): (0, 242896, 7, 0)
[M::mem_pestat] skip orientation FF as there are not enough pairs
[M::mem_pestat] analyzing insert size distribution for orientation FR...
[M::mem_pestat] (25, 50, 75) percentile: (160, 181, 207)
[M::mem_pestat] low and high boundaries for computing mean and std.dev: (66, 301)
[M::mem_pestat] mean and std.dev: (184.92, 33.54)
[M::mem_pestat] low and high boundaries for proper pairs: (19, 348)
[M::mem_pestat] skip orientation RF as there are not enough pairs
[M::mem_pestat] skip orientation RR as there are not enough pairs
[M::mem_process_seqs] Processed 645232 reads in 820.755 CPU sec, 105.329 real sec
[M::process] 0 single-end sequences; 645234 paired-end sequences
[M::process] read 645278 sequences (80000207 bp)...
[M::mem_pestat] # candidate unique pairs for (FF, FR, RF, RR): (0, 243377, 11, 0)
[M::mem_pestat] skip orientation FF as there are not enough pairs
[M::mem_pestat] analyzing insert size distribution for orientation FR...
[M::mem_pestat] (25, 50, 75) percentile: (160, 181, 207)
[M::mem_pestat] low and high boundaries for computing mean and std.dev: (66, 301)
[M::mem_pestat] mean and std.dev: (184.76, 33.44)
[M::mem_pestat] low and high boundaries for proper pairs: (19, 348)
[M::mem_pestat] analyzing insert size distribution for orientation RF...
[M::mem_pestat] (25, 50, 75) percentile: (175, 185, 4604)
[M::mem_pestat] low and high boundaries for computing mean and std.dev: (1, 13462)
[M::mem_pestat] mean and std.dev: (1405.82, 1970.94)
[M::mem_pestat] low and high boundaries for proper pairs: (1, 17891)
[M::mem_pestat] skip orientation RR as there are not enough pairs
[M::mem_pestat] skip orientation RF
[M::mem_process_seqs] Processed 645234 reads in 830.281 CPU sec, 106.532 real sec
[M::process] 0 single-end sequences; 645278 paired-end sequences
[M::process] read 645588 sequences (80000102 bp)...
[M::mem_pestat] # candidate unique pairs for (FF, FR, RF, RR): (0, 242522, 8, 0)
[M::mem_pestat] skip orientation FF as there are not enough pairs
[M::mem_pestat] analyzing insert size distribution for orientation FR...
[M::mem_pestat] (25, 50, 75) percentile: (159, 181, 207)
[M::mem_pestat] low and high boundaries for computing mean and std.dev: (63, 303)
[M::mem_pestat] mean and std.dev: (184.57, 33.45)
[M::mem_pestat] low and high boundaries for proper pairs: (15, 351)
[M::mem_pestat] skip orientation RF as there are not enough pairs
[M::mem_pestat] skip orientation RR as there are not enough pairs
[M::mem_process_seqs] Processed 645278 reads in 843.338 CPU sec, 108.150 real sec
[M::process] 0 single-end sequences; 645588 paired-end sequences
[M::process] read 645594 sequences (80000051 bp)...
[M::mem_pestat] # candidate unique pairs for (FF, FR, RF, RR): (0, 241905, 2, 0)
[M::mem_pestat] skip orientation FF as there are not enough pairs
[M::mem_pestat] analyzing insert size distribution for orientation FR...
[M::mem_pestat] (25, 50, 75) percentile: (160, 181, 206)
[M::mem_pestat] low and high boundaries for computing mean and std.dev: (68, 298)
[M::mem_pestat] mean and std.dev: (184.54, 33.34)
[M::mem_pestat] low and high boundaries for proper pairs: (22, 344)
[M::mem_pestat] skip orientation RF as there are not enough pairs
[M::mem_pestat] skip orientation RR as there are not enough pairs
[M::mem_process_seqs] Processed 645588 reads in 851.252 CPU sec, 109.147 real sec
[M::process] 0 single-end sequences; 645594 paired-end sequences
[M::process] read 645418 sequences (80000092 bp)...
[M::mem_pestat] # candidate unique pairs for (FF, FR, RF, RR): (0, 241707, 6, 0)
[M::mem_pestat] skip orientation FF as there are not enough pairs
[M::mem_pestat] analyzing insert size distribution for orientation FR...
[M::mem_pestat] (25, 50, 75) percentile: (159, 181, 207)
[M::mem_pestat] low and high boundaries for computing mean and std.dev: (63, 303)
[M::mem_pestat] mean and std.dev: (184.48, 33.35)
[M::mem_pestat] low and high boundaries for proper pairs: (15, 351)
[M::mem_pestat] skip orientation RF as there are not enough pairs
[M::mem_pestat] skip orientation RR as there are not enough pairs
[M::mem_process_seqs] Processed 645594 reads in 856.132 CPU sec, 109.795 real sec
[M::process] 0 single-end sequences; 645418 paired-end sequences
[M::process] read 645208 sequences (80000199 bp)...
[M::mem_pestat] # candidate unique pairs for (FF, FR, RF, RR): (0, 242611, 8, 0)
[M::mem_pestat] skip orientation FF as there are not enough pairs
[M::mem_pestat] analyzing insert size distribution for orientation FR...
[M::mem_pestat] (25, 50, 75) percentile: (160, 181, 207)
[M::mem_pestat] low and high boundaries for computing mean and std.dev: (66, 301)
[M::mem_pestat] mean and std.dev: (184.99, 33.53)
[M::mem_pestat] low and high boundaries for proper pairs: (19, 348)
[M::mem_pestat] skip orientation RF as there are not enough pairs
[M::mem_pestat] skip orientation RR as there are not enough pairs
[M::mem_process_seqs] Processed 645418 reads in 818.144 CPU sec, 105.000 real sec
[M::process] 0 single-end sequences; 645208 paired-end sequences
[M::process] read 645196 sequences (80000236 bp)...
[M::mem_pestat] # candidate unique pairs for (FF, FR, RF, RR): (0, 243635, 5, 0)
[M::mem_pestat] skip orientation FF as there are not enough pairs
[M::mem_pestat] analyzing insert size distribution for orientation FR...
[M::mem_pestat] (25, 50, 75) percentile: (160, 181, 207)
[M::mem_pestat] low and high boundaries for computing mean and std.dev: (66, 301)
[M::mem_pestat] mean and std.dev: (185.03, 33.50)
[M::mem_pestat] low and high boundaries for proper pairs: (19, 348)
[M::mem_pestat] skip orientation RF as there are not enough pairs
[M::mem_pestat] skip orientation RR as there are not enough pairs
[M::mem_process_seqs] Processed 645208 reads in 812.925 CPU sec, 104.368 real sec
[M::process] 0 single-end sequences; 645196 paired-end sequences
[M::process] read 645194 sequences (80000136 bp)...
[M::mem_pestat] # candidate unique pairs for (FF, FR, RF, RR): (0, 243492, 0, 0)
[M::mem_pestat] skip orientation FF as there are not enough pairs
[M::mem_pestat] analyzing insert size distribution for orientation FR...
[M::mem_pestat] (25, 50, 75) percentile: (160, 181, 207)
[M::mem_pestat] low and high boundaries for computing mean and std.dev: (66, 301)
[M::mem_pestat] mean and std.dev: (184.87, 33.42)
[M::mem_pestat] low and high boundaries for proper pairs: (19, 348)
[M::mem_pestat] skip orientation RF as there are not enough pairs
[M::mem_pestat] skip orientation RR as there are not enough pairs
[M::mem_process_seqs] Processed 645196 reads in 824.477 CPU sec, 105.818 real sec
[M::process] 0 single-end sequences; 645194 paired-end sequences
[M::process] read 645300 sequences (80000220 bp)...
[M::mem_pestat] # candidate unique pairs for (FF, FR, RF, RR): (0, 243484, 7, 0)
[M::mem_pestat] skip orientation FF as there are not enough pairs
[M::mem_pestat] analyzing insert size distribution for orientation FR...
[M::mem_pestat] (25, 50, 75) percentile: (160, 181, 207)
[M::mem_pestat] low and high boundaries for computing mean and std.dev: (66, 301)
[M::mem_pestat] mean and std.dev: (184.73, 33.45)
[M::mem_pestat] low and high boundaries for proper pairs: (19, 348)
[M::mem_pestat] skip orientation RF as there are not enough pairs
[M::mem_pestat] skip orientation RR as there are not enough pairs
[M::mem_process_seqs] Processed 645194 reads in 830.552 CPU sec, 106.614 real sec
[M::process] 0 single-end sequences; 645300 paired-end sequences
[M::process] read 645618 sequences (80000028 bp)...
[M::mem_pestat] # candidate unique pairs for (FF, FR, RF, RR): (0, 242915, 7, 0)
[M::mem_pestat] skip orientation FF as there are not enough pairs
[M::mem_pestat] analyzing insert size distribution for orientation FR...
[M::mem_pestat] (25, 50, 75) percentile: (159, 181, 207)
[M::mem_pestat] low and high boundaries for computing mean and std.dev: (63, 303)
[M::mem_pestat] mean and std.dev: (184.47, 33.40)
[M::mem_pestat] low and high boundaries for proper pairs: (15, 351)
[M::mem_pestat] skip orientation RF as there are not enough pairs
[M::mem_pestat] skip orientation RR as there are not enough pairs
[M::mem_process_seqs] Processed 645300 reads in 837.568 CPU sec, 107.483 real sec
[M::process] 0 single-end sequences; 645618 paired-end sequences
[M::process] read 645596 sequences (80000200 bp)...
[M::mem_pestat] # candidate unique pairs for (FF, FR, RF, RR): (0, 241423, 5, 0)
[M::mem_pestat] skip orientation FF as there are not enough pairs
[M::mem_pestat] analyzing insert size distribution for orientation FR...
[M::mem_pestat] (25, 50, 75) percentile: (159, 181, 207)
[M::mem_pestat] low and high boundaries for computing mean and std.dev: (63, 303)
[M::mem_pestat] mean and std.dev: (184.57, 33.47)
[M::mem_pestat] low and high boundaries for proper pairs: (15, 351)
[M::mem_pestat] skip orientation RF as there are not enough pairs
[M::mem_pestat] skip orientation RR as there are not enough pairs
[M::mem_process_seqs] Processed 645618 reads in 860.659 CPU sec, 110.334 real sec
[M::process] 0 single-end sequences; 645596 paired-end sequences
[M::process] read 645258 sequences (80000053 bp)...
[M::mem_pestat] # candidate unique pairs for (FF, FR, RF, RR): (0, 242283, 3, 0)
[M::mem_pestat] skip orientation FF as there are not enough pairs
[M::mem_pestat] analyzing insert size distribution for orientation FR...
[M::mem_pestat] (25, 50, 75) percentile: (159, 181, 206)
[M::mem_pestat] low and high boundaries for computing mean and std.dev: (65, 300)
[M::mem_pestat] mean and std.dev: (184.52, 33.38)
[M::mem_pestat] low and high boundaries for proper pairs: (18, 347)
[M::mem_pestat] skip orientation RF as there are not enough pairs
[M::mem_pestat] skip orientation RR as there are not enough pairs
[M::mem_process_seqs] Processed 645596 reads in 850.513 CPU sec, 109.038 real sec
[M::process] 0 single-end sequences; 645258 paired-end sequences
[M::process] read 645088 sequences (80000036 bp)...
[M::mem_pestat] # candidate unique pairs for (FF, FR, RF, RR): (0, 242741, 3, 0)
[M::mem_pestat] skip orientation FF as there are not enough pairs
[M::mem_pestat] analyzing insert size distribution for orientation FR...
[M::mem_pestat] (25, 50, 75) percentile: (160, 181, 207)
[M::mem_pestat] low and high boundaries for computing mean and std.dev: (66, 301)
[M::mem_pestat] mean and std.dev: (184.99, 33.49)
[M::mem_pestat] low and high boundaries for proper pairs: (19, 348)
[M::mem_pestat] skip orientation RF as there are not enough pairs
[M::mem_pestat] skip orientation RR as there are not enough pairs
[M::mem_process_seqs] Processed 645258 reads in 830.373 CPU sec, 106.555 real sec
[M::process] 0 single-end sequences; 645088 paired-end sequences
[M::process] read 645050 sequences (80000192 bp)...
[M::mem_pestat] # candidate unique pairs for (FF, FR, RF, RR): (0, 242958, 5, 0)
[M::mem_pestat] skip orientation FF as there are not enough pairs
[M::mem_pestat] analyzing insert size distribution for orientation FR...
[M::mem_pestat] (25, 50, 75) percentile: (160, 181, 207)
[M::mem_pestat] low and high boundaries for computing mean and std.dev: (66, 301)
[M::mem_pestat] mean and std.dev: (184.88, 33.44)
[M::mem_pestat] low and high boundaries for proper pairs: (19, 348)
[M::mem_pestat] skip orientation RF as there are not enough pairs
[M::mem_pestat] skip orientation RR as there are not enough pairs
[M::mem_process_seqs] Processed 645088 reads in 827.282 CPU sec, 106.158 real sec
[M::process] 0 single-end sequences; 645050 paired-end sequences
[M::process] read 645096 sequences (80000151 bp)...
[M::mem_pestat] # candidate unique pairs for (FF, FR, RF, RR): (0, 242825, 5, 0)
[M::mem_pestat] skip orientation FF as there are not enough pairs
[M::mem_pestat] analyzing insert size distribution for orientation FR...
[M::mem_pestat] (25, 50, 75) percentile: (160, 181, 207)
[M::mem_pestat] low and high boundaries for computing mean and std.dev: (66, 301)
[M::mem_pestat] mean and std.dev: (184.91, 33.43)
[M::mem_pestat] low and high boundaries for proper pairs: (19, 348)
[M::mem_pestat] skip orientation RF as there are not enough pairs
[M::mem_pestat] skip orientation RR as there are not enough pairs
[M::mem_process_seqs] Processed 645050 reads in 824.776 CPU sec, 105.848 real sec
[M::process] 0 single-end sequences; 645096 paired-end sequences
[M::process] read 645192 sequences (80000147 bp)...
[M::mem_pestat] # candidate unique pairs for (FF, FR, RF, RR): (0, 243192, 8, 0)
[M::mem_pestat] skip orientation FF as there are not enough pairs
[M::mem_pestat] analyzing insert size distribution for orientation FR...
[M::mem_pestat] (25, 50, 75) percentile: (160, 181, 207)
[M::mem_pestat] low and high boundaries for computing mean and std.dev: (66, 301)
[M::mem_pestat] mean and std.dev: (184.82, 33.47)
[M::mem_pestat] low and high boundaries for proper pairs: (19, 348)
[M::mem_pestat] skip orientation RF as there are not enough pairs
[M::mem_pestat] skip orientation RR as there are not enough pairs
[M::mem_process_seqs] Processed 645096 reads in 834.080 CPU sec, 107.039 real sec
[M::process] 0 single-end sequences; 645192 paired-end sequences
[M::process] read 645402 sequences (80000200 bp)...
[M::mem_pestat] # candidate unique pairs for (FF, FR, RF, RR): (0, 242381, 5, 0)
[M::mem_pestat] skip orientation FF as there are not enough pairs
[M::mem_pestat] analyzing insert size distribution for orientation FR...
[M::mem_pestat] (25, 50, 75) percentile: (160, 181, 207)
[M::mem_pestat] low and high boundaries for computing mean and std.dev: (66, 301)
[M::mem_pestat] mean and std.dev: (184.68, 33.41)
[M::mem_pestat] low and high boundaries for proper pairs: (19, 348)
[M::mem_pestat] skip orientation RF as there are not enough pairs
[M::mem_pestat] skip orientation RR as there are not enough pairs
[M::mem_process_seqs] Processed 645192 reads in 848.950 CPU sec, 108.873 real sec
[M::process] 0 single-end sequences; 645402 paired-end sequences
[M::process] read 645660 sequences (80000117 bp)...
[M::mem_pestat] # candidate unique pairs for (FF, FR, RF, RR): (0, 242119, 8, 0)
[M::mem_pestat] skip orientation FF as there are not enough pairs
[M::mem_pestat] analyzing insert size distribution for orientation FR...
[M::mem_pestat] (25, 50, 75) percentile: (160, 181, 206)
[M::mem_pestat] low and high boundaries for computing mean and std.dev: (68, 298)
[M::mem_pestat] mean and std.dev: (184.56, 33.38)
[M::mem_pestat] low and high boundaries for proper pairs: (22, 344)
[M::mem_pestat] skip orientation RF as there are not enough pairs
[M::mem_pestat] skip orientation RR as there are not enough pairs
[M::mem_process_seqs] Processed 645402 reads in 853.012 CPU sec, 109.396 real sec
[M::process] 0 single-end sequences; 645660 paired-end sequences
[M::process] read 645510 sequences (80000108 bp)...
[M::mem_pestat] # candidate unique pairs for (FF, FR, RF, RR): (0, 242464, 4, 0)
[M::mem_pestat] skip orientation FF as there are not enough pairs
[M::mem_pestat] analyzing insert size distribution for orientation FR...
[M::mem_pestat] (25, 50, 75) percentile: (160, 181, 207)
[M::mem_pestat] low and high boundaries for computing mean and std.dev: (66, 301)
[M::mem_pestat] mean and std.dev: (184.58, 33.37)
[M::mem_pestat] low and high boundaries for proper pairs: (19, 348)
[M::mem_pestat] skip orientation RF as there are not enough pairs
[M::mem_pestat] skip orientation RR as there are not enough pairs
[M::mem_process_seqs] Processed 645660 reads in 846.469 CPU sec, 108.564 real sec
[M::process] 0 single-end sequences; 645510 paired-end sequences
[M::process] read 645320 sequences (80000195 bp)...
[M::mem_pestat] # candidate unique pairs for (FF, FR, RF, RR): (0, 242370, 9, 0)
[M::mem_pestat] skip orientation FF as there are not enough pairs
[M::mem_pestat] analyzing insert size distribution for orientation FR...
[M::mem_pestat] (25, 50, 75) percentile: (160, 181, 207)
[M::mem_pestat] low and high boundaries for computing mean and std.dev: (66, 301)
[M::mem_pestat] mean and std.dev: (184.94, 33.46)
[M::mem_pestat] low and high boundaries for proper pairs: (19, 348)
[M::mem_pestat] skip orientation RF as there are not enough pairs
[M::mem_pestat] skip orientation RR as there are not enough pairs
[M::mem_process_seqs] Processed 645510 reads in 841.191 CPU sec, 107.898 real sec
[M::process] 0 single-end sequences; 645320 paired-end sequences
[M::process] read 645258 sequences (80000077 bp)...
[M::mem_pestat] # candidate unique pairs for (FF, FR, RF, RR): (0, 242351, 9, 0)
[M::mem_pestat] skip orientation FF as there are not enough pairs
[M::mem_pestat] analyzing insert size distribution for orientation FR...
[M::mem_pestat] (25, 50, 75) percentile: (160, 181, 207)
[M::mem_pestat] low and high boundaries for computing mean and std.dev: (66, 301)
[M::mem_pestat] mean and std.dev: (184.90, 33.46)
[M::mem_pestat] low and high boundaries for proper pairs: (19, 348)
[M::mem_pestat] skip orientation RF as there are not enough pairs
[M::mem_pestat] skip orientation RR as there are not enough pairs
[M::mem_process_seqs] Processed 645320 reads in 841.452 CPU sec, 108.142 real sec
[M::process] 0 single-end sequences; 645258 paired-end sequences
[M::process] read 645308 sequences (80000206 bp)...
[M::mem_pestat] # candidate unique pairs for (FF, FR, RF, RR): (0, 242230, 1, 0)
[M::mem_pestat] skip orientation FF as there are not enough pairs
[M::mem_pestat] analyzing insert size distribution for orientation FR...
[M::mem_pestat] (25, 50, 75) percentile: (160, 181, 207)
[M::mem_pestat] low and high boundaries for computing mean and std.dev: (66, 301)
[M::mem_pestat] mean and std.dev: (184.82, 33.46)
[M::mem_pestat] low and high boundaries for proper pairs: (19, 348)
[M::mem_pestat] skip orientation RF as there are not enough pairs
[M::mem_pestat] skip orientation RR as there are not enough pairs
[M::mem_process_seqs] Processed 645258 reads in 853.191 CPU sec, 109.414 real sec
[M::process] 0 single-end sequences; 645308 paired-end sequences
[M::process] read 645502 sequences (80000148 bp)...
[M::mem_pestat] # candidate unique pairs for (FF, FR, RF, RR): (0, 241689, 6, 0)
[M::mem_pestat] skip orientation FF as there are not enough pairs
[M::mem_pestat] analyzing insert size distribution for orientation FR...
[M::mem_pestat] (25, 50, 75) percentile: (160, 181, 207)
[M::mem_pestat] low and high boundaries for computing mean and std.dev: (66, 301)
[M::mem_pestat] mean and std.dev: (184.74, 33.31)
[M::mem_pestat] low and high boundaries for proper pairs: (19, 348)
[M::mem_pestat] skip orientation RF as there are not enough pairs
[M::mem_pestat] skip orientation RR as there are not enough pairs
[M::mem_process_seqs] Processed 645308 reads in 867.169 CPU sec, 111.582 real sec
[M::process] 0 single-end sequences; 645502 paired-end sequences
[M::process] read 645938 sequences (80000097 bp)...
[M::mem_pestat] # candidate unique pairs for (FF, FR, RF, RR): (0, 240894, 5, 0)
[M::mem_pestat] skip orientation FF as there are not enough pairs
[M::mem_pestat] analyzing insert size distribution for orientation FR...
[M::mem_pestat] (25, 50, 75) percentile: (159, 181, 206)
[M::mem_pestat] low and high boundaries for computing mean and std.dev: (65, 300)
[M::mem_pestat] mean and std.dev: (184.47, 33.41)
[M::mem_pestat] low and high boundaries for proper pairs: (18, 347)
[M::mem_pestat] skip orientation RF as there are not enough pairs
[M::mem_pestat] skip orientation RR as there are not enough pairs
[M::mem_process_seqs] Processed 645502 reads in 879.141 CPU sec, 112.664 real sec
[M::process] 0 single-end sequences; 645938 paired-end sequences
[M::process] read 645782 sequences (80000216 bp)...
[M::mem_pestat] # candidate unique pairs for (FF, FR, RF, RR): (0, 241208, 4, 0)
[M::mem_pestat] skip orientation FF as there are not enough pairs
[M::mem_pestat] analyzing insert size distribution for orientation FR...
[M::mem_pestat] (25, 50, 75) percentile: (159, 181, 206)
[M::mem_pestat] low and high boundaries for computing mean and std.dev: (65, 300)
[M::mem_pestat] mean and std.dev: (184.38, 33.30)
[M::mem_pestat] low and high boundaries for proper pairs: (18, 347)
[M::mem_pestat] skip orientation RF as there are not enough pairs
[M::mem_pestat] skip orientation RR as there are not enough pairs
[M::mem_process_seqs] Processed 645938 reads in 879.229 CPU sec, 112.671 real sec
[M::process] 0 single-end sequences; 645782 paired-end sequences
[M::process] read 645270 sequences (80000026 bp)...
[M::mem_pestat] # candidate unique pairs for (FF, FR, RF, RR): (0, 241969, 8, 0)
[M::mem_pestat] skip orientation FF as there are not enough pairs
[M::mem_pestat] analyzing insert size distribution for orientation FR...
[M::mem_pestat] (25, 50, 75) percentile: (160, 181, 207)
[M::mem_pestat] low and high boundaries for computing mean and std.dev: (66, 301)
[M::mem_pestat] mean and std.dev: (184.79, 33.40)
[M::mem_pestat] low and high boundaries for proper pairs: (19, 348)
[M::mem_pestat] skip orientation RF as there are not enough pairs
[M::mem_pestat] skip orientation RR as there are not enough pairs
[M::mem_process_seqs] Processed 645782 reads in 852.314 CPU sec, 109.279 real sec
[M::process] 0 single-end sequences; 645270 paired-end sequences
[M::process] read 645252 sequences (80000237 bp)...
[M::mem_pestat] # candidate unique pairs for (FF, FR, RF, RR): (0, 242820, 3, 0)
[M::mem_pestat] skip orientation FF as there are not enough pairs
[M::mem_pestat] analyzing insert size distribution for orientation FR...
[M::mem_pestat] (25, 50, 75) percentile: (160, 181, 207)
[M::mem_pestat] low and high boundaries for computing mean and std.dev: (66, 301)
[M::mem_pestat] mean and std.dev: (184.99, 33.42)
[M::mem_pestat] low and high boundaries for proper pairs: (19, 348)
[M::mem_pestat] skip orientation RF as there are not enough pairs
[M::mem_pestat] skip orientation RR as there are not enough pairs
[M::mem_process_seqs] Processed 645270 reads in 828.567 CPU sec, 106.355 real sec
[M::process] 0 single-end sequences; 645252 paired-end sequences
[M::process] read 645382 sequences (80000175 bp)...
[M::mem_pestat] # candidate unique pairs for (FF, FR, RF, RR): (0, 243024, 7, 0)
[M::mem_pestat] skip orientation FF as there are not enough pairs
[M::mem_pestat] analyzing insert size distribution for orientation FR...
[M::mem_pestat] (25, 50, 75) percentile: (160, 181, 207)
[M::mem_pestat] low and high boundaries for computing mean and std.dev: (66, 301)
[M::mem_pestat] mean and std.dev: (184.88, 33.50)
[M::mem_pestat] low and high boundaries for proper pairs: (19, 348)
[M::mem_pestat] skip orientation RF as there are not enough pairs
[M::mem_pestat] skip orientation RR as there are not enough pairs
[M::mem_process_seqs] Processed 645252 reads in 854.877 CPU sec, 109.628 real sec
[M::process] 0 single-end sequences; 645382 paired-end sequences
[M::process] read 645350 sequences (80000046 bp)...
[M::mem_pestat] # candidate unique pairs for (FF, FR, RF, RR): (0, 241977, 5, 0)
[M::mem_pestat] skip orientation FF as there are not enough pairs
[M::mem_pestat] analyzing insert size distribution for orientation FR...
[M::mem_pestat] (25, 50, 75) percentile: (160, 181, 207)
[M::mem_pestat] low and high boundaries for computing mean and std.dev: (66, 301)
[M::mem_pestat] mean and std.dev: (184.86, 33.58)
[M::mem_pestat] low and high boundaries for proper pairs: (19, 348)
[M::mem_pestat] skip orientation RF as there are not enough pairs
[M::mem_pestat] skip orientation RR as there are not enough pairs
[M::mem_process_seqs] Processed 645382 reads in 921.767 CPU sec, 117.980 real sec
[M::process] 0 single-end sequences; 645350 paired-end sequences
[M::process] read 645740 sequences (80000148 bp)...
[M::mem_pestat] # candidate unique pairs for (FF, FR, RF, RR): (0, 242534, 3, 0)
[M::mem_pestat] skip orientation FF as there are not enough pairs
[M::mem_pestat] analyzing insert size distribution for orientation FR...
[M::mem_pestat] (25, 50, 75) percentile: (159, 181, 207)
[M::mem_pestat] low and high boundaries for computing mean and std.dev: (63, 303)
[M::mem_pestat] mean and std.dev: (184.60, 33.43)
[M::mem_pestat] low and high boundaries for proper pairs: (15, 351)
[M::mem_pestat] skip orientation RF as there are not enough pairs
[M::mem_pestat] skip orientation RR as there are not enough pairs
[M::mem_process_seqs] Processed 645350 reads in 863.996 CPU sec, 111.903 real sec
[M::process] 0 single-end sequences; 645740 paired-end sequences
[M::process] read 646136 sequences (80000235 bp)...
[M::mem_pestat] # candidate unique pairs for (FF, FR, RF, RR): (0, 241773, 5, 0)
[M::mem_pestat] skip orientation FF as there are not enough pairs
[M::mem_pestat] analyzing insert size distribution for orientation FR...
[M::mem_pestat] (25, 50, 75) percentile: (159, 181, 207)
[M::mem_pestat] low and high boundaries for computing mean and std.dev: (63, 303)
[M::mem_pestat] mean and std.dev: (184.60, 33.48)
[M::mem_pestat] low and high boundaries for proper pairs: (15, 351)
[M::mem_pestat] skip orientation RF as there are not enough pairs
[M::mem_pestat] skip orientation RR as there are not enough pairs
[M::mem_process_seqs] Processed 645740 reads in 878.484 CPU sec, 112.727 real sec
[M::process] 0 single-end sequences; 646136 paired-end sequences
[M::process] read 645592 sequences (80000110 bp)...
[M::mem_pestat] # candidate unique pairs for (FF, FR, RF, RR): (0, 241871, 5, 0)
[M::mem_pestat] skip orientation FF as there are not enough pairs
[M::mem_pestat] analyzing insert size distribution for orientation FR...
[M::mem_pestat] (25, 50, 75) percentile: (160, 181, 206)
[M::mem_pestat] low and high boundaries for computing mean and std.dev: (68, 298)
[M::mem_pestat] mean and std.dev: (184.50, 33.35)
[M::mem_pestat] low and high boundaries for proper pairs: (22, 344)
[M::mem_pestat] skip orientation RF as there are not enough pairs
[M::mem_pestat] skip orientation RR as there are not enough pairs
[M::mem_process_seqs] Processed 646136 reads in 875.589 CPU sec, 112.241 real sec
[M::process] 0 single-end sequences; 645592 paired-end sequences
[M::process] read 645304 sequences (80000208 bp)...
[M::mem_pestat] # candidate unique pairs for (FF, FR, RF, RR): (0, 241993, 6, 0)
[M::mem_pestat] skip orientation FF as there are not enough pairs
[M::mem_pestat] analyzing insert size distribution for orientation FR...
[M::mem_pestat] (25, 50, 75) percentile: (160, 181, 207)
[M::mem_pestat] low and high boundaries for computing mean and std.dev: (66, 301)
[M::mem_pestat] mean and std.dev: (185.11, 33.52)
[M::mem_pestat] low and high boundaries for proper pairs: (19, 348)
[M::mem_pestat] skip orientation RF as there are not enough pairs
[M::mem_pestat] skip orientation RR as there are not enough pairs
[M::mem_process_seqs] Processed 645592 reads in 895.275 CPU sec, 114.680 real sec
[M::process] 0 single-end sequences; 645304 paired-end sequences
[M::process] read 645528 sequences (80000190 bp)...
[M::mem_pestat] # candidate unique pairs for (FF, FR, RF, RR): (0, 242484, 1, 0)
[M::mem_pestat] skip orientation FF as there are not enough pairs
[M::mem_pestat] analyzing insert size distribution for orientation FR...
[M::mem_pestat] (25, 50, 75) percentile: (160, 181, 207)
[M::mem_pestat] low and high boundaries for computing mean and std.dev: (66, 301)
[M::mem_pestat] mean and std.dev: (184.86, 33.45)
[M::mem_pestat] low and high boundaries for proper pairs: (19, 348)
[M::mem_pestat] skip orientation RF as there are not enough pairs
[M::mem_pestat] skip orientation RR as there are not enough pairs
[M::mem_process_seqs] Processed 645304 reads in 859.387 CPU sec, 110.194 real sec
[M::process] 0 single-end sequences; 645528 paired-end sequences
[M::process] read 645382 sequences (80000153 bp)...
[M::mem_pestat] # candidate unique pairs for (FF, FR, RF, RR): (0, 241098, 3, 0)
[M::mem_pestat] skip orientation FF as there are not enough pairs
[M::mem_pestat] analyzing insert size distribution for orientation FR...
[M::mem_pestat] (25, 50, 75) percentile: (160, 181, 207)
[M::mem_pestat] low and high boundaries for computing mean and std.dev: (66, 301)
[M::mem_pestat] mean and std.dev: (184.98, 33.50)
[M::mem_pestat] low and high boundaries for proper pairs: (19, 348)
[M::mem_pestat] skip orientation RF as there are not enough pairs
[M::mem_pestat] skip orientation RR as there are not enough pairs
[M::mem_process_seqs] Processed 645528 reads in 1357.509 CPU sec, 174.381 real sec
[M::process] 0 single-end sequences; 645382 paired-end sequences
[M::process] read 645642 sequences (80000046 bp)...
[M::mem_pestat] # candidate unique pairs for (FF, FR, RF, RR): (0, 240975, 5, 0)
[M::mem_pestat] skip orientation FF as there are not enough pairs
[M::mem_pestat] analyzing insert size distribution for orientation FR...
[M::mem_pestat] (25, 50, 75) percentile: (160, 181, 207)
[M::mem_pestat] low and high boundaries for computing mean and std.dev: (66, 301)
[M::mem_pestat] mean and std.dev: (184.62, 33.39)
[M::mem_pestat] low and high boundaries for proper pairs: (19, 348)
[M::mem_pestat] skip orientation RF as there are not enough pairs
[M::mem_pestat] skip orientation RR as there are not enough pairs
[M::mem_process_seqs] Processed 645382 reads in 1081.110 CPU sec, 138.607 real sec
[M::process] 0 single-end sequences; 645642 paired-end sequences
[M::process] read 645886 sequences (80000097 bp)...
[M::mem_pestat] # candidate unique pairs for (FF, FR, RF, RR): (0, 241238, 5, 0)
[M::mem_pestat] skip orientation FF as there are not enough pairs
[M::mem_pestat] analyzing insert size distribution for orientation FR...
[M::mem_pestat] (25, 50, 75) percentile: (160, 181, 207)
[M::mem_pestat] low and high boundaries for computing mean and std.dev: (66, 301)
[M::mem_pestat] mean and std.dev: (184.69, 33.46)
[M::mem_pestat] low and high boundaries for proper pairs: (19, 348)
[M::mem_pestat] skip orientation RF as there are not enough pairs
[M::mem_pestat] skip orientation RR as there are not enough pairs
[M::mem_process_seqs] Processed 645642 reads in 1022.728 CPU sec, 130.720 real sec
[M::process] 0 single-end sequences; 645886 paired-end sequences
[M::process] read 648218 sequences (80000102 bp)...
[M::mem_pestat] # candidate unique pairs for (FF, FR, RF, RR): (0, 241265, 6, 0)
[M::mem_pestat] skip orientation FF as there are not enough pairs
[M::mem_pestat] analyzing insert size distribution for orientation FR...
[M::mem_pestat] (25, 50, 75) percentile: (159, 181, 206)
[M::mem_pestat] low and high boundaries for computing mean and std.dev: (65, 300)
[M::mem_pestat] mean and std.dev: (184.41, 33.27)
[M::mem_pestat] low and high boundaries for proper pairs: (18, 347)
[M::mem_pestat] skip orientation RF as there are not enough pairs
[M::mem_pestat] skip orientation RR as there are not enough pairs
[M::mem_process_seqs] Processed 645886 reads in 1033.626 CPU sec, 133.826 real sec
[M::process] 0 single-end sequences; 648218 paired-end sequences
[M::process] read 648032 sequences (80000171 bp)...
[M::mem_pestat] # candidate unique pairs for (FF, FR, RF, RR): (0, 243474, 4, 0)
[M::mem_pestat] skip orientation FF as there are not enough pairs
[M::mem_pestat] analyzing insert size distribution for orientation FR...
[M::mem_pestat] (25, 50, 75) percentile: (160, 181, 207)
[M::mem_pestat] low and high boundaries for computing mean and std.dev: (66, 301)
[M::mem_pestat] mean and std.dev: (185.05, 33.46)
[M::mem_pestat] low and high boundaries for proper pairs: (19, 348)
[M::mem_pestat] skip orientation RF as there are not enough pairs
[M::mem_pestat] skip orientation RR as there are not enough pairs
[M::mem_process_seqs] Processed 648218 reads in 847.642 CPU sec, 108.801 real sec
[M::process] 0 single-end sequences; 648032 paired-end sequences
[M::process] read 647578 sequences (80000141 bp)...
[M::mem_pestat] # candidate unique pairs for (FF, FR, RF, RR): (0, 243319, 1, 0)
[M::mem_pestat] skip orientation FF as there are not enough pairs
[M::mem_pestat] analyzing insert size distribution for orientation FR...
[M::mem_pestat] (25, 50, 75) percentile: (160, 182, 208)
[M::mem_pestat] low and high boundaries for computing mean and std.dev: (64, 304)
[M::mem_pestat] mean and std.dev: (185.29, 33.51)
[M::mem_pestat] low and high boundaries for proper pairs: (16, 352)
[M::mem_pestat] skip orientation RF as there are not enough pairs
[M::mem_pestat] skip orientation RR as there are not enough pairs
[M::mem_process_seqs] Processed 648032 reads in 833.711 CPU sec, 107.233 real sec
[M::process] 0 single-end sequences; 647578 paired-end sequences
[M::process] read 647360 sequences (80000095 bp)...
[M::mem_pestat] # candidate unique pairs for (FF, FR, RF, RR): (0, 243190, 5, 0)
[M::mem_pestat] skip orientation FF as there are not enough pairs
[M::mem_pestat] analyzing insert size distribution for orientation FR...
[M::mem_pestat] (25, 50, 75) percentile: (160, 182, 207)
[M::mem_pestat] low and high boundaries for computing mean and std.dev: (66, 301)
[M::mem_pestat] mean and std.dev: (185.21, 33.51)
[M::mem_pestat] low and high boundaries for proper pairs: (19, 348)
[M::mem_pestat] skip orientation RF as there are not enough pairs
[M::mem_pestat] skip orientation RR as there are not enough pairs
[M::mem_process_seqs] Processed 647578 reads in 825.911 CPU sec, 106.405 real sec
[M::process] 0 single-end sequences; 647360 paired-end sequences
[M::process] read 647210 sequences (80000014 bp)...
[M::mem_pestat] # candidate unique pairs for (FF, FR, RF, RR): (0, 242793, 5, 0)
[M::mem_pestat] skip orientation FF as there are not enough pairs
[M::mem_pestat] analyzing insert size distribution for orientation FR...
[M::mem_pestat] (25, 50, 75) percentile: (160, 182, 207)
[M::mem_pestat] low and high boundaries for computing mean and std.dev: (66, 301)
[M::mem_pestat] mean and std.dev: (185.20, 33.45)
[M::mem_pestat] low and high boundaries for proper pairs: (19, 348)
[M::mem_pestat] skip orientation RF as there are not enough pairs
[M::mem_pestat] skip orientation RR as there are not enough pairs
[M::mem_process_seqs] Processed 647360 reads in 823.958 CPU sec, 105.848 real sec
[M::process] 0 single-end sequences; 647210 paired-end sequences
[M::process] read 647074 sequences (80000032 bp)...
[M::mem_pestat] # candidate unique pairs for (FF, FR, RF, RR): (0, 243576, 7, 0)
[M::mem_pestat] skip orientation FF as there are not enough pairs
[M::mem_pestat] analyzing insert size distribution for orientation FR...
[M::mem_pestat] (25, 50, 75) percentile: (160, 181, 207)
[M::mem_pestat] low and high boundaries for computing mean and std.dev: (66, 301)
[M::mem_pestat] mean and std.dev: (185.08, 33.49)
[M::mem_pestat] low and high boundaries for proper pairs: (19, 348)
[M::mem_pestat] skip orientation RF as there are not enough pairs
[M::mem_pestat] skip orientation RR as there are not enough pairs
[M::mem_process_seqs] Processed 647210 reads in 819.035 CPU sec, 105.225 real sec
[M::process] 0 single-end sequences; 647074 paired-end sequences
[M::process] read 646960 sequences (80000157 bp)...
[M::mem_pestat] # candidate unique pairs for (FF, FR, RF, RR): (0, 243344, 9, 0)
[M::mem_pestat] skip orientation FF as there are not enough pairs
[M::mem_pestat] analyzing insert size distribution for orientation FR...
[M::mem_pestat] (25, 50, 75) percentile: (160, 181, 207)
[M::mem_pestat] low and high boundaries for computing mean and std.dev: (66, 301)
[M::mem_pestat] mean and std.dev: (185.05, 33.41)
[M::mem_pestat] low and high boundaries for proper pairs: (19, 348)
[M::mem_pestat] skip orientation RF as there are not enough pairs
[M::mem_pestat] skip orientation RR as there are not enough pairs
[M::mem_process_seqs] Processed 647074 reads in 818.524 CPU sec, 105.239 real sec
[M::process] 0 single-end sequences; 646960 paired-end sequences
[M::process] read 646948 sequences (80000167 bp)...
[M::mem_pestat] # candidate unique pairs for (FF, FR, RF, RR): (0, 243478, 9, 0)
[M::mem_pestat] skip orientation FF as there are not enough pairs
[M::mem_pestat] analyzing insert size distribution for orientation FR...
[M::mem_pestat] (25, 50, 75) percentile: (160, 181, 207)
[M::mem_pestat] low and high boundaries for computing mean and std.dev: (66, 301)
[M::mem_pestat] mean and std.dev: (185.03, 33.48)
[M::mem_pestat] low and high boundaries for proper pairs: (19, 348)
[M::mem_pestat] skip orientation RF as there are not enough pairs
[M::mem_pestat] skip orientation RR as there are not enough pairs
[M::mem_process_seqs] Processed 646960 reads in 817.416 CPU sec, 104.985 real sec
[M::process] 0 single-end sequences; 646948 paired-end sequences
[M::process] read 646818 sequences (80000179 bp)...
[M::mem_pestat] # candidate unique pairs for (FF, FR, RF, RR): (0, 243194, 3, 0)
[M::mem_pestat] skip orientation FF as there are not enough pairs
[M::mem_pestat] analyzing insert size distribution for orientation FR...
[M::mem_pestat] (25, 50, 75) percentile: (160, 181, 207)
[M::mem_pestat] low and high boundaries for computing mean and std.dev: (66, 301)
[M::mem_pestat] mean and std.dev: (184.97, 33.47)
[M::mem_pestat] low and high boundaries for proper pairs: (19, 348)
[M::mem_pestat] skip orientation RF as there are not enough pairs
[M::mem_pestat] skip orientation RR as there are not enough pairs
[M::mem_process_seqs] Processed 646948 reads in 818.965 CPU sec, 105.115 real sec
[M::process] 0 single-end sequences; 646818 paired-end sequences
[M::process] read 646788 sequences (80000233 bp)...
[M::mem_pestat] # candidate unique pairs for (FF, FR, RF, RR): (0, 242908, 5, 0)
[M::mem_pestat] skip orientation FF as there are not enough pairs
[M::mem_pestat] analyzing insert size distribution for orientation FR...
[M::mem_pestat] (25, 50, 75) percentile: (160, 181, 207)
[M::mem_pestat] low and high boundaries for computing mean and std.dev: (66, 301)
[M::mem_pestat] mean and std.dev: (184.86, 33.48)
[M::mem_pestat] low and high boundaries for proper pairs: (19, 348)
[M::mem_pestat] skip orientation RF as there are not enough pairs
[M::mem_pestat] skip orientation RR as there are not enough pairs
[M::mem_process_seqs] Processed 646818 reads in 824.606 CPU sec, 105.833 real sec
[M::process] 0 single-end sequences; 646788 paired-end sequences
[M::process] read 646650 sequences (80000014 bp)...
[M::mem_pestat] # candidate unique pairs for (FF, FR, RF, RR): (0, 242715, 6, 0)
[M::mem_pestat] skip orientation FF as there are not enough pairs
[M::mem_pestat] analyzing insert size distribution for orientation FR...
[M::mem_pestat] (25, 50, 75) percentile: (160, 181, 207)
[M::mem_pestat] low and high boundaries for computing mean and std.dev: (66, 301)
[M::mem_pestat] mean and std.dev: (184.84, 33.42)
[M::mem_pestat] low and high boundaries for proper pairs: (19, 348)
[M::mem_pestat] skip orientation RF as there are not enough pairs
[M::mem_pestat] skip orientation RR as there are not enough pairs
[M::mem_process_seqs] Processed 646788 reads in 820.872 CPU sec, 105.376 real sec
[M::process] 0 single-end sequences; 646650 paired-end sequences
[M::process] read 646292 sequences (80000046 bp)...
[M::mem_pestat] # candidate unique pairs for (FF, FR, RF, RR): (0, 242725, 5, 0)
[M::mem_pestat] skip orientation FF as there are not enough pairs
[M::mem_pestat] analyzing insert size distribution for orientation FR...
[M::mem_pestat] (25, 50, 75) percentile: (160, 181, 207)
[M::mem_pestat] low and high boundaries for computing mean and std.dev: (66, 301)
[M::mem_pestat] mean and std.dev: (184.84, 33.37)
[M::mem_pestat] low and high boundaries for proper pairs: (19, 348)
[M::mem_pestat] skip orientation RF as there are not enough pairs
[M::mem_pestat] skip orientation RR as there are not enough pairs
[M::mem_process_seqs] Processed 646650 reads in 827.528 CPU sec, 106.208 real sec
[M::process] 0 single-end sequences; 646292 paired-end sequences
[M::process] read 646086 sequences (80000149 bp)...
[M::mem_pestat] # candidate unique pairs for (FF, FR, RF, RR): (0, 242464, 4, 0)
[M::mem_pestat] skip orientation FF as there are not enough pairs
[M::mem_pestat] analyzing insert size distribution for orientation FR...
[M::mem_pestat] (25, 50, 75) percentile: (160, 181, 207)
[M::mem_pestat] low and high boundaries for computing mean and std.dev: (66, 301)
[M::mem_pestat] mean and std.dev: (184.81, 33.42)
[M::mem_pestat] low and high boundaries for proper pairs: (19, 348)
[M::mem_pestat] skip orientation RF as there are not enough pairs
[M::mem_pestat] skip orientation RR as there are not enough pairs
[M::mem_process_seqs] Processed 646292 reads in 829.483 CPU sec, 106.449 real sec
[M::process] 0 single-end sequences; 646086 paired-end sequences
[M::process] read 646048 sequences (80000065 bp)...
[M::mem_pestat] # candidate unique pairs for (FF, FR, RF, RR): (0, 242299, 3, 0)
[M::mem_pestat] skip orientation FF as there are not enough pairs
[M::mem_pestat] analyzing insert size distribution for orientation FR...
[M::mem_pestat] (25, 50, 75) percentile: (159, 181, 207)
[M::mem_pestat] low and high boundaries for computing mean and std.dev: (63, 303)
[M::mem_pestat] mean and std.dev: (184.61, 33.50)
[M::mem_pestat] low and high boundaries for proper pairs: (15, 351)
[M::mem_pestat] skip orientation RF as there are not enough pairs
[M::mem_pestat] skip orientation RR as there are not enough pairs
[M::mem_process_seqs] Processed 646086 reads in 835.609 CPU sec, 107.224 real sec
[M::process] 0 single-end sequences; 646048 paired-end sequences
[M::process] read 645866 sequences (80000019 bp)...
[M::mem_pestat] # candidate unique pairs for (FF, FR, RF, RR): (0, 241416, 5, 0)
[M::mem_pestat] skip orientation FF as there are not enough pairs
[M::mem_pestat] analyzing insert size distribution for orientation FR...
[M::mem_pestat] (25, 50, 75) percentile: (159, 181, 207)
[M::mem_pestat] low and high boundaries for computing mean and std.dev: (63, 303)
[M::mem_pestat] mean and std.dev: (184.59, 33.40)
[M::mem_pestat] low and high boundaries for proper pairs: (15, 351)
[M::mem_pestat] skip orientation RF as there are not enough pairs
[M::mem_pestat] skip orientation RR as there are not enough pairs
[M::mem_process_seqs] Processed 646048 reads in 845.778 CPU sec, 108.490 real sec
[M::process] 0 single-end sequences; 645866 paired-end sequences
[M::process] read 645586 sequences (80000187 bp)...
[M::mem_pestat] # candidate unique pairs for (FF, FR, RF, RR): (0, 241283, 3, 0)
[M::mem_pestat] skip orientation FF as there are not enough pairs
[M::mem_pestat] analyzing insert size distribution for orientation FR...
[M::mem_pestat] (25, 50, 75) percentile: (160, 181, 207)
[M::mem_pestat] low and high boundaries for computing mean and std.dev: (66, 301)
[M::mem_pestat] mean and std.dev: (184.54, 33.38)
[M::mem_pestat] low and high boundaries for proper pairs: (19, 348)
[M::mem_pestat] skip orientation RF as there are not enough pairs
[M::mem_pestat] skip orientation RR as there are not enough pairs
[M::mem_process_seqs] Processed 645866 reads in 836.447 CPU sec, 107.332 real sec
[M::process] 0 single-end sequences; 645586 paired-end sequences
[M::process] read 645374 sequences (80000248 bp)...
[M::mem_pestat] # candidate unique pairs for (FF, FR, RF, RR): (0, 241522, 5, 0)
[M::mem_pestat] skip orientation FF as there are not enough pairs
[M::mem_pestat] analyzing insert size distribution for orientation FR...
[M::mem_pestat] (25, 50, 75) percentile: (159, 181, 206)
[M::mem_pestat] low and high boundaries for computing mean and std.dev: (65, 300)
[M::mem_pestat] mean and std.dev: (184.54, 33.37)
[M::mem_pestat] low and high boundaries for proper pairs: (18, 347)
[M::mem_pestat] skip orientation RF as there are not enough pairs
[M::mem_pestat] skip orientation RR as there are not enough pairs
[M::mem_process_seqs] Processed 645586 reads in 826.559 CPU sec, 106.088 real sec
[M::process] 0 single-end sequences; 645374 paired-end sequences
[M::process] read 647728 sequences (80000008 bp)...
[M::mem_pestat] # candidate unique pairs for (FF, FR, RF, RR): (0, 241836, 7, 0)
[M::mem_pestat] skip orientation FF as there are not enough pairs
[M::mem_pestat] analyzing insert size distribution for orientation FR...
[M::mem_pestat] (25, 50, 75) percentile: (159, 181, 206)
[M::mem_pestat] low and high boundaries for computing mean and std.dev: (65, 300)
[M::mem_pestat] mean and std.dev: (184.49, 33.40)
[M::mem_pestat] low and high boundaries for proper pairs: (18, 347)
[M::mem_pestat] skip orientation RF as there are not enough pairs
[M::mem_pestat] skip orientation RR as there are not enough pairs
[M::mem_process_seqs] Processed 645374 reads in 811.713 CPU sec, 104.203 real sec
[M::process] 0 single-end sequences; 647728 paired-end sequences
[M::process] read 646886 sequences (80000107 bp)...
[M::mem_pestat] # candidate unique pairs for (FF, FR, RF, RR): (0, 242861, 3, 0)
[M::mem_pestat] skip orientation FF as there are not enough pairs
[M::mem_pestat] analyzing insert size distribution for orientation FR...
[M::mem_pestat] (25, 50, 75) percentile: (160, 181, 207)
[M::mem_pestat] low and high boundaries for computing mean and std.dev: (66, 301)
[M::mem_pestat] mean and std.dev: (185.09, 33.52)
[M::mem_pestat] low and high boundaries for proper pairs: (19, 348)
[M::mem_pestat] skip orientation RF as there are not enough pairs
[M::mem_pestat] skip orientation RR as there are not enough pairs
[M::mem_process_seqs] Processed 647728 reads in 839.107 CPU sec, 107.677 real sec
[M::process] 0 single-end sequences; 646886 paired-end sequences
[M::process] read 646648 sequences (80000138 bp)...
[M::mem_pestat] # candidate unique pairs for (FF, FR, RF, RR): (0, 242718, 6, 0)
[M::mem_pestat] skip orientation FF as there are not enough pairs
[M::mem_pestat] analyzing insert size distribution for orientation FR...
[M::mem_pestat] (25, 50, 75) percentile: (160, 181, 207)
[M::mem_pestat] low and high boundaries for computing mean and std.dev: (66, 301)
[M::mem_pestat] mean and std.dev: (185.13, 33.47)
[M::mem_pestat] low and high boundaries for proper pairs: (19, 348)
[M::mem_pestat] skip orientation RF as there are not enough pairs
[M::mem_pestat] skip orientation RR as there are not enough pairs
[M::mem_process_seqs] Processed 646886 reads in 833.007 CPU sec, 107.623 real sec
[M::process] 0 single-end sequences; 646648 paired-end sequences
[M::process] read 646456 sequences (80000134 bp)...
[M::mem_pestat] # candidate unique pairs for (FF, FR, RF, RR): (0, 243238, 5, 0)
[M::mem_pestat] skip orientation FF as there are not enough pairs
[M::mem_pestat] analyzing insert size distribution for orientation FR...
[M::mem_pestat] (25, 50, 75) percentile: (160, 181, 207)
[M::mem_pestat] low and high boundaries for computing mean and std.dev: (66, 301)
[M::mem_pestat] mean and std.dev: (185.12, 33.52)
[M::mem_pestat] low and high boundaries for proper pairs: (19, 348)
[M::mem_pestat] skip orientation RF as there are not enough pairs
[M::mem_pestat] skip orientation RR as there are not enough pairs
[M::mem_process_seqs] Processed 646648 reads in 825.385 CPU sec, 105.942 real sec
[M::process] 0 single-end sequences; 646456 paired-end sequences
[M::process] read 646420 sequences (80000223 bp)...
[M::mem_pestat] # candidate unique pairs for (FF, FR, RF, RR): (1, 243144, 1, 0)
[M::mem_pestat] skip orientation FF as there are not enough pairs
[M::mem_pestat] analyzing insert size distribution for orientation FR...
[M::mem_pestat] (25, 50, 75) percentile: (160, 181, 207)
[M::mem_pestat] low and high boundaries for computing mean and std.dev: (66, 301)
[M::mem_pestat] mean and std.dev: (185.14, 33.52)
[M::mem_pestat] low and high boundaries for proper pairs: (19, 348)
[M::mem_pestat] skip orientation RF as there are not enough pairs
[M::mem_pestat] skip orientation RR as there are not enough pairs
[M::mem_process_seqs] Processed 646456 reads in 815.123 CPU sec, 104.660 real sec
[M::process] 0 single-end sequences; 646420 paired-end sequences
[M::process] read 646268 sequences (80000120 bp)...
[M::mem_pestat] # candidate unique pairs for (FF, FR, RF, RR): (0, 243165, 9, 0)
[M::mem_pestat] skip orientation FF as there are not enough pairs
[M::mem_pestat] analyzing insert size distribution for orientation FR...
[M::mem_pestat] (25, 50, 75) percentile: (160, 181, 207)
[M::mem_pestat] low and high boundaries for computing mean and std.dev: (66, 301)
[M::mem_pestat] mean and std.dev: (185.03, 33.40)
[M::mem_pestat] low and high boundaries for proper pairs: (19, 348)
[M::mem_pestat] skip orientation RF as there are not enough pairs
[M::mem_pestat] skip orientation RR as there are not enough pairs
[M::mem_process_seqs] Processed 646420 reads in 810.526 CPU sec, 104.083 real sec
[M::process] 0 single-end sequences; 646268 paired-end sequences
[M::process] read 646156 sequences (80000221 bp)...
[M::mem_pestat] # candidate unique pairs for (FF, FR, RF, RR): (0, 243213, 1, 0)
[M::mem_pestat] skip orientation FF as there are not enough pairs
[M::mem_pestat] analyzing insert size distribution for orientation FR...
[M::mem_pestat] (25, 50, 75) percentile: (160, 181, 207)
[M::mem_pestat] low and high boundaries for computing mean and std.dev: (66, 301)
[M::mem_pestat] mean and std.dev: (185.02, 33.48)
[M::mem_pestat] low and high boundaries for proper pairs: (19, 348)
[M::mem_pestat] skip orientation RF as there are not enough pairs
[M::mem_pestat] skip orientation RR as there are not enough pairs
[M::mem_process_seqs] Processed 646268 reads in 812.589 CPU sec, 104.339 real sec
[M::process] 0 single-end sequences; 646156 paired-end sequences
[M::process] read 646382 sequences (80000201 bp)...
[M::mem_pestat] # candidate unique pairs for (FF, FR, RF, RR): (0, 242707, 4, 0)
[M::mem_pestat] skip orientation FF as there are not enough pairs
[M::mem_pestat] analyzing insert size distribution for orientation FR...
[M::mem_pestat] (25, 50, 75) percentile: (160, 181, 207)
[M::mem_pestat] low and high boundaries for computing mean and std.dev: (66, 301)
[M::mem_pestat] mean and std.dev: (184.93, 33.50)
[M::mem_pestat] low and high boundaries for proper pairs: (19, 348)
[M::mem_pestat] skip orientation RF as there are not enough pairs
[M::mem_pestat] skip orientation RR as there are not enough pairs
[M::mem_process_seqs] Processed 646156 reads in 813.645 CPU sec, 104.470 real sec
[M::process] 0 single-end sequences; 646382 paired-end sequences
[M::process] read 646314 sequences (80000215 bp)...
[M::mem_pestat] # candidate unique pairs for (FF, FR, RF, RR): (0, 243013, 3, 0)
[M::mem_pestat] skip orientation FF as there are not enough pairs
[M::mem_pestat] analyzing insert size distribution for orientation FR...
[M::mem_pestat] (25, 50, 75) percentile: (160, 181, 207)
[M::mem_pestat] low and high boundaries for computing mean and std.dev: (66, 301)
[M::mem_pestat] mean and std.dev: (184.87, 33.46)
[M::mem_pestat] low and high boundaries for proper pairs: (19, 348)
[M::mem_pestat] skip orientation RF as there are not enough pairs
[M::mem_pestat] skip orientation RR as there are not enough pairs
[M::mem_process_seqs] Processed 646382 reads in 813.409 CPU sec, 104.413 real sec
[M::process] 0 single-end sequences; 646314 paired-end sequences
[M::process] read 646020 sequences (80000223 bp)...
[M::mem_pestat] # candidate unique pairs for (FF, FR, RF, RR): (0, 243012, 0, 0)
[M::mem_pestat] skip orientation FF as there are not enough pairs
[M::mem_pestat] analyzing insert size distribution for orientation FR...
[M::mem_pestat] (25, 50, 75) percentile: (160, 181, 207)
[M::mem_pestat] low and high boundaries for computing mean and std.dev: (66, 301)
[M::mem_pestat] mean and std.dev: (184.92, 33.48)
[M::mem_pestat] low and high boundaries for proper pairs: (19, 348)
[M::mem_pestat] skip orientation RF as there are not enough pairs
[M::mem_pestat] skip orientation RR as there are not enough pairs
[M::mem_process_seqs] Processed 646314 reads in 810.835 CPU sec, 104.142 real sec
[M::process] 0 single-end sequences; 646020 paired-end sequences
[M::process] read 645984 sequences (80000085 bp)...
[M::mem_pestat] # candidate unique pairs for (FF, FR, RF, RR): (0, 242741, 9, 0)
[M::mem_pestat] skip orientation FF as there are not enough pairs
[M::mem_pestat] analyzing insert size distribution for orientation FR...
[M::mem_pestat] (25, 50, 75) percentile: (160, 181, 207)
[M::mem_pestat] low and high boundaries for computing mean and std.dev: (66, 301)
[M::mem_pestat] mean and std.dev: (184.88, 33.38)
[M::mem_pestat] low and high boundaries for proper pairs: (19, 348)
[M::mem_pestat] skip orientation RF as there are not enough pairs
[M::mem_pestat] skip orientation RR as there are not enough pairs
[M::mem_process_seqs] Processed 646020 reads in 814.246 CPU sec, 104.578 real sec
[M::process] 0 single-end sequences; 645984 paired-end sequences
[M::process] read 645874 sequences (80000015 bp)...
[M::mem_pestat] # candidate unique pairs for (FF, FR, RF, RR): (0, 242722, 4, 0)
[M::mem_pestat] skip orientation FF as there are not enough pairs
[M::mem_pestat] analyzing insert size distribution for orientation FR...
[M::mem_pestat] (25, 50, 75) percentile: (160, 181, 207)
[M::mem_pestat] low and high boundaries for computing mean and std.dev: (66, 301)
[M::mem_pestat] mean and std.dev: (184.67, 33.41)
[M::mem_pestat] low and high boundaries for proper pairs: (19, 348)
[M::mem_pestat] skip orientation RF as there are not enough pairs
[M::mem_pestat] skip orientation RR as there are not enough pairs
[M::mem_process_seqs] Processed 645984 reads in 817.191 CPU sec, 104.900 real sec
[M::process] 0 single-end sequences; 645874 paired-end sequences
[M::process] read 645790 sequences (80000215 bp)...
[M::mem_pestat] # candidate unique pairs for (FF, FR, RF, RR): (0, 242754, 3, 0)
[M::mem_pestat] skip orientation FF as there are not enough pairs
[M::mem_pestat] analyzing insert size distribution for orientation FR...
[M::mem_pestat] (25, 50, 75) percentile: (159, 181, 207)
[M::mem_pestat] low and high boundaries for computing mean and std.dev: (63, 303)
[M::mem_pestat] mean and std.dev: (184.59, 33.45)
[M::mem_pestat] low and high boundaries for proper pairs: (15, 351)
[M::mem_pestat] skip orientation RF as there are not enough pairs
[M::mem_pestat] skip orientation RR as there are not enough pairs
[M::mem_process_seqs] Processed 645874 reads in 823.013 CPU sec, 105.637 real sec
[M::process] 0 single-end sequences; 645790 paired-end sequences
[M::process] read 645810 sequences (80000137 bp)...
[M::mem_pestat] # candidate unique pairs for (FF, FR, RF, RR): (0, 242509, 4, 0)
[M::mem_pestat] skip orientation FF as there are not enough pairs
[M::mem_pestat] analyzing insert size distribution for orientation FR...
[M::mem_pestat] (25, 50, 75) percentile: (159, 181, 207)
[M::mem_pestat] low and high boundaries for computing mean and std.dev: (63, 303)
[M::mem_pestat] mean and std.dev: (184.60, 33.41)
[M::mem_pestat] low and high boundaries for proper pairs: (15, 351)
[M::mem_pestat] skip orientation RF as there are not enough pairs
[M::mem_pestat] skip orientation RR as there are not enough pairs
[M::mem_process_seqs] Processed 645790 reads in 818.799 CPU sec, 105.114 real sec
[M::process] 0 single-end sequences; 645810 paired-end sequences
[M::process] read 645606 sequences (80000232 bp)...
[M::mem_pestat] # candidate unique pairs for (FF, FR, RF, RR): (0, 242133, 11, 0)
[M::mem_pestat] skip orientation FF as there are not enough pairs
[M::mem_pestat] analyzing insert size distribution for orientation FR...
[M::mem_pestat] (25, 50, 75) percentile: (159, 181, 207)
[M::mem_pestat] low and high boundaries for computing mean and std.dev: (63, 303)
[M::mem_pestat] mean and std.dev: (184.60, 33.44)
[M::mem_pestat] low and high boundaries for proper pairs: (15, 351)
[M::mem_pestat] analyzing insert size distribution for orientation RF...
[M::mem_pestat] (25, 50, 75) percentile: (174, 180, 470)
[M::mem_pestat] low and high boundaries for computing mean and std.dev: (1, 1062)
[M::mem_pestat] mean and std.dev: (209.78, 92.33)
[M::mem_pestat] low and high boundaries for proper pairs: (1, 1358)
[M::mem_pestat] skip orientation RR as there are not enough pairs
[M::mem_pestat] skip orientation RF
[M::mem_process_seqs] Processed 645810 reads in 826.008 CPU sec, 106.008 real sec
[M::process] 0 single-end sequences; 645606 paired-end sequences
[M::process] read 645414 sequences (80000139 bp)...
[M::mem_pestat] # candidate unique pairs for (FF, FR, RF, RR): (0, 241900, 4, 0)
[M::mem_pestat] skip orientation FF as there are not enough pairs
[M::mem_pestat] analyzing insert size distribution for orientation FR...
[M::mem_pestat] (25, 50, 75) percentile: (159, 181, 206)
[M::mem_pestat] low and high boundaries for computing mean and std.dev: (65, 300)
[M::mem_pestat] mean and std.dev: (184.47, 33.39)
[M::mem_pestat] low and high boundaries for proper pairs: (18, 347)
[M::mem_pestat] skip orientation RF as there are not enough pairs
[M::mem_pestat] skip orientation RR as there are not enough pairs
[M::mem_process_seqs] Processed 645606 reads in 822.102 CPU sec, 105.518 real sec
[M::process] 0 single-end sequences; 645414 paired-end sequences
[M::process] read 645210 sequences (80000077 bp)...
[M::mem_pestat] # candidate unique pairs for (FF, FR, RF, RR): (0, 242106, 7, 0)
[M::mem_pestat] skip orientation FF as there are not enough pairs
[M::mem_pestat] analyzing insert size distribution for orientation FR...
[M::mem_pestat] (25, 50, 75) percentile: (159, 181, 206)
[M::mem_pestat] low and high boundaries for computing mean and std.dev: (65, 300)
[M::mem_pestat] mean and std.dev: (184.45, 33.43)
[M::mem_pestat] low and high boundaries for proper pairs: (18, 347)
[M::mem_pestat] skip orientation RF as there are not enough pairs
[M::mem_pestat] skip orientation RR as there are not enough pairs
[M::mem_process_seqs] Processed 645414 reads in 811.967 CPU sec, 104.241 real sec
[M::process] 0 single-end sequences; 645210 paired-end sequences
[M::process] read 647310 sequences (80000202 bp)...
[M::mem_pestat] # candidate unique pairs for (FF, FR, RF, RR): (0, 242247, 6, 0)
[M::mem_pestat] skip orientation FF as there are not enough pairs
[M::mem_pestat] analyzing insert size distribution for orientation FR...
[M::mem_pestat] (25, 50, 75) percentile: (159, 181, 206)
[M::mem_pestat] low and high boundaries for computing mean and std.dev: (65, 300)
[M::mem_pestat] mean and std.dev: (184.34, 33.30)
[M::mem_pestat] low and high boundaries for proper pairs: (18, 347)
[M::mem_pestat] skip orientation RF as there are not enough pairs
[M::mem_pestat] skip orientation RR as there are not enough pairs
[M::mem_process_seqs] Processed 645210 reads in 798.002 CPU sec, 102.534 real sec
[M::process] 0 single-end sequences; 647310 paired-end sequences
[M::process] read 647510 sequences (80000155 bp)...
[M::mem_pestat] # candidate unique pairs for (FF, FR, RF, RR): (0, 242681, 7, 0)
[M::mem_pestat] skip orientation FF as there are not enough pairs
[M::mem_pestat] analyzing insert size distribution for orientation FR...
[M::mem_pestat] (25, 50, 75) percentile: (160, 181, 207)
[M::mem_pestat] low and high boundaries for computing mean and std.dev: (66, 301)
[M::mem_pestat] mean and std.dev: (185.01, 33.40)
[M::mem_pestat] low and high boundaries for proper pairs: (19, 348)
[M::mem_pestat] skip orientation RF as there are not enough pairs
[M::mem_pestat] skip orientation RR as there are not enough pairs
[M::mem_process_seqs] Processed 647310 reads in 833.855 CPU sec, 106.973 real sec
[M::process] 0 single-end sequences; 647510 paired-end sequences
[M::process] read 646942 sequences (80000173 bp)...
[M::mem_pestat] # candidate unique pairs for (FF, FR, RF, RR): (0, 242654, 3, 0)
[M::mem_pestat] skip orientation FF as there are not enough pairs
[M::mem_pestat] analyzing insert size distribution for orientation FR...
[M::mem_pestat] (25, 50, 75) percentile: (160, 181, 207)
[M::mem_pestat] low and high boundaries for computing mean and std.dev: (66, 301)
[M::mem_pestat] mean and std.dev: (185.12, 33.48)
[M::mem_pestat] low and high boundaries for proper pairs: (19, 348)
[M::mem_pestat] skip orientation RF as there are not enough pairs
[M::mem_pestat] skip orientation RR as there are not enough pairs
[M::mem_process_seqs] Processed 647510 reads in 845.455 CPU sec, 108.453 real sec
[M::process] 0 single-end sequences; 646942 paired-end sequences
[M::process] read 646608 sequences (80000025 bp)...
[M::mem_pestat] # candidate unique pairs for (FF, FR, RF, RR): (0, 242625, 5, 0)
[M::mem_pestat] skip orientation FF as there are not enough pairs
[M::mem_pestat] analyzing insert size distribution for orientation FR...
[M::mem_pestat] (25, 50, 75) percentile: (160, 181, 207)
[M::mem_pestat] low and high boundaries for computing mean and std.dev: (66, 301)
[M::mem_pestat] mean and std.dev: (185.19, 33.46)
[M::mem_pestat] low and high boundaries for proper pairs: (19, 348)
[M::mem_pestat] skip orientation RF as there are not enough pairs
[M::mem_pestat] skip orientation RR as there are not enough pairs
[M::mem_process_seqs] Processed 646942 reads in 835.892 CPU sec, 107.265 real sec
[M::process] 0 single-end sequences; 646608 paired-end sequences
[M::process] read 646460 sequences (80000190 bp)...
[M::mem_pestat] # candidate unique pairs for (FF, FR, RF, RR): (0, 243000, 7, 0)
[M::mem_pestat] skip orientation FF as there are not enough pairs
[M::mem_pestat] analyzing insert size distribution for orientation FR...
[M::mem_pestat] (25, 50, 75) percentile: (160, 181, 207)
[M::mem_pestat] low and high boundaries for computing mean and std.dev: (66, 301)
[M::mem_pestat] mean and std.dev: (185.09, 33.53)
[M::mem_pestat] low and high boundaries for proper pairs: (19, 348)
[M::mem_pestat] skip orientation RF as there are not enough pairs
[M::mem_pestat] skip orientation RR as there are not enough pairs
[M::mem_process_seqs] Processed 646608 reads in 831.085 CPU sec, 106.662 real sec
[M::process] 0 single-end sequences; 646460 paired-end sequences
[M::process] read 646362 sequences (80000095 bp)...
[M::mem_pestat] # candidate unique pairs for (FF, FR, RF, RR): (0, 242403, 6, 0)
[M::mem_pestat] skip orientation FF as there are not enough pairs
[M::mem_pestat] analyzing insert size distribution for orientation FR...
[M::mem_pestat] (25, 50, 75) percentile: (160, 181, 207)
[M::mem_pestat] low and high boundaries for computing mean and std.dev: (66, 301)
[M::mem_pestat] mean and std.dev: (184.97, 33.43)
[M::mem_pestat] low and high boundaries for proper pairs: (19, 348)
[M::mem_pestat] skip orientation RF as there are not enough pairs
[M::mem_pestat] skip orientation RR as there are not enough pairs
[M::mem_process_seqs] Processed 646460 reads in 826.026 CPU sec, 105.992 real sec
[M::process] 0 single-end sequences; 646362 paired-end sequences
[M::process] read 646222 sequences (80000226 bp)...
[M::mem_pestat] # candidate unique pairs for (FF, FR, RF, RR): (0, 243529, 5, 0)
[M::mem_pestat] skip orientation FF as there are not enough pairs
[M::mem_pestat] analyzing insert size distribution for orientation FR...
[M::mem_pestat] (25, 50, 75) percentile: (160, 181, 207)
[M::mem_pestat] low and high boundaries for computing mean and std.dev: (66, 301)
[M::mem_pestat] mean and std.dev: (185.01, 33.46)
[M::mem_pestat] low and high boundaries for proper pairs: (19, 348)
[M::mem_pestat] skip orientation RF as there are not enough pairs
[M::mem_pestat] skip orientation RR as there are not enough pairs
[M::mem_process_seqs] Processed 646362 reads in 819.666 CPU sec, 105.204 real sec
[M::process] 0 single-end sequences; 646222 paired-end sequences
[M::process] read 646102 sequences (80000180 bp)...
[M::mem_pestat] # candidate unique pairs for (FF, FR, RF, RR): (0, 243138, 7, 0)
[M::mem_pestat] skip orientation FF as there are not enough pairs
[M::mem_pestat] analyzing insert size distribution for orientation FR...
[M::mem_pestat] (25, 50, 75) percentile: (160, 181, 207)
[M::mem_pestat] low and high boundaries for computing mean and std.dev: (66, 301)
[M::mem_pestat] mean and std.dev: (185.03, 33.50)
[M::mem_pestat] low and high boundaries for proper pairs: (19, 348)
[M::mem_pestat] skip orientation RF as there are not enough pairs
[M::mem_pestat] skip orientation RR as there are not enough pairs
[M::mem_process_seqs] Processed 646222 reads in 821.881 CPU sec, 105.513 real sec
[M::process] 0 single-end sequences; 646102 paired-end sequences
[M::process] read 646200 sequences (80000017 bp)...
[M::mem_pestat] # candidate unique pairs for (FF, FR, RF, RR): (0, 243065, 5, 0)
[M::mem_pestat] skip orientation FF as there are not enough pairs
[M::mem_pestat] analyzing insert size distribution for orientation FR...
[M::mem_pestat] (25, 50, 75) percentile: (160, 181, 207)
[M::mem_pestat] low and high boundaries for computing mean and std.dev: (66, 301)
[M::mem_pestat] mean and std.dev: (184.93, 33.38)
[M::mem_pestat] low and high boundaries for proper pairs: (19, 348)
[M::mem_pestat] skip orientation RF as there are not enough pairs
[M::mem_pestat] skip orientation RR as there are not enough pairs
[M::mem_process_seqs] Processed 646102 reads in 816.299 CPU sec, 105.577 real sec
[M::process] 0 single-end sequences; 646200 paired-end sequences
[M::process] read 646088 sequences (80000086 bp)...
[M::mem_pestat] # candidate unique pairs for (FF, FR, RF, RR): (0, 243050, 3, 0)
[M::mem_pestat] skip orientation FF as there are not enough pairs
[M::mem_pestat] analyzing insert size distribution for orientation FR...
[M::mem_pestat] (25, 50, 75) percentile: (160, 181, 207)
[M::mem_pestat] low and high boundaries for computing mean and std.dev: (66, 301)
[M::mem_pestat] mean and std.dev: (185.01, 33.40)
[M::mem_pestat] low and high boundaries for proper pairs: (19, 348)
[M::mem_pestat] skip orientation RF as there are not enough pairs
[M::mem_pestat] skip orientation RR as there are not enough pairs
[M::mem_process_seqs] Processed 646200 reads in 817.224 CPU sec, 106.935 real sec
[M::process] 0 single-end sequences; 646088 paired-end sequences
[M::process] read 646054 sequences (80000003 bp)...
[M::mem_pestat] # candidate unique pairs for (FF, FR, RF, RR): (0, 242606, 8, 0)
[M::mem_pestat] skip orientation FF as there are not enough pairs
[M::mem_pestat] analyzing insert size distribution for orientation FR...
[M::mem_pestat] (25, 50, 75) percentile: (160, 181, 207)
[M::mem_pestat] low and high boundaries for computing mean and std.dev: (66, 301)
[M::mem_pestat] mean and std.dev: (184.69, 33.46)
[M::mem_pestat] low and high boundaries for proper pairs: (19, 348)
[M::mem_pestat] skip orientation RF as there are not enough pairs
[M::mem_pestat] skip orientation RR as there are not enough pairs
[M::mem_process_seqs] Processed 646088 reads in 824.712 CPU sec, 105.863 real sec
[M::process] 0 single-end sequences; 646054 paired-end sequences
[M::process] read 645988 sequences (80000127 bp)...
[M::mem_pestat] # candidate unique pairs for (FF, FR, RF, RR): (0, 242429, 6, 0)
[M::mem_pestat] skip orientation FF as there are not enough pairs
[M::mem_pestat] analyzing insert size distribution for orientation FR...
[M::mem_pestat] (25, 50, 75) percentile: (160, 181, 207)
[M::mem_pestat] low and high boundaries for computing mean and std.dev: (66, 301)
[M::mem_pestat] mean and std.dev: (184.75, 33.47)
[M::mem_pestat] low and high boundaries for proper pairs: (19, 348)
[M::mem_pestat] skip orientation RF as there are not enough pairs
[M::mem_pestat] skip orientation RR as there are not enough pairs
[M::mem_process_seqs] Processed 646054 reads in 825.223 CPU sec, 105.929 real sec
[M::process] 0 single-end sequences; 645988 paired-end sequences
[M::process] read 645812 sequences (80000141 bp)...
[M::mem_pestat] # candidate unique pairs for (FF, FR, RF, RR): (0, 242482, 7, 0)
[M::mem_pestat] skip orientation FF as there are not enough pairs
[M::mem_pestat] analyzing insert size distribution for orientation FR...
[M::mem_pestat] (25, 50, 75) percentile: (160, 181, 206)
[M::mem_pestat] low and high boundaries for computing mean and std.dev: (68, 298)
[M::mem_pestat] mean and std.dev: (184.58, 33.37)
[M::mem_pestat] low and high boundaries for proper pairs: (22, 344)
[M::mem_pestat] skip orientation RF as there are not enough pairs
[M::mem_pestat] skip orientation RR as there are not enough pairs
[M::mem_process_seqs] Processed 645988 reads in 827.105 CPU sec, 106.144 real sec
[M::process] 0 single-end sequences; 645812 paired-end sequences
[M::process] read 645870 sequences (80000154 bp)...
[M::mem_pestat] # candidate unique pairs for (FF, FR, RF, RR): (0, 242692, 4, 0)
[M::mem_pestat] skip orientation FF as there are not enough pairs
[M::mem_pestat] analyzing insert size distribution for orientation FR...
[M::mem_pestat] (25, 50, 75) percentile: (160, 181, 207)
[M::mem_pestat] low and high boundaries for computing mean and std.dev: (66, 301)
[M::mem_pestat] mean and std.dev: (184.64, 33.38)
[M::mem_pestat] low and high boundaries for proper pairs: (19, 348)
[M::mem_pestat] skip orientation RF as there are not enough pairs
[M::mem_pestat] skip orientation RR as there are not enough pairs
[M::mem_process_seqs] Processed 645812 reads in 823.604 CPU sec, 105.699 real sec
[M::process] 0 single-end sequences; 645870 paired-end sequences
[M::process] read 645720 sequences (80000212 bp)...
[M::mem_pestat] # candidate unique pairs for (FF, FR, RF, RR): (0, 241861, 5, 0)
[M::mem_pestat] skip orientation FF as there are not enough pairs
[M::mem_pestat] analyzing insert size distribution for orientation FR...
[M::mem_pestat] (25, 50, 75) percentile: (160, 181, 207)
[M::mem_pestat] low and high boundaries for computing mean and std.dev: (66, 301)
[M::mem_pestat] mean and std.dev: (184.63, 33.31)
[M::mem_pestat] low and high boundaries for proper pairs: (19, 348)
[M::mem_pestat] skip orientation RF as there are not enough pairs
[M::mem_pestat] skip orientation RR as there are not enough pairs
[M::mem_process_seqs] Processed 645870 reads in 834.058 CPU sec, 106.989 real sec
[M::process] 0 single-end sequences; 645720 paired-end sequences
[M::process] read 645470 sequences (80000123 bp)...
[M::mem_pestat] # candidate unique pairs for (FF, FR, RF, RR): (0, 241575, 6, 0)
[M::mem_pestat] skip orientation FF as there are not enough pairs
[M::mem_pestat] analyzing insert size distribution for orientation FR...
[M::mem_pestat] (25, 50, 75) percentile: (159, 181, 206)
[M::mem_pestat] low and high boundaries for computing mean and std.dev: (65, 300)
[M::mem_pestat] mean and std.dev: (184.51, 33.32)
[M::mem_pestat] low and high boundaries for proper pairs: (18, 347)
[M::mem_pestat] skip orientation RF as there are not enough pairs
[M::mem_pestat] skip orientation RR as there are not enough pairs
[M::mem_process_seqs] Processed 645720 reads in 830.831 CPU sec, 106.619 real sec
[M::process] 0 single-end sequences; 645470 paired-end sequences
[M::process] read 645242 sequences (80000120 bp)...
[M::mem_pestat] # candidate unique pairs for (FF, FR, RF, RR): (0, 241252, 10, 0)
[M::mem_pestat] skip orientation FF as there are not enough pairs
[M::mem_pestat] analyzing insert size distribution for orientation FR...
[M::mem_pestat] (25, 50, 75) percentile: (159, 181, 206)
[M::mem_pestat] low and high boundaries for computing mean and std.dev: (65, 300)
[M::mem_pestat] mean and std.dev: (184.42, 33.35)
[M::mem_pestat] low and high boundaries for proper pairs: (18, 347)
[M::mem_pestat] analyzing insert size distribution for orientation RF...
[M::mem_pestat] (25, 50, 75) percentile: (164, 174, 180)
[M::mem_pestat] low and high boundaries for computing mean and std.dev: (132, 212)
[M::mem_pestat] mean and std.dev: (173.56, 9.89)
[M::mem_pestat] low and high boundaries for proper pairs: (116, 228)
[M::mem_pestat] skip orientation RR as there are not enough pairs
[M::mem_pestat] skip orientation RF
[M::mem_process_seqs] Processed 645470 reads in 829.394 CPU sec, 106.436 real sec
[M::process] 0 single-end sequences; 645242 paired-end sequences
[M::process] read 646920 sequences (80000041 bp)...
[M::mem_pestat] # candidate unique pairs for (FF, FR, RF, RR): (0, 241630, 3, 0)
[M::mem_pestat] skip orientation FF as there are not enough pairs
[M::mem_pestat] analyzing insert size distribution for orientation FR...
[M::mem_pestat] (25, 50, 75) percentile: (159, 181, 207)
[M::mem_pestat] low and high boundaries for computing mean and std.dev: (63, 303)
[M::mem_pestat] mean and std.dev: (184.55, 33.34)
[M::mem_pestat] low and high boundaries for proper pairs: (15, 351)
[M::mem_pestat] skip orientation RF as there are not enough pairs
[M::mem_pestat] skip orientation RR as there are not enough pairs
[M::mem_process_seqs] Processed 645242 reads in 812.093 CPU sec, 104.261 real sec
[M::process] 0 single-end sequences; 646920 paired-end sequences
[M::process] read 648962 sequences (80000005 bp)...
[M::mem_pestat] # candidate unique pairs for (FF, FR, RF, RR): (0, 242371, 3, 0)
[M::mem_pestat] skip orientation FF as there are not enough pairs
[M::mem_pestat] analyzing insert size distribution for orientation FR...
[M::mem_pestat] (25, 50, 75) percentile: (160, 181, 207)
[M::mem_pestat] low and high boundaries for computing mean and std.dev: (66, 301)
[M::mem_pestat] mean and std.dev: (184.66, 33.35)
[M::mem_pestat] low and high boundaries for proper pairs: (19, 348)
[M::mem_pestat] skip orientation RF as there are not enough pairs
[M::mem_pestat] skip orientation RR as there are not enough pairs
[M::mem_process_seqs] Processed 646920 reads in 825.128 CPU sec, 105.881 real sec
[M::process] 0 single-end sequences; 648962 paired-end sequences
[M::process] read 648504 sequences (80000003 bp)...
[M::mem_pestat] # candidate unique pairs for (FF, FR, RF, RR): (0, 242964, 6, 0)
[M::mem_pestat] skip orientation FF as there are not enough pairs
[M::mem_pestat] analyzing insert size distribution for orientation FR...
[M::mem_pestat] (25, 50, 75) percentile: (160, 182, 208)
[M::mem_pestat] low and high boundaries for computing mean and std.dev: (64, 304)
[M::mem_pestat] mean and std.dev: (185.30, 33.54)
[M::mem_pestat] low and high boundaries for proper pairs: (16, 352)
[M::mem_pestat] skip orientation RF as there are not enough pairs
[M::mem_pestat] skip orientation RR as there are not enough pairs
[M::mem_process_seqs] Processed 648962 reads in 847.311 CPU sec, 108.716 real sec
[M::process] 0 single-end sequences; 648504 paired-end sequences
[M::process] read 647920 sequences (80000164 bp)...
[M::mem_pestat] # candidate unique pairs for (FF, FR, RF, RR): (0, 242859, 4, 0)
[M::mem_pestat] skip orientation FF as there are not enough pairs
[M::mem_pestat] analyzing insert size distribution for orientation FR...
[M::mem_pestat] (25, 50, 75) percentile: (160, 182, 207)
[M::mem_pestat] low and high boundaries for computing mean and std.dev: (66, 301)
[M::mem_pestat] mean and std.dev: (185.24, 33.42)
[M::mem_pestat] low and high boundaries for proper pairs: (19, 348)
[M::mem_pestat] skip orientation RF as there are not enough pairs
[M::mem_pestat] skip orientation RR as there are not enough pairs
[M::mem_process_seqs] Processed 648504 reads in 838.420 CPU sec, 107.561 real sec
[M::process] 0 single-end sequences; 647920 paired-end sequences
[M::process] read 647734 sequences (80000214 bp)...
[M::mem_pestat] # candidate unique pairs for (FF, FR, RF, RR): (0, 242597, 8, 0)
[M::mem_pestat] skip orientation FF as there are not enough pairs
[M::mem_pestat] analyzing insert size distribution for orientation FR...
[M::mem_pestat] (25, 50, 75) percentile: (160, 181, 207)
[M::mem_pestat] low and high boundaries for computing mean and std.dev: (66, 301)
[M::mem_pestat] mean and std.dev: (185.06, 33.50)
[M::mem_pestat] low and high boundaries for proper pairs: (19, 348)
[M::mem_pestat] skip orientation RF as there are not enough pairs
[M::mem_pestat] skip orientation RR as there are not enough pairs
[M::mem_process_seqs] Processed 647920 reads in 828.194 CPU sec, 106.312 real sec
[M::process] 0 single-end sequences; 647734 paired-end sequences
[M::process] read 647472 sequences (80000003 bp)...
[M::mem_pestat] # candidate unique pairs for (FF, FR, RF, RR): (0, 242943, 3, 0)
[M::mem_pestat] skip orientation FF as there are not enough pairs
[M::mem_pestat] analyzing insert size distribution for orientation FR...
[M::mem_pestat] (25, 50, 75) percentile: (160, 181, 207)
[M::mem_pestat] low and high boundaries for computing mean and std.dev: (66, 301)
[M::mem_pestat] mean and std.dev: (185.10, 33.46)
[M::mem_pestat] low and high boundaries for proper pairs: (19, 348)
[M::mem_pestat] skip orientation RF as there are not enough pairs
[M::mem_pestat] skip orientation RR as there are not enough pairs
[M::mem_process_seqs] Processed 647734 reads in 823.646 CPU sec, 105.739 real sec
[M::process] 0 single-end sequences; 647472 paired-end sequences
[M::process] read 647022 sequences (80000094 bp)...
[M::mem_pestat] # candidate unique pairs for (FF, FR, RF, RR): (0, 243316, 5, 0)
[M::mem_pestat] skip orientation FF as there are not enough pairs
[M::mem_pestat] analyzing insert size distribution for orientation FR...
[M::mem_pestat] (25, 50, 75) percentile: (160, 181, 207)
[M::mem_pestat] low and high boundaries for computing mean and std.dev: (66, 301)
[M::mem_pestat] mean and std.dev: (185.15, 33.48)
[M::mem_pestat] low and high boundaries for proper pairs: (19, 348)
[M::mem_pestat] skip orientation RF as there are not enough pairs
[M::mem_pestat] skip orientation RR as there are not enough pairs
[M::mem_process_seqs] Processed 647472 reads in 820.700 CPU sec, 105.370 real sec
[M::process] 0 single-end sequences; 647022 paired-end sequences
[M::process] read 647004 sequences (80000027 bp)...
[M::mem_pestat] # candidate unique pairs for (FF, FR, RF, RR): (0, 243127, 2, 0)
[M::mem_pestat] skip orientation FF as there are not enough pairs
[M::mem_pestat] analyzing insert size distribution for orientation FR...
[M::mem_pestat] (25, 50, 75) percentile: (160, 181, 207)
[M::mem_pestat] low and high boundaries for computing mean and std.dev: (66, 301)
[M::mem_pestat] mean and std.dev: (184.97, 33.46)
[M::mem_pestat] low and high boundaries for proper pairs: (19, 348)
[M::mem_pestat] skip orientation RF as there are not enough pairs
[M::mem_pestat] skip orientation RR as there are not enough pairs
[M::mem_process_seqs] Processed 647022 reads in 823.151 CPU sec, 105.649 real sec
[M::process] 0 single-end sequences; 647004 paired-end sequences
[M::process] read 647018 sequences (80000004 bp)...
[M::mem_pestat] # candidate unique pairs for (FF, FR, RF, RR): (0, 243213, 5, 0)
[M::mem_pestat] skip orientation FF as there are not enough pairs
[M::mem_pestat] analyzing insert size distribution for orientation FR...
[M::mem_pestat] (25, 50, 75) percentile: (160, 181, 207)
[M::mem_pestat] low and high boundaries for computing mean and std.dev: (66, 301)
[M::mem_pestat] mean and std.dev: (185.05, 33.47)
[M::mem_pestat] low and high boundaries for proper pairs: (19, 348)
[M::mem_pestat] skip orientation RF as there are not enough pairs
[M::mem_pestat] skip orientation RR as there are not enough pairs
[M::mem_process_seqs] Processed 647004 reads in 817.607 CPU sec, 104.969 real sec
[M::process] 0 single-end sequences; 647018 paired-end sequences
[M::process] read 646798 sequences (80000121 bp)...
[M::mem_pestat] # candidate unique pairs for (FF, FR, RF, RR): (0, 243504, 7, 0)
[M::mem_pestat] skip orientation FF as there are not enough pairs
[M::mem_pestat] analyzing insert size distribution for orientation FR...
[M::mem_pestat] (25, 50, 75) percentile: (160, 181, 207)
[M::mem_pestat] low and high boundaries for computing mean and std.dev: (66, 301)
[M::mem_pestat] mean and std.dev: (184.82, 33.53)
[M::mem_pestat] low and high boundaries for proper pairs: (19, 348)
[M::mem_pestat] skip orientation RF as there are not enough pairs
[M::mem_pestat] skip orientation RR as there are not enough pairs
[M::mem_process_seqs] Processed 647018 reads in 819.199 CPU sec, 105.158 real sec
[M::process] 0 single-end sequences; 646798 paired-end sequences
[M::process] read 646806 sequences (80000150 bp)...
[M::mem_pestat] # candidate unique pairs for (FF, FR, RF, RR): (0, 242804, 2, 0)
[M::mem_pestat] skip orientation FF as there are not enough pairs
[M::mem_pestat] analyzing insert size distribution for orientation FR...
[M::mem_pestat] (25, 50, 75) percentile: (160, 181, 207)
[M::mem_pestat] low and high boundaries for computing mean and std.dev: (66, 301)
[M::mem_pestat] mean and std.dev: (184.78, 33.45)
[M::mem_pestat] low and high boundaries for proper pairs: (19, 348)
[M::mem_pestat] skip orientation RF as there are not enough pairs
[M::mem_pestat] skip orientation RR as there are not enough pairs
[M::mem_process_seqs] Processed 646798 reads in 816.089 CPU sec, 104.783 real sec
[M::process] 0 single-end sequences; 646806 paired-end sequences
[M::process] read 646692 sequences (80000158 bp)...
[M::mem_pestat] # candidate unique pairs for (FF, FR, RF, RR): (0, 243391, 5, 0)
[M::mem_pestat] skip orientation FF as there are not enough pairs
[M::mem_pestat] analyzing insert size distribution for orientation FR...
[M::mem_pestat] (25, 50, 75) percentile: (160, 181, 207)
[M::mem_pestat] low and high boundaries for computing mean and std.dev: (66, 301)
[M::mem_pestat] mean and std.dev: (184.77, 33.47)
[M::mem_pestat] low and high boundaries for proper pairs: (19, 348)
[M::mem_pestat] skip orientation RF as there are not enough pairs
[M::mem_pestat] skip orientation RR as there are not enough pairs
[M::mem_process_seqs] Processed 646806 reads in 816.748 CPU sec, 104.856 real sec
[M::process] 0 single-end sequences; 646692 paired-end sequences
[M::process] read 646532 sequences (80000205 bp)...
[M::mem_pestat] # candidate unique pairs for (FF, FR, RF, RR): (0, 243310, 7, 0)
[M::mem_pestat] skip orientation FF as there are not enough pairs
[M::mem_pestat] analyzing insert size distribution for orientation FR...
[M::mem_pestat] (25, 50, 75) percentile: (160, 181, 207)
[M::mem_pestat] low and high boundaries for computing mean and std.dev: (66, 301)
[M::mem_pestat] mean and std.dev: (184.72, 33.37)
[M::mem_pestat] low and high boundaries for proper pairs: (19, 348)
[M::mem_pestat] skip orientation RF as there are not enough pairs
[M::mem_pestat] skip orientation RR as there are not enough pairs
[M::mem_process_seqs] Processed 646692 reads in 819.964 CPU sec, 105.257 real sec
[M::process] 0 single-end sequences; 646532 paired-end sequences
[M::process] read 646778 sequences (80000231 bp)...
[M::mem_pestat] # candidate unique pairs for (FF, FR, RF, RR): (0, 242903, 3, 0)
[M::mem_pestat] skip orientation FF as there are not enough pairs
[M::mem_pestat] analyzing insert size distribution for orientation FR...
[M::mem_pestat] (25, 50, 75) percentile: (160, 181, 207)
[M::mem_pestat] low and high boundaries for computing mean and std.dev: (66, 301)
[M::mem_pestat] mean and std.dev: (184.72, 33.34)
[M::mem_pestat] low and high boundaries for proper pairs: (19, 348)
[M::mem_pestat] skip orientation RF as there are not enough pairs
[M::mem_pestat] skip orientation RR as there are not enough pairs
[M::mem_process_seqs] Processed 646532 reads in 823.887 CPU sec, 105.767 real sec
[M::process] 0 single-end sequences; 646778 paired-end sequences
[M::process] read 646660 sequences (80000168 bp)...
[M::mem_pestat] # candidate unique pairs for (FF, FR, RF, RR): (0, 242548, 2, 0)
[M::mem_pestat] skip orientation FF as there are not enough pairs
[M::mem_pestat] analyzing insert size distribution for orientation FR...
[M::mem_pestat] (25, 50, 75) percentile: (160, 181, 207)
[M::mem_pestat] low and high boundaries for computing mean and std.dev: (66, 301)
[M::mem_pestat] mean and std.dev: (184.62, 33.32)
[M::mem_pestat] low and high boundaries for proper pairs: (19, 348)
[M::mem_pestat] skip orientation RF as there are not enough pairs
[M::mem_pestat] skip orientation RR as there are not enough pairs
[M::mem_process_seqs] Processed 646778 reads in 827.901 CPU sec, 106.221 real sec
[M::process] 0 single-end sequences; 646660 paired-end sequences
[M::process] read 646508 sequences (80000206 bp)...
[M::mem_pestat] # candidate unique pairs for (FF, FR, RF, RR): (0, 242630, 5, 0)
[M::mem_pestat] skip orientation FF as there are not enough pairs
[M::mem_pestat] analyzing insert size distribution for orientation FR...
[M::mem_pestat] (25, 50, 75) percentile: (160, 181, 207)
[M::mem_pestat] low and high boundaries for computing mean and std.dev: (66, 301)
[M::mem_pestat] mean and std.dev: (184.63, 33.43)
[M::mem_pestat] low and high boundaries for proper pairs: (19, 348)
[M::mem_pestat] skip orientation RF as there are not enough pairs
[M::mem_pestat] skip orientation RR as there are not enough pairs
[M::mem_process_seqs] Processed 646660 reads in 813.846 CPU sec, 104.481 real sec
[M::process] 0 single-end sequences; 646508 paired-end sequences
[M::process] read 646310 sequences (80000083 bp)...
[M::mem_pestat] # candidate unique pairs for (FF, FR, RF, RR): (0, 242604, 5, 0)
[M::mem_pestat] skip orientation FF as there are not enough pairs
[M::mem_pestat] analyzing insert size distribution for orientation FR...
[M::mem_pestat] (25, 50, 75) percentile: (159, 181, 206)
[M::mem_pestat] low and high boundaries for computing mean and std.dev: (65, 300)
[M::mem_pestat] mean and std.dev: (184.51, 33.36)
[M::mem_pestat] low and high boundaries for proper pairs: (18, 347)
[M::mem_pestat] skip orientation RF as there are not enough pairs
[M::mem_pestat] skip orientation RR as there are not enough pairs
[M::mem_process_seqs] Processed 646508 reads in 807.493 CPU sec, 103.681 real sec
[M::process] 0 single-end sequences; 646310 paired-end sequences
[M::process] read 647688 sequences (80000196 bp)...
[M::mem_pestat] # candidate unique pairs for (FF, FR, RF, RR): (0, 243407, 4, 0)
[M::mem_pestat] skip orientation FF as there are not enough pairs
[M::mem_pestat] analyzing insert size distribution for orientation FR...
[M::mem_pestat] (25, 50, 75) percentile: (159, 181, 206)
[M::mem_pestat] low and high boundaries for computing mean and std.dev: (65, 300)
[M::mem_pestat] mean and std.dev: (184.55, 33.38)
[M::mem_pestat] low and high boundaries for proper pairs: (18, 347)
[M::mem_pestat] skip orientation RF as there are not enough pairs
[M::mem_pestat] skip orientation RR as there are not enough pairs
[M::mem_process_seqs] Processed 646310 reads in 785.691 CPU sec, 101.000 real sec
[M::process] 0 single-end sequences; 647688 paired-end sequences
[M::process] read 647034 sequences (80000096 bp)...
[M::mem_pestat] # candidate unique pairs for (FF, FR, RF, RR): (0, 243187, 4, 0)
[M::mem_pestat] skip orientation FF as there are not enough pairs
[M::mem_pestat] analyzing insert size distribution for orientation FR...
[M::mem_pestat] (25, 50, 75) percentile: (160, 181, 207)
[M::mem_pestat] low and high boundaries for computing mean and std.dev: (66, 301)
[M::mem_pestat] mean and std.dev: (185.09, 33.44)
[M::mem_pestat] low and high boundaries for proper pairs: (19, 348)
[M::mem_pestat] skip orientation RF as there are not enough pairs
[M::mem_pestat] skip orientation RR as there are not enough pairs
[M::mem_process_seqs] Processed 647688 reads in 874.838 CPU sec, 112.149 real sec
[M::process] 0 single-end sequences; 647034 paired-end sequences
[M::process] read 646822 sequences (80000037 bp)...
[M::mem_pestat] # candidate unique pairs for (FF, FR, RF, RR): (0, 242621, 9, 0)
[M::mem_pestat] skip orientation FF as there are not enough pairs
[M::mem_pestat] analyzing insert size distribution for orientation FR...
[M::mem_pestat] (25, 50, 75) percentile: (160, 181, 207)
[M::mem_pestat] low and high boundaries for computing mean and std.dev: (66, 301)
[M::mem_pestat] mean and std.dev: (185.16, 33.52)
[M::mem_pestat] low and high boundaries for proper pairs: (19, 348)
[M::mem_pestat] skip orientation RF as there are not enough pairs
[M::mem_pestat] skip orientation RR as there are not enough pairs
[M::mem_process_seqs] Processed 647034 reads in 911.511 CPU sec, 116.714 real sec
[M::process] 0 single-end sequences; 646822 paired-end sequences
[M::process] read 646638 sequences (80000114 bp)...
[M::mem_pestat] # candidate unique pairs for (FF, FR, RF, RR): (0, 242584, 4, 0)
[M::mem_pestat] skip orientation FF as there are not enough pairs
[M::mem_pestat] analyzing insert size distribution for orientation FR...
[M::mem_pestat] (25, 50, 75) percentile: (160, 181, 207)
[M::mem_pestat] low and high boundaries for computing mean and std.dev: (66, 301)
[M::mem_pestat] mean and std.dev: (185.14, 33.46)
[M::mem_pestat] low and high boundaries for proper pairs: (19, 348)
[M::mem_pestat] skip orientation RF as there are not enough pairs
[M::mem_pestat] skip orientation RR as there are not enough pairs
[M::mem_process_seqs] Processed 646822 reads in 849.662 CPU sec, 109.007 real sec
[M::process] 0 single-end sequences; 646638 paired-end sequences
[M::process] read 646344 sequences (80000236 bp)...
[M::mem_pestat] # candidate unique pairs for (FF, FR, RF, RR): (0, 242826, 10, 0)
[M::mem_pestat] skip orientation FF as there are not enough pairs
[M::mem_pestat] analyzing insert size distribution for orientation FR...
[M::mem_pestat] (25, 50, 75) percentile: (160, 181, 207)
[M::mem_pestat] low and high boundaries for computing mean and std.dev: (66, 301)
[M::mem_pestat] mean and std.dev: (185.00, 33.45)
[M::mem_pestat] low and high boundaries for proper pairs: (19, 348)
[M::mem_pestat] analyzing insert size distribution for orientation RF...
[M::mem_pestat] (25, 50, 75) percentile: (155, 167, 197)
[M::mem_pestat] low and high boundaries for computing mean and std.dev: (71, 281)
[M::mem_pestat] mean and std.dev: (172.10, 25.10)
[M::mem_pestat] low and high boundaries for proper pairs: (29, 323)
[M::mem_pestat] skip orientation RR as there are not enough pairs
[M::mem_pestat] skip orientation RF
[M::mem_process_seqs] Processed 646638 reads in 838.720 CPU sec, 107.663 real sec
[M::process] 0 single-end sequences; 646344 paired-end sequences
[M::process] read 646222 sequences (80000043 bp)...
[M::mem_pestat] # candidate unique pairs for (FF, FR, RF, RR): (0, 242402, 5, 0)
[M::mem_pestat] skip orientation FF as there are not enough pairs
[M::mem_pestat] analyzing insert size distribution for orientation FR...
[M::mem_pestat] (25, 50, 75) percentile: (160, 181, 207)
[M::mem_pestat] low and high boundaries for computing mean and std.dev: (66, 301)
[M::mem_pestat] mean and std.dev: (184.90, 33.47)
[M::mem_pestat] low and high boundaries for proper pairs: (19, 348)
[M::mem_pestat] skip orientation RF as there are not enough pairs
[M::mem_pestat] skip orientation RR as there are not enough pairs
[M::mem_process_seqs] Processed 646344 reads in 850.631 CPU sec, 109.103 real sec
[M::process] 0 single-end sequences; 646222 paired-end sequences
[M::process] read 646256 sequences (80000187 bp)...
[M::mem_pestat] # candidate unique pairs for (FF, FR, RF, RR): (0, 242383, 7, 0)
[M::mem_pestat] skip orientation FF as there are not enough pairs
[M::mem_pestat] analyzing insert size distribution for orientation FR...
[M::mem_pestat] (25, 50, 75) percentile: (160, 181, 207)
[M::mem_pestat] low and high boundaries for computing mean and std.dev: (66, 301)
[M::mem_pestat] mean and std.dev: (184.93, 33.47)
[M::mem_pestat] low and high boundaries for proper pairs: (19, 348)
[M::mem_pestat] skip orientation RF as there are not enough pairs
[M::mem_pestat] skip orientation RR as there are not enough pairs
[M::mem_process_seqs] Processed 646222 reads in 872.810 CPU sec, 111.881 real sec
[M::process] 0 single-end sequences; 646256 paired-end sequences
[M::process] read 646468 sequences (80000175 bp)...
[M::mem_pestat] # candidate unique pairs for (FF, FR, RF, RR): (0, 242622, 4, 0)
[M::mem_pestat] skip orientation FF as there are not enough pairs
[M::mem_pestat] analyzing insert size distribution for orientation FR...
[M::mem_pestat] (25, 50, 75) percentile: (160, 181, 207)
[M::mem_pestat] low and high boundaries for computing mean and std.dev: (66, 301)
[M::mem_pestat] mean and std.dev: (184.96, 33.38)
[M::mem_pestat] low and high boundaries for proper pairs: (19, 348)
[M::mem_pestat] skip orientation RF as there are not enough pairs
[M::mem_pestat] skip orientation RR as there are not enough pairs
[M::mem_process_seqs] Processed 646256 reads in 853.104 CPU sec, 109.393 real sec
[M::process] 0 single-end sequences; 646468 paired-end sequences
[M::process] read 646412 sequences (80000006 bp)...
[M::mem_pestat] # candidate unique pairs for (FF, FR, RF, RR): (0, 243351, 5, 0)
[M::mem_pestat] skip orientation FF as there are not enough pairs
[M::mem_pestat] analyzing insert size distribution for orientation FR...
[M::mem_pestat] (25, 50, 75) percentile: (160, 181, 207)
[M::mem_pestat] low and high boundaries for computing mean and std.dev: (66, 301)
[M::mem_pestat] mean and std.dev: (184.73, 33.46)
[M::mem_pestat] low and high boundaries for proper pairs: (19, 348)
[M::mem_pestat] skip orientation RF as there are not enough pairs
[M::mem_pestat] skip orientation RR as there are not enough pairs
[M::mem_process_seqs] Processed 646468 reads in 826.986 CPU sec, 106.135 real sec
[M::process] 0 single-end sequences; 646412 paired-end sequences
[M::process] read 646148 sequences (80000112 bp)...
[M::mem_pestat] # candidate unique pairs for (FF, FR, RF, RR): (0, 242568, 6, 0)
[M::mem_pestat] skip orientation FF as there are not enough pairs
[M::mem_pestat] analyzing insert size distribution for orientation FR...
[M::mem_pestat] (25, 50, 75) percentile: (160, 181, 207)
[M::mem_pestat] low and high boundaries for computing mean and std.dev: (66, 301)
[M::mem_pestat] mean and std.dev: (184.66, 33.42)
[M::mem_pestat] low and high boundaries for proper pairs: (19, 348)
[M::mem_pestat] skip orientation RF as there are not enough pairs
[M::mem_pestat] skip orientation RR as there are not enough pairs
[M::mem_process_seqs] Processed 646412 reads in 814.210 CPU sec, 104.560 real sec
[M::process] 0 single-end sequences; 646148 paired-end sequences
[M::process] read 645988 sequences (80000008 bp)...
[M::mem_pestat] # candidate unique pairs for (FF, FR, RF, RR): (0, 242922, 8, 0)
[M::mem_pestat] skip orientation FF as there are not enough pairs
[M::mem_pestat] analyzing insert size distribution for orientation FR...
[M::mem_pestat] (25, 50, 75) percentile: (159, 181, 207)
[M::mem_pestat] low and high boundaries for computing mean and std.dev: (63, 303)
[M::mem_pestat] mean and std.dev: (184.61, 33.44)
[M::mem_pestat] low and high boundaries for proper pairs: (15, 351)
[M::mem_pestat] skip orientation RF as there are not enough pairs
[M::mem_pestat] skip orientation RR as there are not enough pairs
[M::mem_process_seqs] Processed 646148 reads in 826.328 CPU sec, 106.039 real sec
[M::process] 0 single-end sequences; 645988 paired-end sequences
[M::process] read 645810 sequences (80000235 bp)...
[M::mem_pestat] # candidate unique pairs for (FF, FR, RF, RR): (0, 241979, 5, 0)
[M::mem_pestat] skip orientation FF as there are not enough pairs
[M::mem_pestat] analyzing insert size distribution for orientation FR...
[M::mem_pestat] (25, 50, 75) percentile: (160, 181, 207)
[M::mem_pestat] low and high boundaries for computing mean and std.dev: (66, 301)
[M::mem_pestat] mean and std.dev: (184.65, 33.43)
[M::mem_pestat] low and high boundaries for proper pairs: (19, 348)
[M::mem_pestat] skip orientation RF as there are not enough pairs
[M::mem_pestat] skip orientation RR as there are not enough pairs
[M::mem_process_seqs] Processed 645988 reads in 879.414 CPU sec, 112.704 real sec
[M::process] 0 single-end sequences; 645810 paired-end sequences
[M::process] read 646186 sequences (80000132 bp)...
[M::mem_pestat] # candidate unique pairs for (FF, FR, RF, RR): (0, 242386, 7, 0)
[M::mem_pestat] skip orientation FF as there are not enough pairs
[M::mem_pestat] analyzing insert size distribution for orientation FR...
[M::mem_pestat] (25, 50, 75) percentile: (159, 181, 207)
[M::mem_pestat] low and high boundaries for computing mean and std.dev: (63, 303)
[M::mem_pestat] mean and std.dev: (184.53, 33.42)
[M::mem_pestat] low and high boundaries for proper pairs: (15, 351)
[M::mem_pestat] skip orientation RF as there are not enough pairs
[M::mem_pestat] skip orientation RR as there are not enough pairs
[M::mem_process_seqs] Processed 645810 reads in 837.088 CPU sec, 107.394 real sec
[M::process] 0 single-end sequences; 646186 paired-end sequences
[M::process] read 645872 sequences (80000159 bp)...
[M::mem_pestat] # candidate unique pairs for (FF, FR, RF, RR): (0, 242552, 7, 0)
[M::mem_pestat] skip orientation FF as there are not enough pairs
[M::mem_pestat] analyzing insert size distribution for orientation FR...
[M::mem_pestat] (25, 50, 75) percentile: (159, 181, 207)
[M::mem_pestat] low and high boundaries for computing mean and std.dev: (63, 303)
[M::mem_pestat] mean and std.dev: (184.57, 33.41)
[M::mem_pestat] low and high boundaries for proper pairs: (15, 351)
[M::mem_pestat] skip orientation RF as there are not enough pairs
[M::mem_pestat] skip orientation RR as there are not enough pairs
[M::mem_process_seqs] Processed 646186 reads in 827.302 CPU sec, 106.196 real sec
[M::process] 0 single-end sequences; 645872 paired-end sequences
[M::process] read 645916 sequences (80000106 bp)...
[M::mem_pestat] # candidate unique pairs for (FF, FR, RF, RR): (0, 241940, 4, 0)
[M::mem_pestat] skip orientation FF as there are not enough pairs
[M::mem_pestat] analyzing insert size distribution for orientation FR...
[M::mem_pestat] (25, 50, 75) percentile: (159, 181, 207)
[M::mem_pestat] low and high boundaries for computing mean and std.dev: (63, 303)
[M::mem_pestat] mean and std.dev: (184.57, 33.41)
[M::mem_pestat] low and high boundaries for proper pairs: (15, 351)
[M::mem_pestat] skip orientation RF as there are not enough pairs
[M::mem_pestat] skip orientation RR as there are not enough pairs
[M::mem_process_seqs] Processed 645872 reads in 826.005 CPU sec, 106.011 real sec
[M::process] 0 single-end sequences; 645916 paired-end sequences
[M::process] read 645548 sequences (80000228 bp)...
[M::mem_pestat] # candidate unique pairs for (FF, FR, RF, RR): (0, 242253, 12, 0)
[M::mem_pestat] skip orientation FF as there are not enough pairs
[M::mem_pestat] analyzing insert size distribution for orientation FR...
[M::mem_pestat] (25, 50, 75) percentile: (159, 181, 206)
[M::mem_pestat] low and high boundaries for computing mean and std.dev: (65, 300)
[M::mem_pestat] mean and std.dev: (184.44, 33.38)
[M::mem_pestat] low and high boundaries for proper pairs: (18, 347)
[M::mem_pestat] analyzing insert size distribution for orientation RF...
[M::mem_pestat] (25, 50, 75) percentile: (164, 173, 188)
[M::mem_pestat] low and high boundaries for computing mean and std.dev: (116, 236)
[M::mem_pestat] mean and std.dev: (172.80, 10.97)
[M::mem_pestat] low and high boundaries for proper pairs: (92, 260)
[M::mem_pestat] skip orientation RR as there are not enough pairs
[M::mem_pestat] skip orientation RF
[M::mem_process_seqs] Processed 645916 reads in 871.274 CPU sec, 111.687 real sec
[M::process] 0 single-end sequences; 645548 paired-end sequences
[M::process] read 646866 sequences (80000172 bp)...
[M::mem_pestat] # candidate unique pairs for (FF, FR, RF, RR): (0, 242090, 6, 0)
[M::mem_pestat] skip orientation FF as there are not enough pairs
[M::mem_pestat] analyzing insert size distribution for orientation FR...
[M::mem_pestat] (25, 50, 75) percentile: (159, 181, 206)
[M::mem_pestat] low and high boundaries for computing mean and std.dev: (65, 300)
[M::mem_pestat] mean and std.dev: (184.37, 33.36)
[M::mem_pestat] low and high boundaries for proper pairs: (18, 347)
[M::mem_pestat] skip orientation RF as there are not enough pairs
[M::mem_pestat] skip orientation RR as there are not enough pairs
[M::mem_process_seqs] Processed 645548 reads in 833.677 CPU sec, 106.954 real sec
[M::process] 0 single-end sequences; 646866 paired-end sequences
[M::process] read 647704 sequences (80000123 bp)...
[M::mem_pestat] # candidate unique pairs for (FF, FR, RF, RR): (0, 242025, 5, 0)
[M::mem_pestat] skip orientation FF as there are not enough pairs
[M::mem_pestat] analyzing insert size distribution for orientation FR...
[M::mem_pestat] (25, 50, 75) percentile: (160, 181, 207)
[M::mem_pestat] low and high boundaries for computing mean and std.dev: (66, 301)
[M::mem_pestat] mean and std.dev: (184.84, 33.40)
[M::mem_pestat] low and high boundaries for proper pairs: (19, 348)
[M::mem_pestat] skip orientation RF as there are not enough pairs
[M::mem_pestat] skip orientation RR as there are not enough pairs
[M::mem_process_seqs] Processed 646866 reads in 981.446 CPU sec, 125.478 real sec
[M::process] 0 single-end sequences; 647704 paired-end sequences
[M::process] read 647288 sequences (80000219 bp)...
[M::mem_pestat] # candidate unique pairs for (FF, FR, RF, RR): (0, 242001, 4, 0)
[M::mem_pestat] skip orientation FF as there are not enough pairs
[M::mem_pestat] analyzing insert size distribution for orientation FR...
[M::mem_pestat] (25, 50, 75) percentile: (160, 182, 207)
[M::mem_pestat] low and high boundaries for computing mean and std.dev: (66, 301)
[M::mem_pestat] mean and std.dev: (185.26, 33.48)
[M::mem_pestat] low and high boundaries for proper pairs: (19, 348)
[M::mem_pestat] skip orientation RF as there are not enough pairs
[M::mem_pestat] skip orientation RR as there are not enough pairs
[M::mem_process_seqs] Processed 647704 reads in 960.164 CPU sec, 122.813 real sec
[M::process] 0 single-end sequences; 647288 paired-end sequences
[M::process] read 646970 sequences (80000160 bp)...
[M::mem_pestat] # candidate unique pairs for (FF, FR, RF, RR): (0, 241919, 5, 0)
[M::mem_pestat] skip orientation FF as there are not enough pairs
[M::mem_pestat] analyzing insert size distribution for orientation FR...
[M::mem_pestat] (25, 50, 75) percentile: (160, 181, 207)
[M::mem_pestat] low and high boundaries for computing mean and std.dev: (66, 301)
[M::mem_pestat] mean and std.dev: (185.27, 33.50)
[M::mem_pestat] low and high boundaries for proper pairs: (19, 348)
[M::mem_pestat] skip orientation RF as there are not enough pairs
[M::mem_pestat] skip orientation RR as there are not enough pairs
[M::mem_process_seqs] Processed 647288 reads in 891.016 CPU sec, 114.169 real sec
[M::process] 0 single-end sequences; 646970 paired-end sequences
[M::process] read 646752 sequences (80000105 bp)...
[M::mem_pestat] # candidate unique pairs for (FF, FR, RF, RR): (0, 242287, 3, 0)
[M::mem_pestat] skip orientation FF as there are not enough pairs
[M::mem_pestat] analyzing insert size distribution for orientation FR...
[M::mem_pestat] (25, 50, 75) percentile: (160, 181, 207)
[M::mem_pestat] low and high boundaries for computing mean and std.dev: (66, 301)
[M::mem_pestat] mean and std.dev: (185.09, 33.42)
[M::mem_pestat] low and high boundaries for proper pairs: (19, 348)
[M::mem_pestat] skip orientation RF as there are not enough pairs
[M::mem_pestat] skip orientation RR as there are not enough pairs
[M::mem_process_seqs] Processed 646970 reads in 863.212 CPU sec, 110.707 real sec
[M::process] 0 single-end sequences; 646752 paired-end sequences
[M::process] read 646540 sequences (80000207 bp)...
[M::mem_pestat] # candidate unique pairs for (FF, FR, RF, RR): (0, 242573, 0, 0)
[M::mem_pestat] skip orientation FF as there are not enough pairs
[M::mem_pestat] analyzing insert size distribution for orientation FR...
[M::mem_pestat] (25, 50, 75) percentile: (160, 181, 207)
[M::mem_pestat] low and high boundaries for computing mean and std.dev: (66, 301)
[M::mem_pestat] mean and std.dev: (185.06, 33.56)
[M::mem_pestat] low and high boundaries for proper pairs: (19, 348)
[M::mem_pestat] skip orientation RF as there are not enough pairs
[M::mem_pestat] skip orientation RR as there are not enough pairs
[M::mem_process_seqs] Processed 646752 reads in 848.772 CPU sec, 108.870 real sec
[M::process] 0 single-end sequences; 646540 paired-end sequences
[M::process] read 646396 sequences (80000051 bp)...
[M::mem_pestat] # candidate unique pairs for (FF, FR, RF, RR): (0, 242672, 4, 0)
[M::mem_pestat] skip orientation FF as there are not enough pairs
[M::mem_pestat] analyzing insert size distribution for orientation FR...
[M::mem_pestat] (25, 50, 75) percentile: (160, 181, 207)
[M::mem_pestat] low and high boundaries for computing mean and std.dev: (66, 301)
[M::mem_pestat] mean and std.dev: (184.97, 33.45)
[M::mem_pestat] low and high boundaries for proper pairs: (19, 348)
[M::mem_pestat] skip orientation RF as there are not enough pairs
[M::mem_pestat] skip orientation RR as there are not enough pairs
[M::mem_process_seqs] Processed 646540 reads in 859.470 CPU sec, 110.211 real sec
[M::process] 0 single-end sequences; 646396 paired-end sequences
[M::process] read 646302 sequences (80000172 bp)...
[M::mem_pestat] # candidate unique pairs for (FF, FR, RF, RR): (0, 242852, 3, 0)
[M::mem_pestat] skip orientation FF as there are not enough pairs
[M::mem_pestat] analyzing insert size distribution for orientation FR...
[M::mem_pestat] (25, 50, 75) percentile: (160, 181, 207)
[M::mem_pestat] low and high boundaries for computing mean and std.dev: (66, 301)
[M::mem_pestat] mean and std.dev: (184.86, 33.43)
[M::mem_pestat] low and high boundaries for proper pairs: (19, 348)
[M::mem_pestat] skip orientation RF as there are not enough pairs
[M::mem_pestat] skip orientation RR as there are not enough pairs
[M::mem_process_seqs] Processed 646396 reads in 832.066 CPU sec, 106.794 real sec
[M::process] 0 single-end sequences; 646302 paired-end sequences
[M::process] read 646264 sequences (80000070 bp)...
[M::mem_pestat] # candidate unique pairs for (FF, FR, RF, RR): (0, 242926, 6, 0)
[M::mem_pestat] skip orientation FF as there are not enough pairs
[M::mem_pestat] analyzing insert size distribution for orientation FR...
[M::mem_pestat] (25, 50, 75) percentile: (160, 181, 207)
[M::mem_pestat] low and high boundaries for computing mean and std.dev: (66, 301)
[M::mem_pestat] mean and std.dev: (185.01, 33.49)
[M::mem_pestat] low and high boundaries for proper pairs: (19, 348)
[M::mem_pestat] skip orientation RF as there are not enough pairs
[M::mem_pestat] skip orientation RR as there are not enough pairs
[M::mem_process_seqs] Processed 646302 reads in 837.172 CPU sec, 107.424 real sec
[M::process] 0 single-end sequences; 646264 paired-end sequences
[M::process] read 646218 sequences (80000249 bp)...
[M::mem_pestat] # candidate unique pairs for (FF, FR, RF, RR): (0, 243074, 8, 0)
[M::mem_pestat] skip orientation FF as there are not enough pairs
[M::mem_pestat] analyzing insert size distribution for orientation FR...
[M::mem_pestat] (25, 50, 75) percentile: (160, 181, 207)
[M::mem_pestat] low and high boundaries for computing mean and std.dev: (66, 301)
[M::mem_pestat] mean and std.dev: (184.74, 33.44)
[M::mem_pestat] low and high boundaries for proper pairs: (19, 348)
[M::mem_pestat] skip orientation RF as there are not enough pairs
[M::mem_pestat] skip orientation RR as there are not enough pairs
[M::mem_process_seqs] Processed 646264 reads in 821.708 CPU sec, 105.451 real sec
[M::process] 0 single-end sequences; 646218 paired-end sequences
[M::process] read 646170 sequences (80000199 bp)...
[M::mem_pestat] # candidate unique pairs for (FF, FR, RF, RR): (0, 242859, 4, 0)
[M::mem_pestat] skip orientation FF as there are not enough pairs
[M::mem_pestat] analyzing insert size distribution for orientation FR...
[M::mem_pestat] (25, 50, 75) percentile: (160, 181, 207)
[M::mem_pestat] low and high boundaries for computing mean and std.dev: (66, 301)
[M::mem_pestat] mean and std.dev: (184.86, 33.43)
[M::mem_pestat] low and high boundaries for proper pairs: (19, 348)
[M::mem_pestat] skip orientation RF as there are not enough pairs
[M::mem_pestat] skip orientation RR as there are not enough pairs
[M::mem_process_seqs] Processed 646218 reads in 825.584 CPU sec, 105.995 real sec
[M::process] 0 single-end sequences; 646170 paired-end sequences
[M::process] read 646022 sequences (80000227 bp)...
[M::mem_pestat] # candidate unique pairs for (FF, FR, RF, RR): (0, 243158, 2, 0)
[M::mem_pestat] skip orientation FF as there are not enough pairs
[M::mem_pestat] analyzing insert size distribution for orientation FR...
[M::mem_pestat] (25, 50, 75) percentile: (159, 181, 206)
[M::mem_pestat] low and high boundaries for computing mean and std.dev: (65, 300)
[M::mem_pestat] mean and std.dev: (184.55, 33.30)
[M::mem_pestat] low and high boundaries for proper pairs: (18, 347)
[M::mem_pestat] skip orientation RF as there are not enough pairs
[M::mem_pestat] skip orientation RR as there are not enough pairs
[M::mem_process_seqs] Processed 646170 reads in 823.984 CPU sec, 105.768 real sec
[M::process] 0 single-end sequences; 646022 paired-end sequences
[M::process] read 646032 sequences (80000242 bp)...
[M::mem_pestat] # candidate unique pairs for (FF, FR, RF, RR): (0, 242854, 4, 0)
[M::mem_pestat] skip orientation FF as there are not enough pairs
[M::mem_pestat] analyzing insert size distribution for orientation FR...
[M::mem_pestat] (25, 50, 75) percentile: (160, 181, 207)
[M::mem_pestat] low and high boundaries for computing mean and std.dev: (66, 301)
[M::mem_pestat] mean and std.dev: (184.68, 33.41)
[M::mem_pestat] low and high boundaries for proper pairs: (19, 348)
[M::mem_pestat] skip orientation RF as there are not enough pairs
[M::mem_pestat] skip orientation RR as there are not enough pairs
[M::mem_process_seqs] Processed 646022 reads in 856.671 CPU sec, 109.856 real sec
[M::process] 0 single-end sequences; 646032 paired-end sequences
[M::process] read 646358 sequences (80000114 bp)...
[M::mem_pestat] # candidate unique pairs for (FF, FR, RF, RR): (0, 242801, 1, 0)
[M::mem_pestat] skip orientation FF as there are not enough pairs
[M::mem_pestat] analyzing insert size distribution for orientation FR...
[M::mem_pestat] (25, 50, 75) percentile: (159, 181, 206)
[M::mem_pestat] low and high boundaries for computing mean and std.dev: (65, 300)
[M::mem_pestat] mean and std.dev: (184.53, 33.31)
[M::mem_pestat] low and high boundaries for proper pairs: (18, 347)
[M::mem_pestat] skip orientation RF as there are not enough pairs
[M::mem_pestat] skip orientation RR as there are not enough pairs
[M::mem_process_seqs] Processed 646032 reads in 824.879 CPU sec, 105.853 real sec
[M::process] 0 single-end sequences; 646358 paired-end sequences
[M::process] read 646446 sequences (80000061 bp)...
[M::mem_pestat] # candidate unique pairs for (FF, FR, RF, RR): (0, 242095, 6, 0)
[M::mem_pestat] skip orientation FF as there are not enough pairs
[M::mem_pestat] analyzing insert size distribution for orientation FR...
[M::mem_pestat] (25, 50, 75) percentile: (159, 181, 207)
[M::mem_pestat] low and high boundaries for computing mean and std.dev: (63, 303)
[M::mem_pestat] mean and std.dev: (184.59, 33.39)
[M::mem_pestat] low and high boundaries for proper pairs: (15, 351)
[M::mem_pestat] skip orientation RF as there are not enough pairs
[M::mem_pestat] skip orientation RR as there are not enough pairs
[M::mem_process_seqs] Processed 646358 reads in 826.144 CPU sec, 106.021 real sec
[M::process] 0 single-end sequences; 646446 paired-end sequences
[M::process] read 646060 sequences (80000083 bp)...
[M::mem_pestat] # candidate unique pairs for (FF, FR, RF, RR): (0, 242511, 4, 0)
[M::mem_pestat] skip orientation FF as there are not enough pairs
[M::mem_pestat] analyzing insert size distribution for orientation FR...
[M::mem_pestat] (25, 50, 75) percentile: (159, 181, 206)
[M::mem_pestat] low and high boundaries for computing mean and std.dev: (65, 300)
[M::mem_pestat] mean and std.dev: (184.43, 33.35)
[M::mem_pestat] low and high boundaries for proper pairs: (18, 347)
[M::mem_pestat] skip orientation RF as there are not enough pairs
[M::mem_pestat] skip orientation RR as there are not enough pairs
[M::mem_process_seqs] Processed 646446 reads in 855.557 CPU sec, 109.720 real sec
[M::process] 0 single-end sequences; 646060 paired-end sequences
WARNING: 1779584 reads with length < 80
       : this program is designed for long reads
[M::process] read 569368 sequences (70557009 bp)...
[M::mem_pestat] # candidate unique pairs for (FF, FR, RF, RR): (0, 242165, 2, 0)
[M::mem_pestat] skip orientation FF as there are not enough pairs
[M::mem_pestat] analyzing insert size distribution for orientation FR...
[M::mem_pestat] (25, 50, 75) percentile: (159, 181, 206)
[M::mem_pestat] low and high boundaries for computing mean and std.dev: (65, 300)
[M::mem_pestat] mean and std.dev: (184.32, 33.30)
[M::mem_pestat] low and high boundaries for proper pairs: (18, 347)
[M::mem_pestat] skip orientation RF as there are not enough pairs
[M::mem_pestat] skip orientation RR as there are not enough pairs
[M::mem_process_seqs] Processed 646060 reads in 863.786 CPU sec, 110.681 real sec
[M::process] 0 single-end sequences; 569368 paired-end sequences
[M::mem_pestat] # candidate unique pairs for (FF, FR, RF, RR): (0, 214058, 2, 0)
[M::mem_pestat] skip orientation FF as there are not enough pairs
[M::mem_pestat] analyzing insert size distribution for orientation FR...
[M::mem_pestat] (25, 50, 75) percentile: (159, 181, 206)
[M::mem_pestat] low and high boundaries for computing mean and std.dev: (65, 300)
[M::mem_pestat] mean and std.dev: (184.42, 33.36)
[M::mem_pestat] low and high boundaries for proper pairs: (18, 347)
[M::mem_pestat] skip orientation RF as there are not enough pairs
[M::mem_pestat] skip orientation RR as there are not enough pairs
[M::mem_process_seqs] Processed 569368 reads in 820.543 CPU sec, 104.814 real sec
[main] Version: 0.7.19-r1273
[main] CMD: bwa mem -T 40 -B 2 -L 10 -CM -U 100 -p -R @RG\tID:SRR11647651__val_\tSM:SRR11647651__val_ -t 8 references/GRCh38.primary_assembly.genome.fa.bwameth.c2t /dev/stdin
[main] Real time: 123419.448 sec; CPU: 949228.392 sec
